product_id,old_name,category,base_price,quantity,status,region,priority,user_id,price,amount
P00001,Novel,Home,540.13,2,Completed,North,High,U1405,540.13,1080.26
P00002,Mixer,Clothing,1358.47,6,Completed,North,Medium,U0669,1358.47,8150.82
P00003,Face Wash,Books,553.33,7,Completed,West,Low,U0207,553.33,3873.31
P00004,Novel,Electronics,594.61,1,Completed,South,Medium,U0850,594.61,594.61
P00005,T-Shirt,Clothing,1075.16,2,Cancelled,North,High,U0246,1075.16,2150.32
P00006,Face Wash,Sports,4999.26,2,Pending,North,High,U0884,4999.26,9998.52
P00007,Face Wash,Beauty,110.7,6,Completed,East,High,U0083,110.70,664.2
P00008,Novel,Sports,3229.5,4,Returned,East,High,U0317,3229.50,12918.0
P00009,Headphones,Beauty,792.09,7,Completed,West,Low,U0645,792.09,5544.63
P00010,T-Shirt,Sports,4611.08,4,Completed,West,Medium,U1129,4611.08,18444.32
P00011,Novel,Home,558.8,5,Pending,West,High,U0370,558.80,2794.0
P00012,T-Shirt,Clothing,4779.81,1,Pending,East,Low,U0749,4779.81,4779.81
P00013,T-Shirt,Beauty,3093.54,4,Completed,West,Medium,U0630,3093.54,12374.16
P00014,Face Wash,Electronics,106.21,6,Completed,North,High,U0180,106.21,637.26
P00015,Mixer,Clothing,4480.64,7,Completed,North,High,U0602,4480.64,31364.48
P00016,T-Shirt,Electronics,2656.39,4,Completed,South,High,U0600,2656.39,10625.56
P00017,Running Shoes,Clothing,1387.08,5,Completed,West,High,U1107,1387.08,6935.4
P00018,Face Wash,Clothing,3859.67,3,Completed,North,Low,U0841,3859.67,11579.01
P00019,Headphones,Sports,4640.66,5,Completed,North,High,U0348,4640.66,23203.3
P00020,Mixer,Beauty,2470.09,2,Pending,South,Low,U1296,2470.09,4940.18
P00021,Running Shoes,Beauty,1646.21,7,Completed,North,Medium,U0331,1646.21,11523.47
P00022,Running Shoes,Clothing,3965.83,2,Cancelled,South,Low,U0610,3965.83,7931.66
P00023,Headphones,Home,3440.75,4,Completed,South,Low,U0744,3440.75,13763.0
P00024,Mixer,Home,4454.89,4,Cancelled,East,High,U0569,4454.89,17819.56
P00025,Face Wash,Electronics,3493.32,5,Completed,North,Low,U0389,3493.32,17466.6
P00026,Wireless Mouse,Electronics,1293.29,5,Completed,East,Medium,U0971,1293.29,6466.45
P00027,Mixer,Sports,4665.13,6,Cancelled,North,Low,U0747,4665.13,27990.78
P00028,Headphones,Clothing,613.7,1,Completed,East,Low,U0137,613.70,613.7
P00029,Running Shoes,Electronics,1412.92,6,Completed,South,Low,U1385,1412.92,8477.52
P00030,Face Wash,Electronics,2648.95,2,Completed,South,Medium,U0282,2648.95,5297.9
P00031,Mixer,Books,2872.14,6,Completed,South,Low,U1226,2872.14,17232.84
P00032,Wireless Mouse,Clothing,175.02,5,Completed,South,Low,U1019,175.02,875.1
P00033,Wireless Mouse,Sports,3924.81,7,Completed,North,Medium,U0744,3924.81,27473.67
P00034,T-Shirt,Electronics,1871.88,6,Cancelled,West,Low,U0531,1871.88,11231.28
P00035,T-Shirt,Sports,2091.45,3,Completed,North,Medium,U0016,2091.45,6274.35
P00036,Novel,Beauty,4065.91,1,Completed,East,High,U1005,4065.91,4065.91
P00037,Headphones,Sports,1958.49,5,Pending,North,Medium,U0568,1958.49,9792.45
P00038,Mixer,Home,331.4,7,Completed,North,Medium,U1138,331.40,2319.8
P00039,Mixer,Home,964.55,4,Completed,East,Medium,U1092,964.55,3858.2
P00040,Novel,Sports,4783.93,6,Completed,South,High,U0030,,28703.58
P00041,Running Shoes,Home,444.99,5,Completed,East,High,U0664,444.99,2224.95
P00042,Running Shoes,Beauty,1839.16,4,Completed,East,High,U0999,1839.16,7356.64
P00043,Novel,Clothing,2565.58,4,Completed,West,Low,U0875,2565.58,10262.32
P00044,Running Shoes,Home,2517.08,2,Completed,West,High,U0022,2517.08,5034.16
P00045,T-Shirt,Home,119.4,2,Returned,South,High,U1455,119.40,238.8
P00046,Mixer,Sports,2555.7,7,Pending,East,High,U1054,2555.70,17889.9
P00047,Novel,Beauty,1980.49,5,Completed,East,Medium,U0956,1980.49,9902.45
P00048,Mixer,Clothing,4863.19,7,Pending,East,High,U0660,4863.19,34042.33
P00049,Wireless Mouse,Sports,879.88,5,Completed,North,Low,,879.88,4399.4
P00050,T-Shirt,Sports,1835.36,3,Completed,West,High,U1073,1835.36,5506.08
P00051,Face Wash,Books,2155.46,1,Completed,West,Low,U0325,2155.46,2155.46
P00052,T-Shirt,Beauty,2014.4,1,Completed,South,High,U1322,2014.40,2014.4
P00053,Novel,Clothing,3362.57,5,Pending,West,Medium,U0181,3362.57,16812.85
P00054,Face Wash,Beauty,1156.01,2,Completed,West,Low,U0122,1156.01,2312.02
P00055,Wireless Mouse,Clothing,1183.25,6,Completed,South,High,U0124,1183.25,7099.5
P00056,Novel,Beauty,3673.13,7,Completed,East,Medium,U1477,3673.13,25711.91
P00057,Headphones,Sports,2551.42,3,Completed,North,Medium,U0266,2551.42,7654.26
P00058,Mixer,Sports,2134.26,1,Completed,South,Low,U0028,2134.26,2134.26
P00059,Wireless Mouse,Electronics,929.09,5,Pending,West,High,U1283,929.09,4645.45
P00060,Mixer,Home,1018.88,2,Returned,South,Medium,U0077,1018.88,2037.76
P00061,Running Shoes,Books,151.7,2,Completed,West,Medium,U0432,151.70,303.4
P00062,Headphones,Beauty,547.99,2,Completed,East,Medium,U0879,547.99,1095.98
P00063,Headphones,Books,2828.51,7,Completed,East,Medium,U0894,2828.51,19799.57
P00064,Wireless Mouse,Electronics,4470.18,6,Pending,East,Medium,U1059,4470.18,26821.08
P00065,Headphones,Home,1507.11,4,Completed,West,Medium,U0436,1507.11,6028.44
P00066,Face Wash,Beauty,1705.96,7,Completed,South,Medium,U1138,1705.96,11941.72
P00067,Headphones,Clothing,666.47,6,Pending,West,Medium,U1086,666.47,3998.82
P00068,Mixer,Home,2004.29,2,Completed,East,High,U0052,2004.29,4008.58
P00069,Mixer,Sports,282.39,5,Completed,East,Medium,U0116,282.39,1411.95
P00070,Novel,Electronics,4596.24,3,Completed,East,Medium,U0047,4596.24,13788.72
P00071,Mixer,Home,3398.25,6,Completed,West,Low,U0438,3398.25,20389.5
P00072,Novel,Home,4954.67,5,Completed,North,Medium,U1436,4954.67,24773.35
P00073,Mixer,Sports,4425.83,7,Completed,East,High,U0101,4425.83,30980.81
P00074,Face Wash,Beauty,2417.65,7,Completed,South,Low,U1303,2417.65,16923.55
P00075,Novel,Clothing,2646.46,2,Completed,East,Medium,U0107,2646.46,5292.92
P00076,T-Shirt,Sports,1033.82,3,Returned,West,Low,U0983,1033.82,3101.46
P00077,Running Shoes,Clothing,2363.99,1,Completed,South,Low,U1059,2363.99,2363.99
P00078,Wireless Mouse,Beauty,4524.84,1,Pending,West,Low,U1001,4524.84,4524.84
P00079,Mixer,Home,349.18,7,Completed,North,High,U0359,349.18,2444.26
P00080,Headphones,Clothing,4331.43,5,Completed,North,High,U0887,4331.43,21657.15
P00081,Mixer,Electronics,1770.64,3,Completed,West,Low,U0800,1770.64,5311.92
P00082,Headphones,Electronics,4507.61,5,Completed,East,Medium,U1026,4507.61,22538.05
P00083,Running Shoes,Sports,4710.31,3,Completed,South,Low,U1296,4710.31,14130.93
P00084,Running Shoes,Beauty,3387.24,3,Completed,East,High,U1168,3387.24,10161.72
P00085,Running Shoes,Sports,3355.68,7,Completed,West,Medium,U0435,3355.68,23489.76
P00086,Headphones,Sports,2318.5,5,Completed,West,Low,U1475,2318.50,11592.5
P00087,Mixer,Books,4194.15,7,Returned,East,Low,U0604,4194.15,29359.05
P00088,Running Shoes,Sports,4811.9,3,Completed,South,High,U0566,4811.90,14435.7
P00089,Face Wash,Books,3897.9,6,Completed,South,Medium,,3897.90,23387.4
P00090,Novel,Electronics,3147.49,2,Completed,South,Low,U0228,3147.49,6294.98
P00091,Headphones,Electronics,3073.29,3,Completed,South,Medium,U0545,3073.29,9219.87
P00092,Headphones,Sports,4262.4,6,Pending,South,High,U1238,4262.40,25574.4
P00093,Mixer,Electronics,2751.9,3,Completed,North,Medium,U0648,2751.90,8255.7
P00094,Headphones,Beauty,4038.91,6,Completed,North,Medium,U0248,,24233.46
P00095,Headphones,Books,2593.54,5,Completed,West,Medium,U1432,2593.54,12967.7
P00096,Running Shoes,Books,405.98,1,Pending,North,Medium,U1077,405.98,405.98
P00097,Mixer,Sports,1981.34,4,Completed,South,Medium,U0314,1981.34,7925.36
P00098,Running Shoes,Electronics,2277.76,3,Completed,South,High,U1398,2277.76,6833.28
P00099,Novel,Clothing,793.92,4,Completed,South,Low,U0037,793.92,3175.68
P00100,Novel,Books,602.23,3,Completed,West,Medium,U0724,602.23,1806.69
P00101,Running Shoes,Sports,2723.78,5,Completed,West,Low,U0980,2723.78,13618.9
P00102,Novel,Sports,517.2,5,Cancelled,East,Low,U0084,517.20,2586.0
P00103,Mixer,Beauty,1584.43,6,Pending,North,Medium,U0900,1584.43,9506.58
P00104,Wireless Mouse,Home,3748.53,3,Completed,North,High,U1118,3748.53,11245.59
P00105,Running Shoes,Home,4825.72,5,Completed,East,Low,,4825.72,24128.6
P00106,Face Wash,Books,3617.57,5,Completed,East,High,U1366,3617.57,18087.85
P00107,Face Wash,Beauty,4963.87,3,Completed,North,Low,U0719,4963.87,14891.61
P00108,Headphones,Beauty,3521.86,6,Completed,South,Medium,U0550,3521.86,21131.16
P00109,Novel,Beauty,1539.59,6,Completed,North,Low,U1445,1539.59,9237.54
P00110,Face Wash,Books,3393.06,6,Returned,South,Medium,U1372,3393.06,20358.36
P00111,Headphones,Home,3540.57,6,Completed,West,Medium,U0715,3540.57,21243.42
P00112,Wireless Mouse,Beauty,1921.46,1,Cancelled,North,Medium,U0587,1921.46,1921.46
P00113,Mixer,Electronics,186.8,3,Completed,North,Medium,U1152,186.80,560.4
P00114,Mixer,Sports,3545.68,7,Completed,West,Medium,U0152,3545.68,24819.76
P00115,Mixer,Sports,206.33,1,Completed,West,Medium,U1062,206.33,206.33
P00116,Face Wash,Clothing,3192.82,5,Pending,West,Medium,U1451,3192.82,15964.1
P00117,Wireless Mouse,Clothing,901.72,1,Completed,West,High,U1129,901.72,901.72
P00118,Face Wash,Books,2871.46,7,Cancelled,West,Medium,U0165,2871.46,20100.22
P00119,Novel,Books,2569.17,7,Cancelled,East,Low,U0938,2569.17,17984.19
P00120,Face Wash,Sports,166.22,7,Pending,East,Low,U0212,166.22,1163.54
P00121,Wireless Mouse,Electronics,1878.04,6,Pending,West,High,U0526,1878.04,11268.24
P00122,Wireless Mouse,Home,3045.35,5,Pending,West,Low,U0742,3045.35,15226.75
P00123,Novel,Home,4258.17,1,Pending,West,High,U0132,4258.17,4258.17
P00124,Wireless Mouse,Books,4454.35,1,Completed,West,Medium,U1176,4454.35,4454.35
P00125,Wireless Mouse,Electronics,2470.86,3,Pending,South,Medium,U0096,2470.86,7412.58
P00126,Mixer,Books,3669.27,1,Cancelled,South,Low,U1013,3669.27,3669.27
P00127,Novel,Home,1650.63,5,Completed,West,High,U0522,1650.63,8253.15
P00128,T-Shirt,Books,1776.71,6,Returned,West,High,U0374,1776.71,10660.26
P00129,T-Shirt,Beauty,1052.87,3,Completed,North,High,U1040,1052.87,3158.61
P00130,Wireless Mouse,Books,2853.55,1,Completed,West,Low,U0608,2853.55,2853.55
P00131,T-Shirt,Sports,1641.36,3,Completed,West,High,U0018,1641.36,4924.08
P00132,T-Shirt,Books,513.42,4,Completed,East,Medium,U1433,513.42,2053.68
P00133,Wireless Mouse,Sports,3456.53,3,Pending,South,Medium,U1031,3456.53,10369.59
P00134,T-Shirt,Electronics,3567.99,7,Cancelled,West,Low,U1269,3567.99,24975.93
P00135,Face Wash,Home,1863.96,6,Pending,South,Medium,U0978,1863.96,11183.76
P00136,Headphones,Clothing,475.94,7,Returned,South,High,U0879,475.94,3331.58
P00137,Novel,Clothing,2188.86,4,Completed,North,Low,U0594,2188.86,8755.44
P00138,Headphones,Home,2267.44,7,Completed,South,Low,U0643,2267.44,15872.08
P00139,Wireless Mouse,Clothing,3376.49,4,Completed,South,Low,U0129,3376.49,13505.96
P00140,Mixer,Books,1645.54,3,Pending,West,Low,U0801,1645.54,4936.62
P00141,Novel,Electronics,3444.74,5,Completed,East,Medium,U0455,3444.74,17223.7
P00142,Wireless Mouse,Electronics,4370.29,6,Returned,West,High,U0876,4370.29,26221.74
P00143,Mixer,Home,1263.68,5,Completed,West,Low,U0571,1263.68,6318.4
P00144,Headphones,Clothing,4896.71,6,Returned,East,Medium,,4896.71,29380.26
P00145,Wireless Mouse,Books,1993.2,6,Completed,East,Medium,U1014,1993.20,11959.2
P00146,Novel,Electronics,1409.57,7,Completed,North,Low,U1184,1409.57,9866.99
P00147,Novel,Electronics,2165.4,7,Pending,East,Medium,U1111,2165.40,15157.8
P00148,Running Shoes,Beauty,562.55,5,Pending,West,Low,U0401,562.55,2812.75
P00149,Face Wash,Beauty,715.96,2,Completed,East,Medium,U0462,715.96,1431.92
P00150,T-Shirt,Electronics,2130.73,4,Cancelled,East,Low,U0089,2130.73,8522.92
P00151,Mixer,Home,3835.98,7,Cancelled,East,Medium,U0823,3835.98,26851.86
P00152,Running Shoes,Sports,4511.53,7,Completed,South,Low,U0006,4511.53,31580.71
P00153,T-Shirt,Sports,3357.61,7,Completed,North,High,U0945,3357.61,23503.27
P00154,T-Shirt,Books,615.58,3,Completed,South,High,U0084,615.58,1846.74
P00155,Wireless Mouse,Electronics,3392.9,5,Completed,South,Low,U1274,3392.90,16964.5
P00156,T-Shirt,Electronics,3213.6,5,Pending,North,Medium,U1440,3213.60,16068.0
P00157,Face Wash,Electronics,4048.24,7,Completed,South,Low,U1096,4048.24,28337.68
P00158,Novel,Home,4143.72,3,Completed,East,High,U0621,4143.72,12431.16
P00159,Running Shoes,Beauty,4354.2,7,Completed,North,Medium,U1136,4354.20,30479.4
P00160,T-Shirt,Electronics,2129.24,4,Completed,,High,U0172,2129.24,8516.96
P00161,Wireless Mouse,Electronics,3519.54,3,Completed,West,Low,U0699,3519.54,10558.62
P00162,Face Wash,Clothing,1414.43,7,Completed,South,Low,U0273,1414.43,9901.01
P00163,Headphones,Home,4996.75,6,Completed,West,Medium,U0530,4996.75,29980.5
P00164,Novel,Books,959.14,2,Completed,East,Low,U0319,959.14,1918.28
P00165,Novel,Electronics,149.56,6,Returned,West,Medium,U1106,149.56,897.36
P00166,Running Shoes,Clothing,829.16,2,Completed,South,Low,U1099,829.16,1658.32
P00167,Novel,Sports,3901.77,3,Completed,South,High,U0429,3901.77,11705.31
P00168,T-Shirt,Books,2289.24,6,Completed,South,High,U1484,2289.24,13735.44
P00169,Wireless Mouse,Electronics,2292.75,4,Completed,North,Low,U0847,2292.75,9171.0
P00170,Novel,Electronics,4779.61,6,Completed,North,Medium,U1370,4779.61,28677.66
P00171,Novel,Clothing,4606.21,5,Pending,South,Medium,U0249,4606.21,23031.05
P00172,Headphones,Home,1624.85,2,Completed,South,Medium,U0387,1624.85,3249.7
P00173,Headphones,Electronics,1124.38,2,Returned,East,Medium,U0363,1124.38,2248.76
P00174,Mixer,Sports,4257.56,7,Completed,North,Low,U1320,4257.56,29802.92
P00175,Face Wash,Electronics,4539.49,4,Cancelled,North,Low,U0068,4539.49,18157.96
P00176,T-Shirt,Sports,2753.82,2,Cancelled,North,Medium,U0438,2753.82,5507.64
P00177,Novel,Books,3184.18,2,Completed,West,High,U1016,3184.18,6368.36
P00178,Novel,Books,1358.88,7,Completed,South,High,U1157,1358.88,9512.16
P00179,Wireless Mouse,Beauty,4023.93,4,Completed,East,Low,U1319,4023.93,16095.72
P00180,Mixer,Beauty,3197.4,6,Completed,East,Medium,U0296,3197.40,19184.4
P00181,Face Wash,Sports,2567.22,3,Cancelled,South,High,U0647,2567.22,7701.66
P00182,Mixer,Home,394.53,6,Completed,South,Low,U0033,394.53,2367.18
P00183,Running Shoes,Electronics,4588.08,5,Completed,East,Medium,U1398,4588.08,22940.4
P00184,Face Wash,Electronics,3115.71,5,Cancelled,West,Medium,U0032,3115.71,15578.55
P00185,Novel,Beauty,1044.19,2,Returned,East,Medium,U0555,1044.19,2088.38
P00186,Novel,Sports,3071.29,5,Completed,West,Medium,U0305,3071.29,15356.45
P00187,Face Wash,Electronics,3419.57,3,Cancelled,West,High,U0793,3419.57,10258.71
P00188,Novel,Electronics,2676.27,2,Completed,North,Low,U1132,2676.27,5352.54
P00189,T-Shirt,Home,3618.7,7,Pending,South,High,,3618.70,25330.9
P00190,Face Wash,Clothing,2949.12,5,Pending,North,Low,U1090,2949.12,14745.6
P00191,Mixer,Beauty,4744.07,7,Pending,West,Medium,U0521,4744.07,33208.49
P00192,Face Wash,Beauty,363.12,1,Completed,East,High,U0230,363.12,363.12
P00193,Novel,Clothing,620.6,1,Completed,North,High,U0733,620.60,620.6
P00194,T-Shirt,Electronics,950.99,1,Completed,East,Low,U0358,950.99,950.99
P00195,T-Shirt,Home,3481.84,7,Completed,West,Medium,U0402,3481.84,24372.88
P00196,Running Shoes,Home,3263.42,1,Completed,East,Low,U0790,3263.42,3263.42
P00197,Mixer,Beauty,4471.09,6,Pending,North,Low,U0099,4471.09,26826.54
P00198,Headphones,Home,3691.1,1,Completed,West,Medium,U0271,3691.10,3691.1
P00199,Headphones,Books,2590.94,2,Completed,South,Medium,U0362,2590.94,5181.88
P00200,Face Wash,Clothing,4959.98,4,Cancelled,North,Medium,U1188,4959.98,19839.92
P00201,Running Shoes,Electronics,1403.93,6,Cancelled,North,Medium,U0528,1403.93,8423.58
P00202,Wireless Mouse,Books,4182.64,4,Completed,South,Medium,U1193,4182.64,16730.56
P00203,Face Wash,Clothing,2191.27,2,Completed,West,Low,U1045,2191.27,4382.54
P00204,Running Shoes,Sports,3278.8,2,Returned,South,Medium,U0540,3278.80,6557.6
P00205,Mixer,Beauty,3663.62,3,Cancelled,North,High,U0595,3663.62,10990.86
P00206,Mixer,Home,3205.4,6,Completed,West,High,U0833,3205.40,19232.4
P00207,Mixer,Sports,788.49,4,Completed,East,Medium,U0397,788.49,3153.96
P00208,Mixer,Home,2270.46,1,Completed,North,Low,U1060,2270.46,2270.46
P00209,Mixer,Books,2851.05,2,Pending,East,Medium,U0495,2851.05,5702.1
P00210,Running Shoes,Electronics,4260.31,1,Completed,South,Medium,U0314,4260.31,4260.31
P00211,Running Shoes,Electronics,2273.86,4,Completed,West,Low,U0490,2273.86,9095.44
P00212,T-Shirt,Electronics,4601.86,7,Completed,South,Medium,U1300,4601.86,32213.02
P00213,Headphones,Home,2257.83,6,Cancelled,East,High,U0233,2257.83,13546.98
P00214,Novel,Sports,2789.02,5,Completed,North,Medium,U1460,2789.02,13945.1
P00215,Mixer,Electronics,4001.8,7,Completed,West,Medium,U1030,4001.80,28012.6
P00216,Wireless Mouse,Sports,2957.03,7,Returned,South,Medium,U0664,2957.03,20699.21
P00217,Novel,Home,4805.07,5,Completed,East,Low,U0244,4805.07,24025.35
P00218,Running Shoes,Books,3335.65,2,Completed,East,Low,U0241,3335.65,6671.3
P00219,Wireless Mouse,Sports,2661.28,3,Pending,North,High,U0558,2661.28,7983.84
P00220,Wireless Mouse,Books,215.6,1,Completed,East,Low,U1297,215.60,215.6
P00221,Wireless Mouse,Home,2127.29,2,Cancelled,West,Low,U0075,2127.29,4254.58
P00222,T-Shirt,Home,1566.32,3,Completed,East,Medium,U0283,1566.32,4698.96
P00223,Running Shoes,Beauty,3765.72,1,Completed,North,High,U0087,3765.72,3765.72
P00224,Wireless Mouse,Home,1120.56,4,Cancelled,South,High,U0881,1120.56,4482.24
P00225,Mixer,Home,1105.58,7,Completed,West,Low,U0930,1105.58,7739.06
P00226,Face Wash,Clothing,1028.64,7,Pending,South,Medium,U1173,1028.64,7200.48
P00227,Wireless Mouse,Electronics,715.52,5,Completed,South,Medium,U1174,715.52,3577.6
P00228,T-Shirt,Beauty,1623.93,3,Completed,East,Medium,U0160,1623.93,4871.79
P00229,Novel,Beauty,4441.02,1,Cancelled,East,Medium,,4441.02,4441.02
P00230,Running Shoes,Beauty,3897.15,2,Completed,North,Low,U0082,3897.15,7794.3
P00231,T-Shirt,Clothing,3702.73,1,Completed,East,High,U1031,3702.73,3702.73
P00232,Wireless Mouse,Books,4006.95,2,Completed,East,Medium,U0182,4006.95,8013.9
P00233,Running Shoes,Home,1420.15,7,Completed,South,Medium,U0870,1420.15,9941.05
P00234,Face Wash,Electronics,4448.46,5,Pending,West,Medium,U0966,4448.46,22242.3
P00235,Wireless Mouse,Sports,772.79,5,Pending,East,Low,U0478,772.79,3863.95
P00236,T-Shirt,Books,1748.09,1,Pending,West,Medium,U0183,1748.09,1748.09
P00237,Headphones,Home,2975.07,1,Pending,East,Low,U1338,2975.07,2975.07
P00238,Mixer,Clothing,604.23,2,Completed,,Low,U0174,604.23,1208.46
P00239,Novel,Home,3677.64,2,Completed,North,Medium,U0014,3677.64,7355.28
P00240,T-Shirt,Home,1997.51,3,Pending,East,High,U1324,1997.51,5992.53
P00241,Running Shoes,Clothing,3943.59,7,Completed,North,Low,U0073,3943.59,27605.13
P00242,Wireless Mouse,Beauty,2515.19,3,Completed,South,Medium,U0514,2515.19,7545.57
P00243,Mixer,Beauty,986.29,3,Returned,West,Medium,U0602,986.29,2958.87
P00244,Wireless Mouse,Electronics,3700.33,1,Completed,East,Medium,U0343,3700.33,3700.33
P00245,Running Shoes,Electronics,1335.51,6,Completed,North,Low,U1420,1335.51,8013.06
P00246,Wireless Mouse,Beauty,2504.97,6,Completed,South,Medium,U0333,2504.97,15029.82
P00247,Headphones,Books,470.11,6,Pending,East,Low,U0355,470.11,2820.66
P00248,Mixer,Sports,3127.55,6,Completed,North,High,U0847,3127.55,18765.3
P00249,Mixer,Home,3362.7,3,Completed,North,Medium,U0163,3362.70,10088.1
P00250,Running Shoes,Sports,1955.5,1,Returned,South,High,U0116,1955.50,1955.5
P00251,Novel,Home,4776.67,6,Pending,East,Low,U1427,4776.67,28660.02
P00252,Headphones,Beauty,4383.43,5,Cancelled,East,High,U1103,4383.43,21917.15
P00253,T-Shirt,Electronics,3568.91,4,Completed,West,Low,U1471,3568.91,14275.64
P00254,Wireless Mouse,Books,3596.9,5,Completed,East,High,U1032,3596.90,17984.5
P00255,Face Wash,Electronics,1336.77,1,Completed,North,Medium,U1047,1336.77,1336.77
P00256,Wireless Mouse,Sports,3318.39,1,Completed,West,Medium,U0791,3318.39,3318.39
P00257,Wireless Mouse,Electronics,1071.21,4,Completed,West,Low,U0543,1071.21,4284.84
P00258,T-Shirt,Beauty,805.62,2,Completed,East,Low,U0414,805.62,1611.24
P00259,Wireless Mouse,Books,4997.39,2,Completed,West,Medium,U0682,4997.39,9994.78
P00260,Headphones,Sports,3149.64,2,Pending,North,Medium,U0642,3149.64,6299.28
P00261,Headphones,Books,2211.84,3,Pending,North,Medium,U1433,2211.84,6635.52
P00262,Mixer,Home,1512.01,2,Completed,South,Low,U0669,1512.01,3024.02
P00263,Running Shoes,Electronics,3059.21,7,Completed,North,Low,U0022,3059.21,21414.47
P00264,Novel,Books,343.01,3,Completed,South,High,U1427,343.01,1029.03
P00265,Face Wash,Clothing,563.94,3,Completed,West,High,U0969,563.94,1691.82
P00266,Wireless Mouse,Electronics,261.0,2,Completed,South,Low,U1181,261.00,522.0
P00267,Wireless Mouse,Home,2545.93,2,Completed,East,Medium,U0330,2545.93,5091.86
P00268,T-Shirt,Books,3042.97,4,Cancelled,South,High,U1046,3042.97,12171.88
P00269,Running Shoes,Sports,406.15,6,Pending,East,High,U1496,406.15,2436.9
P00270,Headphones,Home,3634.0,4,Completed,West,Low,U1288,3634.00,14536.0
P00271,Face Wash,Clothing,1228.94,3,Cancelled,South,High,U1327,1228.94,3686.82
P00272,Mixer,Books,3457.49,4,Pending,North,Medium,U0902,3457.49,13829.96
P00273,Headphones,Beauty,4911.3,3,Pending,East,Medium,U0724,4911.30,14733.9
P00274,Running Shoes,Electronics,3486.42,1,Completed,West,Medium,U1489,3486.42,3486.42
P00275,Novel,Sports,4427.65,3,Completed,North,Medium,,4427.65,13282.95
P00276,Mixer,Beauty,4746.17,3,Pending,East,Medium,U1160,4746.17,14238.51
P00277,Novel,Books,2485.08,4,Completed,West,Medium,U0252,2485.08,9940.32
P00278,T-Shirt,Books,3541.39,6,Pending,West,Medium,U0205,3541.39,21248.34
P00279,T-Shirt,Home,4274.65,1,Returned,North,Medium,U1326,4274.65,4274.65
P00280,Wireless Mouse,Books,1847.38,5,Pending,West,Medium,U1266,1847.38,9236.9
P00281,Novel,Sports,1380.85,5,Completed,South,Low,U0832,1380.85,6904.25
P00282,Running Shoes,Beauty,4738.33,6,Completed,West,Low,U0791,4738.33,28429.98
P00283,Face Wash,Sports,3658.89,5,Pending,East,Medium,U1085,3658.89,18294.45
P00284,Mixer,Clothing,1176.44,1,Returned,East,High,U0465,1176.44,1176.44
P00285,Headphones,Clothing,2300.51,2,Completed,East,High,U1326,2300.51,4601.02
P00286,Running Shoes,Electronics,4002.61,1,Cancelled,South,Low,U1496,4002.61,4002.61
P00287,Running Shoes,Electronics,2780.61,4,Cancelled,North,Medium,U0394,2780.61,11122.44
P00288,T-Shirt,Clothing,3284.77,7,Completed,South,Low,U1021,3284.77,22993.39
P00289,Novel,Books,3793.46,3,Cancelled,South,High,,,11380.38
P00290,Wireless Mouse,Sports,3147.85,3,Completed,South,Low,U0912,3147.85,9443.55
P00291,Wireless Mouse,Clothing,2746.39,4,Completed,West,Medium,U1283,2746.39,10985.56
P00292,Mixer,Electronics,3773.11,4,Completed,North,Medium,U0530,3773.11,15092.44
P00293,T-Shirt,Clothing,3665.06,7,Pending,West,High,U1211,3665.06,25655.42
P00294,Running Shoes,Books,3186.37,7,Pending,South,Low,U1236,3186.37,22304.59
P00295,Face Wash,Clothing,1862.97,3,Completed,East,Low,U1059,1862.97,5588.91
P00296,T-Shirt,Sports,2088.48,7,Cancelled,South,Medium,,2088.48,14619.36
P00297,Mixer,Beauty,4855.15,7,Pending,North,Medium,U1306,4855.15,33986.05
P00298,Mixer,Books,650.69,7,Pending,East,Low,U1273,650.69,4554.83
P00299,T-Shirt,Electronics,1415.67,6,Completed,North,Medium,U0057,1415.67,8494.02
P00300,Mixer,Sports,2512.77,2,Completed,South,Medium,U1329,2512.77,5025.54
P00301,T-Shirt,Clothing,4199.98,7,Completed,North,High,U0522,4199.98,29399.86
P00302,Headphones,Clothing,902.01,2,Cancelled,West,Low,U0361,902.01,1804.02
P00303,T-Shirt,Beauty,1457.08,2,Completed,East,Low,U1261,1457.08,2914.16
P00304,Novel,Electronics,422.41,4,Returned,North,High,U0234,422.41,1689.64
P00305,T-Shirt,Electronics,3559.33,7,Pending,East,Medium,U0223,3559.33,24915.31
P00306,Mixer,Home,1267.23,3,Pending,East,High,U0327,1267.23,3801.69
P00307,Novel,Electronics,2004.51,6,Pending,South,High,U1122,2004.51,12027.06
P00308,Mixer,Beauty,2274.14,3,Completed,South,Low,U1250,2274.14,6822.42
P00309,Wireless Mouse,Home,4467.44,7,Pending,East,Low,,4467.44,31272.08
P00310,Wireless Mouse,Home,2115.52,3,Completed,North,Low,U0489,2115.52,6346.56
P00311,Novel,Clothing,811.6,7,Cancelled,East,High,U0478,811.60,5681.2
P00312,Headphones,Clothing,2669.14,6,Pending,South,Medium,U0985,2669.14,16014.84
P00313,Wireless Mouse,Electronics,4818.49,1,Pending,North,Low,U1358,4818.49,4818.49
P00314,T-Shirt,Home,3077.66,6,Pending,East,Low,U0792,3077.66,18465.96
P00315,Mixer,Clothing,4918.6,1,Completed,South,High,U0512,4918.60,4918.6
P00316,Wireless Mouse,Beauty,4221.43,5,Completed,East,High,U1013,4221.43,21107.15
P00317,Wireless Mouse,Clothing,276.23,1,Pending,East,High,U0382,276.23,276.23
P00318,Headphones,Books,3326.16,2,Completed,East,Medium,U1447,3326.16,6652.32
P00319,Novel,Books,1505.16,2,Completed,North,Medium,U1372,1505.16,3010.32
P00320,Novel,Clothing,2842.12,6,Completed,South,Low,U1177,2842.12,17052.72
P00321,Running Shoes,Home,1468.79,2,Completed,South,Low,U0452,1468.79,2937.58
P00322,Headphones,Home,1809.47,2,Completed,West,Low,U1314,1809.47,3618.94
P00323,T-Shirt,Sports,4623.53,5,Pending,East,Low,U1143,4623.53,23117.65
P00324,Novel,Books,1112.55,2,Completed,East,Medium,U0214,1112.55,2225.1
P00325,Mixer,Beauty,4383.13,4,Completed,West,High,U0565,4383.13,17532.52
P00326,Headphones,Home,249.24,4,Returned,East,Low,U0732,249.24,996.96
P00327,Wireless Mouse,Electronics,545.3,4,Completed,North,High,U0439,545.30,2181.2
P00328,Mixer,Books,4287.91,1,Completed,West,Low,U0755,4287.91,4287.91
P00329,Mixer,Beauty,3189.72,6,Pending,South,Medium,U0629,3189.72,19138.32
P00330,Wireless Mouse,Beauty,3761.46,6,Pending,East,Medium,U0903,3761.46,22568.76
P00331,Headphones,Home,1126.15,3,Completed,South,Medium,U1471,1126.15,3378.45
P00332,Wireless Mouse,Beauty,2731.71,5,Returned,East,Low,U1066,2731.71,13658.55
P00333,Running Shoes,Home,3712.37,4,Returned,West,Medium,,3712.37,14849.48
P00334,Mixer,Clothing,3173.84,4,Completed,South,High,U0247,3173.84,12695.36
P00335,Face Wash,Books,2411.32,2,Completed,East,High,U0905,2411.32,4822.64
P00336,Face Wash,Sports,4802.94,4,Pending,North,Low,U1315,4802.94,19211.76
P00337,T-Shirt,Clothing,3413.17,2,Completed,West,High,U0248,3413.17,6826.34
P00338,Novel,Books,4547.98,2,Completed,East,Medium,U0599,4547.98,9095.96
P00339,Wireless Mouse,Home,3675.88,3,Pending,East,High,U0865,3675.88,11027.64
P00340,Wireless Mouse,Books,3703.77,1,Completed,,Medium,U1473,3703.77,3703.77
P00341,T-Shirt,Home,492.09,2,Completed,West,High,U0084,492.09,984.18
P00342,T-Shirt,Clothing,1861.38,2,Completed,East,Medium,U0773,1861.38,3722.76
P00343,T-Shirt,Electronics,4306.01,6,Pending,East,High,U1245,4306.01,25836.06
P00344,Mixer,Electronics,1239.76,3,Completed,South,Low,U0051,1239.76,3719.28
P00345,Running Shoes,Books,665.98,2,Completed,South,Medium,U0550,665.98,1331.96
P00346,Wireless Mouse,Electronics,1697.92,5,Completed,West,Medium,U0771,,8489.6
P00347,Mixer,Home,1180.15,1,Completed,West,Low,U0981,1180.15,1180.15
P00348,T-Shirt,Beauty,4633.91,5,Cancelled,North,Low,U1211,4633.91,23169.55
P00349,Wireless Mouse,Home,4353.04,4,Cancelled,East,High,U1247,4353.04,17412.16
P00350,Mixer,Beauty,2548.45,1,Completed,South,Medium,U0465,2548.45,2548.45
P00351,Running Shoes,Clothing,400.58,4,Pending,South,Low,U0419,400.58,1602.32
P00352,Mixer,Sports,3601.36,6,Pending,East,Medium,U0087,3601.36,21608.16
P00353,Running Shoes,Beauty,3154.72,7,Pending,East,Low,U0259,3154.72,22083.04
P00354,T-Shirt,Electronics,4855.72,7,Completed,West,Medium,U1205,4855.72,33990.04
P00355,Running Shoes,Home,2838.87,7,Completed,North,Medium,U0311,2838.87,19872.09
P00356,Wireless Mouse,Clothing,1748.33,2,Pending,North,Medium,U0173,1748.33,3496.66
P00357,T-Shirt,Electronics,2643.21,3,Completed,,High,U1346,2643.21,7929.63
P00358,Wireless Mouse,Clothing,4898.39,5,Completed,West,Low,U1364,4898.39,24491.95
P00359,Face Wash,Sports,3512.18,4,Completed,South,High,U1269,3512.18,14048.72
P00360,Headphones,Home,3392.68,2,Returned,West,High,U0940,3392.68,6785.36
P00361,Running Shoes,Books,1279.34,7,Completed,North,Low,U0505,1279.34,8955.38
P00362,Headphones,Home,3743.65,5,Completed,South,High,U0329,3743.65,18718.25
P00363,Headphones,Sports,3776.33,5,Completed,North,Medium,U0196,3776.33,18881.65
P00364,Running Shoes,Home,1654.72,6,Cancelled,East,Medium,U0062,1654.72,9928.32
P00365,T-Shirt,Books,2470.2,6,Completed,North,Low,U1049,2470.20,14821.2
P00366,Face Wash,Beauty,1543.56,7,Completed,South,Medium,U0562,1543.56,10804.92
P00367,Wireless Mouse,Clothing,1367.65,4,Completed,North,High,U1402,1367.65,5470.6
P00368,Mixer,Books,226.89,7,Completed,South,Low,U0897,226.89,1588.23
P00369,Wireless Mouse,Electronics,1497.54,7,Completed,South,Low,U1319,1497.54,10482.78
P00370,Mixer,Sports,2814.45,2,Completed,West,Low,U1076,2814.45,5628.9
P00371,Wireless Mouse,Beauty,107.85,3,Pending,North,Medium,U0844,107.85,323.55
P00372,Running Shoes,Electronics,1487.77,7,Completed,West,High,U0040,1487.77,10414.39
P00373,Face Wash,Electronics,4418.91,4,Pending,West,Medium,U0728,4418.91,17675.64
P00374,Mixer,Sports,3008.88,5,Completed,North,Low,U0457,3008.88,15044.4
P00375,Novel,Beauty,3078.53,5,Completed,South,Medium,U0878,3078.53,15392.65
P00376,T-Shirt,Electronics,2076.49,1,Completed,East,Medium,U0788,2076.49,2076.49
P00377,Wireless Mouse,Electronics,3414.71,7,Completed,North,Low,U0002,3414.71,23902.97
P00378,Wireless Mouse,Beauty,1030.67,2,Completed,West,Medium,U1493,1030.67,2061.34
P00379,Mixer,Home,4111.86,1,Completed,West,Low,U1130,4111.86,4111.86
P00380,T-Shirt,Electronics,671.78,6,Pending,South,High,U0216,671.78,4030.68
P00381,T-Shirt,Clothing,3314.41,3,Completed,West,Medium,U0777,,9943.23
P00382,Running Shoes,Beauty,1771.63,4,Completed,East,High,U0679,1771.63,7086.52
P00383,Novel,Electronics,3762.81,7,Completed,West,High,U0414,3762.81,26339.67
P00384,Running Shoes,Sports,2793.85,5,Completed,South,High,U0210,2793.85,13969.25
P00385,Running Shoes,Books,2316.53,2,Completed,North,Low,U1082,2316.53,4633.06
P00386,Running Shoes,Clothing,930.17,5,Completed,South,High,U0043,930.17,4650.85
P00387,Running Shoes,Books,3220.43,7,Completed,West,High,U0138,3220.43,22543.01
P00388,Running Shoes,Books,4876.37,6,Completed,South,High,U0638,4876.37,29258.22
P00389,Face Wash,Electronics,4145.46,1,Completed,West,Low,,4145.46,4145.46
P00390,T-Shirt,Clothing,394.04,7,Completed,South,Low,U0726,394.04,2758.28
P00391,Running Shoes,Clothing,1943.52,1,Completed,North,High,U1413,1943.52,1943.52
P00392,T-Shirt,Home,4635.36,4,Completed,West,Low,U1222,4635.36,18541.44
P00393,T-Shirt,Books,2564.91,2,Completed,East,Low,U0202,2564.91,5129.82
P00394,Headphones,Clothing,3344.35,6,Completed,East,Medium,U0192,3344.35,20066.1
P00395,Face Wash,Home,4571.74,2,Completed,East,High,U0107,4571.74,9143.48
P00396,Running Shoes,Beauty,4381.59,4,Completed,East,Medium,U0327,4381.59,17526.36
P00397,Wireless Mouse,Home,2558.92,6,Completed,West,High,U0750,2558.92,15353.52
P00398,Mixer,Sports,2244.47,6,Completed,West,Low,U0644,2244.47,13466.82
P00399,Novel,Electronics,1764.49,1,Completed,North,Low,U0357,1764.49,1764.49
P00400,Wireless Mouse,Beauty,3623.2,1,Completed,South,Medium,U0595,3623.20,3623.2
P00401,Face Wash,Beauty,1506.24,1,Completed,West,Medium,U0501,1506.24,1506.24
P00402,Mixer,Sports,1324.45,5,Pending,East,Medium,U1308,1324.45,6622.25
P00403,Face Wash,Home,1845.62,3,Cancelled,West,Low,U0468,1845.62,5536.86
P00404,T-Shirt,Electronics,968.35,7,Completed,East,Low,U0508,968.35,6778.45
P00405,Mixer,Home,3506.09,1,Cancelled,North,Low,U0106,3506.09,3506.09
P00406,T-Shirt,Clothing,3119.58,3,Completed,South,Medium,U1318,3119.58,9358.74
P00407,Wireless Mouse,Home,2466.1,3,Completed,West,Medium,U1090,,7398.3
P00408,Wireless Mouse,Beauty,2012.6,2,Returned,South,Low,U0195,2012.60,4025.2
P00409,Mixer,Electronics,4554.41,4,Pending,East,Low,,4554.41,18217.64
P00410,Mixer,Home,242.71,5,Returned,East,Medium,U0047,242.71,1213.55
P00411,Running Shoes,Electronics,3868.63,3,Completed,South,High,U1386,3868.63,11605.89
P00412,Face Wash,Electronics,4519.36,7,Completed,North,Medium,U1009,4519.36,31635.52
P00413,Running Shoes,Clothing,2287.14,5,Completed,South,Low,U0537,2287.14,11435.7
P00414,Face Wash,Clothing,2798.38,2,Completed,South,Medium,U0847,2798.38,5596.76
P00415,Running Shoes,Beauty,4727.87,1,Completed,West,Medium,U0709,4727.87,4727.87
P00416,T-Shirt,Sports,1140.16,6,Cancelled,West,Medium,U1270,1140.16,6840.96
P00417,Mixer,Electronics,2648.66,3,Completed,East,Low,U0808,2648.66,7945.98
P00418,Wireless Mouse,Sports,2426.13,4,Completed,West,Medium,U0612,2426.13,9704.52
P00419,Face Wash,Beauty,1366.12,6,Completed,North,Medium,U1202,1366.12,8196.72
P00420,Face Wash,Electronics,4111.11,2,Completed,North,Low,U0115,4111.11,8222.22
P00421,Wireless Mouse,Electronics,4508.04,5,Completed,North,Low,U0680,4508.04,22540.2
P00422,Running Shoes,Books,3931.47,7,Returned,East,Medium,U0631,3931.47,27520.29
P00423,Face Wash,Sports,1057.26,1,Completed,North,Medium,U1189,1057.26,1057.26
P00424,Novel,Home,525.07,5,Completed,North,High,U0219,525.07,2625.35
P00425,T-Shirt,Clothing,3066.68,4,Cancelled,West,Medium,U0197,3066.68,12266.72
P00426,Mixer,Home,379.76,3,Returned,East,High,U0401,379.76,1139.28
P00427,Wireless Mouse,Sports,3396.85,4,Pending,South,Low,U0749,3396.85,13587.4
P00428,Mixer,Clothing,2699.08,5,Cancelled,North,High,U0681,2699.08,13495.4
P00429,Novel,Home,3347.65,5,Completed,West,Medium,U0076,3347.65,16738.25
P00430,Face Wash,Books,2991.84,6,Cancelled,South,Medium,U1450,2991.84,17951.04
P00431,Face Wash,Clothing,2171.24,4,Completed,North,Low,U0287,2171.24,8684.96
P00432,Novel,Electronics,1084.3,4,Pending,South,Low,U1323,1084.30,4337.2
P00433,Wireless Mouse,Home,1597.94,4,Pending,South,Medium,U0861,1597.94,6391.76
P00434,T-Shirt,Clothing,2670.05,1,Completed,East,Low,U0742,2670.05,2670.05
P00435,Headphones,Books,3294.15,7,Completed,East,Low,U0294,3294.15,23059.05
P00436,Wireless Mouse,Clothing,3919.47,5,Completed,North,Low,U0809,3919.47,19597.35
P00437,Headphones,Clothing,3859.14,2,Pending,North,Low,U0886,3859.14,7718.28
P00438,Novel,Books,4866.17,1,Completed,East,Medium,U1471,4866.17,4866.17
P00439,Running Shoes,Home,1500.62,1,Pending,North,Medium,U0414,1500.62,1500.62
P00440,Headphones,Beauty,448.44,1,Completed,North,Low,U0431,448.44,448.44
P00441,T-Shirt,Home,1793.72,6,Completed,East,Medium,U1254,1793.72,10762.32
P00442,Running Shoes,Sports,3742.14,7,Cancelled,South,High,U1120,3742.14,26194.98
P00443,Headphones,Books,2246.75,7,Completed,North,High,U1463,2246.75,15727.25
P00444,Novel,Home,4107.16,2,Completed,West,Medium,U0171,4107.16,8214.32
P00445,Running Shoes,Clothing,2791.7,4,Completed,East,Medium,U1341,2791.70,11166.8
P00446,Novel,Books,4655.98,6,Pending,North,Low,,4655.98,27935.88
P00447,Headphones,Electronics,4744.53,5,Returned,North,Medium,U1412,4744.53,23722.65
P00448,Novel,Home,439.59,3,Cancelled,East,Medium,U0989,439.59,1318.77
P00449,T-Shirt,Books,2336.43,6,Pending,West,Medium,U0072,2336.43,14018.58
P00450,Headphones,Home,3087.48,3,Completed,West,Low,U1023,3087.48,9262.44
P00451,Headphones,Books,1353.78,5,Completed,East,Medium,U0532,1353.78,6768.9
P00452,Headphones,Clothing,2094.68,2,Completed,West,High,U0239,2094.68,4189.36
P00453,Wireless Mouse,Electronics,3420.64,7,Completed,North,High,U0711,3420.64,23944.48
P00454,Wireless Mouse,Electronics,1211.0,3,Completed,West,High,U0577,1211.00,3633.0
P00455,Wireless Mouse,Sports,3049.71,1,Completed,North,Low,U1113,3049.71,3049.71
P00456,T-Shirt,Books,3517.49,6,Completed,South,Low,U0713,3517.49,21104.94
P00457,Running Shoes,Home,543.43,3,Completed,West,High,U0642,543.43,1630.29
P00458,Novel,Electronics,2537.89,5,Pending,South,Low,U1178,2537.89,12689.45
P00459,Face Wash,Electronics,1389.09,7,Returned,East,Medium,U0590,1389.09,9723.63
P00460,Headphones,Beauty,3649.49,1,Completed,West,Medium,U0190,3649.49,3649.49
P00461,Novel,Beauty,1028.82,3,Pending,North,Medium,U0812,1028.82,3086.46
P00462,Headphones,Electronics,4471.97,7,Pending,West,Medium,U1439,4471.97,31303.79
P00463,T-Shirt,Books,2211.61,5,Completed,East,High,U1178,2211.61,11058.05
P00464,Headphones,Sports,1070.21,2,Completed,East,Low,U1015,1070.21,2140.42
P00465,Wireless Mouse,Electronics,2246.31,5,Completed,North,High,U0625,2246.31,11231.55
P00466,Face Wash,Clothing,2102.84,2,Completed,West,High,U1363,2102.84,4205.68
P00467,Mixer,Home,2201.7,7,Pending,South,High,U0629,2201.70,15411.9
P00468,Headphones,Sports,2969.25,7,Cancelled,East,Medium,U0889,2969.25,20784.75
P00469,Novel,Clothing,2653.75,1,Returned,,Medium,U1059,2653.75,2653.75
P00470,Wireless Mouse,Sports,833.91,5,Completed,North,High,U0784,833.91,4169.55
P00471,Mixer,Clothing,421.34,4,Returned,West,Medium,U0671,421.34,1685.36
P00472,Face Wash,Home,3674.14,6,Completed,South,Medium,U0722,3674.14,22044.84
P00473,Mixer,Home,2842.62,4,Cancelled,West,Low,U0526,2842.62,11370.48
P00474,Wireless Mouse,Beauty,1859.1,4,Completed,West,Low,U0537,1859.10,7436.4
P00475,Running Shoes,Books,4060.95,4,Completed,South,Medium,U0847,4060.95,16243.8
P00476,Running Shoes,Clothing,2001.49,6,Completed,North,Medium,U1242,2001.49,12008.94
P00477,Mixer,Beauty,4000.23,4,Cancelled,East,Medium,U1278,4000.23,16000.92
P00478,T-Shirt,Clothing,1598.21,2,Completed,North,Low,U0996,1598.21,3196.42
P00479,Novel,Beauty,456.94,5,Completed,North,High,U1227,456.94,2284.7
P00480,Novel,Home,4669.93,7,Cancelled,West,Medium,U1125,4669.93,32689.51
P00481,Mixer,Sports,2033.3,1,Returned,South,Medium,U1385,2033.30,2033.3
P00482,Headphones,Beauty,3984.19,4,Completed,East,High,U0914,3984.19,15936.76
P00483,Headphones,Clothing,1467.81,7,Pending,West,Low,U0178,1467.81,10274.67
P00484,Novel,Clothing,3267.19,4,Completed,East,High,U0276,3267.19,13068.76
P00485,Novel,Books,4379.22,1,Completed,,Medium,U0312,4379.22,4379.22
P00486,Running Shoes,Home,304.06,1,Completed,South,Medium,U1434,304.06,304.06
P00487,T-Shirt,Clothing,4170.12,4,Completed,East,Medium,U0791,4170.12,16680.48
P00488,Wireless Mouse,Electronics,2899.53,2,Completed,East,Low,U1312,2899.53,5799.06
P00489,Headphones,Sports,3076.61,7,Completed,North,Medium,U1425,3076.61,21536.27
P00490,Novel,Beauty,2663.47,1,Completed,West,Medium,U1241,2663.47,2663.47
P00491,Running Shoes,Books,4384.93,5,Pending,West,Low,U0698,4384.93,21924.65
P00492,Face Wash,Sports,312.82,7,Pending,West,High,U1494,312.82,2189.74
P00493,Running Shoes,Home,1379.04,5,Completed,North,Medium,U0027,1379.04,6895.2
P00494,Headphones,Books,4391.24,7,Completed,North,High,,4391.24,30738.68
P00495,Headphones,Beauty,3786.49,2,Completed,East,Medium,U0422,3786.49,7572.98
P00496,Running Shoes,Beauty,186.46,6,Pending,West,Medium,U1038,186.46,1118.76
P00497,Wireless Mouse,Electronics,2633.33,3,Completed,West,High,U0501,2633.33,7899.99
P00498,Mixer,Home,2694.91,2,Completed,East,High,U0908,2694.91,5389.82
P00499,Headphones,Books,2064.32,4,Completed,East,Low,U0325,2064.32,8257.28
P00500,Running Shoes,Books,1557.23,3,Completed,East,High,U1348,1557.23,4671.69
P00501,Novel,Clothing,3440.45,4,Completed,South,Medium,U0285,3440.45,13761.8
P00502,Running Shoes,Electronics,1118.17,5,Cancelled,South,Low,,1118.17,5590.85
P00503,T-Shirt,Electronics,4014.85,1,Pending,East,Medium,U1069,4014.85,4014.85
P00504,Mixer,Books,4034.88,7,Completed,North,High,U0498,4034.88,28244.16
P00505,Face Wash,Books,2134.78,4,Completed,North,High,U0912,2134.78,8539.12
P00506,Wireless Mouse,Sports,1489.39,5,Cancelled,West,Low,U0145,1489.39,7446.95
P00507,Face Wash,Sports,1491.0,2,Completed,South,High,U0948,1491.00,2982.0
P00508,Mixer,Sports,2463.23,4,Completed,South,High,U0082,2463.23,9852.92
P00509,Mixer,Electronics,3625.94,5,Pending,East,Medium,U0980,3625.94,18129.7
P00510,Mixer,Clothing,1858.46,1,Pending,East,Medium,U1191,1858.46,1858.46
P00511,Face Wash,Beauty,3089.21,7,Completed,East,Medium,U1129,3089.21,21624.47
P00512,Novel,Sports,1974.17,4,Completed,East,Low,U0488,1974.17,7896.68
P00513,Mixer,Clothing,1592.16,6,Cancelled,East,High,U1334,1592.16,9552.96
P00514,Running Shoes,Home,221.81,5,Returned,North,Low,U0082,221.81,1109.05
P00515,Face Wash,Sports,119.18,4,Pending,North,Low,U0094,119.18,476.72
P00516,Mixer,Beauty,1213.32,1,Returned,East,Low,U1345,1213.32,1213.32
P00517,Running Shoes,Home,2091.39,7,Completed,North,Medium,U0343,2091.39,14639.73
P00518,Novel,Home,4271.18,4,Completed,East,Medium,U0797,4271.18,17084.72
P00519,T-Shirt,Beauty,4012.57,4,Completed,East,Medium,U0361,4012.57,16050.28
P00520,Novel,Sports,1409.11,7,Completed,South,Medium,U1090,1409.11,9863.77
P00521,Mixer,Electronics,1298.25,6,Completed,North,Low,U0624,1298.25,7789.5
P00522,Face Wash,Beauty,1213.88,5,Completed,North,High,U0868,1213.88,6069.4
P00523,Headphones,Beauty,1762.26,3,Cancelled,South,Medium,U0429,1762.26,5286.78
P00524,Mixer,Beauty,2541.17,7,Pending,North,Medium,U1425,2541.17,17788.19
P00525,Headphones,Home,2249.47,4,Completed,South,Low,U0171,2249.47,8997.88
P00526,Running Shoes,Clothing,1169.54,3,Completed,West,Low,U0578,1169.54,3508.62
P00527,T-Shirt,Electronics,739.21,2,Completed,,High,U0068,739.21,1478.42
P00528,Wireless Mouse,Sports,161.63,4,Completed,East,Medium,U1058,161.63,646.52
P00529,Novel,Sports,854.42,3,Pending,South,Medium,U0001,854.42,2563.26
P00530,T-Shirt,Clothing,3556.25,2,Completed,East,Low,U0151,3556.25,7112.5
P00531,Mixer,Beauty,1293.83,6,Completed,East,Medium,U0902,1293.83,7762.98
P00532,Headphones,Electronics,2396.15,5,Completed,North,High,U0258,2396.15,11980.75
P00533,Novel,Sports,2997.38,4,Pending,South,Low,U0750,2997.38,11989.52
P00534,Headphones,Books,4445.52,5,Cancelled,West,Medium,U0628,4445.52,22227.6
P00535,Face Wash,Sports,4455.39,2,Pending,East,High,U0795,4455.39,8910.78
P00536,Headphones,Beauty,3754.1,5,Completed,East,Medium,U0019,3754.10,18770.5
P00537,Face Wash,Books,272.27,5,Completed,West,Low,U0035,272.27,1361.35
P00538,Running Shoes,Clothing,2917.85,7,Completed,South,Medium,U0371,2917.85,20424.95
P00539,Novel,Electronics,3954.26,1,Completed,North,Low,U0491,3954.26,3954.26
P00540,Novel,Clothing,184.71,2,Completed,East,High,U0817,184.71,369.42
P00541,Wireless Mouse,Clothing,2793.45,5,Completed,North,Medium,U1265,2793.45,13967.25
P00542,Mixer,Electronics,4303.04,3,Completed,South,High,U0007,4303.04,12909.12
P00543,Face Wash,Electronics,2423.1,2,Completed,West,Low,U0549,2423.10,4846.2
P00544,Wireless Mouse,Sports,120.12,1,Completed,North,Medium,U0371,120.12,120.12
P00545,Headphones,Sports,153.97,4,Completed,South,Low,U0757,153.97,615.88
P00546,Headphones,Electronics,2141.52,6,Returned,North,Medium,U1274,2141.52,12849.12
P00547,Wireless Mouse,Books,859.54,5,Cancelled,North,Low,U1139,859.54,4297.7
P00548,Novel,Home,3355.81,3,Completed,East,Low,U1361,3355.81,10067.43
P00549,Headphones,Sports,3573.12,1,Completed,North,High,U0574,3573.12,3573.12
P00550,Running Shoes,Home,971.61,2,Cancelled,East,Low,U0681,971.61,1943.22
P00551,Running Shoes,Books,4453.81,6,Completed,South,Medium,U1166,4453.81,26722.86
P00552,Wireless Mouse,Electronics,2265.35,6,Cancelled,South,High,U1462,2265.35,13592.1
P00553,Face Wash,Books,799.94,5,Completed,East,High,U0088,799.94,3999.7
P00554,Face Wash,Sports,3844.83,1,Returned,West,Low,U0463,3844.83,3844.83
P00555,Wireless Mouse,Clothing,3970.88,1,Cancelled,North,High,U1072,3970.88,3970.88
P00556,Face Wash,Electronics,3232.55,3,Pending,South,Low,U0481,3232.55,9697.65
P00557,Novel,Beauty,4281.98,4,Pending,South,Medium,U0823,4281.98,17127.92
P00558,Novel,Home,3713.13,4,Completed,West,High,U0524,3713.13,14852.52
P00559,Face Wash,Books,4422.81,7,Completed,South,High,U0211,4422.81,30959.67
P00560,Running Shoes,Electronics,2226.05,4,Completed,East,High,U0244,2226.05,8904.2
P00561,Face Wash,Books,3763.23,7,Completed,West,High,U0239,3763.23,26342.61
P00562,Novel,Electronics,4998.78,6,Completed,South,Low,U1221,4998.78,29992.68
P00563,T-Shirt,Sports,3652.16,6,Completed,West,Medium,U0769,3652.16,21912.96
P00564,Mixer,Sports,659.5,2,Cancelled,West,Medium,U0235,659.50,1319.0
P00565,Headphones,Sports,2639.76,6,Completed,,Medium,U0187,2639.76,15838.56
P00566,T-Shirt,Books,2978.0,6,Completed,South,Low,U0713,2978.00,17868.0
P00567,Face Wash,Beauty,953.63,1,Completed,South,Low,U1314,953.63,953.63
P00568,Running Shoes,Sports,4818.17,2,Completed,West,High,U1245,4818.17,9636.34
P00569,Wireless Mouse,Electronics,960.34,1,Completed,East,High,U0497,960.34,960.34
P00570,Face Wash,Sports,970.03,3,Returned,East,Medium,U1326,970.03,2910.09
P00571,Running Shoes,Clothing,4584.32,7,Completed,North,Medium,U0187,4584.32,32090.24
P00572,Mixer,Sports,2379.51,7,Completed,South,Medium,U1474,2379.51,16656.57
P00573,Face Wash,Books,409.62,3,Completed,East,Medium,U1436,409.62,1228.86
P00574,Novel,Beauty,3031.12,7,Completed,North,High,U0936,3031.12,21217.84
P00575,Wireless Mouse,Clothing,3048.95,2,Cancelled,North,Low,U1269,3048.95,6097.9
P00576,Running Shoes,Books,416.05,2,Completed,South,Medium,U0313,416.05,832.1
P00577,Running Shoes,Books,4865.36,6,Completed,North,High,U0819,4865.36,29192.16
P00578,Running Shoes,Books,2765.75,7,Completed,East,High,U0022,2765.75,19360.25
P00579,Mixer,Electronics,2843.0,3,Returned,North,Medium,U0068,2843.00,8529.0
P00580,Face Wash,Books,2648.57,5,Completed,North,Low,U0392,2648.57,13242.85
P00581,Mixer,Electronics,3092.59,4,Cancelled,East,High,U1340,3092.59,12370.36
P00582,Headphones,Books,1395.07,6,Completed,North,Medium,U1089,1395.07,8370.42
P00583,Headphones,Home,1507.48,4,Completed,North,High,U0729,1507.48,6029.92
P00584,Face Wash,Clothing,2605.56,3,Pending,West,Medium,U0541,2605.56,7816.68
P00585,Novel,Home,4052.76,7,Completed,North,Low,U0568,4052.76,28369.32
P00586,Mixer,Books,344.34,7,Completed,North,Low,U0900,,2410.38
P00587,Wireless Mouse,Clothing,3056.68,4,Completed,West,Medium,U0212,3056.68,12226.72
P00588,Running Shoes,Clothing,4053.21,5,Completed,West,Low,U0200,4053.21,20266.05
P00589,Running Shoes,Beauty,868.89,7,Cancelled,West,Low,U0987,868.89,6082.23
P00590,Face Wash,Home,173.61,5,Completed,South,Medium,U0178,173.61,868.05
P00591,Novel,Beauty,1632.3,1,Pending,South,Medium,U1447,1632.30,1632.3
P00592,Headphones,Clothing,2981.9,2,Completed,East,Low,U0931,2981.90,5963.8
P00593,Headphones,Electronics,777.59,4,Completed,North,Low,U1486,777.59,3110.36
P00594,Running Shoes,Clothing,2188.0,7,Pending,East,High,U0044,2188.00,15316.0
P00595,Face Wash,Beauty,2806.38,5,Completed,South,Low,U1455,2806.38,14031.9
P00596,Mixer,Home,3034.53,7,Completed,North,Medium,U0168,3034.53,21241.71
P00597,Headphones,Books,1444.62,2,Completed,North,Low,U0287,1444.62,2889.24
P00598,Mixer,Books,2060.15,2,Completed,West,High,U0709,2060.15,4120.3
P00599,Novel,Home,3913.86,1,Cancelled,South,Medium,U0337,3913.86,3913.86
P00600,Headphones,Books,4711.95,2,Completed,North,Low,U0586,4711.95,9423.9
P00601,Headphones,Books,4323.21,2,Completed,West,Low,U1195,4323.21,8646.42
P00602,T-Shirt,Beauty,2864.99,6,Pending,North,Medium,U0183,2864.99,17189.94
P00603,Headphones,Home,2110.43,3,Completed,South,Medium,U0016,2110.43,6331.29
P00604,Wireless Mouse,Sports,1731.49,7,Completed,East,Medium,U0887,1731.49,12120.43
P00605,Face Wash,Electronics,712.29,1,Completed,East,Low,U0837,712.29,712.29
P00606,Face Wash,Electronics,622.1,1,Cancelled,North,Medium,U0110,622.10,622.1
P00607,Mixer,Books,3472.95,4,Returned,West,Medium,U0306,3472.95,13891.8
P00608,Novel,Electronics,1372.99,2,Pending,West,Medium,U0980,1372.99,2745.98
P00609,Headphones,Home,1347.84,4,Completed,West,Low,U0006,1347.84,5391.36
P00610,Wireless Mouse,Home,4991.16,6,Completed,South,Medium,U0843,4991.16,29946.96
P00611,Mixer,Clothing,1020.84,5,Completed,East,Low,U1297,1020.84,5104.2
P00612,T-Shirt,Clothing,825.49,2,Completed,East,Medium,U0361,825.49,1650.98
P00613,Mixer,Electronics,583.56,5,Returned,North,Medium,U1209,583.56,2917.8
P00614,Mixer,Sports,2941.05,3,Completed,East,High,U0656,2941.05,8823.15
P00615,Headphones,Clothing,3176.53,6,Completed,West,Medium,,3176.53,19059.18
P00616,T-Shirt,Clothing,1889.62,2,Cancelled,South,Medium,U1114,1889.62,3779.24
P00617,Mixer,Home,2723.53,4,Pending,West,Low,U0984,2723.53,10894.12
P00618,Wireless Mouse,Sports,3963.16,4,Completed,West,Low,U1270,3963.16,15852.64
P00619,Wireless Mouse,Books,4108.71,2,Completed,East,Low,U1263,4108.71,8217.42
P00620,Face Wash,Electronics,4793.77,7,Completed,South,Low,U0724,4793.77,33556.39
P00621,T-Shirt,Clothing,4138.91,4,Completed,South,Low,U1105,4138.91,16555.64
P00622,T-Shirt,Sports,2867.72,7,Completed,West,High,U0115,2867.72,20074.04
P00623,Face Wash,Sports,980.32,2,Completed,North,Medium,U0276,980.32,1960.64
P00624,Mixer,Electronics,588.84,1,Returned,East,Low,U0080,588.84,588.84
P00625,T-Shirt,Sports,367.11,4,Completed,North,Low,U0179,367.11,1468.44
P00626,Wireless Mouse,Sports,3365.98,7,Completed,West,Medium,U1333,3365.98,23561.86
P00627,Wireless Mouse,Sports,4056.93,2,Completed,East,Low,U0561,4056.93,8113.86
P00628,Headphones,Clothing,2592.55,2,Completed,North,Low,U0509,2592.55,5185.1
P00629,T-Shirt,Electronics,368.1,7,Completed,North,Medium,U0260,368.10,2576.7
P00630,Mixer,Sports,2723.81,4,Cancelled,North,High,U0292,2723.81,10895.24
P00631,Face Wash,Sports,4685.17,1,Cancelled,East,Medium,U0885,4685.17,4685.17
P00632,Face Wash,Clothing,3028.3,4,Completed,North,Medium,U0291,3028.30,12113.2
P00633,Mixer,Electronics,4066.19,2,Cancelled,South,High,U0542,4066.19,8132.38
P00634,Novel,Home,4020.75,1,Completed,West,Low,U0764,4020.75,4020.75
P00635,Running Shoes,Clothing,4667.43,5,Completed,East,Low,U1087,4667.43,23337.15
P00636,Headphones,Electronics,3874.12,3,Completed,South,Medium,U0594,3874.12,11622.36
P00637,Face Wash,Sports,3763.73,4,Cancelled,North,Medium,U1429,3763.73,15054.92
P00638,T-Shirt,Electronics,1247.1,6,Completed,West,Medium,U0948,1247.10,7482.6
P00639,Headphones,Electronics,393.63,2,Completed,North,Low,U0480,393.63,787.26
P00640,T-Shirt,Books,2636.24,1,Pending,South,High,U1349,2636.24,2636.24
P00641,Novel,Electronics,709.73,7,Completed,North,Low,U0381,709.73,4968.11
P00642,Wireless Mouse,Home,4814.76,7,Completed,East,High,U0310,4814.76,33703.32
P00643,Headphones,Electronics,1520.63,7,Completed,South,High,U1367,1520.63,10644.41
P00644,Face Wash,Home,4279.43,1,Pending,East,Low,U1499,4279.43,4279.43
P00645,Headphones,Sports,1999.36,5,Completed,West,High,U1080,1999.36,9996.8
P00646,Headphones,Home,1683.65,4,Completed,East,Medium,U0847,1683.65,6734.6
P00647,Headphones,Sports,4682.28,6,Returned,East,High,U0425,4682.28,28093.68
P00648,Running Shoes,Sports,1880.28,7,Completed,North,Low,U1166,1880.28,13161.96
P00649,Headphones,Home,2012.41,1,Completed,North,High,U0661,2012.41,2012.41
P00650,T-Shirt,Clothing,619.85,7,Pending,South,Low,U1400,619.85,4338.95
P00651,Wireless Mouse,Beauty,3385.19,5,Pending,West,High,U0226,3385.19,16925.95
P00652,Novel,Electronics,1515.31,2,Returned,South,Medium,U1498,1515.31,3030.62
P00653,Mixer,Books,2969.46,7,Completed,West,Low,U0025,2969.46,20786.22
P00654,Headphones,Beauty,2997.62,5,Completed,West,Low,U1389,2997.62,14988.1
P00655,Face Wash,Electronics,3624.08,4,Cancelled,East,Medium,U0095,3624.08,14496.32
P00656,Headphones,Electronics,3751.68,7,Pending,North,Medium,U0508,3751.68,26261.76
P00657,Face Wash,Sports,2620.82,5,Completed,West,Low,U0565,2620.82,13104.1
P00658,T-Shirt,Electronics,1721.86,1,Completed,North,Low,U1200,1721.86,1721.86
P00659,Face Wash,Books,4203.51,1,Completed,West,Medium,U0644,4203.51,4203.51
P00660,Mixer,Electronics,1618.34,3,Completed,North,Medium,U1432,1618.34,4855.02
P00661,Wireless Mouse,Home,2586.79,5,Cancelled,South,Medium,U0490,2586.79,12933.95
P00662,Face Wash,Beauty,2066.14,2,Completed,North,High,U0459,2066.14,4132.28
P00663,Face Wash,Home,4289.88,7,Completed,East,Medium,,4289.88,30029.16
P00664,Wireless Mouse,Books,2216.4,6,Completed,West,Low,U0901,2216.40,13298.4
P00665,Mixer,Electronics,1991.89,6,Completed,East,Medium,U0338,1991.89,11951.34
P00666,Headphones,Books,3480.14,4,Completed,West,High,U0963,3480.14,13920.56
P00667,Face Wash,Sports,3051.96,3,Pending,East,Low,U1355,3051.96,9155.88
P00668,Wireless Mouse,Home,625.51,5,Completed,West,Medium,U1237,625.51,3127.55
P00669,T-Shirt,Home,2590.03,2,Completed,North,Medium,U0345,2590.03,5180.06
P00670,Wireless Mouse,Clothing,3703.84,3,Completed,West,High,U0576,3703.84,11111.52
P00671,T-Shirt,Electronics,4961.17,1,Pending,East,Medium,U0943,4961.17,4961.17
P00672,Mixer,Sports,3182.82,4,Returned,East,Medium,U0346,3182.82,12731.28
P00673,Headphones,Home,1914.44,7,Completed,West,Low,U1272,1914.44,13401.08
P00674,Wireless Mouse,Home,1208.14,7,Pending,West,High,U0325,1208.14,8456.98
P00675,Novel,Sports,4376.87,7,Completed,South,Low,U0467,4376.87,30638.09
P00676,Novel,Books,4091.37,5,Completed,South,Medium,U0091,4091.37,20456.85
P00677,Running Shoes,Books,1246.22,6,Returned,North,Medium,U0294,1246.22,7477.32
P00678,Face Wash,Electronics,1083.1,2,Completed,North,High,U0524,1083.10,2166.2
P00679,Mixer,Clothing,3604.17,7,Completed,North,Low,U0850,3604.17,25229.19
P00680,Wireless Mouse,Home,1643.27,7,Returned,North,Low,U0259,1643.27,11502.89
P00681,Novel,Clothing,1601.35,1,Pending,North,Medium,U1111,1601.35,1601.35
P00682,Face Wash,Books,846.22,3,Completed,West,Medium,U1182,846.22,2538.66
P00683,Novel,Books,1393.48,7,Returned,South,Low,U0186,1393.48,9754.36
P00684,Wireless Mouse,Beauty,2194.79,4,Completed,West,Low,U0344,2194.79,8779.16
P00685,T-Shirt,Electronics,3690.91,3,Completed,South,Medium,U0821,3690.91,11072.73
P00686,Wireless Mouse,Beauty,1747.91,6,Completed,South,Medium,U0741,1747.91,10487.46
P00687,Running Shoes,Beauty,1710.16,3,Completed,East,High,U0569,1710.16,5130.48
P00688,Wireless Mouse,Beauty,1496.07,2,Pending,East,Low,U0950,1496.07,2992.14
P00689,Wireless Mouse,Electronics,2443.59,1,Completed,South,High,U0509,2443.59,2443.59
P00690,Running Shoes,Electronics,985.12,5,Completed,West,Medium,U0016,,4925.6
P00691,Mixer,Sports,2479.59,2,Completed,South,Low,U0525,2479.59,4959.18
P00692,Wireless Mouse,Clothing,3550.46,6,Completed,North,Medium,U0200,3550.46,21302.76
P00693,Running Shoes,Clothing,245.97,4,Completed,West,Medium,U1208,245.97,983.88
P00694,Face Wash,Sports,147.92,6,Returned,West,Low,U0309,147.92,887.52
P00695,T-Shirt,Sports,468.1,6,Completed,South,Medium,U1305,468.10,2808.6
P00696,T-Shirt,Books,2724.73,3,Completed,North,High,U1182,2724.73,8174.19
P00697,Wireless Mouse,Beauty,4286.83,4,Completed,South,Low,,4286.83,17147.32
P00698,Mixer,Sports,123.93,2,Pending,North,Low,U0259,123.93,247.86
P00699,Mixer,Home,4689.64,6,Completed,West,Low,U1181,4689.64,28137.84
P00700,Face Wash,Clothing,620.76,2,Completed,South,High,U0425,620.76,1241.52
P00701,Wireless Mouse,Sports,4225.72,7,Completed,North,Low,U0779,4225.72,29580.04
P00702,T-Shirt,Home,2465.99,7,Completed,East,High,U1045,2465.99,17261.93
P00703,Mixer,Home,3330.85,7,Completed,West,Medium,U0639,3330.85,23315.95
P00704,Wireless Mouse,Home,2602.35,5,Pending,West,High,U1371,2602.35,13011.75
P00705,Novel,Books,2437.54,3,Cancelled,East,Medium,U0920,2437.54,7312.62
P00706,Mixer,Books,4191.01,2,Completed,North,Low,U1012,4191.01,8382.02
P00707,Running Shoes,Home,3803.84,7,Cancelled,West,High,U0350,3803.84,26626.88
P00708,Novel,Books,2468.67,7,Cancelled,North,Medium,U0961,2468.67,17280.69
P00709,Mixer,Beauty,647.02,4,Cancelled,East,Medium,U1409,647.02,2588.08
P00710,T-Shirt,Home,665.47,6,Returned,South,Medium,U0438,665.47,3992.82
P00711,Headphones,Beauty,4027.54,7,Cancelled,West,Medium,U0456,4027.54,28192.78
P00712,Novel,Beauty,2694.01,5,Completed,West,Medium,U0624,2694.01,13470.05
P00713,Face Wash,Home,2459.79,4,Completed,North,Medium,U1104,2459.79,9839.16
P00714,Face Wash,Clothing,3434.78,3,Completed,West,Low,U1476,3434.78,10304.34
P00715,T-Shirt,Home,4308.32,5,Cancelled,South,High,U0643,4308.32,21541.6
P00716,Mixer,Home,3181.48,5,Completed,East,Medium,U0392,3181.48,15907.4
P00717,Wireless Mouse,Books,3837.95,5,Completed,West,Low,U0574,3837.95,19189.75
P00718,Mixer,Home,3849.83,6,Completed,East,Medium,U1383,3849.83,23098.98
P00719,T-Shirt,Clothing,1845.68,7,Pending,North,Low,U0033,1845.68,12919.76
P00720,Face Wash,Books,1443.01,1,Pending,South,Low,U1160,1443.01,1443.01
P00721,Mixer,Electronics,4025.7,5,Completed,West,Medium,U0921,,20128.5
P00722,Face Wash,Electronics,1948.18,4,Completed,East,Medium,U0410,1948.18,7792.72
P00723,Novel,Beauty,4526.35,4,Pending,South,High,U1023,4526.35,18105.4
P00724,Wireless Mouse,Beauty,441.48,3,Completed,East,High,U1115,441.48,1324.44
P00725,Novel,Clothing,385.27,2,Completed,North,Low,U0413,385.27,770.54
P00726,Face Wash,Sports,4642.32,2,Completed,South,Medium,U0299,4642.32,9284.64
P00727,Face Wash,Electronics,3277.43,1,Returned,South,High,U0073,3277.43,3277.43
P00728,Headphones,Beauty,1960.04,6,Completed,North,Low,,1960.04,11760.24
P00729,Headphones,Electronics,3799.8,7,Completed,North,High,U0690,3799.80,26598.6
P00730,Novel,Clothing,3394.4,6,Pending,West,High,U1336,3394.40,20366.4
P00731,Running Shoes,Clothing,2702.89,7,Completed,North,Medium,U0959,2702.89,18920.23
P00732,Novel,Sports,584.48,5,Completed,North,Low,U0732,584.48,2922.4
P00733,Headphones,Sports,4079.68,7,Completed,East,High,U0685,4079.68,28557.76
P00734,Face Wash,Books,4343.51,1,Returned,South,High,U1189,4343.51,4343.51
P00735,T-Shirt,Clothing,943.63,3,Completed,East,Medium,U0840,943.63,2830.89
P00736,Novel,Beauty,4267.51,3,Pending,North,Medium,U0335,4267.51,12802.53
P00737,Face Wash,Electronics,4401.45,2,Returned,West,High,U0732,4401.45,8802.9
P00738,T-Shirt,Home,2792.2,3,Pending,East,Low,U0804,2792.20,8376.6
P00739,T-Shirt,Sports,3315.28,5,Pending,East,Low,U1185,3315.28,16576.4
P00740,Headphones,Home,1972.96,4,Pending,South,Medium,U0390,1972.96,7891.84
P00741,Novel,Beauty,1480.78,3,Returned,South,High,U0760,1480.78,4442.34
P00742,Mixer,Sports,3637.72,1,Returned,South,High,U0883,3637.72,3637.72
P00743,Wireless Mouse,Home,4323.19,5,Returned,West,Medium,U0972,4323.19,21615.95
P00744,Headphones,Beauty,3304.98,3,Completed,West,Medium,U1095,3304.98,9914.94
P00745,Headphones,Electronics,2606.79,6,Completed,North,Low,U0941,2606.79,15640.74
P00746,Mixer,Beauty,878.73,7,Completed,North,High,U1116,878.73,6151.11
P00747,Wireless Mouse,Books,361.95,3,Completed,South,Medium,U0903,361.95,1085.85
P00748,Face Wash,Sports,2283.89,6,Returned,East,High,U1385,2283.89,13703.34
P00749,Running Shoes,Clothing,341.81,5,Cancelled,South,Medium,U1345,341.81,1709.05
P00750,Novel,Electronics,2889.74,3,Completed,North,High,U1269,2889.74,8669.22
P00751,Running Shoes,Home,1975.37,6,Completed,East,High,U0024,1975.37,11852.22
P00752,Face Wash,Sports,3810.23,4,Completed,North,Medium,U0557,3810.23,15240.92
P00753,Headphones,Clothing,1597.68,2,Completed,West,Low,U0701,1597.68,3195.36
P00754,Wireless Mouse,Beauty,3005.62,5,Pending,South,Low,U0403,3005.62,15028.1
P00755,Headphones,Clothing,2734.65,6,Completed,South,High,U1397,2734.65,16407.9
P00756,T-Shirt,Sports,123.09,1,Completed,East,Medium,U1310,123.09,123.09
P00757,Headphones,Sports,454.71,3,Completed,South,Medium,U0441,454.71,1364.13
P00758,Headphones,Books,1522.8,6,Completed,North,Low,U0882,1522.80,9136.8
P00759,Face Wash,Books,4422.95,7,Returned,North,Medium,U1376,4422.95,30960.65
P00760,Face Wash,Clothing,820.37,6,Completed,West,Medium,U0926,820.37,4922.22
P00761,Face Wash,Beauty,3583.38,6,Cancelled,North,Low,U1243,3583.38,21500.28
P00762,Running Shoes,Clothing,4869.5,7,Completed,East,High,U0485,4869.50,34086.5
P00763,T-Shirt,Sports,3973.78,2,Completed,North,Medium,U1467,3973.78,7947.56
P00764,Face Wash,Sports,1290.43,7,Completed,West,Low,U1242,1290.43,9033.01
P00765,Wireless Mouse,Home,4550.99,7,Pending,West,Medium,U1091,4550.99,31856.93
P00766,Running Shoes,Books,556.23,1,Completed,South,Low,U0031,556.23,556.23
P00767,Mixer,Home,2393.9,7,Completed,East,Medium,U0322,2393.90,16757.3
P00768,Wireless Mouse,Electronics,4448.96,1,Completed,North,Low,U1274,4448.96,4448.96
P00769,Novel,Sports,3242.2,4,Completed,West,High,U0566,3242.20,12968.8
P00770,Novel,Home,2126.86,7,Completed,North,Medium,U0010,2126.86,14888.02
P00771,Wireless Mouse,Clothing,1534.78,2,Completed,West,Medium,U0678,1534.78,3069.56
P00772,Face Wash,Books,1937.99,7,Pending,South,Medium,,1937.99,13565.93
P00773,Mixer,Books,2593.81,6,Completed,West,High,U0927,2593.81,15562.86
P00774,Mixer,Beauty,1663.32,5,Completed,South,Low,U0285,1663.32,8316.6
P00775,Running Shoes,Clothing,4847.94,2,Completed,East,High,U0153,4847.94,9695.88
P00776,Mixer,Beauty,4672.08,7,Returned,North,Medium,U0371,4672.08,32704.56
P00777,Novel,Home,4366.29,2,Completed,North,Low,U0301,4366.29,8732.58
P00778,T-Shirt,Electronics,2166.97,1,Cancelled,South,Medium,U0146,2166.97,2166.97
P00779,Face Wash,Clothing,3487.38,4,Completed,East,Medium,U1076,3487.38,13949.52
P00780,Mixer,Clothing,4523.86,4,Pending,South,High,U1428,4523.86,18095.44
P00781,Running Shoes,Clothing,4267.1,2,Completed,West,Low,U0702,4267.10,8534.2
P00782,Novel,Beauty,2130.2,2,Completed,South,Low,U0141,2130.20,4260.4
P00783,T-Shirt,Home,650.69,7,Pending,East,Low,U1112,650.69,4554.83
P00784,Headphones,Clothing,470.59,3,Pending,West,Low,U1451,470.59,1411.77
P00785,Headphones,Clothing,2927.61,6,Pending,North,Medium,U0084,2927.61,17565.66
P00786,T-Shirt,Books,3248.88,1,Pending,North,Medium,U1267,3248.88,3248.88
P00787,Novel,Electronics,4264.23,6,Completed,North,Low,U1130,4264.23,25585.38
P00788,Running Shoes,Books,1533.32,5,Completed,East,Low,U1379,1533.32,7666.6
P00789,T-Shirt,Books,920.61,5,Completed,East,Medium,U0021,920.61,4603.05
P00790,Face Wash,Electronics,1957.13,4,Cancelled,East,Medium,U1030,1957.13,7828.52
P00791,Face Wash,Home,1832.52,1,Completed,East,High,U0967,1832.52,1832.52
P00792,Headphones,Books,749.1,6,Returned,,Low,U1245,749.10,4494.6
P00793,Mixer,Home,3394.18,4,Completed,West,Low,U1111,3394.18,13576.72
P00794,Running Shoes,Books,2592.59,5,Pending,South,Medium,U0453,2592.59,12962.95
P00795,Headphones,Sports,3633.5,2,Completed,North,High,U0342,3633.50,7267.0
P00796,Mixer,Electronics,1828.19,1,Completed,East,Medium,U0393,1828.19,1828.19
P00797,Mixer,Books,1695.94,1,Pending,North,Low,U1376,1695.94,1695.94
P00798,Face Wash,Sports,2415.62,6,Completed,East,Medium,U1270,2415.62,14493.72
P00799,Novel,Beauty,4399.3,7,Returned,North,Medium,U1003,4399.30,30795.1
P00800,Wireless Mouse,Sports,297.38,3,Pending,South,Medium,U1137,297.38,892.14
P00801,Novel,Clothing,4043.68,6,Completed,North,Low,U0971,4043.68,24262.08
P00802,Wireless Mouse,Books,1908.04,2,Cancelled,North,Medium,U0158,1908.04,3816.08
P00803,T-Shirt,Sports,4287.63,7,Pending,East,Medium,U0811,4287.63,30013.41
P00804,Face Wash,Home,4030.79,7,Completed,West,Low,U1261,,28215.53
P00805,Mixer,Beauty,1808.93,7,Completed,West,Medium,U0699,1808.93,12662.51
P00806,Running Shoes,Books,3500.0,2,Completed,North,Medium,U1267,3500.00,7000.0
P00807,Wireless Mouse,Clothing,882.2,4,Pending,West,High,U0166,882.20,3528.8
P00808,Novel,Sports,4491.78,1,Cancelled,South,Low,U0034,4491.78,4491.78
P00809,Mixer,Beauty,2082.01,4,Completed,South,High,U0255,2082.01,8328.04
P00810,Wireless Mouse,Books,2332.57,2,Completed,West,Low,U0302,2332.57,4665.14
P00811,Wireless Mouse,Beauty,3558.22,3,Completed,West,Low,U0220,3558.22,10674.66
P00812,Wireless Mouse,Clothing,4122.12,1,Completed,South,High,U1056,4122.12,4122.12
P00813,Running Shoes,Sports,1258.08,2,Pending,West,High,U0935,1258.08,2516.16
P00814,Face Wash,Beauty,3340.62,3,Pending,West,Low,U0509,3340.62,10021.86
P00815,Running Shoes,Beauty,2020.79,6,Completed,East,High,U1257,2020.79,12124.74
P00816,Headphones,Electronics,1906.64,5,Cancelled,East,Low,U0953,1906.64,9533.2
P00817,Mixer,Beauty,3481.13,7,Completed,West,Medium,U0215,3481.13,24367.91
P00818,Face Wash,Electronics,1997.2,2,Completed,West,Low,U1266,1997.20,3994.4
P00819,Face Wash,Sports,1795.93,5,Completed,East,Medium,U0245,1795.93,8979.65
P00820,Face Wash,Books,4195.85,4,Completed,East,Medium,U0020,4195.85,16783.4
P00821,Novel,Books,596.25,5,Cancelled,West,Medium,U0210,596.25,2981.25
P00822,Face Wash,Sports,3411.87,2,Completed,East,Medium,U0426,3411.87,6823.74
P00823,Running Shoes,Sports,1318.75,5,Completed,South,Medium,U1000,1318.75,6593.75
P00824,Face Wash,Home,175.94,7,Completed,North,High,U0981,175.94,1231.58
P00825,T-Shirt,Sports,917.14,1,Completed,South,Low,U0072,917.14,917.14
P00826,Mixer,Beauty,3072.64,2,Completed,East,Low,U0178,3072.64,6145.28
P00827,Face Wash,Books,3574.72,3,Completed,South,Medium,U0299,3574.72,10724.16
P00828,Mixer,Clothing,203.18,5,Cancelled,North,Low,U0266,203.18,1015.9
P00829,T-Shirt,Books,278.48,1,Pending,East,Medium,U0520,278.48,278.48
P00830,T-Shirt,Electronics,4522.46,7,Completed,South,Medium,U0275,4522.46,31657.22
P00831,Mixer,Books,459.2,4,Pending,South,Low,U0948,459.20,1836.8
P00832,Wireless Mouse,Home,4481.49,4,Completed,North,High,,4481.49,17925.96
P00833,Headphones,Sports,1218.01,7,Completed,East,Low,U0812,1218.01,8526.07
P00834,Novel,Sports,3726.09,5,Completed,West,Low,U1424,3726.09,18630.45
P00835,Wireless Mouse,Books,1617.69,4,Completed,East,Low,U1438,1617.69,6470.76
P00836,Wireless Mouse,Clothing,4307.88,3,Cancelled,North,Low,U0489,4307.88,12923.64
P00837,Running Shoes,Clothing,3532.23,2,Completed,North,Medium,U0502,3532.23,7064.46
P00838,Novel,Home,2068.89,1,Pending,North,Medium,U0307,2068.89,2068.89
P00839,Novel,Electronics,473.88,6,Completed,North,Medium,U0417,473.88,2843.28
P00840,Wireless Mouse,Books,3690.23,5,Completed,West,High,U0509,3690.23,18451.15
P00841,Face Wash,Sports,3122.74,4,Pending,East,Low,U0921,3122.74,12490.96
P00842,Running Shoes,Books,114.27,2,Completed,East,Low,U0638,114.27,228.54
P00843,Running Shoes,Home,146.16,6,Completed,South,High,U0666,146.16,876.96
P00844,T-Shirt,Beauty,4063.09,3,Completed,West,Low,U0006,4063.09,12189.27
P00845,Novel,Beauty,1371.06,4,Completed,West,High,U0422,1371.06,5484.24
P00846,Wireless Mouse,Home,3217.05,4,Returned,South,High,U1475,3217.05,12868.2
P00847,T-Shirt,Sports,2325.65,1,Completed,South,High,U1451,2325.65,2325.65
P00848,Mixer,Home,4330.81,3,Completed,East,Medium,U0390,4330.81,12992.43
P00849,Headphones,Sports,4593.11,3,Cancelled,East,Low,U0334,4593.11,13779.33
P00850,Running Shoes,Clothing,4984.36,5,Completed,East,Medium,U1472,4984.36,24921.8
P00851,Mixer,Home,853.05,6,Completed,West,Medium,U0338,853.05,5118.3
P00852,Mixer,Sports,4328.52,1,Completed,West,Low,U0848,4328.52,4328.52
P00853,Face Wash,Home,1403.5,5,Completed,South,High,U1112,1403.50,7017.5
P00854,Headphones,Home,2995.0,1,Completed,North,Low,U0269,2995.00,2995.0
P00855,Mixer,Sports,2578.29,3,Completed,North,Medium,U0065,2578.29,7734.87
P00856,Mixer,Sports,188.14,1,Cancelled,North,High,U0678,188.14,188.14
P00857,Headphones,Electronics,4670.58,1,Completed,North,Low,U1088,4670.58,4670.58
P00858,Headphones,Home,483.8,1,Completed,North,Low,U1294,483.80,483.8
P00859,Mixer,Beauty,3472.27,2,Completed,East,Low,U0657,3472.27,6944.54
P00860,Headphones,Home,3946.53,2,Completed,South,Low,U1401,3946.53,7893.06
P00861,Mixer,Home,3996.91,6,Cancelled,North,Low,U0781,3996.91,23981.46
P00862,Mixer,Sports,763.92,6,Completed,North,Low,U0329,763.92,4583.52
P00863,Face Wash,Home,2293.09,7,Completed,North,Low,U0518,2293.09,16051.63
P00864,Wireless Mouse,Books,4164.2,3,Completed,East,High,U0862,4164.20,12492.6
P00865,Mixer,Home,1583.13,1,Completed,North,High,U0421,1583.13,1583.13
P00866,T-Shirt,Books,2391.97,3,Pending,South,Medium,U1337,2391.97,7175.91
P00867,Running Shoes,Beauty,1436.69,2,Completed,East,Low,U0309,1436.69,2873.38
P00868,Novel,Sports,2371.4,1,Completed,East,Low,U0814,2371.40,2371.4
P00869,Wireless Mouse,Home,4450.41,5,Completed,West,Medium,U0846,4450.41,22252.05
P00870,Wireless Mouse,Books,2330.11,2,Completed,West,Medium,U0962,2330.11,4660.22
P00871,Wireless Mouse,Books,2823.97,2,Completed,East,High,U1213,2823.97,5647.94
P00872,Face Wash,Books,2079.48,2,Completed,North,Low,U0721,2079.48,4158.96
P00873,Mixer,Clothing,2354.57,7,Returned,North,High,U1066,2354.57,16481.99
P00874,Face Wash,Electronics,174.35,1,Completed,North,Medium,U0590,174.35,174.35
P00875,Mixer,Beauty,1490.35,6,Cancelled,North,High,U0320,1490.35,8942.1
P00876,Face Wash,Home,2239.25,4,Completed,West,Medium,U1011,2239.25,8957.0
P00877,Face Wash,Clothing,3205.61,5,Pending,South,Medium,,3205.61,16028.05
P00878,Running Shoes,Home,2305.25,5,Completed,East,Medium,U1398,2305.25,11526.25
P00879,T-Shirt,Home,1755.3,3,Pending,North,High,U0286,1755.30,5265.9
P00880,Face Wash,Sports,2001.68,1,Completed,West,Low,U0171,2001.68,2001.68
P00881,Running Shoes,Sports,1287.24,6,Completed,South,Low,U0263,1287.24,7723.44
P00882,Headphones,Sports,4630.02,2,Pending,East,Medium,U0942,4630.02,9260.04
P00883,T-Shirt,Clothing,2656.54,4,Completed,East,Low,U0142,2656.54,10626.16
P00884,Face Wash,Home,165.71,1,Completed,East,Medium,,165.71,165.71
P00885,Novel,Electronics,195.29,1,Completed,North,High,U1464,195.29,195.29
P00886,Wireless Mouse,Beauty,4867.51,7,Completed,East,Medium,U0628,4867.51,34072.57
P00887,Headphones,Sports,1185.11,6,Completed,North,Medium,U0593,1185.11,7110.66
P00888,Headphones,Sports,4047.48,4,Completed,South,Medium,U0416,4047.48,16189.92
P00889,Running Shoes,Home,385.55,2,Completed,West,High,U0025,385.55,771.1
P00890,Headphones,Home,4613.7,1,Completed,West,High,,4613.70,4613.7
P00891,T-Shirt,Clothing,4384.64,5,Completed,West,Medium,U0094,4384.64,21923.2
P00892,Face Wash,Clothing,2898.36,5,Completed,East,Medium,U0305,2898.36,14491.8
P00893,Face Wash,Sports,144.09,4,Completed,West,Low,U0185,144.09,576.36
P00894,Novel,Home,1363.27,2,Cancelled,South,Medium,U0283,1363.27,2726.54
P00895,Wireless Mouse,Electronics,2093.43,4,Completed,North,Low,U1179,2093.43,8373.72
P00896,Running Shoes,Beauty,2354.31,1,Cancelled,West,Low,U0686,2354.31,2354.31
P00897,Wireless Mouse,Home,1558.63,7,Pending,North,Medium,U0863,1558.63,10910.41
P00898,Headphones,Home,261.44,7,Cancelled,North,Medium,U0685,261.44,1830.08
P00899,Novel,Books,2991.62,5,Cancelled,West,Low,U0666,2991.62,14958.1
P00900,Wireless Mouse,Clothing,2668.36,7,Pending,West,High,U1038,2668.36,18678.52
P00901,T-Shirt,Beauty,1486.7,3,Completed,West,Medium,U0890,1486.70,4460.1
P00902,Face Wash,Sports,286.08,4,Completed,East,Medium,,286.08,1144.32
P00903,Headphones,Home,4973.51,7,Completed,West,Medium,U0341,4973.51,34814.57
P00904,Novel,Sports,2461.73,3,Returned,East,Medium,U0604,2461.73,7385.19
P00905,Wireless Mouse,Home,3804.42,3,Returned,South,Low,U0734,3804.42,11413.26
P00906,Running Shoes,Sports,2316.34,6,Pending,North,High,U1497,2316.34,13898.04
P00907,T-Shirt,Beauty,311.53,5,Cancelled,South,Low,U0819,311.53,1557.65
P00908,T-Shirt,Clothing,1617.04,4,Cancelled,West,Medium,U0907,1617.04,6468.16
P00909,Wireless Mouse,Beauty,1668.54,3,Completed,North,Low,U1132,1668.54,5005.62
P00910,Face Wash,Books,4207.93,1,Completed,West,Medium,U1355,4207.93,4207.93
P00911,Wireless Mouse,Electronics,3305.73,7,Completed,West,Low,U0540,3305.73,23140.11
P00912,Headphones,Clothing,1449.61,6,Completed,North,High,U0439,1449.61,8697.66
P00913,Wireless Mouse,Beauty,4841.93,2,Completed,South,Low,U0988,4841.93,9683.86
P00914,T-Shirt,Books,1675.55,7,Completed,West,High,U0666,1675.55,11728.85
P00915,Novel,Electronics,4991.35,7,Pending,North,High,U0384,4991.35,34939.45
P00916,Wireless Mouse,Books,4981.2,7,Completed,South,Medium,U0582,4981.20,34868.4
P00917,Face Wash,Home,1036.93,6,Cancelled,East,Medium,U0160,1036.93,6221.58
P00918,Novel,Home,1632.43,2,Completed,South,Medium,U0432,1632.43,3264.86
P00919,Running Shoes,Sports,2481.62,5,Completed,South,Low,U1420,2481.62,12408.1
P00920,Mixer,Clothing,3354.09,4,Pending,North,Low,U0615,3354.09,13416.36
P00921,Wireless Mouse,Home,2687.43,4,Pending,South,Low,U0488,2687.43,10749.72
P00922,Face Wash,Books,4850.26,2,Completed,East,Medium,U1213,4850.26,9700.52
P00923,Novel,Clothing,3647.55,7,Completed,East,Low,U1442,3647.55,25532.85
P00924,Face Wash,Home,1139.02,1,Completed,West,Low,U0343,1139.02,1139.02
P00925,Running Shoes,Sports,614.98,2,Returned,East,Medium,U1385,614.98,1229.96
P00926,T-Shirt,Beauty,3473.17,2,Completed,West,Low,U0109,3473.17,6946.34
P00927,Face Wash,Sports,876.42,4,Completed,East,Low,U0849,876.42,3505.68
P00928,Novel,Electronics,3959.62,3,Completed,South,High,U0301,3959.62,11878.86
P00929,Face Wash,Home,1624.08,1,Cancelled,West,Medium,U1392,1624.08,1624.08
P00930,Face Wash,Electronics,1701.78,4,Pending,East,Low,U1279,1701.78,6807.12
P00931,Face Wash,Electronics,152.91,6,Cancelled,South,Low,U1340,152.91,917.46
P00932,Headphones,Books,3534.96,2,Completed,South,Medium,U0705,3534.96,7069.92
P00933,Headphones,Clothing,655.02,3,Cancelled,West,Low,U1095,655.02,1965.06
P00934,T-Shirt,Books,3887.11,1,Pending,North,High,U0269,3887.11,3887.11
P00935,Wireless Mouse,Home,2510.15,5,Pending,South,Medium,,2510.15,12550.75
P00936,Face Wash,Electronics,3942.97,1,Completed,South,High,U0478,3942.97,3942.97
P00937,Running Shoes,Beauty,2961.24,1,Cancelled,North,High,U0176,2961.24,2961.24
P00938,Wireless Mouse,Electronics,503.92,7,Completed,West,Medium,U0239,503.92,3527.44
P00939,Running Shoes,Beauty,3851.7,2,Cancelled,East,Medium,U0893,3851.70,7703.4
P00940,Wireless Mouse,Books,442.02,2,Completed,East,High,U0610,442.02,884.04
P00941,T-Shirt,Books,2445.64,5,Completed,South,Medium,U0859,2445.64,12228.2
P00942,Face Wash,Clothing,944.51,5,Completed,North,Low,U1466,944.51,4722.55
P00943,Face Wash,Electronics,3786.44,5,Completed,South,Medium,U0492,3786.44,18932.2
P00944,Mixer,Sports,4566.8,4,Completed,West,Low,,4566.80,18267.2
P00945,Running Shoes,Books,2815.22,4,Completed,South,Medium,U0329,2815.22,11260.88
P00946,Wireless Mouse,Books,2683.02,2,Completed,East,Medium,U1350,2683.02,5366.04
P00947,Wireless Mouse,Clothing,3843.42,2,Cancelled,North,High,U0445,3843.42,7686.84
P00948,Headphones,Beauty,124.89,5,Completed,West,Medium,U0998,124.89,624.45
P00949,Mixer,Clothing,4597.02,4,Completed,South,High,U0295,4597.02,18388.08
P00950,Novel,Electronics,1067.5,3,Cancelled,East,Low,U0442,1067.50,3202.5
P00951,Novel,Home,4922.18,4,Completed,South,Low,U0795,4922.18,19688.72
P00952,Headphones,Home,3707.64,2,Completed,East,High,U0891,3707.64,7415.28
P00953,Headphones,Beauty,3893.83,4,Completed,North,High,,3893.83,15575.32
P00954,Headphones,Books,3315.39,2,Completed,West,Medium,U1155,3315.39,6630.78
P00955,Running Shoes,Beauty,2411.15,5,Completed,South,Low,U0438,2411.15,12055.75
P00956,Running Shoes,Books,2900.98,7,Completed,West,Medium,U1350,2900.98,20306.86
P00957,T-Shirt,Books,327.37,5,Returned,North,High,U1291,327.37,1636.85
P00958,T-Shirt,Home,3157.4,5,Completed,East,Low,U0286,3157.40,15787.0
P00959,Headphones,Beauty,3167.88,3,Completed,North,Medium,U0291,3167.88,9503.64
P00960,Mixer,Clothing,4466.88,7,Pending,North,Medium,U0368,4466.88,31268.16
P00961,Wireless Mouse,Books,2577.72,3,Completed,West,Low,U0486,2577.72,7733.16
P00962,Running Shoes,Sports,478.01,2,Completed,North,High,U0555,478.01,956.02
P00963,Mixer,Sports,1600.36,1,Cancelled,South,Low,U0168,1600.36,1600.36
P00964,Face Wash,Clothing,3312.58,6,Completed,East,Low,U1495,3312.58,19875.48
P00965,Running Shoes,Sports,1272.37,3,Cancelled,North,High,U1194,1272.37,3817.11
P00966,Running Shoes,Electronics,1474.59,2,Completed,South,Medium,U0771,1474.59,2949.18
P00967,T-Shirt,Books,4120.3,7,Pending,East,Low,U1370,4120.30,28842.1
P00968,Wireless Mouse,Clothing,2963.17,4,Completed,West,High,U0078,2963.17,11852.68
P00969,Wireless Mouse,Beauty,2591.78,7,Completed,East,Low,U0851,2591.78,18142.46
P00970,Novel,Books,1660.41,5,Pending,West,High,U1109,1660.41,8302.05
P00971,Novel,Clothing,3681.55,5,Returned,East,Medium,U0892,3681.55,18407.75
P00972,Novel,Home,1509.82,5,Pending,North,Medium,U0661,1509.82,7549.1
P00973,Novel,Beauty,3711.61,2,Completed,West,Low,U1225,3711.61,7423.22
P00974,Face Wash,Home,443.5,5,Returned,West,Low,U0589,443.50,2217.5
P00975,Face Wash,Books,4336.25,3,Completed,West,Low,U1385,4336.25,13008.75
P00976,Running Shoes,Beauty,2547.88,4,Completed,North,Medium,U0762,2547.88,10191.52
P00977,Headphones,Sports,2248.69,5,Completed,North,Medium,U0565,2248.69,11243.45
P00978,T-Shirt,Clothing,3094.01,2,Pending,East,Low,U0812,3094.01,6188.02
P00979,T-Shirt,Books,3158.54,4,Cancelled,East,High,U0302,3158.54,12634.16
P00980,Novel,Electronics,746.97,5,Completed,North,Low,U0293,746.97,3734.85
P00981,Running Shoes,Beauty,3805.54,1,Cancelled,North,Medium,U0294,3805.54,3805.54
P00982,Mixer,Beauty,1452.05,5,Pending,West,Low,U0109,1452.05,7260.25
P00983,Headphones,Books,4534.31,6,Completed,East,Medium,U0365,4534.31,27205.86
P00984,Running Shoes,Books,4107.47,7,Completed,East,Medium,U0600,4107.47,28752.29
P00985,Headphones,Home,1796.7,3,Cancelled,West,High,U0678,1796.70,5390.1
P00986,Headphones,Sports,4057.92,4,Completed,West,Low,U1291,4057.92,16231.68
P00987,Headphones,Home,1846.31,3,Completed,West,Low,U0093,1846.31,5538.93
P00988,Running Shoes,Home,594.64,1,Completed,South,Low,U1088,594.64,594.64
P00989,Novel,Sports,4813.25,1,Completed,South,Low,U0428,4813.25,4813.25
P00990,T-Shirt,Electronics,3297.75,6,Completed,North,Low,U0638,3297.75,19786.5
P00991,T-Shirt,Home,2334.89,3,Completed,East,Medium,U0368,2334.89,7004.67
P00992,Novel,Home,2049.09,4,Cancelled,West,Medium,U0105,2049.09,8196.36
P00993,Headphones,Beauty,1691.06,1,Completed,West,High,U0209,1691.06,1691.06
P00994,Mixer,Sports,4909.09,1,Pending,East,Medium,U1012,4909.09,4909.09
P00995,Wireless Mouse,Clothing,760.26,5,Pending,South,Medium,U0474,760.26,3801.3
P00996,Running Shoes,Electronics,1642.54,6,Pending,East,High,U1085,1642.54,9855.24
P00997,Wireless Mouse,Electronics,2478.94,7,Cancelled,North,Medium,U1370,2478.94,17352.58
P00998,Novel,Sports,2442.2,2,Completed,South,Medium,U0012,2442.20,4884.4
P00999,Mixer,Books,2409.7,7,Completed,East,High,U0466,2409.70,16867.9
P01000,Running Shoes,Books,961.34,7,Completed,East,High,U0649,961.34,6729.38
P01001,Novel,Beauty,810.17,1,Cancelled,North,Medium,,810.17,810.17
P01002,Headphones,Beauty,1348.36,4,Returned,East,Medium,U1098,1348.36,5393.44
P01003,T-Shirt,Sports,4581.18,4,Completed,South,Medium,U0875,4581.18,18324.72
P01004,Wireless Mouse,Beauty,653.96,5,Pending,West,Medium,U0386,653.96,3269.8
P01005,Face Wash,Electronics,3811.38,4,Completed,,High,U1160,3811.38,15245.52
P01006,Face Wash,Electronics,3811.99,5,Completed,West,Low,U0884,3811.99,19059.95
P01007,Mixer,Clothing,4067.87,1,Pending,South,High,U0555,4067.87,4067.87
P01008,Headphones,Books,4444.42,1,Completed,East,Medium,U1460,4444.42,4444.42
P01009,Wireless Mouse,Sports,1388.88,7,Completed,East,Low,U1063,1388.88,9722.16
P01010,Headphones,Home,1200.34,1,Pending,East,High,U0654,1200.34,1200.34
P01011,Wireless Mouse,Books,2380.98,1,Pending,East,Medium,U1344,2380.98,2380.98
P01012,Mixer,Home,1398.94,2,Completed,West,Low,U0865,1398.94,2797.88
P01013,Mixer,Clothing,3698.12,6,Completed,South,High,U0989,3698.12,22188.72
P01014,Face Wash,Clothing,3216.1,7,Completed,North,Medium,U0353,3216.10,22512.7
P01015,Headphones,Beauty,4387.44,7,Completed,South,Medium,U0514,4387.44,30712.08
P01016,Running Shoes,Clothing,505.42,6,Pending,East,High,U1440,505.42,3032.52
P01017,Face Wash,Clothing,4583.91,2,Completed,East,High,,4583.91,9167.82
P01018,Headphones,Home,1537.41,1,Completed,South,High,U1394,1537.41,1537.41
P01019,Face Wash,Beauty,2504.4,4,Completed,South,Medium,U0343,2504.40,10017.6
P01020,Running Shoes,Clothing,2249.2,5,Cancelled,West,Medium,U1349,2249.20,11246.0
P01021,T-Shirt,Books,3825.53,7,Completed,East,Low,U1391,3825.53,26778.71
P01022,T-Shirt,Clothing,2159.63,6,Completed,South,Medium,U0336,2159.63,12957.78
P01023,T-Shirt,Beauty,4723.41,3,Completed,East,High,U1320,4723.41,14170.23
P01024,T-Shirt,Sports,4522.42,5,Completed,South,Medium,U0024,4522.42,22612.1
P01025,Novel,Beauty,4373.59,3,Completed,East,Low,U0885,4373.59,13120.77
P01026,Wireless Mouse,Home,449.17,3,Completed,South,Low,U1466,449.17,1347.51
P01027,Novel,Sports,4285.86,7,Pending,East,High,U0104,4285.86,30001.02
P01028,Novel,Books,3930.01,1,Pending,North,High,U1436,3930.01,3930.01
P01029,Novel,Electronics,607.21,3,Pending,West,Medium,U0574,607.21,1821.63
P01030,T-Shirt,Beauty,626.33,1,Completed,North,Medium,U0775,626.33,626.33
P01031,Running Shoes,Home,595.7,2,Completed,West,Low,U1318,595.70,1191.4
P01032,Mixer,Books,155.53,4,Completed,West,High,U0887,155.53,622.12
P01033,Mixer,Sports,2788.31,3,Completed,South,Medium,U0243,2788.31,8364.93
P01034,Wireless Mouse,Books,4869.63,7,Completed,North,Medium,U0342,4869.63,34087.41
P01035,T-Shirt,Beauty,2249.56,4,Pending,West,Medium,U0633,2249.56,8998.24
P01036,T-Shirt,Clothing,2749.71,1,Completed,East,Medium,U0865,2749.71,2749.71
P01037,T-Shirt,Beauty,4843.05,3,Completed,South,Low,U0173,4843.05,14529.15
P01038,Face Wash,Electronics,1350.39,5,Completed,South,High,U1440,1350.39,6751.95
P01039,Headphones,Beauty,4306.5,7,Completed,East,High,U0103,4306.50,30145.5
P01040,Face Wash,Sports,2777.31,2,Cancelled,East,High,U0160,2777.31,5554.62
P01041,Headphones,Sports,2890.43,6,Completed,West,High,U1281,2890.43,17342.58
P01042,T-Shirt,Beauty,1781.55,2,Cancelled,East,Medium,U0714,1781.55,3563.1
P01043,T-Shirt,Sports,2851.76,3,Completed,South,Low,U0557,2851.76,8555.28
P01044,Face Wash,Clothing,458.4,7,Cancelled,East,High,U0576,458.40,3208.8
P01045,Face Wash,Books,3846.75,2,Completed,North,Low,U0196,3846.75,7693.5
P01046,Headphones,Beauty,1494.97,6,Cancelled,South,Medium,U0989,1494.97,8969.82
P01047,Mixer,Clothing,4449.28,5,Completed,East,Low,U1415,4449.28,22246.4
P01048,Headphones,Books,1902.47,4,Completed,South,Medium,U0934,1902.47,7609.88
P01049,Face Wash,Books,799.84,5,Completed,West,Medium,U0070,799.84,3999.2
P01050,Running Shoes,Clothing,3509.82,2,Completed,North,Low,U0843,3509.82,7019.64
P01051,Face Wash,Home,906.43,6,Completed,West,Low,U0247,906.43,5438.58
P01052,Running Shoes,Beauty,3793.03,4,Completed,North,Medium,,3793.03,15172.12
P01053,Wireless Mouse,Books,4843.75,7,Completed,East,High,U0158,4843.75,33906.25
P01054,Face Wash,Books,3919.81,6,Completed,South,Medium,U0918,3919.81,23518.86
P01055,Wireless Mouse,Sports,210.0,5,Pending,East,Low,U0698,210.00,1050.0
P01056,Mixer,Books,3039.44,1,Completed,West,Medium,U0743,3039.44,3039.44
P01057,Headphones,Clothing,3507.51,1,Completed,South,High,U0585,3507.51,3507.51
P01058,Running Shoes,Books,4144.75,4,Returned,East,Medium,U0055,4144.75,16579.0
P01059,Headphones,Home,374.41,4,Returned,East,Low,U0486,374.41,1497.64
P01060,Wireless Mouse,Beauty,2452.53,4,Cancelled,South,High,U1267,2452.53,9810.12
P01061,Running Shoes,Beauty,2723.32,1,Cancelled,South,Low,U1377,2723.32,2723.32
P01062,Headphones,Books,928.71,5,Completed,West,Low,U0410,928.71,4643.55
P01063,Face Wash,Electronics,1680.0,4,Returned,North,Medium,U0960,1680.00,6720.0
P01064,T-Shirt,Electronics,2257.09,1,Completed,North,Low,U0905,2257.09,2257.09
P01065,Wireless Mouse,Clothing,4182.73,4,Completed,South,High,U0727,4182.73,16730.92
P01066,Headphones,Electronics,4654.1,4,Pending,North,Low,U1039,4654.10,18616.4
P01067,Wireless Mouse,Clothing,3179.27,6,Completed,West,Low,U0147,3179.27,19075.62
P01068,Novel,Sports,2035.23,4,Completed,North,Medium,U1049,2035.23,8140.92
P01069,Wireless Mouse,Clothing,1344.75,1,Completed,South,Medium,U0333,1344.75,1344.75
P01070,Running Shoes,Electronics,4912.46,5,Completed,West,Low,U1198,4912.46,24562.3
P01071,Novel,Books,4916.8,1,Completed,South,Low,U0290,4916.80,4916.8
P01072,Running Shoes,Sports,4632.39,1,Completed,West,Low,U0570,4632.39,4632.39
P01073,T-Shirt,Electronics,3949.78,4,Completed,West,Medium,U0791,3949.78,15799.12
P01074,Novel,Clothing,1696.32,6,Completed,South,High,U1169,1696.32,10177.92
P01075,Face Wash,Home,4103.3,3,Completed,East,Medium,U0909,4103.30,12309.9
P01076,Wireless Mouse,Beauty,2103.09,7,Completed,South,Medium,U1146,2103.09,14721.63
P01077,Headphones,Electronics,1701.19,3,Cancelled,West,Medium,U0027,1701.19,5103.57
P01078,Mixer,Clothing,3749.84,3,Completed,South,High,U1090,3749.84,11249.52
P01079,Wireless Mouse,Sports,490.3,1,Cancelled,South,Medium,U1125,490.30,490.3
P01080,Wireless Mouse,Electronics,337.96,4,Completed,West,Low,U0926,337.96,1351.84
P01081,T-Shirt,Electronics,2294.97,7,Completed,North,Medium,U0388,2294.97,16064.79
P01082,Face Wash,Beauty,2283.63,3,Completed,West,Medium,U1118,2283.63,6850.89
P01083,Mixer,Clothing,4488.66,2,Completed,South,Medium,U1091,4488.66,8977.32
P01084,Novel,Home,718.15,2,Completed,West,Low,U0250,718.15,1436.3
P01085,Novel,Sports,704.09,2,Completed,West,Low,U0142,704.09,1408.18
P01086,Novel,Clothing,822.52,5,Completed,North,High,U0267,822.52,4112.6
P01087,Running Shoes,Sports,245.71,4,Completed,East,Low,U0215,245.71,982.84
P01088,Running Shoes,Electronics,451.49,1,Completed,South,Medium,U0489,451.49,451.49
P01089,Headphones,Beauty,3333.36,1,Returned,South,Low,U0496,3333.36,3333.36
P01090,Mixer,Beauty,2214.76,4,Completed,North,Low,U0480,2214.76,8859.04
P01091,Novel,Books,3841.66,6,Pending,West,Low,U0643,3841.66,23049.96
P01092,Running Shoes,Home,4963.73,7,Pending,East,Low,U0001,4963.73,34746.11
P01093,Headphones,Beauty,3329.27,6,Completed,South,Low,U1033,3329.27,19975.62
P01094,Face Wash,Electronics,347.23,5,Cancelled,East,Medium,U0841,347.23,1736.15
P01095,Headphones,Home,612.36,4,Returned,East,Medium,U0380,612.36,2449.44
P01096,Running Shoes,Clothing,4416.92,6,Completed,West,High,U0844,4416.92,26501.52
P01097,T-Shirt,Beauty,2684.73,7,Pending,West,Low,U1168,2684.73,18793.11
P01098,T-Shirt,Home,4141.7,5,Pending,West,High,U0302,4141.70,20708.5
P01099,Novel,Electronics,4297.4,3,Completed,South,High,U0650,4297.40,12892.2
P01100,T-Shirt,Books,4645.61,3,Completed,East,Low,U1441,4645.61,13936.83
P01101,Novel,Sports,4754.16,5,Returned,East,High,U0809,4754.16,23770.8
P01102,Novel,Sports,2818.65,4,Pending,South,Low,U1203,2818.65,11274.6
P01103,Running Shoes,Electronics,1771.0,3,Completed,North,Medium,U1302,1771.00,5313.0
P01104,T-Shirt,Electronics,4813.14,4,Completed,West,Low,U1168,4813.14,19252.56
P01105,Novel,Sports,2782.29,6,Cancelled,South,Medium,U0339,2782.29,16693.74
P01106,Mixer,Books,414.84,3,Completed,West,Medium,U1483,414.84,1244.52
P01107,Face Wash,Home,3249.61,7,Pending,East,Medium,U1355,3249.61,22747.27
P01108,Headphones,Sports,2979.66,7,Completed,South,Medium,U1294,2979.66,20857.62
P01109,Headphones,Electronics,4489.39,6,Completed,North,Medium,U0999,4489.39,26936.34
P01110,Running Shoes,Beauty,3300.62,7,Completed,West,Medium,U1211,3300.62,23104.34
P01111,T-Shirt,Clothing,1810.36,4,Completed,East,High,U0666,1810.36,7241.44
P01112,T-Shirt,Books,4834.51,4,Completed,East,High,U1196,4834.51,19338.04
P01113,Novel,Books,4027.94,7,Completed,North,High,U0404,4027.94,28195.58
P01114,Wireless Mouse,Beauty,3189.05,2,Completed,North,High,U1492,3189.05,6378.1
P01115,Novel,Beauty,1535.33,5,Completed,West,Low,U0247,1535.33,7676.65
P01116,Face Wash,Electronics,1930.35,1,Pending,East,Low,U0559,1930.35,1930.35
P01117,Mixer,Sports,3382.85,5,Completed,North,Low,U0778,3382.85,16914.25
P01118,Headphones,Home,452.71,7,Completed,South,High,U0111,452.71,3168.97
P01119,Novel,Books,1357.73,4,Completed,North,Low,U0988,1357.73,5430.92
P01120,Wireless Mouse,Books,3598.11,4,Completed,South,Medium,U0813,3598.11,14392.44
P01121,Wireless Mouse,Beauty,2452.09,5,Returned,East,Low,U1327,2452.09,12260.45
P01122,Novel,Sports,2071.73,4,Pending,West,Low,U0930,2071.73,8286.92
P01123,Running Shoes,Books,842.14,6,Completed,East,Low,U0886,842.14,5052.84
P01124,Headphones,Home,2265.06,3,Pending,East,Medium,U0909,2265.06,6795.18
P01125,Running Shoes,Beauty,3876.39,4,Completed,East,Low,U1497,3876.39,15505.56
P01126,Mixer,Home,1393.66,7,Completed,East,Medium,U0791,1393.66,9755.62
P01127,Wireless Mouse,Sports,126.45,7,Completed,West,High,U0292,126.45,885.15
P01128,Wireless Mouse,Books,3375.67,5,Pending,North,High,U1276,3375.67,16878.35
P01129,Face Wash,Clothing,4865.87,5,Completed,West,Low,U0175,4865.87,24329.35
P01130,Mixer,Books,3073.45,5,Cancelled,West,High,U0109,3073.45,15367.25
P01131,Wireless Mouse,Sports,687.62,7,Completed,West,High,U0962,687.62,4813.34
P01132,Mixer,Books,1671.59,2,Completed,West,Low,U1364,1671.59,3343.18
P01133,Headphones,Books,4351.44,7,Returned,North,Medium,U0848,4351.44,30460.08
P01134,T-Shirt,Electronics,1239.58,6,Completed,East,Medium,U1038,1239.58,7437.48
P01135,Wireless Mouse,Books,3077.71,7,Pending,North,Medium,U0693,3077.71,21543.97
P01136,Face Wash,Books,2073.09,6,Pending,North,Low,U1346,2073.09,12438.54
P01137,Headphones,Home,1118.43,7,Cancelled,East,Medium,U0964,1118.43,7829.01
P01138,Novel,Clothing,4085.69,7,Completed,North,High,U0043,4085.69,28599.83
P01139,Mixer,Home,3739.87,2,Completed,West,Low,U0461,3739.87,7479.74
P01140,Novel,Home,3341.8,6,Pending,West,Medium,U1126,3341.80,20050.8
P01141,Running Shoes,Beauty,1258.05,2,Completed,East,Medium,U0705,1258.05,2516.1
P01142,Headphones,Electronics,579.5,6,Completed,East,Medium,U1033,579.50,3477.0
P01143,Novel,Home,2923.18,2,Completed,East,Medium,U0149,2923.18,5846.36
P01144,Wireless Mouse,Sports,2813.02,2,Completed,West,Low,U0338,2813.02,5626.04
P01145,Mixer,Sports,1023.09,6,Completed,East,High,U1003,1023.09,6138.54
P01146,T-Shirt,Books,375.61,2,Completed,North,High,U0224,375.61,751.22
P01147,Headphones,Beauty,495.47,7,Completed,North,Low,U1134,495.47,3468.29
P01148,Wireless Mouse,Electronics,4964.58,6,Completed,South,Medium,U0354,4964.58,29787.48
P01149,Face Wash,Electronics,3939.56,2,Completed,South,Medium,U1108,3939.56,7879.12
P01150,Running Shoes,Books,4617.74,7,Pending,East,High,U0555,4617.74,32324.18
P01151,Mixer,Sports,1055.77,7,Pending,South,Medium,U0066,1055.77,7390.39
P01152,Headphones,Clothing,4806.79,5,Completed,West,Medium,U1412,4806.79,24033.95
P01153,Headphones,Beauty,799.01,1,Completed,West,High,U0621,799.01,799.01
P01154,T-Shirt,Books,2594.5,6,Completed,North,High,U1159,2594.50,15567.0
P01155,T-Shirt,Beauty,4165.51,2,Completed,North,Low,U1110,4165.51,8331.02
P01156,Face Wash,Sports,1814.04,5,Pending,South,Medium,U0084,1814.04,9070.2
P01157,Running Shoes,Sports,2181.66,1,Pending,South,Medium,U0227,2181.66,2181.66
P01158,Face Wash,Clothing,728.11,2,Cancelled,West,High,U1284,728.11,1456.22
P01159,Wireless Mouse,Clothing,702.32,1,Completed,North,Low,U0892,702.32,702.32
P01160,Wireless Mouse,Electronics,3135.88,6,Completed,South,Medium,U1013,3135.88,18815.28
P01161,Face Wash,Beauty,3410.11,7,Completed,West,Low,U0020,3410.11,23870.77
P01162,Running Shoes,Beauty,3908.93,7,Completed,North,Low,U1059,3908.93,27362.51
P01163,Face Wash,Sports,2827.74,1,Completed,West,Medium,U0755,2827.74,2827.74
P01164,Running Shoes,Electronics,3264.22,7,Completed,West,Medium,U1467,3264.22,22849.54
P01165,Running Shoes,Books,166.23,3,Completed,North,Medium,U0941,166.23,498.69
P01166,Novel,Beauty,894.64,4,Completed,West,Medium,U0270,894.64,3578.56
P01167,Mixer,Electronics,4926.08,7,Completed,South,Medium,U0406,4926.08,34482.56
P01168,Running Shoes,Electronics,472.37,3,Completed,West,Medium,U0304,472.37,1417.11
P01169,T-Shirt,Sports,3426.06,6,Returned,South,Medium,U1309,3426.06,20556.36
P01170,Running Shoes,Electronics,962.8,6,Completed,East,Low,U1009,962.80,5776.8
P01171,Running Shoes,Clothing,3611.92,1,Completed,East,Low,U0810,3611.92,3611.92
P01172,Running Shoes,Clothing,3559.35,7,Completed,,High,U1053,3559.35,24915.45
P01173,Novel,Home,1247.58,7,Returned,West,Medium,U0391,1247.58,8733.06
P01174,Novel,Sports,1421.21,7,Completed,East,Medium,U1440,1421.21,9948.47
P01175,Wireless Mouse,Books,3308.38,5,Cancelled,East,Medium,U0909,3308.38,16541.9
P01176,Novel,Home,2011.42,2,Completed,West,Low,U0142,2011.42,4022.84
P01177,T-Shirt,Clothing,1053.29,4,Pending,North,High,U0646,1053.29,4213.16
P01178,T-Shirt,Home,3685.23,7,Completed,West,Low,U0809,3685.23,25796.61
P01179,Novel,Sports,855.32,2,Completed,South,High,U0948,855.32,1710.64
P01180,Face Wash,Sports,4292.65,5,Completed,West,Low,U1365,4292.65,21463.25
P01181,Mixer,Electronics,2621.88,6,Completed,North,Medium,U0245,2621.88,15731.28
P01182,Novel,Beauty,617.93,4,Cancelled,East,Low,U0766,617.93,2471.72
P01183,Running Shoes,Electronics,3500.95,3,Completed,West,High,,3500.95,10502.85
P01184,Headphones,Sports,2643.9,6,Completed,East,High,U0912,2643.90,15863.4
P01185,Mixer,Clothing,1560.48,6,Returned,South,Low,U1029,1560.48,9362.88
P01186,Mixer,Books,2170.44,1,Completed,North,Low,U0920,2170.44,2170.44
P01187,T-Shirt,Clothing,1561.85,5,Returned,East,Low,U0939,1561.85,7809.25
P01188,Mixer,Electronics,1388.83,1,Completed,East,High,U0449,1388.83,1388.83
P01189,Novel,Books,901.68,1,Cancelled,East,Low,U0266,901.68,901.68
P01190,Running Shoes,Sports,1877.56,2,Completed,East,Medium,U1263,1877.56,3755.12
P01191,Running Shoes,Clothing,1329.84,6,Completed,West,Low,U0250,1329.84,7979.04
P01192,Wireless Mouse,Sports,3448.83,5,Completed,North,Medium,U0955,3448.83,17244.15
P01193,Running Shoes,Books,3451.0,1,Completed,North,Medium,U1315,3451.00,3451.0
P01194,Running Shoes,Books,2559.02,3,Completed,East,Medium,U0543,2559.02,7677.06
P01195,T-Shirt,Clothing,3911.93,4,Completed,North,High,U0632,3911.93,15647.72
P01196,Running Shoes,Sports,4222.56,7,Returned,East,Low,U1103,4222.56,29557.92
P01197,Wireless Mouse,Home,2940.86,5,Returned,South,Medium,U0907,2940.86,14704.3
P01198,Headphones,Sports,3132.78,2,Returned,South,Medium,,3132.78,6265.56
P01199,Novel,Books,1486.14,5,Returned,South,Medium,U1474,1486.14,7430.7
P01200,T-Shirt,Sports,4484.86,6,Pending,North,Low,U0884,4484.86,26909.16
P01201,Headphones,Electronics,218.61,2,Returned,East,High,U0734,218.61,437.22
P01202,T-Shirt,Home,1808.15,4,Cancelled,West,High,U0144,1808.15,7232.6
P01203,Face Wash,Beauty,3636.82,3,Completed,West,High,U1144,3636.82,10910.46
P01204,Mixer,Electronics,492.44,1,Pending,South,High,U0944,492.44,492.44
P01205,Face Wash,Beauty,997.53,5,Cancelled,South,Medium,U0565,997.53,4987.65
P01206,Running Shoes,Clothing,2987.5,2,Pending,North,Low,U1200,2987.50,5975.0
P01207,Headphones,Beauty,2843.97,4,Completed,West,Low,U0070,2843.97,11375.88
P01208,Running Shoes,Sports,3720.75,1,Completed,North,Medium,U0633,3720.75,3720.75
P01209,Mixer,Beauty,4081.8,7,Pending,South,Low,U0889,4081.80,28572.6
P01210,T-Shirt,Books,730.04,4,Returned,East,Low,U1227,730.04,2920.16
P01211,Mixer,Electronics,190.07,3,Completed,East,High,U0801,190.07,570.21
P01212,Wireless Mouse,Electronics,3479.23,1,Completed,East,High,U0180,3479.23,3479.23
P01213,Mixer,Beauty,1576.82,1,Completed,South,High,U0593,1576.82,1576.82
P01214,Wireless Mouse,Electronics,3167.32,7,Completed,North,Low,U0567,3167.32,22171.24
P01215,Mixer,Books,837.67,1,Completed,East,High,U0691,837.67,837.67
P01216,Novel,Electronics,2398.3,2,Completed,West,Low,U1134,2398.30,4796.6
P01217,Wireless Mouse,Beauty,2571.68,1,Returned,West,Medium,U1448,2571.68,2571.68
P01218,Headphones,Home,2966.88,4,Pending,South,Medium,U0665,2966.88,11867.52
P01219,Running Shoes,Home,2614.53,2,Completed,West,Medium,U0406,2614.53,5229.06
P01220,Running Shoes,Clothing,2528.88,1,Returned,West,High,U0986,2528.88,2528.88
P01221,Face Wash,Electronics,1730.4,4,Completed,South,Low,U0637,1730.40,6921.6
P01222,Running Shoes,Beauty,448.78,4,Completed,North,Medium,U1115,448.78,1795.12
P01223,T-Shirt,Electronics,538.65,5,Completed,East,Low,U1318,538.65,2693.25
P01224,Novel,Sports,2225.51,4,Pending,South,High,U1417,2225.51,8902.04
P01225,Mixer,Books,1843.39,7,Cancelled,West,Medium,U1061,1843.39,12903.73
P01226,Face Wash,Electronics,2629.06,6,Returned,East,Medium,U0517,2629.06,15774.36
P01227,T-Shirt,Electronics,1593.71,3,Completed,East,Medium,U0850,1593.71,4781.13
P01228,T-Shirt,Home,3470.76,1,Completed,East,Medium,U0908,3470.76,3470.76
P01229,Wireless Mouse,Books,4333.38,7,Completed,South,Medium,U0316,4333.38,30333.66
P01230,Running Shoes,Beauty,1564.43,1,Pending,East,Low,U1196,1564.43,1564.43
P01231,Headphones,Electronics,1045.62,1,Pending,North,Medium,U1430,1045.62,1045.62
P01232,Headphones,Home,669.28,4,Completed,West,High,U1286,669.28,2677.12
P01233,Face Wash,Clothing,3119.64,4,Completed,South,High,U0027,3119.64,12478.56
P01234,Novel,Books,2274.89,1,Returned,South,Low,U0055,2274.89,2274.89
P01235,Headphones,Home,1021.28,6,Cancelled,East,Low,U0249,1021.28,6127.68
P01236,Mixer,Home,3300.37,2,Completed,West,Medium,U0273,3300.37,6600.74
P01237,Headphones,Home,827.57,2,Pending,East,High,U1283,827.57,1655.14
P01238,Face Wash,Electronics,2816.07,3,Completed,East,Low,U0191,2816.07,8448.21
P01239,Headphones,Electronics,2683.03,5,Completed,South,Medium,U0575,2683.03,13415.15
P01240,Mixer,Clothing,3697.72,7,Completed,North,High,U0857,3697.72,25884.04
P01241,Wireless Mouse,Sports,370.04,3,Completed,West,Medium,U1470,370.04,1110.12
P01242,Novel,Sports,4450.58,1,Completed,West,Low,U0616,4450.58,4450.58
P01243,Face Wash,Sports,3544.66,7,Completed,West,High,U1417,3544.66,24812.62
P01244,Wireless Mouse,Books,1159.02,1,Completed,West,Medium,U1432,1159.02,1159.02
P01245,Wireless Mouse,Books,998.69,1,Completed,North,Medium,U1018,998.69,998.69
P01246,Wireless Mouse,Clothing,2215.14,5,Completed,South,Medium,U0673,2215.14,11075.7
P01247,T-Shirt,Books,4106.07,4,Completed,North,Medium,U0683,4106.07,16424.28
P01248,Novel,Sports,4230.45,5,Pending,East,Medium,U0109,4230.45,21152.25
P01249,Running Shoes,Sports,2650.23,3,Completed,South,Medium,U0652,2650.23,7950.69
P01250,Novel,Home,4317.97,4,Completed,North,Low,U0981,4317.97,17271.88
P01251,T-Shirt,Books,126.67,4,Returned,West,Medium,U1127,126.67,506.68
P01252,Running Shoes,Electronics,272.36,3,Completed,West,Low,U0226,272.36,817.08
P01253,Novel,Electronics,4567.93,4,Completed,South,Low,U0353,4567.93,18271.72
P01254,Wireless Mouse,Home,3899.13,7,Completed,North,Medium,U1184,3899.13,27293.91
P01255,Face Wash,Home,2308.46,2,Cancelled,South,High,U1428,2308.46,4616.92
P01256,Running Shoes,Home,3792.69,3,Cancelled,West,Low,U1348,3792.69,11378.07
P01257,Mixer,Electronics,4782.63,3,Completed,North,Low,U0145,4782.63,14347.89
P01258,Mixer,Sports,3883.24,2,Pending,West,Medium,U1489,3883.24,7766.48
P01259,Headphones,Home,4227.62,5,Completed,South,Medium,U0915,4227.62,21138.1
P01260,Running Shoes,Clothing,3826.97,5,Returned,South,Medium,U1156,3826.97,19134.85
P01261,Face Wash,Home,924.23,5,Completed,South,Low,U1117,924.23,4621.15
P01262,T-Shirt,Beauty,4184.51,4,Cancelled,South,Low,U0273,4184.51,16738.04
P01263,Wireless Mouse,Home,1056.03,2,Completed,South,High,U0534,1056.03,2112.06
P01264,Headphones,Electronics,4473.8,7,Completed,East,Medium,U1218,4473.80,31316.6
P01265,Mixer,Books,2347.38,3,Returned,South,High,U1194,2347.38,7042.14
P01266,T-Shirt,Home,3417.19,3,Cancelled,South,Medium,U0460,3417.19,10251.57
P01267,T-Shirt,Books,2536.48,3,Completed,West,Medium,U0941,2536.48,7609.44
P01268,Wireless Mouse,Beauty,560.56,4,Completed,South,High,U1035,560.56,2242.24
P01269,Running Shoes,Clothing,1524.54,4,Completed,North,Low,U0181,1524.54,6098.16
P01270,Mixer,Books,4920.29,6,Completed,South,Medium,U1256,4920.29,29521.74
P01271,Face Wash,Sports,4807.5,7,Completed,East,Low,U0029,4807.50,33652.5
P01272,T-Shirt,Home,1670.39,5,Completed,South,Medium,U0532,1670.39,8351.95
P01273,Wireless Mouse,Beauty,4981.85,6,Completed,West,Low,U1029,4981.85,29891.1
P01274,Face Wash,Beauty,4243.2,6,Completed,North,Low,U0140,4243.20,25459.2
P01275,Running Shoes,Books,3093.7,4,Completed,North,High,U1052,3093.70,12374.8
P01276,Mixer,Clothing,296.61,5,Completed,South,Medium,U0098,296.61,1483.05
P01277,Running Shoes,Electronics,4517.09,5,Completed,South,High,U0262,4517.09,22585.45
P01278,T-Shirt,Home,2831.4,3,Pending,South,Medium,U0019,2831.40,8494.2
P01279,Face Wash,Beauty,4355.53,4,Completed,South,Medium,U0012,4355.53,17422.12
P01280,Face Wash,Clothing,4188.7,5,Completed,West,Low,U0537,4188.70,20943.5
P01281,Face Wash,Sports,4181.73,6,Completed,West,Medium,U1489,4181.73,25090.38
P01282,T-Shirt,Beauty,3521.05,2,Completed,North,Medium,U0259,3521.05,7042.1
P01283,T-Shirt,Clothing,1527.93,2,Pending,South,Low,U0024,1527.93,3055.86
P01284,Running Shoes,Electronics,1747.19,4,Completed,West,High,U1032,1747.19,6988.76
P01285,Headphones,Electronics,1611.5,3,Completed,West,Low,U0228,1611.50,4834.5
P01286,Running Shoes,Beauty,198.23,3,Cancelled,North,Medium,U0376,198.23,594.69
P01287,Mixer,Beauty,2954.59,5,Returned,North,Medium,U1147,2954.59,14772.95
P01288,Wireless Mouse,Books,3524.28,7,Completed,East,High,U1114,3524.28,24669.96
P01289,Face Wash,Home,4283.94,4,Completed,West,Low,U1480,4283.94,17135.76
P01290,Headphones,Clothing,786.81,7,Completed,North,Medium,U0224,786.81,5507.67
P01291,Wireless Mouse,Beauty,2766.5,2,Completed,West,Medium,U0736,2766.50,5533.0
P01292,Headphones,Home,139.24,6,Completed,West,Low,U0257,139.24,835.44
P01293,Novel,Books,565.96,5,Completed,South,Medium,U0515,,2829.8
P01294,Running Shoes,Home,365.64,6,Completed,South,Low,U0833,365.64,2193.84
P01295,T-Shirt,Beauty,3654.84,7,Cancelled,South,Low,U1172,3654.84,25583.88
P01296,Face Wash,Electronics,497.19,5,Completed,South,Low,U1411,497.19,2485.95
P01297,Running Shoes,Clothing,3610.62,1,Completed,West,High,U0701,3610.62,3610.62
P01298,Wireless Mouse,Clothing,1323.16,6,Pending,East,Low,U0911,1323.16,7938.96
P01299,Novel,Electronics,4400.79,4,Completed,East,Medium,U0699,4400.79,17603.16
P01300,Novel,Beauty,4084.43,6,Completed,East,Low,U0438,,24506.58
P01301,Novel,Clothing,4793.37,6,Completed,West,Low,U0037,4793.37,28760.22
P01302,Wireless Mouse,Beauty,4430.43,5,Completed,East,Low,U0106,4430.43,22152.15
P01303,Wireless Mouse,Books,4673.31,2,Completed,West,Medium,U0615,4673.31,9346.62
P01304,Wireless Mouse,Beauty,4307.84,7,Completed,North,Low,U0232,4307.84,30154.88
P01305,Wireless Mouse,Home,3497.57,1,Completed,East,Low,U0867,3497.57,3497.57
P01306,Novel,Electronics,934.27,6,Completed,West,High,U1170,934.27,5605.62
P01307,Novel,Beauty,1431.37,7,Returned,North,Medium,U1041,1431.37,10019.59
P01308,Headphones,Books,1142.36,7,Completed,South,Low,U1183,1142.36,7996.52
P01309,Running Shoes,Sports,3057.57,2,Completed,North,Medium,U0960,3057.57,6115.14
P01310,Face Wash,Electronics,2567.74,3,Returned,North,Low,U1306,2567.74,7703.22
P01311,T-Shirt,Clothing,4348.69,1,Completed,East,Medium,U0278,4348.69,4348.69
P01312,Novel,Home,4768.1,1,Completed,South,Low,U0125,4768.10,4768.1
P01313,T-Shirt,Clothing,2083.81,7,Completed,South,Low,U1444,2083.81,14586.67
P01314,Running Shoes,Books,2581.12,5,Pending,East,Low,U1344,2581.12,12905.6
P01315,Running Shoes,Books,4860.43,6,Completed,North,Low,U0675,4860.43,29162.58
P01316,T-Shirt,Clothing,1453.57,3,Pending,West,High,U0715,1453.57,4360.71
P01317,Novel,Electronics,3982.71,5,Returned,East,Low,U0667,3982.71,19913.55
P01318,T-Shirt,Clothing,1203.68,4,Completed,North,Low,U1348,1203.68,4814.72
P01319,Headphones,Beauty,3439.15,2,Completed,West,Medium,U0913,3439.15,6878.3
P01320,Mixer,Clothing,1342.72,2,Completed,East,Medium,U0395,1342.72,2685.44
P01321,Novel,Home,4430.29,5,Completed,East,Low,U0773,4430.29,22151.45
P01322,Novel,Home,2851.24,7,Completed,South,Low,U0186,2851.24,19958.68
P01323,Face Wash,Sports,1011.07,2,Completed,South,Low,U0466,1011.07,2022.14
P01324,Wireless Mouse,Home,1199.41,6,Pending,South,Low,U1081,1199.41,7196.46
P01325,Mixer,Clothing,2519.86,2,Completed,West,Low,U0458,2519.86,5039.72
P01326,Running Shoes,Home,4811.85,6,Returned,East,Low,,4811.85,28871.1
P01327,Novel,Electronics,3871.25,4,Pending,South,Medium,U1232,3871.25,15485.0
P01328,T-Shirt,Home,2492.72,3,Completed,South,High,U0074,2492.72,7478.16
P01329,Mixer,Beauty,1754.82,1,Pending,East,Medium,U1109,1754.82,1754.82
P01330,Face Wash,Electronics,2791.42,5,Completed,West,Medium,U0632,2791.42,13957.1
P01331,Running Shoes,Sports,3766.97,5,Pending,South,Medium,U1038,3766.97,18834.85
P01332,Wireless Mouse,Beauty,3941.25,6,Completed,North,Medium,U0840,3941.25,23647.5
P01333,Wireless Mouse,Clothing,1690.58,4,Completed,West,High,U0912,1690.58,6762.32
P01334,Face Wash,Clothing,3633.68,4,Pending,South,Medium,U0794,3633.68,14534.72
P01335,Face Wash,Clothing,3323.17,7,Completed,North,Medium,U0049,3323.17,23262.19
P01336,T-Shirt,Beauty,4799.65,1,Cancelled,South,Low,U1450,4799.65,4799.65
P01337,Novel,Beauty,4662.34,3,Completed,West,Medium,U0966,4662.34,13987.02
P01338,Wireless Mouse,Beauty,3967.96,5,Completed,East,Low,U0359,3967.96,19839.8
P01339,Running Shoes,Electronics,3644.63,6,Completed,East,Low,U0242,3644.63,21867.78
P01340,Mixer,Books,1442.8,4,Cancelled,West,Low,U1077,1442.80,5771.2
P01341,Running Shoes,Electronics,4245.23,5,Completed,South,Medium,U1093,4245.23,21226.15
P01342,Headphones,Clothing,2194.78,6,Pending,West,Medium,U0056,2194.78,13168.68
P01343,Headphones,Books,1433.98,2,Pending,North,High,U0879,1433.98,2867.96
P01344,Face Wash,Home,1982.39,5,Cancelled,South,Low,U1480,1982.39,9911.95
P01345,T-Shirt,Clothing,4196.08,3,Pending,West,Low,U0255,4196.08,12588.24
P01346,Headphones,Sports,828.3,6,Completed,East,High,U0005,828.30,4969.8
P01347,Wireless Mouse,Electronics,2335.18,3,Cancelled,West,High,U1076,2335.18,7005.54
P01348,Running Shoes,Beauty,2512.55,5,Pending,South,Medium,U0329,2512.55,12562.75
P01349,Running Shoes,Electronics,279.49,2,Pending,West,Low,U0098,279.49,558.98
P01350,Face Wash,Beauty,1059.16,3,Completed,East,Medium,U1185,1059.16,3177.48
P01351,Novel,Books,4151.04,4,Completed,North,Low,U1430,4151.04,16604.16
P01352,Novel,Sports,4170.76,6,Completed,West,High,U0981,4170.76,25024.56
P01353,Mixer,Books,1532.83,5,Completed,West,Medium,U1003,1532.83,7664.15
P01354,Face Wash,Sports,4387.0,2,Completed,North,Low,U0783,4387.00,8774.0
P01355,Mixer,Electronics,3881.74,4,Completed,West,High,U0577,3881.74,15526.96
P01356,Novel,Beauty,2147.75,5,Completed,East,Medium,U0327,2147.75,10738.75
P01357,Face Wash,Books,3767.19,7,Completed,North,High,U0243,3767.19,26370.33
P01358,Face Wash,Sports,4810.54,2,Completed,East,High,U0367,4810.54,9621.08
P01359,Face Wash,Clothing,2348.95,4,Completed,East,Low,U0774,2348.95,9395.8
P01360,Novel,Clothing,1268.29,3,Pending,East,Low,U0724,1268.29,3804.87
P01361,Mixer,Books,4714.9,5,Completed,South,Medium,U1466,4714.90,23574.5
P01362,Mixer,Beauty,3058.35,5,Completed,North,High,U1178,3058.35,15291.75
P01363,Face Wash,Books,615.8,3,Completed,South,High,U0234,615.80,1847.4
P01364,Headphones,Electronics,2906.15,7,Completed,South,Medium,U0652,2906.15,20343.05
P01365,T-Shirt,Sports,2552.85,1,Pending,West,Low,U0333,2552.85,2552.85
P01366,Novel,Electronics,4292.39,4,Pending,North,Low,U0495,4292.39,17169.56
P01367,T-Shirt,Clothing,2700.41,3,Completed,West,High,U1139,2700.41,8101.23
P01368,T-Shirt,Sports,1350.64,5,Completed,South,Medium,U0369,1350.64,6753.2
P01369,Mixer,Books,3410.66,4,Cancelled,West,Medium,U1357,3410.66,13642.64
P01370,Mixer,Electronics,2758.62,7,Completed,East,Medium,U1154,2758.62,19310.34
P01371,Headphones,Home,1241.92,4,Completed,South,Medium,U1202,1241.92,4967.68
P01372,T-Shirt,Beauty,2910.78,1,Completed,East,High,U0095,2910.78,2910.78
P01373,T-Shirt,Beauty,4125.52,5,Completed,North,Low,U1341,4125.52,20627.6
P01374,Face Wash,Home,240.0,2,Completed,West,Low,U0907,240.00,480.0
P01375,Mixer,Clothing,3191.17,1,Completed,South,Medium,U1125,3191.17,3191.17
P01376,T-Shirt,Sports,1812.97,1,Completed,North,High,U1220,1812.97,1812.97
P01377,Running Shoes,Beauty,1534.09,2,Completed,East,Low,U0802,1534.09,3068.18
P01378,Headphones,Home,2023.68,2,Completed,West,Low,U0208,2023.68,4047.36
P01379,Running Shoes,Books,1775.91,7,Completed,West,Low,U0607,1775.91,12431.37
P01380,Running Shoes,Home,4177.97,7,Completed,South,Low,U0473,4177.97,29245.79
P01381,Novel,Clothing,1446.51,1,Completed,West,Low,U1032,1446.51,1446.51
P01382,Novel,Clothing,3692.45,4,Completed,West,Medium,U0136,3692.45,14769.8
P01383,Headphones,Electronics,560.89,3,Pending,East,Low,U0610,560.89,1682.67
P01384,Running Shoes,Beauty,4761.84,3,Completed,East,Medium,,4761.84,14285.52
P01385,T-Shirt,Electronics,3149.35,1,Completed,East,Low,U0261,3149.35,3149.35
P01386,Mixer,Home,3562.92,4,Completed,North,Low,U1171,3562.92,14251.68
P01387,Headphones,Sports,1560.39,2,Completed,North,Medium,U0458,1560.39,3120.78
P01388,Face Wash,Sports,2119.27,6,Completed,West,Medium,U1462,2119.27,12715.62
P01389,Running Shoes,Clothing,1196.51,1,Completed,North,Low,U1437,1196.51,1196.51
P01390,Headphones,Sports,4669.43,5,Pending,South,High,U0232,4669.43,23347.15
P01391,Wireless Mouse,Sports,2491.71,4,Cancelled,East,Low,U0101,2491.71,9966.84
P01392,Wireless Mouse,Sports,3189.2,5,Completed,North,Medium,U0147,3189.20,15946.0
P01393,Novel,Home,3697.93,5,Completed,West,Medium,U0717,3697.93,18489.65
P01394,Mixer,Sports,1918.42,1,Cancelled,East,High,U0507,1918.42,1918.42
P01395,T-Shirt,Books,3628.5,4,Completed,North,Medium,U0558,3628.50,14514.0
P01396,Mixer,Sports,3412.36,5,Cancelled,East,Medium,U0104,3412.36,17061.8
P01397,Mixer,Sports,3557.73,7,Completed,North,Medium,U0336,3557.73,24904.11
P01398,Mixer,Electronics,2497.23,7,Completed,West,Low,U0446,2497.23,17480.61
P01399,Mixer,Home,1976.39,4,Completed,North,Medium,U0734,1976.39,7905.56
P01400,Face Wash,Clothing,1188.2,3,Returned,North,Low,U0444,1188.20,3564.6
P01401,Face Wash,Electronics,4140.67,6,Cancelled,North,High,U0118,4140.67,24844.02
P01402,Novel,Beauty,3080.92,5,Completed,East,Low,U0929,3080.92,15404.6
P01403,Headphones,Home,2277.33,5,Pending,North,High,U0723,2277.33,11386.65
P01404,Wireless Mouse,Books,4725.58,4,Completed,North,Low,U0567,4725.58,18902.32
P01405,Mixer,Home,334.41,7,Pending,North,High,U0088,334.41,2340.87
P01406,Novel,Beauty,4265.84,6,Pending,East,Medium,U0476,4265.84,25595.04
P01407,Headphones,Beauty,4988.15,3,Completed,West,Low,U0295,4988.15,14964.45
P01408,Wireless Mouse,Beauty,4446.02,5,Completed,West,Low,U0720,4446.02,22230.1
P01409,Running Shoes,Clothing,4071.14,1,Returned,West,High,U1405,4071.14,4071.14
P01410,T-Shirt,Sports,1934.1,7,Returned,North,Low,U0995,1934.10,13538.7
P01411,Face Wash,Home,1233.44,4,Completed,East,Low,U1307,1233.44,4933.76
P01412,Running Shoes,Sports,3700.77,4,Completed,West,Low,U0844,3700.77,14803.08
P01413,Wireless Mouse,Sports,1592.42,7,Returned,West,High,U0686,1592.42,11146.94
P01414,Running Shoes,Books,962.59,5,Completed,West,Low,U0639,962.59,4812.95
P01415,T-Shirt,Beauty,3953.98,3,Completed,South,Low,U1180,3953.98,11861.94
P01416,Novel,Clothing,1631.46,5,Completed,East,High,U1204,,8157.3
P01417,Wireless Mouse,Books,4580.76,7,Cancelled,South,High,U0961,4580.76,32065.32
P01418,Running Shoes,Electronics,4219.1,2,Completed,North,Low,U0935,4219.10,8438.2
P01419,Face Wash,Clothing,4253.44,5,Completed,West,High,U0890,4253.44,21267.2
P01420,Face Wash,Sports,3880.69,6,Completed,North,Low,U0914,3880.69,23284.14
P01421,Headphones,Clothing,4416.32,7,Cancelled,East,Low,U1111,4416.32,30914.24
P01422,Running Shoes,Beauty,4048.16,6,Pending,North,High,U0406,4048.16,24288.96
P01423,Mixer,Electronics,3052.31,7,Pending,North,High,U1291,3052.31,21366.17
P01424,Running Shoes,Beauty,1549.53,2,Completed,West,Low,U1088,1549.53,3099.06
P01425,Novel,Electronics,4452.23,6,Cancelled,East,Low,U0119,4452.23,26713.38
P01426,Wireless Mouse,Books,4218.96,6,Pending,North,Low,U0341,4218.96,25313.76
P01427,Wireless Mouse,Sports,2417.11,1,Pending,South,High,U0313,2417.11,2417.11
P01428,Novel,Electronics,291.49,4,Returned,West,High,U0163,291.49,1165.96
P01429,Running Shoes,Electronics,3228.86,6,Completed,South,Low,U0293,3228.86,19373.16
P01430,Novel,Electronics,347.92,4,Completed,West,High,U0690,347.92,1391.68
P01431,T-Shirt,Clothing,4638.77,7,Cancelled,North,Low,U1401,4638.77,32471.39
P01432,Novel,Books,4811.99,3,Pending,West,Medium,U1425,4811.99,14435.97
P01433,Face Wash,Clothing,1028.5,5,Completed,North,Low,U0673,1028.50,5142.5
P01434,Novel,Sports,3414.31,1,Completed,South,Medium,U1424,3414.31,3414.31
P01435,Wireless Mouse,Electronics,552.12,7,Pending,North,Low,U0399,552.12,3864.84
P01436,Face Wash,Books,3674.63,2,Completed,West,High,U0909,3674.63,7349.26
P01437,Wireless Mouse,Books,1801.71,3,Completed,West,Low,U0487,1801.71,5405.13
P01438,Headphones,Home,3437.15,1,Cancelled,West,Medium,U1048,3437.15,3437.15
P01439,Mixer,Sports,1927.09,1,Completed,South,High,U1083,1927.09,1927.09
P01440,Wireless Mouse,Books,813.28,7,Completed,East,Medium,U0749,813.28,5692.96
P01441,Face Wash,Electronics,2089.94,2,Pending,South,Low,U0240,2089.94,4179.88
P01442,Headphones,Electronics,652.1,2,Completed,North,Medium,U0311,652.10,1304.2
P01443,Wireless Mouse,Books,2926.73,4,Completed,North,High,U0321,2926.73,11706.92
P01444,T-Shirt,Clothing,300.66,5,Completed,South,Medium,U0672,300.66,1503.3
P01445,Novel,Sports,2683.87,7,Completed,South,Low,U0572,2683.87,18787.09
P01446,Mixer,Electronics,4443.21,3,Completed,North,Medium,U0414,4443.21,13329.63
P01447,Wireless Mouse,Books,4205.58,5,Completed,North,High,U1346,4205.58,21027.9
P01448,Headphones,Electronics,4425.63,3,Completed,North,Low,U0402,4425.63,13276.89
P01449,T-Shirt,Books,4618.04,1,Completed,East,Medium,U0059,4618.04,4618.04
P01450,Running Shoes,Sports,612.19,6,Completed,East,Medium,U0053,612.19,3673.14
P01451,Headphones,Books,730.86,6,Cancelled,South,Low,U1088,730.86,4385.16
P01452,Novel,Home,2829.33,7,Completed,South,Low,U0633,2829.33,19805.31
P01453,Headphones,Books,4480.47,2,Pending,East,High,U1143,4480.47,8960.94
P01454,T-Shirt,Books,4874.31,2,Completed,West,Low,U0286,4874.31,9748.62
P01455,Headphones,Sports,326.68,1,Pending,East,High,U0018,326.68,326.68
P01456,T-Shirt,Books,1843.29,1,Completed,South,High,U1029,1843.29,1843.29
P01457,Wireless Mouse,Sports,1143.18,3,Completed,East,Low,U1416,1143.18,3429.54
P01458,T-Shirt,Home,3804.23,1,Completed,West,Low,U0160,3804.23,3804.23
P01459,T-Shirt,Sports,3236.95,7,Completed,South,High,U0142,3236.95,22658.65
P01460,Mixer,Electronics,687.45,3,Completed,North,High,U0397,687.45,2062.35
P01461,T-Shirt,Sports,2469.26,5,Completed,South,Low,U1042,2469.26,12346.3
P01462,T-Shirt,Home,3458.66,2,Cancelled,East,Low,U0580,3458.66,6917.32
P01463,Running Shoes,Beauty,3917.13,2,Completed,East,Medium,U1138,3917.13,7834.26
P01464,Wireless Mouse,Books,198.26,6,Completed,West,Medium,U0534,198.26,1189.56
P01465,Novel,Sports,4463.3,6,Completed,East,Medium,U0911,4463.30,26779.8
P01466,Mixer,Books,2889.48,7,Cancelled,West,High,U0461,2889.48,20226.36
P01467,Running Shoes,Clothing,4078.35,2,Completed,South,Medium,U0286,4078.35,8156.7
P01468,Face Wash,Electronics,4058.9,7,Completed,East,High,U1029,4058.90,28412.3
P01469,Wireless Mouse,Electronics,1030.28,5,Completed,South,Medium,U0129,1030.28,5151.4
P01470,Wireless Mouse,Clothing,639.84,5,Completed,North,Low,U0956,639.84,3199.2
P01471,Face Wash,Clothing,3634.31,4,Pending,North,Medium,U0671,3634.31,14537.24
P01472,Novel,Sports,866.49,3,Cancelled,West,Medium,U0499,866.49,2599.47
P01473,T-Shirt,Clothing,4264.69,6,Completed,East,Low,U0276,4264.69,25588.14
P01474,Running Shoes,Beauty,3658.33,3,Completed,,Low,U1107,3658.33,10974.99
P01475,Headphones,Books,4224.94,6,Completed,South,Medium,U1142,4224.94,25349.64
P01476,Mixer,Books,1565.16,4,Completed,East,Medium,U0029,1565.16,6260.64
P01477,Headphones,Home,1651.33,2,Pending,South,High,U1005,1651.33,3302.66
P01478,Face Wash,Clothing,3388.99,7,Completed,,High,U1382,3388.99,23722.93
P01479,Wireless Mouse,Clothing,254.09,3,Completed,East,Low,U0650,254.09,762.27
P01480,Novel,Beauty,3659.83,6,Pending,North,High,U1181,3659.83,21958.98
P01481,Wireless Mouse,Electronics,4195.34,3,Completed,East,Low,U0031,4195.34,12586.02
P01482,Mixer,Electronics,2134.3,2,Returned,South,Low,U0843,2134.30,4268.6
P01483,Wireless Mouse,Books,3847.91,7,Pending,East,Low,U1310,3847.91,26935.37
P01484,Wireless Mouse,Books,955.59,1,Pending,North,Medium,U0336,955.59,955.59
P01485,Mixer,Sports,1679.08,6,Completed,North,Low,U0570,1679.08,10074.48
P01486,Running Shoes,Beauty,4874.09,1,Cancelled,West,Medium,U0313,4874.09,4874.09
P01487,Running Shoes,Home,4933.01,4,Pending,South,Low,U0599,4933.01,19732.04
P01488,Mixer,Home,2611.76,7,Completed,East,Low,U1147,2611.76,18282.32
P01489,Novel,Beauty,4677.92,5,Completed,South,High,U0865,4677.92,23389.6
P01490,Face Wash,Home,2661.38,3,Completed,South,High,U0371,2661.38,7984.14
P01491,Wireless Mouse,Electronics,1528.78,6,Returned,East,Medium,U0805,1528.78,9172.68
P01492,Novel,Home,1407.81,3,Cancelled,North,Medium,U0314,1407.81,4223.43
P01493,Wireless Mouse,Home,4654.58,4,Returned,South,Medium,U0028,4654.58,18618.32
P01494,Face Wash,Beauty,944.99,4,Pending,West,High,U1179,944.99,3779.96
P01495,Running Shoes,Beauty,2940.2,3,Completed,South,Medium,U0966,2940.20,8820.6
P01496,Novel,Home,2822.07,6,Completed,North,Low,U1254,2822.07,16932.42
P01497,T-Shirt,Clothing,3724.15,7,Completed,West,Low,U1030,3724.15,26069.05
P01498,T-Shirt,Beauty,2546.29,2,Completed,West,Low,U0473,2546.29,5092.58
P01499,T-Shirt,Sports,1434.2,7,Completed,West,Medium,U1342,1434.20,10039.4
P01500,Running Shoes,Sports,930.04,2,Cancelled,West,Low,U1249,930.04,1860.08
P01501,Running Shoes,Electronics,3142.01,5,Returned,East,High,U1057,3142.01,15710.05
P01502,Face Wash,Home,3623.05,7,Completed,East,Medium,U0089,3623.05,25361.35
P01503,Wireless Mouse,Clothing,2890.65,3,Pending,East,Low,U1358,2890.65,8671.95
P01504,Face Wash,Electronics,3717.92,3,Completed,West,Low,U0040,3717.92,11153.76
P01505,Face Wash,Home,793.45,6,Completed,North,Medium,U0681,793.45,4760.7
P01506,Running Shoes,Beauty,4424.1,3,Pending,South,Low,U0375,4424.10,13272.3
P01507,T-Shirt,Sports,2953.74,6,Completed,West,Low,U1322,2953.74,17722.44
P01508,Headphones,Books,721.54,3,Returned,North,High,U0998,721.54,2164.62
P01509,Wireless Mouse,Clothing,2363.43,4,Pending,South,Medium,U0393,2363.43,9453.72
P01510,Running Shoes,Books,4239.48,1,Pending,West,High,U1042,4239.48,4239.48
P01511,T-Shirt,Sports,4498.05,3,Completed,South,High,U0132,4498.05,13494.15
P01512,Novel,Books,1396.78,1,Completed,East,High,U0290,1396.78,1396.78
P01513,Headphones,Beauty,3585.2,2,Completed,East,Low,U0806,3585.20,7170.4
P01514,Headphones,Home,589.93,5,Pending,East,Low,U0209,589.93,2949.65
P01515,Running Shoes,Beauty,264.37,7,Returned,North,Low,U0327,264.37,1850.59
P01516,Mixer,Books,2845.95,7,Completed,East,Low,U0992,2845.95,19921.65
P01517,Wireless Mouse,Beauty,3504.66,2,Pending,North,Medium,U0503,3504.66,7009.32
P01518,Headphones,Sports,3999.35,3,Completed,East,High,U0279,3999.35,11998.05
P01519,Running Shoes,Clothing,1767.06,7,Completed,East,High,U1406,1767.06,12369.42
P01520,Running Shoes,Beauty,131.97,6,Pending,East,High,U0788,131.97,791.82
P01521,T-Shirt,Sports,2449.64,2,Pending,North,Medium,U1007,2449.64,4899.28
P01522,Novel,Clothing,177.68,4,Completed,South,Medium,U0952,177.68,710.72
P01523,Mixer,Home,550.72,1,Completed,North,Low,U1333,550.72,550.72
P01524,Wireless Mouse,Books,1700.78,6,Completed,West,Medium,U0277,1700.78,10204.68
P01525,Face Wash,Home,2242.14,7,Completed,West,High,U1100,2242.14,15694.98
P01526,Novel,Electronics,1469.4,6,Cancelled,North,Low,U0298,1469.40,8816.4
P01527,Novel,Sports,2951.14,3,Completed,North,Medium,U1402,2951.14,8853.42
P01528,T-Shirt,Clothing,371.21,4,Completed,South,High,U0433,371.21,1484.84
P01529,Headphones,Beauty,808.44,1,Completed,North,Low,,808.44,808.44
P01530,Headphones,Home,3506.77,4,Returned,East,High,U1136,3506.77,14027.08
P01531,T-Shirt,Clothing,796.49,2,Pending,South,Low,U1096,796.49,1592.98
P01532,Running Shoes,Sports,3234.9,3,Pending,North,High,U0317,3234.90,9704.7
P01533,Headphones,Electronics,367.95,6,Completed,North,Medium,U1045,367.95,2207.7
P01534,Mixer,Home,2096.17,6,Cancelled,West,Low,U1212,2096.17,12577.02
P01535,Wireless Mouse,Books,969.31,2,Completed,South,Low,U0121,969.31,1938.62
P01536,Novel,Clothing,637.22,6,Pending,West,Medium,U1366,637.22,3823.32
P01537,Novel,Books,2878.46,5,Returned,North,High,U0653,2878.46,14392.3
P01538,Mixer,Clothing,4648.85,3,Completed,South,Medium,U0304,4648.85,13946.55
P01539,Headphones,Clothing,368.46,2,Completed,East,High,U0936,368.46,736.92
P01540,Novel,Sports,2165.62,3,Completed,North,High,U1471,2165.62,6496.86
P01541,Face Wash,Sports,3566.92,1,Completed,North,Low,U0721,3566.92,3566.92
P01542,Wireless Mouse,Sports,2367.17,3,Completed,West,Medium,U0496,2367.17,7101.51
P01543,Wireless Mouse,Beauty,4051.83,3,Cancelled,East,Low,U0185,4051.83,12155.49
P01544,Novel,Clothing,980.26,1,Completed,North,Medium,U0888,980.26,980.26
P01545,T-Shirt,Home,4802.01,2,Completed,West,Low,U0808,4802.01,9604.02
P01546,Novel,Books,1987.3,3,Cancelled,West,Low,U0332,1987.30,5961.9
P01547,T-Shirt,Sports,1773.69,4,Returned,North,Medium,U0713,1773.69,7094.76
P01548,Novel,Sports,4385.57,3,Completed,South,Low,U0576,4385.57,13156.71
P01549,Face Wash,Books,2862.95,2,Completed,North,Medium,U0350,2862.95,5725.9
P01550,Running Shoes,Books,2630.58,6,Completed,East,High,U0838,2630.58,15783.48
P01551,Wireless Mouse,Clothing,3662.19,7,Completed,North,Low,U0320,3662.19,25635.33
P01552,Novel,Sports,2941.19,1,Completed,South,High,U0537,2941.19,2941.19
P01553,Face Wash,Books,896.33,6,Completed,West,Medium,U0412,896.33,5377.98
P01554,T-Shirt,Beauty,3403.57,2,Completed,East,Low,U0906,3403.57,6807.14
P01555,T-Shirt,Beauty,754.0,5,Completed,East,High,U1180,754.00,3770.0
P01556,Wireless Mouse,Sports,4048.7,7,Completed,East,Low,U0533,4048.70,28340.9
P01557,Mixer,Books,4949.71,6,Completed,East,Low,U0502,4949.71,29698.26
P01558,Novel,Clothing,1949.2,3,Completed,South,Low,U1178,1949.20,5847.6
P01559,Headphones,Clothing,2279.3,7,Completed,South,Medium,U0914,2279.30,15955.1
P01560,T-Shirt,Clothing,327.52,3,Completed,South,Medium,U1092,327.52,982.56
P01561,Running Shoes,Electronics,167.29,1,Pending,South,Low,U1065,167.29,167.29
P01562,Running Shoes,Sports,4614.95,3,Completed,West,Low,U0527,4614.95,13844.85
P01563,T-Shirt,Clothing,730.26,7,Pending,North,High,U1193,730.26,5111.82
P01564,Mixer,Beauty,2284.32,4,Completed,South,High,U0711,2284.32,9137.28
P01565,Mixer,Books,4095.24,4,Completed,North,Medium,U0750,4095.24,16380.96
P01566,Face Wash,Home,4457.66,6,Completed,East,Low,U0956,4457.66,26745.96
P01567,Running Shoes,Home,2645.05,2,Completed,West,Low,U0112,2645.05,5290.1
P01568,Face Wash,Clothing,2868.66,1,Pending,West,High,U0463,2868.66,2868.66
P01569,Running Shoes,Home,3381.45,5,Completed,North,Low,U0052,3381.45,16907.25
P01570,Novel,Home,4810.77,6,Completed,North,Low,,4810.77,28864.62
P01571,Novel,Electronics,3053.08,2,Completed,North,Medium,U1182,3053.08,6106.16
P01572,Headphones,Beauty,2841.43,1,Returned,West,Medium,U0300,2841.43,2841.43
P01573,Novel,Beauty,171.22,7,Pending,South,Medium,U0958,171.22,1198.54
P01574,Headphones,Electronics,496.65,1,Pending,West,Low,U0427,496.65,496.65
P01575,Novel,Electronics,2928.14,7,Completed,South,Medium,U0990,2928.14,20496.98
P01576,Wireless Mouse,Home,4687.58,6,Returned,East,Medium,U0307,4687.58,28125.48
P01577,Novel,Sports,4346.79,2,Returned,South,Medium,U0099,4346.79,8693.58
P01578,Face Wash,Books,4914.64,2,Completed,North,Low,U0121,4914.64,9829.28
P01579,T-Shirt,Books,2686.39,3,Completed,South,High,U1054,2686.39,8059.17
P01580,Face Wash,Home,3960.86,5,Completed,South,Medium,U0230,3960.86,19804.3
P01581,T-Shirt,Books,4217.96,4,Completed,West,Medium,U0651,4217.96,16871.84
P01582,Mixer,Electronics,3275.36,3,Completed,North,Medium,U1278,3275.36,9826.08
P01583,Face Wash,Beauty,1759.87,1,Completed,East,Low,U1428,1759.87,1759.87
P01584,Mixer,Books,2402.89,5,Cancelled,,Low,U1055,2402.89,12014.45
P01585,Headphones,Home,4303.79,5,Completed,East,Low,U1186,4303.79,21518.95
P01586,Headphones,Sports,1562.88,2,Cancelled,North,Medium,U1456,1562.88,3125.76
P01587,Wireless Mouse,Home,4626.34,5,Completed,South,Medium,U1180,4626.34,23131.7
P01588,Novel,Clothing,1226.05,6,Pending,West,Medium,U1347,1226.05,7356.3
P01589,Face Wash,Home,3772.63,5,Completed,East,Low,U0629,3772.63,18863.15
P01590,Mixer,Electronics,3189.74,1,Completed,West,High,U1215,3189.74,3189.74
P01591,T-Shirt,Beauty,3773.04,6,Completed,East,Low,U1200,3773.04,22638.24
P01592,Headphones,Beauty,2243.0,6,Completed,North,Medium,U0948,2243.00,13458.0
P01593,Novel,Books,4669.94,3,Cancelled,South,Low,U0517,4669.94,14009.82
P01594,Headphones,Electronics,3199.11,5,Completed,East,Medium,U0845,3199.11,15995.55
P01595,T-Shirt,Clothing,1512.65,2,Completed,West,Medium,U0833,1512.65,3025.3
P01596,Novel,Electronics,3228.43,7,Completed,East,High,U0820,3228.43,22599.01
P01597,Novel,Home,1505.4,3,Cancelled,East,Low,U0811,1505.40,4516.2
P01598,Mixer,Electronics,1538.8,2,Completed,East,Low,U0762,1538.80,3077.6
P01599,Mixer,Electronics,2058.03,5,Completed,East,Medium,U1363,2058.03,10290.15
P01600,Face Wash,Clothing,4276.91,3,Completed,East,Medium,U0319,4276.91,12830.73
P01601,Face Wash,Home,2551.46,5,Completed,East,High,U0111,2551.46,12757.3
P01602,Running Shoes,Sports,3426.61,1,Cancelled,West,Low,U0807,3426.61,3426.61
P01603,Running Shoes,Sports,2020.64,3,Completed,East,Medium,U1497,2020.64,6061.92
P01604,Wireless Mouse,Beauty,1391.67,2,Pending,East,Low,U1041,1391.67,2783.34
P01605,Headphones,Books,4777.74,1,Completed,East,Medium,U1244,4777.74,4777.74
P01606,Face Wash,Electronics,3057.55,4,Completed,South,Low,U0487,3057.55,12230.2
P01607,Mixer,Beauty,4676.36,2,Completed,North,Medium,U0811,4676.36,9352.72
P01608,T-Shirt,Clothing,1096.72,7,Completed,North,Medium,U1329,1096.72,7677.04
P01609,Mixer,Sports,819.78,5,Completed,North,Low,U0517,819.78,4098.9
P01610,Headphones,Electronics,4293.53,2,Completed,West,Low,U1153,4293.53,8587.06
P01611,Running Shoes,Clothing,3436.49,4,Completed,West,Medium,U0835,3436.49,13745.96
P01612,Mixer,Books,1014.23,2,Completed,West,Low,U0624,1014.23,2028.46
P01613,Wireless Mouse,Clothing,1419.86,1,Completed,East,Low,U1048,,1419.86
P01614,Headphones,Electronics,4023.25,6,Pending,North,Low,U1156,4023.25,24139.5
P01615,Running Shoes,Books,2323.96,2,Cancelled,East,High,U0556,2323.96,4647.92
P01616,T-Shirt,Clothing,3385.65,3,Completed,South,Medium,U1345,3385.65,10156.95
P01617,Running Shoes,Books,1659.92,7,Completed,North,Low,U0497,1659.92,11619.44
P01618,Novel,Electronics,1968.03,4,Completed,South,High,,1968.03,7872.12
P01619,Wireless Mouse,Electronics,4954.49,2,Returned,South,Low,U0382,4954.49,9908.98
P01620,Headphones,Books,1313.32,4,Pending,East,High,U0216,1313.32,5253.28
P01621,T-Shirt,Home,2581.64,6,Completed,North,Medium,,2581.64,15489.84
P01622,Wireless Mouse,Beauty,4237.57,1,Completed,South,High,U0543,4237.57,4237.57
P01623,Running Shoes,Clothing,1272.19,3,Completed,North,Medium,U0916,1272.19,3816.57
P01624,Wireless Mouse,Clothing,2134.55,5,Completed,South,Medium,U1035,2134.55,10672.75
P01625,Headphones,Home,3113.95,2,Pending,South,Low,U0082,3113.95,6227.9
P01626,Face Wash,Home,2457.82,1,Completed,East,High,U0994,2457.82,2457.82
P01627,Wireless Mouse,Home,2351.56,4,Cancelled,North,Low,U1180,2351.56,9406.24
P01628,Novel,Sports,1876.3,6,Completed,East,Medium,U0166,1876.30,11257.8
P01629,Wireless Mouse,Sports,2974.57,7,Completed,East,Low,U0208,2974.57,20821.99
P01630,Running Shoes,Books,3159.43,4,Completed,East,High,U0024,3159.43,12637.72
P01631,Running Shoes,Sports,3301.12,7,Completed,East,Medium,U0807,3301.12,23107.84
P01632,T-Shirt,Electronics,444.8,6,Returned,East,Low,U0887,444.80,2668.8
P01633,Running Shoes,Books,3192.07,7,Completed,South,Low,U0691,3192.07,22344.49
P01634,Mixer,Clothing,4770.86,6,Completed,North,Medium,U0332,4770.86,28625.16
P01635,Headphones,Beauty,2750.83,1,Pending,North,Low,U1002,2750.83,2750.83
P01636,Headphones,Electronics,3604.81,2,Completed,East,Low,U0241,3604.81,7209.62
P01637,Face Wash,Clothing,2827.99,5,Completed,North,High,U0836,2827.99,14139.95
P01638,Face Wash,Clothing,4288.23,2,Returned,South,Medium,U0181,4288.23,8576.46
P01639,Headphones,Books,4654.96,3,Completed,East,High,U1317,4654.96,13964.88
P01640,Novel,Home,1002.68,2,Completed,West,Medium,U1107,1002.68,2005.36
P01641,Face Wash,Home,2240.61,6,Cancelled,West,Medium,U0090,2240.61,13443.66
P01642,T-Shirt,Electronics,2022.67,6,Completed,South,Medium,U0439,2022.67,12136.02
P01643,Running Shoes,Home,2085.55,3,Completed,South,Low,U0543,2085.55,6256.65
P01644,Headphones,Clothing,715.07,4,Completed,West,Medium,U0193,715.07,2860.28
P01645,Face Wash,Home,4086.72,6,Completed,East,Medium,U0488,4086.72,24520.32
P01646,Headphones,Sports,275.25,3,Returned,South,High,U0612,275.25,825.75
P01647,Mixer,Home,2688.31,6,Completed,West,Medium,U1373,2688.31,16129.86
P01648,Wireless Mouse,Clothing,3343.2,5,Completed,East,High,U1113,3343.20,16716.0
P01649,Running Shoes,Books,1116.6,6,Completed,South,Medium,U0955,1116.60,6699.6
P01650,Headphones,Electronics,4538.67,1,Completed,North,Medium,U1147,4538.67,4538.67
P01651,Wireless Mouse,Beauty,4208.89,3,Completed,North,Medium,U1398,4208.89,12626.67
P01652,Face Wash,Home,2408.31,7,Completed,North,Low,U1071,2408.31,16858.17
P01653,Wireless Mouse,Clothing,2114.63,2,Pending,East,Low,U1457,2114.63,4229.26
P01654,Running Shoes,Beauty,1259.18,3,Completed,South,High,U0146,1259.18,3777.54
P01655,Headphones,Beauty,3676.97,4,Pending,West,High,U1027,3676.97,14707.88
P01656,Mixer,Sports,745.54,6,Completed,South,Low,U1338,745.54,4473.24
P01657,Novel,Beauty,3433.16,3,Completed,North,High,U0327,3433.16,10299.48
P01658,Face Wash,Books,4228.04,5,Completed,North,Low,U0988,4228.04,21140.2
P01659,Headphones,Clothing,1219.51,3,Completed,East,Medium,U1105,1219.51,3658.53
P01660,Running Shoes,Clothing,4345.49,5,Completed,West,Low,U0153,4345.49,21727.45
P01661,Face Wash,Home,263.28,6,Completed,East,Low,U0402,263.28,1579.68
P01662,T-Shirt,Home,4572.66,2,Completed,West,Low,U0820,4572.66,9145.32
P01663,Wireless Mouse,Home,679.97,6,Pending,South,Medium,U0488,679.97,4079.82
P01664,Novel,Books,3264.22,4,Completed,East,Low,U0067,3264.22,13056.88
P01665,Running Shoes,Beauty,1325.4,1,Returned,East,Low,U0089,1325.40,1325.4
P01666,T-Shirt,Beauty,4199.11,2,Completed,East,Low,U1159,4199.11,8398.22
P01667,Headphones,Sports,2610.27,2,Returned,North,Low,,2610.27,5220.54
P01668,Mixer,Books,762.68,1,Completed,North,Low,U0428,762.68,762.68
P01669,Face Wash,Home,2897.86,3,Returned,West,Medium,U0940,2897.86,8693.58
P01670,Wireless Mouse,Electronics,2098.62,6,Completed,South,High,U1203,2098.62,12591.72
P01671,Face Wash,Sports,3341.09,3,Completed,East,Low,U0339,3341.09,10023.27
P01672,Novel,Electronics,4421.33,3,Returned,North,Low,U0079,4421.33,13263.99
P01673,Headphones,Beauty,2106.01,6,Completed,East,Medium,U0378,2106.01,12636.06
P01674,Face Wash,Sports,1520.42,4,Completed,West,Low,U0165,1520.42,6081.68
P01675,Wireless Mouse,Sports,171.12,2,Pending,West,Medium,U0749,171.12,342.24
P01676,Headphones,Clothing,2916.71,5,Completed,South,Low,U0937,2916.71,14583.55
P01677,Face Wash,Beauty,2071.15,1,Completed,West,Low,U0155,2071.15,2071.15
P01678,Mixer,Beauty,1935.78,2,Completed,East,Low,U1147,1935.78,3871.56
P01679,Running Shoes,Books,996.38,3,Pending,South,Low,U1226,996.38,2989.14
P01680,Headphones,Sports,2207.27,1,Completed,South,High,U1064,2207.27,2207.27
P01681,Running Shoes,Beauty,4923.77,5,Returned,North,Low,U0169,4923.77,24618.85
P01682,Headphones,Sports,1559.0,2,Pending,East,High,U1094,1559.00,3118.0
P01683,Mixer,Books,3038.55,2,Pending,West,Low,U0792,3038.55,6077.1
P01684,Running Shoes,Books,3904.79,4,Completed,North,High,U1354,3904.79,15619.16
P01685,T-Shirt,Clothing,3770.87,2,Cancelled,East,Low,U1464,3770.87,7541.74
P01686,Wireless Mouse,Sports,1710.99,2,Completed,East,Low,U1423,1710.99,3421.98
P01687,T-Shirt,Beauty,3093.21,5,Cancelled,South,Medium,U1003,3093.21,15466.05
P01688,Face Wash,Beauty,4369.2,5,Completed,South,Low,U0354,4369.20,21846.0
P01689,Mixer,Sports,175.69,1,Pending,East,High,U0328,175.69,175.69
P01690,T-Shirt,Sports,2235.1,3,Completed,North,Medium,U0498,2235.10,6705.3
P01691,Headphones,Sports,1198.94,5,Completed,South,Medium,U1443,1198.94,5994.7
P01692,Face Wash,Home,2004.3,1,Completed,,Low,U0345,2004.30,2004.3
P01693,Face Wash,Beauty,2138.35,2,Completed,East,Medium,U0643,2138.35,4276.7
P01694,T-Shirt,Books,3758.69,1,Completed,East,Medium,U0789,3758.69,3758.69
P01695,T-Shirt,Beauty,559.73,1,Completed,South,High,U0377,559.73,559.73
P01696,Mixer,Home,2611.66,1,Completed,North,Low,U1319,2611.66,2611.66
P01697,Wireless Mouse,Sports,2864.55,6,Completed,South,High,U1312,2864.55,17187.3
P01698,T-Shirt,Clothing,2521.37,1,Completed,East,High,U1278,2521.37,2521.37
P01699,Novel,Sports,3686.18,5,Completed,South,High,U0434,3686.18,18430.9
P01700,T-Shirt,Sports,1980.58,7,Pending,East,Medium,U0501,1980.58,13864.06
P01701,Running Shoes,Home,4730.34,7,Returned,South,Medium,U1109,4730.34,33112.38
P01702,Headphones,Beauty,2460.84,7,Completed,East,Low,U0521,2460.84,17225.88
P01703,Novel,Sports,2898.95,7,Completed,East,High,U0562,2898.95,20292.65
P01704,Novel,Beauty,4145.1,6,Completed,North,High,U0513,4145.10,24870.6
P01705,Running Shoes,Electronics,1448.66,3,Pending,East,Low,U0516,1448.66,4345.98
P01706,Running Shoes,Books,468.49,1,Pending,South,Medium,U0497,468.49,468.49
P01707,Face Wash,Beauty,3568.14,4,Completed,East,High,U0602,3568.14,14272.56
P01708,Wireless Mouse,Clothing,2466.76,7,Completed,West,Low,U1015,2466.76,17267.32
P01709,Headphones,Books,4492.87,2,Cancelled,South,Low,U1186,4492.87,8985.74
P01710,Mixer,Clothing,4915.13,7,Completed,North,High,U0667,4915.13,34405.91
P01711,Novel,Sports,2055.64,7,Completed,South,High,U0365,2055.64,14389.48
P01712,Mixer,Books,2135.65,2,Completed,North,High,U1449,2135.65,4271.3
P01713,T-Shirt,Beauty,2099.02,6,Completed,West,Low,U0967,2099.02,12594.12
P01714,T-Shirt,Books,1690.32,2,Completed,North,Low,U0364,1690.32,3380.64
P01715,Mixer,Sports,3930.27,2,Pending,East,Medium,U0108,3930.27,7860.54
P01716,T-Shirt,Home,3819.08,6,Returned,West,Medium,U1038,3819.08,22914.48
P01717,Wireless Mouse,Clothing,2445.36,2,Completed,West,Low,U1047,2445.36,4890.72
P01718,Running Shoes,Sports,318.84,1,Returned,North,High,U0623,318.84,318.84
P01719,T-Shirt,Home,1616.84,7,Pending,South,High,U0321,1616.84,11317.88
P01720,Face Wash,Books,1532.28,3,Completed,North,Low,U0510,1532.28,4596.84
P01721,T-Shirt,Books,4074.33,6,Cancelled,North,Low,U0672,4074.33,24445.98
P01722,Headphones,Sports,529.12,4,Pending,West,Low,U1065,529.12,2116.48
P01723,Wireless Mouse,Beauty,4047.81,6,Completed,East,Medium,U0304,4047.81,24286.86
P01724,Headphones,Books,3379.0,5,Cancelled,South,Low,U0969,3379.00,16895.0
P01725,Headphones,Beauty,3688.96,4,Pending,North,Medium,U1439,3688.96,14755.84
P01726,Face Wash,Beauty,2217.84,5,Pending,East,Medium,U1474,2217.84,11089.2
P01727,Wireless Mouse,Beauty,3430.66,6,Cancelled,East,High,U1418,3430.66,20583.96
P01728,Wireless Mouse,Electronics,3084.24,5,Completed,South,Low,U0365,3084.24,15421.2
P01729,Wireless Mouse,Home,3868.0,4,Pending,East,Medium,U0738,3868.00,15472.0
P01730,Wireless Mouse,Home,2289.17,1,Pending,North,Medium,U0989,2289.17,2289.17
P01731,Wireless Mouse,Books,2416.85,6,Completed,West,Medium,U1021,2416.85,14501.1
P01732,Face Wash,Books,3253.52,6,Completed,East,High,U1453,3253.52,19521.12
P01733,T-Shirt,Beauty,629.58,2,Pending,West,Medium,U0152,629.58,1259.16
P01734,Headphones,Electronics,2237.6,6,Completed,South,High,U0259,2237.60,13425.6
P01735,Wireless Mouse,Beauty,4862.56,7,Pending,South,Low,U0707,4862.56,34037.92
P01736,Novel,Electronics,284.01,7,Cancelled,East,Medium,,284.01,1988.07
P01737,T-Shirt,Beauty,1648.42,6,Completed,West,Medium,U1290,1648.42,9890.52
P01738,T-Shirt,Clothing,1639.14,1,Completed,North,High,U0230,1639.14,1639.14
P01739,Headphones,Clothing,3203.97,2,Completed,West,Low,U0439,3203.97,6407.94
P01740,Face Wash,Sports,618.42,3,Completed,East,Low,U0150,618.42,1855.26
P01741,Mixer,Beauty,3179.87,5,Returned,West,Medium,U0910,3179.87,15899.35
P01742,Mixer,Books,565.7,4,Completed,West,Low,U1481,565.70,2262.8
P01743,T-Shirt,Home,565.27,3,Completed,South,Medium,U0978,565.27,1695.81
P01744,Running Shoes,Sports,3668.1,2,Completed,East,High,U1160,3668.10,7336.2
P01745,Running Shoes,Books,1688.26,7,Pending,West,High,U0635,1688.26,11817.82
P01746,Headphones,Clothing,4889.37,7,Completed,East,Low,U0399,4889.37,34225.59
P01747,Mixer,Beauty,283.03,7,Pending,North,Low,U0622,283.03,1981.21
P01748,T-Shirt,Sports,2281.02,1,Completed,East,Medium,U0143,2281.02,2281.02
P01749,Face Wash,Beauty,654.37,7,Pending,North,Medium,U0948,654.37,4580.59
P01750,Mixer,Clothing,1821.76,4,Completed,East,Medium,U1094,1821.76,7287.04
P01751,T-Shirt,Sports,4991.29,5,Completed,East,Medium,U0054,4991.29,24956.45
P01752,T-Shirt,Clothing,4455.33,6,Cancelled,West,Medium,U0844,4455.33,26731.98
P01753,Wireless Mouse,Electronics,336.79,6,Completed,West,Low,U0938,336.79,2020.74
P01754,Face Wash,Clothing,2859.95,3,Completed,North,High,U1427,2859.95,8579.85
P01755,Wireless Mouse,Beauty,3274.33,5,Returned,North,Low,U0552,3274.33,16371.65
P01756,Headphones,Home,1126.72,2,Pending,South,Low,U1051,1126.72,2253.44
P01757,Wireless Mouse,Clothing,811.02,5,Completed,West,High,U0299,811.02,4055.1
P01758,Novel,Books,4531.47,1,Completed,North,Medium,U0692,4531.47,4531.47
P01759,Wireless Mouse,Home,4847.2,3,Cancelled,West,Medium,U0558,4847.20,14541.6
P01760,Novel,Electronics,4960.28,3,Pending,East,Medium,U1344,4960.28,14880.84
P01761,Mixer,Sports,3969.83,1,Completed,South,Low,U0445,,3969.83
P01762,Running Shoes,Sports,3351.16,5,Completed,West,Low,U0098,3351.16,16755.8
P01763,T-Shirt,Home,1794.08,7,Completed,West,Medium,U1150,1794.08,12558.56
P01764,Novel,Sports,939.85,1,Pending,West,Low,U0058,939.85,939.85
P01765,Face Wash,Clothing,487.0,7,Completed,West,Medium,U0177,487.00,3409.0
P01766,Wireless Mouse,Home,3497.16,4,Pending,North,High,U0719,3497.16,13988.64
P01767,Novel,Beauty,3945.14,1,Completed,North,Medium,U1309,3945.14,3945.14
P01768,Face Wash,Clothing,4149.62,7,Pending,South,High,U0666,4149.62,29047.34
P01769,Running Shoes,Clothing,4577.45,5,Returned,East,High,U1051,4577.45,22887.25
P01770,Running Shoes,Clothing,4411.65,7,Completed,East,High,U1475,4411.65,30881.55
P01771,Wireless Mouse,Beauty,4998.73,1,Completed,South,Medium,U0323,4998.73,4998.73
P01772,Headphones,Electronics,1295.91,2,Completed,East,Low,U0675,1295.91,2591.82
P01773,Wireless Mouse,Books,3840.21,6,Pending,North,Medium,U1274,3840.21,23041.26
P01774,Mixer,Sports,2973.65,1,Completed,West,Medium,U1394,2973.65,2973.65
P01775,Novel,Home,1380.1,6,Pending,East,Low,U0846,1380.10,8280.6
P01776,T-Shirt,Electronics,4911.34,1,Cancelled,West,Medium,U0090,4911.34,4911.34
P01777,Headphones,Home,4499.7,5,Pending,West,Medium,U0131,4499.70,22498.5
P01778,Wireless Mouse,Sports,729.73,4,Pending,North,Low,U1053,729.73,2918.92
P01779,Face Wash,Beauty,228.18,4,Completed,West,Medium,U0662,228.18,912.72
P01780,Headphones,Clothing,3472.82,6,Cancelled,East,Low,U1110,3472.82,20836.92
P01781,Novel,Clothing,3060.24,5,Completed,North,Low,U0058,3060.24,15301.2
P01782,Headphones,Beauty,4685.5,7,Completed,South,High,U1081,4685.50,32798.5
P01783,Novel,Electronics,1246.63,5,Completed,North,Medium,U0994,1246.63,6233.15
P01784,Wireless Mouse,Electronics,513.5,5,Pending,East,Medium,U1418,513.50,2567.5
P01785,Novel,Home,1370.16,2,Cancelled,North,Low,U1049,1370.16,2740.32
P01786,Headphones,Beauty,192.75,3,Completed,East,Medium,U0190,192.75,578.25
P01787,Face Wash,Electronics,275.87,1,Pending,East,Low,U0959,275.87,275.87
P01788,Running Shoes,Beauty,4582.8,5,Pending,North,Medium,U0076,4582.80,22914.0
P01789,Headphones,Sports,1824.88,5,Completed,East,High,U0371,1824.88,9124.4
P01790,Novel,Clothing,2112.96,5,Pending,South,High,U0899,2112.96,10564.8
P01791,Running Shoes,Clothing,190.02,4,Completed,East,Low,U0851,190.02,760.08
P01792,Novel,Clothing,1425.56,5,Completed,South,Medium,U0506,1425.56,7127.8
P01793,Face Wash,Beauty,4043.16,1,Cancelled,South,High,U0183,4043.16,4043.16
P01794,Novel,Beauty,3115.91,7,Completed,East,Low,U0154,3115.91,21811.37
P01795,Wireless Mouse,Home,3793.52,7,Completed,West,Low,U1293,3793.52,26554.64
P01796,T-Shirt,Clothing,2291.35,5,Pending,South,High,U0903,2291.35,11456.75
P01797,Headphones,Home,1617.67,1,Cancelled,South,High,U1302,1617.67,1617.67
P01798,T-Shirt,Clothing,2465.77,2,Completed,North,Medium,U1364,2465.77,4931.54
P01799,Novel,Home,1683.05,7,Completed,South,Low,U1047,1683.05,11781.35
P01800,Face Wash,Home,4210.96,3,Completed,South,Medium,U1456,4210.96,12632.88
P01801,Headphones,Sports,1558.6,4,Pending,South,Medium,U0526,1558.60,6234.4
P01802,Novel,Home,3332.84,1,Completed,South,Medium,U0606,3332.84,3332.84
P01803,Running Shoes,Beauty,771.21,7,Completed,West,Medium,U1367,771.21,5398.47
P01804,Mixer,Home,3465.65,7,Completed,South,Medium,U0879,3465.65,24259.55
P01805,Novel,Clothing,4575.17,6,Completed,East,Medium,U1076,,27451.02
P01806,T-Shirt,Home,3082.06,2,Completed,West,High,U0339,3082.06,6164.12
P01807,Headphones,Electronics,2843.29,3,Completed,South,Medium,U1065,2843.29,8529.87
P01808,T-Shirt,Books,4809.48,3,Completed,East,Low,U0518,4809.48,14428.44
P01809,Headphones,Clothing,3174.24,3,Completed,East,Medium,U0407,3174.24,9522.72
P01810,Novel,Electronics,1371.8,1,Completed,West,Low,U0138,1371.80,1371.8
P01811,Wireless Mouse,Clothing,1532.72,2,Completed,West,Medium,U1123,1532.72,3065.44
P01812,Running Shoes,Beauty,3556.0,5,Completed,East,High,U0341,3556.00,17780.0
P01813,Novel,Books,3703.64,6,Completed,West,Medium,U1340,3703.64,22221.84
P01814,T-Shirt,Books,1587.13,2,Completed,West,Low,U0542,1587.13,3174.26
P01815,Mixer,Beauty,1792.19,2,Completed,North,Low,U0225,1792.19,3584.38
P01816,Mixer,Books,4956.18,7,Completed,West,Low,U0261,4956.18,34693.26
P01817,Face Wash,Beauty,599.57,2,Completed,North,Low,U1271,599.57,1199.14
P01818,Headphones,Electronics,2082.76,1,Completed,West,Medium,U1103,2082.76,2082.76
P01819,T-Shirt,Sports,405.99,6,Completed,West,Low,U0697,405.99,2435.94
P01820,Face Wash,Clothing,4123.28,1,Returned,East,Low,U0811,4123.28,4123.28
P01821,T-Shirt,Beauty,552.49,6,Completed,North,Low,,552.49,3314.94
P01822,Headphones,Clothing,3402.64,6,Returned,West,Medium,U0077,3402.64,20415.84
P01823,Novel,Electronics,376.77,7,Completed,South,Medium,U0262,376.77,2637.39
P01824,Novel,Sports,3396.99,1,Completed,West,High,U1026,3396.99,3396.99
P01825,Mixer,Electronics,4230.88,6,Pending,East,Low,U0017,4230.88,25385.28
P01826,Novel,Books,2054.23,2,Completed,East,High,U0344,2054.23,4108.46
P01827,Novel,Clothing,2658.42,1,Completed,East,Medium,U1036,2658.42,2658.42
P01828,Wireless Mouse,Sports,2067.55,6,Returned,North,Low,U0940,2067.55,12405.3
P01829,Mixer,Books,1572.39,3,Completed,North,Low,U0694,1572.39,4717.17
P01830,Face Wash,Sports,4035.99,1,Completed,North,Medium,U0846,4035.99,4035.99
P01831,Running Shoes,Books,1432.81,7,Completed,South,Medium,U1031,1432.81,10029.67
P01832,Wireless Mouse,Electronics,3642.42,4,Cancelled,North,Low,U0246,3642.42,14569.68
P01833,Face Wash,Beauty,1110.37,1,Cancelled,East,High,U0986,1110.37,1110.37
P01834,Headphones,Clothing,1324.28,1,Completed,North,Low,U1181,1324.28,1324.28
P01835,Wireless Mouse,Home,1748.66,1,Completed,North,Medium,U0174,1748.66,1748.66
P01836,Face Wash,Home,2986.87,6,Cancelled,West,Medium,U0846,2986.87,17921.22
P01837,Headphones,Electronics,2326.67,1,Completed,North,Medium,U0693,2326.67,2326.67
P01838,Mixer,Clothing,3751.21,4,Completed,West,High,U1009,3751.21,15004.84
P01839,Running Shoes,Clothing,1146.48,5,Pending,North,High,U0281,1146.48,5732.4
P01840,Headphones,Electronics,152.29,1,Completed,West,Low,U1333,152.29,152.29
P01841,Novel,Clothing,3905.13,3,Completed,East,Medium,U0990,3905.13,11715.39
P01842,T-Shirt,Beauty,4126.08,4,Cancelled,North,High,U0237,4126.08,16504.32
P01843,Headphones,Electronics,391.45,5,Pending,East,Low,U0157,391.45,1957.25
P01844,Headphones,Beauty,3093.45,6,Completed,North,Medium,U1275,3093.45,18560.7
P01845,Running Shoes,Clothing,1953.21,1,Completed,South,High,U1023,1953.21,1953.21
P01846,T-Shirt,Electronics,3990.09,5,Completed,South,Medium,U1245,3990.09,19950.45
P01847,Novel,Clothing,4384.63,3,Completed,East,Low,U0338,4384.63,13153.89
P01848,Face Wash,Electronics,4269.92,4,Completed,East,High,U1247,4269.92,17079.68
P01849,Face Wash,Clothing,3908.3,4,Completed,South,High,U1235,3908.30,15633.2
P01850,Headphones,Beauty,1418.36,6,Completed,South,Medium,U0337,1418.36,8510.16
P01851,T-Shirt,Beauty,4078.26,6,Completed,West,Medium,U1158,4078.26,24469.56
P01852,T-Shirt,Clothing,2714.04,6,Completed,North,High,U0771,2714.04,16284.24
P01853,Novel,Electronics,358.51,5,Completed,South,High,U0495,358.51,1792.55
P01854,Running Shoes,Home,2339.0,1,Completed,East,High,U0547,2339.00,2339.0
P01855,Mixer,Beauty,4716.57,2,Completed,East,Medium,U1207,4716.57,9433.14
P01856,Face Wash,Beauty,4450.51,4,Pending,South,High,U0161,4450.51,17802.04
P01857,Running Shoes,Books,601.09,2,Pending,East,Medium,U0605,601.09,1202.18
P01858,Wireless Mouse,Home,3746.22,7,Completed,North,Low,,3746.22,26223.54
P01859,Face Wash,Clothing,4048.39,4,Completed,West,Medium,U1221,4048.39,16193.56
P01860,Running Shoes,Electronics,1429.8,6,Completed,North,Medium,U0988,1429.80,8578.8
P01861,Face Wash,Books,2410.88,1,Completed,West,High,U1376,2410.88,2410.88
P01862,Mixer,Clothing,3583.84,1,Completed,West,High,U0234,3583.84,3583.84
P01863,Wireless Mouse,Sports,2251.3,4,Returned,,Low,U1433,2251.30,9005.2
P01864,Mixer,Beauty,652.7,5,Completed,East,Medium,U1300,652.70,3263.5
P01865,Novel,Sports,3558.82,7,Completed,West,Medium,U0711,3558.82,24911.74
P01866,Wireless Mouse,Beauty,4567.03,6,Completed,South,High,U0459,4567.03,27402.18
P01867,Headphones,Beauty,3297.18,1,Completed,East,Low,,3297.18,3297.18
P01868,Running Shoes,Sports,3891.62,7,Completed,East,Medium,U0413,3891.62,27241.34
P01869,Wireless Mouse,Sports,1855.98,7,Completed,West,Medium,U1042,1855.98,12991.86
P01870,Novel,Clothing,997.67,1,Completed,East,High,U0072,997.67,997.67
P01871,Novel,Books,3249.59,3,Completed,North,Medium,U0378,3249.59,9748.77
P01872,Mixer,Books,1706.08,7,Returned,East,Medium,U0682,1706.08,11942.56
P01873,Face Wash,Sports,4314.36,1,Completed,North,High,U0834,4314.36,4314.36
P01874,Wireless Mouse,Clothing,700.88,3,Completed,East,Medium,U1379,700.88,2102.64
P01875,Running Shoes,Books,2223.97,1,Completed,West,Low,U0151,2223.97,2223.97
P01876,Wireless Mouse,Clothing,2043.97,1,Completed,West,Low,U1285,2043.97,2043.97
P01877,T-Shirt,Clothing,4696.46,7,Completed,South,High,U1104,4696.46,32875.22
P01878,Face Wash,Beauty,850.36,5,Completed,North,Low,U1130,850.36,4251.8
P01879,Running Shoes,Books,148.25,5,Completed,North,Medium,U1427,148.25,741.25
P01880,Running Shoes,Books,1266.62,6,Completed,West,Medium,U0720,1266.62,7599.72
P01881,Headphones,Beauty,4119.36,1,Completed,West,High,U0130,4119.36,4119.36
P01882,Mixer,Sports,1125.68,6,Completed,West,Medium,U1195,1125.68,6754.08
P01883,Headphones,Beauty,1280.3,6,Completed,North,Medium,U0406,1280.30,7681.8
P01884,Running Shoes,Books,736.5,6,Completed,South,Low,U1057,736.50,4419.0
P01885,Face Wash,Books,3605.64,6,Completed,North,Medium,U0536,3605.64,21633.84
P01886,Wireless Mouse,Sports,438.95,4,Completed,West,Low,U0197,438.95,1755.8
P01887,Wireless Mouse,Beauty,1722.92,7,Completed,South,High,U0917,1722.92,12060.44
P01888,Face Wash,Electronics,1484.24,7,Completed,East,High,U1070,1484.24,10389.68
P01889,Running Shoes,Electronics,2820.28,4,Returned,East,Low,U0274,2820.28,11281.12
P01890,Novel,Sports,3679.04,1,Completed,West,Low,U0133,3679.04,3679.04
P01891,Wireless Mouse,Beauty,2711.09,4,Returned,South,Medium,U0264,2711.09,10844.36
P01892,Novel,Beauty,4662.03,1,Completed,West,Medium,,4662.03,4662.03
P01893,Wireless Mouse,Clothing,4762.07,5,Completed,North,Medium,U0825,4762.07,23810.35
P01894,Wireless Mouse,Books,1871.18,7,Completed,North,High,U0005,1871.18,13098.26
P01895,Mixer,Home,3910.63,2,Completed,South,High,U0269,3910.63,7821.26
P01896,Mixer,Sports,3720.13,3,Completed,West,Medium,U0851,3720.13,11160.39
P01897,T-Shirt,Home,4475.53,7,Completed,West,Low,U0733,4475.53,31328.71
P01898,Headphones,Home,2294.92,4,Returned,East,Medium,U1445,2294.92,9179.68
P01899,Face Wash,Sports,2699.32,4,Completed,South,High,U1370,2699.32,10797.28
P01900,Face Wash,Beauty,2137.29,5,Completed,West,Medium,U0069,2137.29,10686.45
P01901,Face Wash,Sports,4266.85,4,Pending,North,Medium,U0800,4266.85,17067.4
P01902,T-Shirt,Home,1225.54,1,Pending,West,Low,U0358,1225.54,1225.54
P01903,Mixer,Books,1274.57,1,Pending,West,High,U1410,1274.57,1274.57
P01904,Running Shoes,Books,1925.77,2,Completed,North,High,U0325,1925.77,3851.54
P01905,Novel,Books,1228.68,2,Completed,North,Medium,U0751,1228.68,2457.36
P01906,Novel,Beauty,2848.93,7,Completed,West,Medium,U1203,2848.93,19942.51
P01907,Running Shoes,Electronics,759.0,2,Completed,North,Low,U0256,759.00,1518.0
P01908,T-Shirt,Sports,1668.91,1,Completed,East,High,U0419,1668.91,1668.91
P01909,Running Shoes,Books,4575.88,6,Completed,East,High,U0211,4575.88,27455.28
P01910,Face Wash,Sports,2105.2,6,Returned,East,Medium,U0911,2105.20,12631.2
P01911,Headphones,Books,3766.35,2,Cancelled,North,Low,U0584,3766.35,7532.7
P01912,Wireless Mouse,Beauty,655.96,2,Completed,North,Low,U1391,655.96,1311.92
P01913,Novel,Electronics,1313.07,1,Completed,North,Medium,U0577,1313.07,1313.07
P01914,Mixer,Electronics,4055.99,5,Completed,South,Low,U0166,4055.99,20279.95
P01915,Mixer,Books,3838.67,7,Completed,North,Medium,U0214,3838.67,26870.69
P01916,T-Shirt,Beauty,1992.16,4,Completed,East,Low,U0529,1992.16,7968.64
P01917,Mixer,Clothing,4776.54,7,Returned,East,Low,,4776.54,33435.78
P01918,Face Wash,Sports,4562.15,3,Completed,East,Medium,U1153,4562.15,13686.45
P01919,Novel,Sports,4815.27,6,Completed,South,High,U0003,4815.27,28891.62
P01920,Running Shoes,Home,2196.78,6,Completed,West,Medium,U0895,2196.78,13180.68
P01921,Face Wash,Beauty,1067.62,1,Returned,East,Medium,U0896,1067.62,1067.62
P01922,T-Shirt,Home,3170.63,7,Cancelled,South,Low,U1094,3170.63,22194.41
P01923,Face Wash,Books,3455.39,1,Pending,West,Medium,U0052,3455.39,3455.39
P01924,Running Shoes,Home,714.66,3,Completed,South,High,U0437,714.66,2143.98
P01925,Headphones,Electronics,3953.77,7,Completed,South,Low,U1402,3953.77,27676.39
P01926,T-Shirt,Sports,188.5,3,Completed,West,Low,U1022,188.50,565.5
P01927,Headphones,Home,2465.37,2,Completed,North,Low,U0094,2465.37,4930.74
P01928,Wireless Mouse,Electronics,1721.98,7,Pending,North,Medium,U0587,1721.98,12053.86
P01929,Headphones,Beauty,3727.48,3,Completed,East,Medium,U0603,3727.48,11182.44
P01930,Wireless Mouse,Home,1632.53,4,Completed,West,Low,U0086,1632.53,6530.12
P01931,Wireless Mouse,Books,4151.35,4,Completed,East,Low,U0518,4151.35,16605.4
P01932,Headphones,Books,3015.27,6,Completed,South,High,U0742,,18091.62
P01933,T-Shirt,Books,3990.08,4,Completed,North,Medium,U0430,3990.08,15960.32
P01934,Running Shoes,Sports,4947.77,7,Completed,East,Medium,U0863,4947.77,34634.39
P01935,Face Wash,Home,3427.88,4,Completed,East,High,U0829,3427.88,13711.52
P01936,Face Wash,Beauty,4926.26,4,Completed,North,Low,U0043,4926.26,19705.04
P01937,Running Shoes,Home,241.3,2,Cancelled,South,High,U1394,241.30,482.6
P01938,Novel,Sports,1756.89,6,Completed,East,High,U0404,1756.89,10541.34
P01939,Novel,Electronics,628.48,1,Completed,East,Low,U1327,628.48,628.48
P01940,Wireless Mouse,Sports,1385.29,6,Completed,West,Medium,U1206,1385.29,8311.74
P01941,Wireless Mouse,Books,4210.55,6,Completed,West,Medium,U0169,4210.55,25263.3
P01942,T-Shirt,Electronics,258.38,6,Cancelled,North,High,U0203,258.38,1550.28
P01943,Mixer,Books,2648.9,3,Completed,North,Low,U0706,2648.90,7946.7
P01944,Headphones,Clothing,2878.93,1,Completed,South,High,U0543,2878.93,2878.93
P01945,Wireless Mouse,Sports,2849.64,3,Returned,South,High,,2849.64,8548.92
P01946,Face Wash,Sports,2428.96,2,Pending,East,High,U0346,2428.96,4857.92
P01947,T-Shirt,Beauty,3973.95,2,Completed,West,High,U0603,3973.95,7947.9
P01948,Headphones,Home,754.36,5,Completed,South,Medium,U0442,754.36,3771.8
P01949,T-Shirt,Electronics,1621.83,5,Completed,East,High,U0250,1621.83,8109.15
P01950,Headphones,Electronics,3117.06,2,Pending,East,Low,U1207,3117.06,6234.12
P01951,Headphones,Beauty,3485.66,2,Completed,North,Medium,U1326,3485.66,6971.32
P01952,Running Shoes,Beauty,2080.33,3,Completed,West,Medium,U0878,2080.33,6240.99
P01953,Wireless Mouse,Home,4389.32,2,Completed,East,Medium,U1304,4389.32,8778.64
P01954,T-Shirt,Books,2135.92,7,Completed,North,Low,U1113,2135.92,14951.44
P01955,T-Shirt,Home,2073.6,1,Pending,East,Medium,U1449,2073.60,2073.6
P01956,Running Shoes,Sports,277.42,3,Returned,West,Low,U1309,277.42,832.26
P01957,Face Wash,Books,2800.59,2,Completed,East,Medium,U0671,2800.59,5601.18
P01958,Face Wash,Clothing,3572.54,3,Completed,East,Medium,U1154,3572.54,10717.62
P01959,Novel,Home,660.75,3,Completed,South,High,U0248,660.75,1982.25
P01960,Wireless Mouse,Beauty,1596.62,4,Cancelled,South,Low,U0652,1596.62,6386.48
P01961,Wireless Mouse,Books,3928.16,5,Pending,North,High,U0901,3928.16,19640.8
P01962,Mixer,Home,1893.01,3,Returned,East,Low,U1213,1893.01,5679.03
P01963,Running Shoes,Electronics,1283.85,6,Returned,North,Medium,U0091,1283.85,7703.1
P01964,Face Wash,Clothing,3393.78,7,Completed,West,Medium,U0568,3393.78,23756.46
P01965,Headphones,Sports,1064.12,7,Pending,North,Medium,U1189,1064.12,7448.84
P01966,T-Shirt,Electronics,4488.7,3,Completed,East,High,U0548,4488.70,13466.1
P01967,Wireless Mouse,Electronics,617.43,6,Completed,South,High,U1354,617.43,3704.58
P01968,T-Shirt,Clothing,3562.09,7,Completed,South,High,U0080,3562.09,24934.63
P01969,T-Shirt,Sports,2547.79,4,Completed,North,Medium,U0934,2547.79,10191.16
P01970,Mixer,Beauty,4362.65,2,Pending,South,Medium,U0981,4362.65,8725.3
P01971,Face Wash,Books,718.36,3,Completed,East,Medium,U0870,718.36,2155.08
P01972,Wireless Mouse,Sports,3421.69,4,Cancelled,East,Low,U0169,3421.69,13686.76
P01973,T-Shirt,Home,2903.07,1,Completed,West,High,U1117,2903.07,2903.07
P01974,Wireless Mouse,Electronics,2452.44,4,Pending,South,High,U0624,2452.44,9809.76
P01975,Headphones,Home,2507.9,5,Completed,South,Low,U0379,2507.90,12539.5
P01976,Mixer,Beauty,3637.69,5,Completed,West,High,U1233,3637.69,18188.45
P01977,Headphones,Home,4694.93,2,Completed,North,High,U0194,4694.93,9389.86
P01978,Wireless Mouse,Sports,547.13,6,Completed,West,Medium,U0264,547.13,3282.78
P01979,Novel,Home,195.56,2,Cancelled,South,Low,U1271,195.56,391.12
P01980,Wireless Mouse,Beauty,4047.95,7,Completed,North,High,U1472,4047.95,28335.65
P01981,Face Wash,Beauty,630.03,6,Completed,East,Medium,U0521,630.03,3780.18
P01982,T-Shirt,Beauty,4934.81,6,Pending,East,Medium,U0919,4934.81,29608.86
P01983,T-Shirt,Sports,3134.81,6,Completed,West,Medium,U0479,3134.81,18808.86
P01984,Headphones,Beauty,3289.25,6,Completed,East,Medium,U1301,3289.25,19735.5
P01985,Mixer,Electronics,1074.57,5,Completed,South,Medium,U1153,1074.57,5372.85
P01986,Novel,Beauty,1277.53,7,Completed,West,Medium,U1326,1277.53,8942.71
P01987,Running Shoes,Home,3330.82,5,Pending,South,Medium,U0574,3330.82,16654.1
P01988,T-Shirt,Books,4557.66,3,Pending,South,Medium,U1384,4557.66,13672.98
P01989,Face Wash,Home,4913.71,7,Pending,North,High,U0843,4913.71,34395.97
P01990,Headphones,Books,1070.35,5,Completed,North,High,U1381,1070.35,5351.75
P01991,Headphones,Home,757.19,2,Completed,North,Medium,U1490,757.19,1514.38
P01992,Running Shoes,Sports,376.37,5,Completed,East,High,U1196,376.37,1881.85
P01993,Face Wash,Home,4354.66,7,Returned,North,High,U1112,4354.66,30482.62
P01994,Mixer,Sports,1544.1,7,Completed,South,Low,U0896,1544.10,10808.7
P01995,Face Wash,Sports,108.88,2,Completed,West,High,U1107,108.88,217.76
P01996,Mixer,Beauty,1196.71,1,Cancelled,West,Low,U0517,1196.71,1196.71
P01997,Face Wash,Electronics,1768.16,7,Pending,South,Low,U1024,1768.16,12377.12
P01998,Face Wash,Books,4955.83,5,Pending,East,Medium,U0896,4955.83,24779.15
P01999,Wireless Mouse,Beauty,2665.35,2,Returned,West,Medium,U1346,2665.35,5330.7
P02000,Headphones,Beauty,1103.1,6,Completed,South,Medium,U0465,1103.10,6618.6
P02001,Face Wash,Sports,1740.61,7,Completed,South,High,U0613,1740.61,12184.27
P02002,Running Shoes,Sports,1718.51,4,Completed,South,Low,U1165,1718.51,6874.04
P02003,Face Wash,Books,196.66,6,Completed,West,High,U0605,196.66,1179.96
P02004,T-Shirt,Home,762.4,3,Completed,West,Medium,U0621,762.40,2287.2
P02005,Headphones,Home,3506.46,7,Completed,North,High,U1000,3506.46,24545.22
P02006,T-Shirt,Beauty,689.23,2,Pending,North,Medium,U0555,689.23,1378.46
P02007,Headphones,Clothing,1230.6,6,Completed,South,Medium,U0136,1230.60,7383.6
P02008,T-Shirt,Clothing,1818.61,5,Completed,South,Medium,U0330,1818.61,9093.05
P02009,Face Wash,Home,3812.9,5,Pending,South,Medium,U0955,3812.90,19064.5
P02010,Face Wash,Clothing,2953.76,7,Completed,South,Low,U0395,2953.76,20676.32
P02011,Wireless Mouse,Home,3476.1,1,Pending,West,Medium,U0156,3476.10,3476.1
P02012,Running Shoes,Sports,2878.36,4,Returned,North,Low,U1063,2878.36,11513.44
P02013,T-Shirt,Beauty,3449.6,7,Pending,East,Medium,U1306,3449.60,24147.2
P02014,Mixer,Electronics,113.93,2,Completed,South,High,U0870,113.93,227.86
P02015,Wireless Mouse,Beauty,4661.4,6,Cancelled,North,Low,U0538,4661.40,27968.4
P02016,T-Shirt,Home,643.51,4,Completed,South,Medium,U1070,643.51,2574.04
P02017,T-Shirt,Home,2090.62,1,Pending,West,High,U0668,2090.62,2090.62
P02018,Wireless Mouse,Beauty,3878.09,7,Completed,East,Low,U0244,3878.09,27146.63
P02019,Face Wash,Books,2232.63,3,Completed,North,Low,U0547,2232.63,6697.89
P02020,T-Shirt,Home,4739.53,4,Returned,North,Low,U0450,4739.53,18958.12
P02021,Face Wash,Clothing,2391.19,1,Completed,East,Low,U0278,2391.19,2391.19
P02022,Wireless Mouse,Clothing,4387.2,7,Pending,West,Low,,4387.20,30710.4
P02023,Face Wash,Home,4073.06,7,Completed,East,Medium,U0406,4073.06,28511.42
P02024,Headphones,Home,4906.83,2,Cancelled,North,Medium,U0771,4906.83,9813.66
P02025,Mixer,Books,4640.08,7,Returned,East,High,U1070,4640.08,32480.56
P02026,Novel,Clothing,4500.81,3,Completed,West,High,U0749,4500.81,13502.43
P02027,T-Shirt,Home,3684.86,7,Completed,West,High,U0772,3684.86,25794.02
P02028,Running Shoes,Home,1898.29,5,Completed,South,Medium,U1295,1898.29,9491.45
P02029,Mixer,Books,620.01,1,Returned,East,Low,U0238,620.01,620.01
P02030,Novel,Books,3474.36,5,Completed,East,Medium,U1191,3474.36,17371.8
P02031,Face Wash,Beauty,4895.4,7,Completed,North,Low,U1400,4895.40,34267.8
P02032,T-Shirt,Books,3660.36,3,Completed,West,Medium,U0201,3660.36,10981.08
P02033,Face Wash,Electronics,4650.77,1,Completed,East,High,,4650.77,4650.77
P02034,Headphones,Clothing,4041.09,1,Completed,North,Low,U0232,4041.09,4041.09
P02035,Wireless Mouse,Beauty,899.26,7,Completed,South,Medium,U1470,899.26,6294.82
P02036,T-Shirt,Electronics,1321.1,3,Cancelled,East,Medium,U0724,1321.10,3963.3
P02037,Novel,Home,1775.14,2,Completed,East,High,U1442,1775.14,3550.28
P02038,Novel,Home,924.48,1,Completed,North,Low,U1178,924.48,924.48
P02039,Headphones,Beauty,2950.09,3,Completed,North,Low,U1392,2950.09,8850.27
P02040,Headphones,Books,4879.71,4,Completed,West,High,U0725,4879.71,19518.84
P02041,T-Shirt,Home,3831.15,5,Cancelled,West,Low,U0087,3831.15,19155.75
P02042,Face Wash,Sports,2174.6,1,Completed,,Medium,U0703,2174.60,2174.6
P02043,Running Shoes,Beauty,122.07,4,Completed,East,High,U0820,122.07,488.28
P02044,Novel,Electronics,1635.05,1,Completed,North,High,U0054,1635.05,1635.05
P02045,Novel,Beauty,2681.12,2,Cancelled,West,Low,U1066,2681.12,5362.24
P02046,Headphones,Clothing,1688.83,7,Returned,East,Medium,U1373,1688.83,11821.81
P02047,Mixer,Books,644.07,3,Completed,West,Low,U1254,644.07,1932.21
P02048,Headphones,Books,2269.55,1,Completed,South,Medium,U0742,2269.55,2269.55
P02049,Running Shoes,Beauty,1340.94,3,Completed,East,Medium,U0694,1340.94,4022.82
P02050,Face Wash,Home,4555.24,6,Pending,West,High,,4555.24,27331.44
P02051,Face Wash,Home,598.6,1,Completed,West,Medium,U1165,598.60,598.6
P02052,Mixer,Sports,340.85,2,Returned,South,Medium,U1312,340.85,681.7
P02053,Novel,Sports,126.04,2,Pending,South,Medium,U1346,126.04,252.08
P02054,Headphones,Books,1707.54,7,Cancelled,West,Low,U0594,1707.54,11952.78
P02055,Face Wash,Sports,3335.9,7,Completed,West,Low,U0442,3335.90,23351.3
P02056,Running Shoes,Electronics,3679.03,4,Completed,North,Low,U0167,3679.03,14716.12
P02057,T-Shirt,Sports,2320.98,2,Pending,West,High,U0566,2320.98,4641.96
P02058,Wireless Mouse,Electronics,3453.21,3,Completed,West,Medium,U1487,3453.21,10359.63
P02059,Wireless Mouse,Sports,1863.58,6,Completed,North,Low,U1480,1863.58,11181.48
P02060,Wireless Mouse,Books,3372.25,2,Completed,North,Medium,U0073,3372.25,6744.5
P02061,Novel,Books,298.92,1,Completed,West,Low,U0725,298.92,298.92
P02062,Headphones,Electronics,2014.69,2,Completed,North,Low,U0948,2014.69,4029.38
P02063,Mixer,Beauty,3975.16,6,Completed,East,High,U0270,3975.16,23850.96
P02064,Face Wash,Books,4034.73,3,Completed,South,High,U0219,4034.73,12104.19
P02065,T-Shirt,Beauty,3609.13,1,Completed,East,Low,U0547,3609.13,3609.13
P02066,Running Shoes,Home,1100.77,4,Completed,South,High,U1207,1100.77,4403.08
P02067,T-Shirt,Electronics,1311.31,4,Pending,South,Medium,U1102,1311.31,5245.24
P02068,Running Shoes,Books,4980.83,4,Completed,West,Medium,U0308,4980.83,19923.32
P02069,Novel,Clothing,606.55,7,Cancelled,South,Medium,U1352,,4245.85
P02070,Headphones,Home,985.25,1,Pending,East,Low,U0421,985.25,985.25
P02071,Wireless Mouse,Beauty,737.13,4,Pending,West,Low,U1260,737.13,2948.52
P02072,Headphones,Books,1705.51,7,Pending,North,Low,U0849,1705.51,11938.57
P02073,Novel,Electronics,1129.86,2,Completed,East,Low,U0886,1129.86,2259.72
P02074,Mixer,Sports,2538.67,1,Completed,West,Low,U0462,2538.67,2538.67
P02075,Mixer,Clothing,2432.5,1,Pending,South,Low,U0585,,2432.5
P02076,Novel,Beauty,4517.38,1,Completed,East,Medium,U0916,4517.38,4517.38
P02077,Running Shoes,Home,270.23,5,Completed,South,Medium,U0038,270.23,1351.15
P02078,Face Wash,Electronics,1667.41,7,Completed,West,Low,U0426,1667.41,11671.87
P02079,Face Wash,Clothing,3023.62,3,Cancelled,West,Low,U0434,3023.62,9070.86
P02080,Running Shoes,Electronics,3063.53,5,Completed,North,Low,U1383,3063.53,15317.65
P02081,Mixer,Books,2452.62,5,Completed,North,High,U1055,2452.62,12263.1
P02082,Mixer,Sports,4096.76,5,Returned,East,Low,U0205,4096.76,20483.8
P02083,Mixer,Home,407.34,3,Pending,North,High,U0705,407.34,1222.02
P02084,Headphones,Electronics,4095.89,5,Completed,South,Medium,U0742,4095.89,20479.45
P02085,Mixer,Beauty,2524.3,4,Cancelled,South,High,U1205,2524.30,10097.2
P02086,T-Shirt,Books,755.43,1,Completed,North,Medium,U0040,755.43,755.43
P02087,Wireless Mouse,Books,4439.94,1,Pending,North,Low,U0841,4439.94,4439.94
P02088,Mixer,Home,3281.22,7,Completed,North,Medium,U1447,3281.22,22968.54
P02089,Running Shoes,Books,901.37,2,Completed,East,Medium,U0906,901.37,1802.74
P02090,Wireless Mouse,Beauty,264.88,6,Pending,East,Medium,U1181,264.88,1589.28
P02091,Headphones,Electronics,791.44,4,Completed,South,Medium,U0168,791.44,3165.76
P02092,Running Shoes,Home,3083.11,3,Completed,East,Low,U0642,3083.11,9249.33
P02093,Wireless Mouse,Books,978.55,6,Pending,East,Medium,U1106,978.55,5871.3
P02094,Running Shoes,Books,1206.24,1,Completed,West,High,U0687,1206.24,1206.24
P02095,Headphones,Beauty,223.18,5,Returned,South,High,U0600,223.18,1115.9
P02096,T-Shirt,Sports,3642.36,7,Completed,South,Medium,U0102,3642.36,25496.52
P02097,Headphones,Sports,4070.79,7,Completed,North,Low,U0760,4070.79,28495.53
P02098,Headphones,Books,4004.56,2,Pending,West,Low,U0718,4004.56,8009.12
P02099,Running Shoes,Electronics,725.08,2,Completed,North,High,U0089,725.08,1450.16
P02100,Novel,Home,4526.18,1,Completed,East,High,U0345,4526.18,4526.18
P02101,Face Wash,Books,3394.17,4,Completed,South,High,U0800,3394.17,13576.68
P02102,Mixer,Clothing,4497.89,7,Returned,East,Medium,U1334,4497.89,31485.23
P02103,Mixer,Home,2291.09,6,Completed,East,High,U0608,2291.09,13746.54
P02104,T-Shirt,Sports,2241.08,2,Completed,West,High,U1464,2241.08,4482.16
P02105,T-Shirt,Books,3944.23,1,Completed,West,Medium,U0159,3944.23,3944.23
P02106,Mixer,Beauty,557.16,4,Completed,South,High,U1138,557.16,2228.64
P02107,Face Wash,Clothing,2652.28,1,Completed,South,Low,U0536,2652.28,2652.28
P02108,Mixer,Books,4198.28,1,Cancelled,West,Medium,U0163,4198.28,4198.28
P02109,Novel,Electronics,4167.94,4,Returned,West,High,U0286,,16671.76
P02110,Face Wash,Clothing,4785.05,4,Completed,West,Low,U0865,4785.05,19140.2
P02111,T-Shirt,Books,3521.54,4,Completed,West,Medium,U0055,3521.54,14086.16
P02112,Wireless Mouse,Electronics,1118.08,1,Returned,South,Low,U0576,1118.08,1118.08
P02113,Running Shoes,Clothing,199.37,2,Completed,South,High,U0033,199.37,398.74
P02114,Novel,Electronics,2449.14,3,Completed,East,Medium,U0558,2449.14,7347.42
P02115,Novel,Electronics,2617.15,3,Cancelled,East,High,U0731,2617.15,7851.45
P02116,T-Shirt,Clothing,1277.29,1,Pending,East,Medium,U0993,1277.29,1277.29
P02117,T-Shirt,Clothing,711.02,1,Completed,South,Medium,U0801,711.02,711.02
P02118,Headphones,Electronics,2972.42,2,Completed,North,Low,U0196,2972.42,5944.84
P02119,Novel,Sports,3844.85,4,Completed,East,High,U0448,3844.85,15379.4
P02120,Headphones,Clothing,4966.46,1,Completed,North,Medium,U0925,4966.46,4966.46
P02121,Headphones,Books,3815.68,7,Pending,North,Medium,U0092,3815.68,26709.76
P02122,Running Shoes,Home,3988.8,5,Completed,North,Low,U0608,3988.80,19944.0
P02123,Headphones,Beauty,3120.66,4,Completed,West,High,U1252,3120.66,12482.64
P02124,Face Wash,Electronics,4931.02,7,Completed,South,Medium,U0286,4931.02,34517.14
P02125,Mixer,Electronics,3235.79,1,Completed,South,High,U0874,3235.79,3235.79
P02126,Wireless Mouse,Beauty,4315.24,5,Completed,East,Medium,U1259,4315.24,21576.2
P02127,T-Shirt,Sports,4734.34,7,Pending,East,Low,U0102,4734.34,33140.38
P02128,Face Wash,Beauty,4656.31,6,Completed,South,Medium,U0140,4656.31,27937.86
P02129,Wireless Mouse,Clothing,1968.94,2,Completed,West,High,U0835,1968.94,3937.88
P02130,Novel,Beauty,485.44,5,Completed,South,High,U0266,485.44,2427.2
P02131,Novel,Electronics,942.18,1,Pending,North,Medium,U1366,942.18,942.18
P02132,Novel,Beauty,390.19,3,Completed,South,High,U0573,390.19,1170.57
P02133,Face Wash,Home,616.44,7,Completed,West,Low,U0535,616.44,4315.08
P02134,Face Wash,Books,1004.79,1,Completed,South,Medium,U0523,1004.79,1004.79
P02135,T-Shirt,Clothing,1771.36,3,Completed,South,Medium,U0016,1771.36,5314.08
P02136,Mixer,Beauty,2763.34,2,Pending,South,Low,U0561,2763.34,5526.68
P02137,Headphones,Electronics,3587.24,2,Completed,North,Medium,U0878,3587.24,7174.48
P02138,Novel,Books,1133.54,4,Pending,East,Medium,U0336,1133.54,4534.16
P02139,Running Shoes,Clothing,3395.36,7,Cancelled,West,Medium,U0910,3395.36,23767.52
P02140,Mixer,Electronics,3550.87,4,Returned,North,Low,U1414,3550.87,14203.48
P02141,Running Shoes,Sports,2837.25,3,Completed,South,Medium,U0170,2837.25,8511.75
P02142,T-Shirt,Home,4527.73,3,Completed,South,Medium,U0913,4527.73,13583.19
P02143,T-Shirt,Sports,643.87,2,Completed,East,Medium,U0119,643.87,1287.74
P02144,T-Shirt,Home,967.9,5,Completed,East,High,U1066,967.90,4839.5
P02145,Wireless Mouse,Beauty,2200.46,3,Pending,East,Low,U1013,2200.46,6601.38
P02146,Running Shoes,Clothing,720.89,3,Cancelled,North,High,U0010,720.89,2162.67
P02147,Mixer,Beauty,2874.85,7,Pending,West,High,U0430,2874.85,20123.95
P02148,Mixer,Home,2052.16,5,Completed,East,Medium,U1492,2052.16,10260.8
P02149,Face Wash,Home,1494.52,4,Completed,South,Medium,U0049,,5978.08
P02150,Face Wash,Home,932.95,4,Completed,West,Medium,U0207,932.95,3731.8
P02151,Novel,Books,1743.16,3,Cancelled,South,Medium,U0514,1743.16,5229.48
P02152,Face Wash,Electronics,3079.0,7,Completed,South,Medium,U1234,3079.00,21553.0
P02153,T-Shirt,Clothing,2921.35,4,Completed,West,Medium,U1163,2921.35,11685.4
P02154,Mixer,Beauty,901.76,4,Completed,North,Low,U0037,901.76,3607.04
P02155,Running Shoes,Beauty,712.11,6,Returned,West,Medium,U0218,712.11,4272.66
P02156,T-Shirt,Sports,230.72,7,Pending,East,High,U1480,230.72,1615.04
P02157,Wireless Mouse,Home,160.89,4,Cancelled,West,Low,U1302,160.89,643.56
P02158,Face Wash,Home,4411.07,2,Pending,East,High,U0180,4411.07,8822.14
P02159,T-Shirt,Home,320.94,1,Completed,East,Low,U0130,320.94,320.94
P02160,T-Shirt,Beauty,3682.98,3,Completed,West,Medium,U0611,3682.98,11048.94
P02161,Wireless Mouse,Sports,4372.73,3,Completed,West,Medium,U0659,4372.73,13118.19
P02162,Headphones,Electronics,580.48,2,Completed,East,Low,U0359,580.48,1160.96
P02163,Mixer,Books,2237.88,1,Cancelled,South,High,U0627,2237.88,2237.88
P02164,Running Shoes,Clothing,4815.28,1,Completed,West,Medium,U1028,4815.28,4815.28
P02165,Novel,Electronics,4187.28,2,Completed,North,Low,U1107,4187.28,8374.56
P02166,Headphones,Beauty,2499.55,5,Completed,East,Medium,U1178,2499.55,12497.75
P02167,Face Wash,Books,3836.6,5,Completed,South,Medium,U0506,3836.60,19183.0
P02168,T-Shirt,Books,4183.55,1,Completed,West,High,U0818,4183.55,4183.55
P02169,Wireless Mouse,Books,1805.33,5,Completed,West,Medium,U0794,1805.33,9026.65
P02170,Wireless Mouse,Home,4471.55,5,Completed,South,Low,U0839,4471.55,22357.75
P02171,Mixer,Clothing,2405.32,5,Completed,North,Low,U0623,2405.32,12026.6
P02172,Headphones,Beauty,2686.26,1,Completed,East,Medium,U0629,2686.26,2686.26
P02173,Novel,Beauty,4998.57,5,Completed,West,Medium,U0097,4998.57,24992.85
P02174,Mixer,Books,4232.18,3,Completed,North,High,U1306,4232.18,12696.54
P02175,T-Shirt,Beauty,1872.67,6,Cancelled,East,Medium,U0819,1872.67,11236.02
P02176,Mixer,Clothing,150.69,1,Completed,North,High,U0599,150.69,150.69
P02177,Running Shoes,Clothing,3168.25,2,Completed,East,High,U0934,3168.25,6336.5
P02178,Wireless Mouse,Sports,3549.18,5,Completed,East,Medium,U0429,3549.18,17745.9
P02179,Wireless Mouse,Sports,3288.93,4,Completed,North,Low,U1150,3288.93,13155.72
P02180,Face Wash,Electronics,4842.53,1,Completed,East,Low,U1325,4842.53,4842.53
P02181,Face Wash,Clothing,4328.56,7,Returned,West,Low,U0543,4328.56,30299.92
P02182,Novel,Clothing,2299.28,2,Pending,West,Medium,U0367,2299.28,4598.56
P02183,T-Shirt,Clothing,408.0,6,Completed,North,Low,U1069,408.00,2448.0
P02184,Running Shoes,Sports,2432.69,3,Completed,North,Low,U1340,2432.69,7298.07
P02185,Headphones,Books,3477.3,7,Completed,East,Low,U1213,3477.30,24341.1
P02186,Mixer,Books,3077.78,2,Completed,East,Low,U0052,3077.78,6155.56
P02187,Novel,Beauty,2736.87,5,Completed,North,Medium,U0564,2736.87,13684.35
P02188,T-Shirt,Books,2397.21,4,Returned,South,Low,U1356,2397.21,9588.84
P02189,Face Wash,Home,1539.43,5,Completed,North,Medium,U0499,1539.43,7697.15
P02190,Mixer,Sports,1459.0,2,Completed,South,Low,U0977,1459.00,2918.0
P02191,Face Wash,Clothing,2551.13,1,Returned,South,High,U1342,2551.13,2551.13
P02192,Mixer,Books,886.96,7,Pending,North,Low,U1434,886.96,6208.72
P02193,Headphones,Sports,1769.36,4,Returned,North,High,U0323,1769.36,7077.44
P02194,T-Shirt,Books,1687.5,7,Completed,North,Medium,U1254,1687.50,11812.5
P02195,Mixer,Electronics,2976.95,7,Completed,South,Medium,U1368,2976.95,20838.65
P02196,Running Shoes,Clothing,426.74,4,Pending,West,Medium,U1395,426.74,1706.96
P02197,Novel,Electronics,4165.38,2,Completed,West,Medium,U0556,4165.38,8330.76
P02198,Wireless Mouse,Clothing,2855.65,6,Completed,North,Low,U1316,2855.65,17133.9
P02199,Running Shoes,Sports,3387.05,6,Pending,North,High,U1461,3387.05,20322.3
P02200,Running Shoes,Beauty,3545.16,5,Completed,East,High,U1271,3545.16,17725.8
P02201,Novel,Books,1528.27,2,Cancelled,East,High,U0219,1528.27,3056.54
P02202,Wireless Mouse,Books,2404.82,4,Returned,East,Medium,U0534,2404.82,9619.28
P02203,Running Shoes,Home,4785.61,2,Cancelled,North,Medium,U0642,4785.61,9571.22
P02204,Mixer,Electronics,3856.86,4,Completed,West,Medium,U0519,3856.86,15427.44
P02205,Mixer,Books,4850.83,7,Pending,West,Medium,U1496,4850.83,33955.81
P02206,Mixer,Sports,3756.65,5,Pending,North,High,U1374,3756.65,18783.25
P02207,Wireless Mouse,Beauty,960.44,1,Returned,North,Medium,U0044,960.44,960.44
P02208,Running Shoes,Sports,416.23,7,Completed,South,High,U0065,416.23,2913.61
P02209,Wireless Mouse,Electronics,2930.54,1,Completed,South,Low,U0246,2930.54,2930.54
P02210,Mixer,Home,1853.29,2,Cancelled,West,Medium,U0987,1853.29,3706.58
P02211,Novel,Books,1449.74,4,Completed,East,High,U1095,1449.74,5798.96
P02212,Running Shoes,Sports,4055.33,1,Completed,West,High,U0158,4055.33,4055.33
P02213,Running Shoes,Clothing,1898.27,7,Completed,South,Medium,U0938,1898.27,13287.89
P02214,Face Wash,Beauty,1653.3,4,Completed,West,Low,U1499,1653.30,6613.2
P02215,Face Wash,Sports,4264.94,5,Pending,South,Low,U1049,4264.94,21324.7
P02216,Headphones,Beauty,4246.81,7,Completed,South,Low,U0825,4246.81,29727.67
P02217,T-Shirt,Books,1846.2,2,Pending,East,Medium,U1247,1846.20,3692.4
P02218,Face Wash,Clothing,4179.24,4,Completed,East,Medium,U0160,4179.24,16716.96
P02219,Wireless Mouse,Home,4268.81,2,Completed,South,Medium,U0818,4268.81,8537.62
P02220,Face Wash,Home,2177.26,4,Completed,North,Medium,U1005,2177.26,8709.04
P02221,Headphones,Clothing,425.72,7,Pending,East,Medium,U0075,425.72,2980.04
P02222,Running Shoes,Beauty,107.76,6,Completed,South,Medium,U0138,107.76,646.56
P02223,Headphones,Books,2664.13,6,Completed,North,High,U0479,2664.13,15984.78
P02224,Running Shoes,Sports,1785.97,4,Pending,North,Low,U0553,1785.97,7143.88
P02225,Novel,Clothing,4985.95,5,Pending,West,High,U1327,4985.95,24929.75
P02226,Novel,Electronics,3884.81,2,Completed,West,Medium,U0387,3884.81,7769.62
P02227,Running Shoes,Beauty,3830.25,3,Completed,East,Medium,U0472,3830.25,11490.75
P02228,T-Shirt,Home,4780.69,4,Completed,North,High,U1358,4780.69,19122.76
P02229,Face Wash,Clothing,4449.85,4,Completed,East,Low,U0309,4449.85,17799.4
P02230,Wireless Mouse,Home,1659.12,6,Completed,South,Low,U0887,1659.12,9954.72
P02231,Wireless Mouse,Beauty,913.34,1,Cancelled,East,Low,U0701,913.34,913.34
P02232,Mixer,Home,3754.87,7,Pending,North,Low,U1187,3754.87,26284.09
P02233,Running Shoes,Clothing,1953.54,6,Completed,West,Medium,U1000,1953.54,11721.24
P02234,Wireless Mouse,Beauty,2418.55,2,Completed,East,Low,U0952,2418.55,4837.1
P02235,T-Shirt,Electronics,3188.95,6,Returned,West,Low,U1079,3188.95,19133.7
P02236,Running Shoes,Clothing,4548.58,3,Completed,East,Medium,U0786,4548.58,13645.74
P02237,T-Shirt,Sports,2153.53,5,Pending,South,Medium,U1479,2153.53,10767.65
P02238,Wireless Mouse,Books,3938.25,7,Completed,North,Medium,,3938.25,27567.75
P02239,Wireless Mouse,Clothing,1414.86,3,Completed,East,Medium,U0102,1414.86,4244.58
P02240,Mixer,Beauty,3520.06,5,Cancelled,South,Medium,U0775,3520.06,17600.3
P02241,Wireless Mouse,Books,107.74,3,Completed,South,Low,U1412,107.74,323.22
P02242,Running Shoes,Clothing,4370.39,7,Completed,South,Medium,U1232,4370.39,30592.73
P02243,Novel,Electronics,248.86,6,Cancelled,West,High,U1339,248.86,1493.16
P02244,Running Shoes,Electronics,3592.49,3,Pending,West,Medium,U1073,3592.49,10777.47
P02245,Running Shoes,Sports,326.67,6,Pending,South,High,U0572,326.67,1960.02
P02246,Mixer,Home,1404.6,7,Completed,South,High,U0148,1404.60,9832.2
P02247,Mixer,Books,2536.29,6,Completed,East,High,U1235,2536.29,15217.74
P02248,Wireless Mouse,Beauty,2157.7,2,Pending,East,Medium,U1396,2157.70,4315.4
P02249,Headphones,Beauty,1040.0,6,Returned,North,Medium,U0597,1040.00,6240.0
P02250,Headphones,Home,1735.69,1,Pending,East,High,U0978,1735.69,1735.69
P02251,Mixer,Electronics,3665.76,3,Pending,North,Medium,U1071,3665.76,10997.28
P02252,Wireless Mouse,Electronics,3379.36,7,Completed,North,Medium,U0499,3379.36,23655.52
P02253,Headphones,Clothing,451.89,4,Pending,North,Low,U0155,451.89,1807.56
P02254,Wireless Mouse,Sports,3761.85,4,Pending,West,Low,U0230,3761.85,15047.4
P02255,Wireless Mouse,Books,359.92,4,Pending,East,Low,U1324,359.92,1439.68
P02256,Wireless Mouse,Sports,2760.34,7,Completed,South,Medium,U0158,2760.34,19322.38
P02257,Face Wash,Sports,1374.31,1,Cancelled,North,Medium,U0923,1374.31,1374.31
P02258,Running Shoes,Clothing,2979.68,6,Completed,South,High,U1271,2979.68,17878.08
P02259,Wireless Mouse,Sports,1380.51,3,Completed,North,High,U0568,1380.51,4141.53
P02260,Face Wash,Home,4926.29,5,Pending,East,High,U1175,4926.29,24631.45
P02261,Mixer,Clothing,1617.67,5,Pending,North,High,U0299,1617.67,8088.35
P02262,Headphones,Home,1285.61,7,Completed,East,High,U1078,1285.61,8999.27
P02263,Running Shoes,Clothing,1464.48,2,Pending,South,High,U1247,1464.48,2928.96
P02264,Novel,Sports,4492.72,1,Completed,East,Low,U0766,4492.72,4492.72
P02265,Headphones,Home,3217.47,3,Completed,South,Medium,U0565,3217.47,9652.41
P02266,Running Shoes,Home,3680.35,6,Completed,East,Medium,U0467,3680.35,22082.1
P02267,Novel,Home,4598.25,4,Cancelled,North,Low,U0486,4598.25,18393.0
P02268,Headphones,Clothing,4568.18,1,Completed,North,High,U0444,4568.18,4568.18
P02269,Running Shoes,Beauty,3720.83,1,Completed,East,Low,U0905,3720.83,3720.83
P02270,Headphones,Sports,1069.34,3,Pending,South,Medium,U0863,1069.34,3208.02
P02271,Headphones,Home,4232.53,7,Completed,South,Low,U1162,4232.53,29627.71
P02272,Novel,Books,1098.5,6,Pending,South,Medium,U0926,1098.50,6591.0
P02273,Headphones,Beauty,3740.2,7,Cancelled,East,Medium,U0292,3740.20,26181.4
P02274,Headphones,Books,3459.46,7,Cancelled,East,Medium,U1234,3459.46,24216.22
P02275,Novel,Sports,3818.56,2,Completed,East,Low,U0752,3818.56,7637.12
P02276,Mixer,Sports,2710.16,7,Completed,East,Medium,U1235,2710.16,18971.12
P02277,Wireless Mouse,Home,3229.76,6,Pending,South,Medium,U0875,3229.76,19378.56
P02278,T-Shirt,Home,4771.27,2,Completed,South,High,U0663,4771.27,9542.54
P02279,Face Wash,Clothing,595.33,2,Completed,West,Low,U1412,595.33,1190.66
P02280,T-Shirt,Beauty,1613.35,4,Completed,East,Low,U1420,1613.35,6453.4
P02281,T-Shirt,Beauty,3095.65,4,Completed,West,Low,U1148,3095.65,12382.6
P02282,Running Shoes,Home,4823.87,3,Returned,East,High,U0920,4823.87,14471.61
P02283,Wireless Mouse,Sports,568.31,6,Pending,West,Medium,U0909,568.31,3409.86
P02284,Running Shoes,Home,210.49,7,Completed,South,Low,U0124,210.49,1473.43
P02285,Wireless Mouse,Sports,373.17,2,Completed,South,Low,U0068,373.17,746.34
P02286,Novel,Sports,356.79,3,Returned,West,High,U0475,356.79,1070.37
P02287,Novel,Home,4548.3,2,Completed,North,Medium,U0358,4548.30,9096.6
P02288,Wireless Mouse,Electronics,3634.16,1,Pending,East,Medium,U1480,3634.16,3634.16
P02289,Headphones,Beauty,3417.82,5,Completed,West,Medium,U1370,3417.82,17089.1
P02290,Mixer,Books,2660.61,5,Cancelled,West,Low,U0521,2660.61,13303.05
P02291,Headphones,Sports,3931.57,2,Pending,North,Low,U0833,3931.57,7863.14
P02292,Mixer,Sports,862.68,3,Completed,South,Medium,U0624,862.68,2588.04
P02293,Running Shoes,Electronics,2020.51,4,Completed,West,Low,U1352,2020.51,8082.04
P02294,Mixer,Books,2501.02,6,Completed,South,High,U1354,2501.02,15006.12
P02295,Running Shoes,Clothing,641.01,2,Cancelled,East,Medium,U0427,641.01,1282.02
P02296,Novel,Electronics,2155.62,2,Completed,North,Medium,U1009,2155.62,4311.24
P02297,T-Shirt,Books,1650.86,6,Completed,South,Low,U0443,1650.86,9905.16
P02298,Novel,Electronics,274.35,7,Completed,West,Low,U0601,274.35,1920.45
P02299,Novel,Sports,770.0,4,Cancelled,North,Low,U1119,770.00,3080.0
P02300,T-Shirt,Beauty,3843.78,2,Pending,North,Medium,U0762,3843.78,7687.56
P02301,Mixer,Electronics,188.39,1,Completed,North,Low,U0955,188.39,188.39
P02302,Mixer,Clothing,4677.84,4,Completed,North,Medium,U1475,4677.84,18711.36
P02303,Running Shoes,Home,523.48,1,Completed,North,Medium,U1341,523.48,523.48
P02304,Headphones,Books,4016.27,5,Completed,East,High,U0487,4016.27,20081.35
P02305,Running Shoes,Electronics,4503.22,6,Completed,East,Low,U0739,4503.22,27019.32
P02306,Headphones,Electronics,4711.56,4,Completed,North,Low,U0648,4711.56,18846.24
P02307,Novel,Clothing,4350.64,7,Returned,West,Low,U0896,4350.64,30454.48
P02308,T-Shirt,Beauty,1509.0,4,Completed,West,Medium,U0005,1509.00,6036.0
P02309,Novel,Electronics,1732.13,3,Pending,East,Low,U0632,1732.13,5196.39
P02310,Wireless Mouse,Electronics,2190.07,3,Completed,South,Medium,U1395,2190.07,6570.21
P02311,Mixer,Beauty,782.55,6,Completed,North,Medium,U0877,782.55,4695.3
P02312,Headphones,Clothing,209.14,7,Completed,West,Low,U0986,209.14,1463.98
P02313,Running Shoes,Books,4358.7,4,Pending,East,Low,U1212,4358.70,17434.8
P02314,T-Shirt,Books,2815.23,5,Completed,East,Medium,U0026,2815.23,14076.15
P02315,Headphones,Electronics,3082.74,7,Cancelled,South,Low,U0162,3082.74,21579.18
P02316,Running Shoes,Beauty,4642.24,2,Completed,South,Low,U0745,4642.24,9284.48
P02317,Mixer,Electronics,3359.09,6,Completed,West,Medium,U1154,3359.09,20154.54
P02318,Novel,Home,3485.18,7,Cancelled,South,Medium,U0533,3485.18,24396.26
P02319,Mixer,Books,3956.15,6,Completed,South,Low,U0883,3956.15,23736.9
P02320,Face Wash,Sports,670.11,7,Completed,North,Medium,U0410,670.11,4690.77
P02321,Wireless Mouse,Home,1864.79,3,Completed,East,Low,U1097,1864.79,5594.37
P02322,Face Wash,Electronics,4844.22,5,Pending,East,Medium,U1257,4844.22,24221.1
P02323,T-Shirt,Clothing,4622.36,6,Pending,South,High,U0855,4622.36,27734.16
P02324,Headphones,Books,4431.97,5,Completed,East,High,U1130,4431.97,22159.85
P02325,T-Shirt,Sports,2315.23,6,Completed,East,Medium,U0901,2315.23,13891.38
P02326,Novel,Home,4300.25,3,Pending,West,Medium,U0009,4300.25,12900.75
P02327,Running Shoes,Books,337.14,2,Returned,East,High,U0050,337.14,674.28
P02328,Mixer,Beauty,827.74,3,Completed,South,Low,U0442,827.74,2483.22
P02329,Face Wash,Clothing,2128.44,6,Cancelled,West,Medium,U0036,2128.44,12770.64
P02330,Face Wash,Home,2468.62,5,Completed,East,High,U1226,2468.62,12343.1
P02331,Novel,Beauty,1391.19,1,Completed,East,Medium,U0118,1391.19,1391.19
P02332,Face Wash,Electronics,1846.74,3,Completed,West,Medium,U0702,1846.74,5540.22
P02333,Novel,Beauty,897.6,5,Completed,West,Medium,U0754,897.60,4488.0
P02334,T-Shirt,Home,2496.76,7,Completed,East,Low,U1193,2496.76,17477.32
P02335,Mixer,Home,3989.83,7,Returned,North,Medium,U0230,3989.83,27928.81
P02336,Headphones,Electronics,3340.67,3,Completed,North,Low,U0560,3340.67,10022.01
P02337,Running Shoes,Beauty,628.18,6,Completed,East,Low,U1174,628.18,3769.08
P02338,Headphones,Beauty,2489.15,7,Completed,East,Low,U0208,2489.15,17424.05
P02339,T-Shirt,Electronics,3518.47,5,Pending,West,Medium,U1085,3518.47,17592.35
P02340,Running Shoes,Beauty,2696.49,2,Cancelled,West,Low,U1141,2696.49,5392.98
P02341,Face Wash,Books,2019.21,5,Completed,East,Medium,U0239,2019.21,10096.05
P02342,Wireless Mouse,Electronics,3147.38,7,Completed,East,Medium,U0867,3147.38,22031.66
P02343,T-Shirt,Clothing,4846.33,7,Completed,East,Low,U0048,4846.33,33924.31
P02344,T-Shirt,Home,565.05,4,Completed,East,Low,U1472,565.05,2260.2
P02345,Mixer,Clothing,2011.08,1,Completed,North,Low,U0757,2011.08,2011.08
P02346,Headphones,Books,2092.37,6,Completed,West,Medium,U1492,2092.37,12554.22
P02347,T-Shirt,Books,2927.14,5,Pending,South,Low,U1317,2927.14,14635.7
P02348,T-Shirt,Sports,845.66,7,Completed,East,Medium,U1449,845.66,5919.62
P02349,Face Wash,Sports,965.55,6,Completed,East,Low,U0517,965.55,5793.3
P02350,Face Wash,Sports,1498.27,3,Completed,East,Medium,U0205,1498.27,4494.81
P02351,Running Shoes,Electronics,4783.76,3,Completed,South,Medium,U1204,4783.76,14351.28
P02352,Novel,Beauty,3697.13,5,Completed,West,Medium,U0090,3697.13,18485.65
P02353,Novel,Books,3342.3,4,Completed,West,Medium,U0500,3342.30,13369.2
P02354,Wireless Mouse,Clothing,4103.09,7,Cancelled,East,High,U1132,4103.09,28721.63
P02355,Novel,Clothing,725.12,5,Completed,East,Low,U1214,725.12,3625.6
P02356,Mixer,Clothing,4310.73,2,Completed,West,High,U1204,4310.73,8621.46
P02357,Wireless Mouse,Clothing,3014.68,4,Completed,South,High,U1044,3014.68,12058.72
P02358,Running Shoes,Sports,1743.11,7,Returned,East,Low,U1383,1743.11,12201.77
P02359,Face Wash,Clothing,4097.69,7,Completed,South,High,U0007,4097.69,28683.83
P02360,Novel,Beauty,4032.57,6,Cancelled,South,High,U0322,4032.57,24195.42
P02361,Headphones,Sports,4243.97,5,Completed,West,High,U0268,4243.97,21219.85
P02362,Face Wash,Clothing,666.04,7,Completed,East,Medium,U1451,666.04,4662.28
P02363,Mixer,Electronics,4849.87,6,Pending,North,Medium,U0296,4849.87,29099.22
P02364,Face Wash,Home,4802.17,7,Completed,West,Low,U0570,4802.17,33615.19
P02365,Mixer,Home,1851.6,1,Completed,West,Medium,U1411,1851.60,1851.6
P02366,Mixer,Home,422.88,4,Completed,North,Low,U0264,422.88,1691.52
P02367,Mixer,Sports,918.57,5,Cancelled,East,Low,U0090,918.57,4592.85
P02368,Running Shoes,Clothing,4964.87,1,Completed,South,High,U0853,4964.87,4964.87
P02369,Mixer,Books,2858.76,5,Completed,South,Low,U1285,2858.76,14293.8
P02370,Mixer,Books,1847.45,2,Completed,South,Medium,U0488,1847.45,3694.9
P02371,Headphones,Books,1512.19,3,Completed,East,Low,U1365,1512.19,4536.57
P02372,Wireless Mouse,Sports,1359.26,6,Completed,West,Low,U1353,1359.26,8155.56
P02373,T-Shirt,Beauty,3354.35,5,Completed,West,Medium,U0401,3354.35,16771.75
P02374,Wireless Mouse,Electronics,2155.0,4,Completed,West,Low,U0357,2155.00,8620.0
P02375,Mixer,Electronics,4830.51,5,Completed,West,High,U0755,4830.51,24152.55
P02376,Headphones,Home,3450.83,5,Completed,West,Low,U0499,3450.83,17254.15
P02377,Face Wash,Home,3981.02,5,Completed,North,Low,U0834,3981.02,19905.1
P02378,Headphones,Books,1534.43,7,Pending,,Low,U0435,1534.43,10741.01
P02379,Mixer,Books,488.01,5,Returned,South,Low,U0119,488.01,2440.05
P02380,Headphones,Home,2490.33,7,Pending,East,Low,U1071,2490.33,17432.31
P02381,Novel,Clothing,1641.45,4,Completed,North,Medium,U1192,1641.45,6565.8
P02382,Headphones,Beauty,1090.21,4,Pending,West,Medium,U1023,1090.21,4360.84
P02383,Mixer,Beauty,4767.95,5,Returned,West,Low,U0348,4767.95,23839.75
P02384,Running Shoes,Beauty,2275.54,7,Completed,West,Low,U0539,2275.54,15928.78
P02385,Novel,Beauty,956.07,3,Completed,North,High,U1320,956.07,2868.21
P02386,Headphones,Home,1073.39,5,Completed,East,Medium,U1198,1073.39,5366.95
P02387,T-Shirt,Electronics,1475.48,6,Cancelled,North,Medium,U1419,1475.48,8852.88
P02388,T-Shirt,Home,4996.65,6,Completed,East,Medium,U0530,4996.65,29979.9
P02389,Headphones,Beauty,1413.26,4,Completed,South,Medium,U0303,1413.26,5653.04
P02390,Running Shoes,Home,1711.13,6,Completed,East,High,U0202,1711.13,10266.78
P02391,Face Wash,Beauty,3330.71,6,Cancelled,South,High,U0156,3330.71,19984.26
P02392,Mixer,Sports,1540.41,2,Completed,East,Low,U0014,1540.41,3080.82
P02393,T-Shirt,Books,1157.44,5,Pending,South,Low,U1044,1157.44,5787.2
P02394,Face Wash,Electronics,877.32,5,Cancelled,South,Medium,U0756,877.32,4386.6
P02395,Headphones,Sports,1632.15,5,Completed,West,High,U0889,1632.15,8160.75
P02396,Face Wash,Clothing,618.99,5,Completed,East,Low,U1481,618.99,3094.95
P02397,Novel,Home,191.37,1,Completed,West,Medium,U1197,191.37,191.37
P02398,Wireless Mouse,Clothing,4042.74,5,Returned,South,Medium,U0445,4042.74,20213.7
P02399,T-Shirt,Home,775.69,7,Pending,West,Medium,U0122,775.69,5429.83
P02400,Headphones,Books,3902.29,4,Cancelled,North,Low,U0184,3902.29,15609.16
P02401,Mixer,Sports,4007.96,7,Completed,West,Low,U0671,4007.96,28055.72
P02402,Running Shoes,Books,2735.81,4,Completed,East,Low,U0049,2735.81,10943.24
P02403,Novel,Beauty,1617.44,1,Completed,West,Low,U0181,1617.44,1617.44
P02404,Headphones,Books,810.66,5,Completed,North,Low,U1418,810.66,4053.3
P02405,Mixer,Books,3710.35,3,Cancelled,West,Medium,U1417,3710.35,11131.05
P02406,Running Shoes,Beauty,3046.8,7,Completed,South,High,U1372,3046.80,21327.6
P02407,Running Shoes,Home,3311.72,5,Completed,South,Medium,U1500,3311.72,16558.6
P02408,Headphones,Beauty,142.48,4,Completed,South,Medium,U0141,142.48,569.92
P02409,Novel,Sports,4644.83,7,Completed,East,Medium,U0530,4644.83,32513.81
P02410,Face Wash,Books,424.82,2,Completed,West,Low,U0584,424.82,849.64
P02411,Face Wash,Beauty,1897.35,6,Completed,South,Low,U0471,1897.35,11384.1
P02412,Running Shoes,Books,2073.29,2,Pending,West,Low,U1287,2073.29,4146.58
P02413,Face Wash,Sports,106.64,3,Completed,North,High,U0143,106.64,319.92
P02414,Wireless Mouse,Clothing,2535.74,5,Completed,North,High,U0707,2535.74,12678.7
P02415,Running Shoes,Sports,3788.76,1,Completed,East,Medium,U1170,3788.76,3788.76
P02416,Running Shoes,Electronics,4134.02,5,Pending,West,Medium,U0294,4134.02,20670.1
P02417,Mixer,Electronics,4409.05,3,Completed,North,Medium,U0422,4409.05,13227.15
P02418,Face Wash,Electronics,2489.82,3,Cancelled,East,Medium,U0564,2489.82,7469.46
P02419,Novel,Books,3190.12,6,Completed,East,Medium,U0417,3190.12,19140.72
P02420,Running Shoes,Home,489.65,3,Completed,South,Medium,U0661,489.65,1468.95
P02421,Novel,Home,2491.39,2,Completed,North,High,U0913,2491.39,4982.78
P02422,Wireless Mouse,Home,858.6,6,Completed,West,Medium,U1131,858.60,5151.6
P02423,Mixer,Books,1911.25,5,Pending,North,Medium,U1342,1911.25,9556.25
P02424,Headphones,Sports,1713.6,7,Completed,North,High,U0059,1713.60,11995.2
P02425,Novel,Home,2175.35,5,Completed,West,Medium,U1016,2175.35,10876.75
P02426,Running Shoes,Clothing,2901.02,1,Completed,West,Medium,U0258,2901.02,2901.02
P02427,Wireless Mouse,Electronics,4524.1,3,Cancelled,South,Medium,U0793,4524.10,13572.3
P02428,T-Shirt,Sports,2032.97,3,Cancelled,East,High,U1449,2032.97,6098.91
P02429,Wireless Mouse,Electronics,4907.54,4,Completed,West,Medium,U0531,4907.54,19630.16
P02430,Wireless Mouse,Home,3819.24,6,Completed,West,Medium,U0166,3819.24,22915.44
P02431,Mixer,Sports,2606.26,4,Pending,North,Low,U1049,2606.26,10425.04
P02432,Headphones,Beauty,3255.73,6,Pending,West,High,U0004,3255.73,19534.38
P02433,T-Shirt,Clothing,600.9,2,Completed,West,Medium,U0003,600.90,1201.8
P02434,Face Wash,Home,4238.16,6,Completed,North,Medium,U0418,,25428.96
P02435,Face Wash,Home,2953.55,5,Pending,North,High,U0362,2953.55,14767.75
P02436,Novel,Clothing,4931.73,1,Completed,North,High,U0906,4931.73,4931.73
P02437,Wireless Mouse,Clothing,3218.5,7,Completed,South,High,U0369,3218.50,22529.5
P02438,Mixer,Beauty,4187.15,6,Cancelled,East,Low,,4187.15,25122.9
P02439,Mixer,Home,4018.84,6,Completed,West,Medium,U0880,4018.84,24113.04
P02440,Face Wash,Books,1792.76,6,Cancelled,North,Low,U0346,1792.76,10756.56
P02441,Novel,Home,1372.09,1,Completed,North,Low,U0731,1372.09,1372.09
P02442,Novel,Electronics,2209.42,3,Cancelled,East,High,U0897,2209.42,6628.26
P02443,Novel,Sports,2389.48,1,Completed,South,High,U1068,2389.48,2389.48
P02444,T-Shirt,Sports,1276.42,3,Pending,West,Medium,U0724,1276.42,3829.26
P02445,Headphones,Electronics,4483.53,7,Completed,South,Low,U0564,4483.53,31384.71
P02446,T-Shirt,Sports,2758.48,5,Completed,South,Low,U1177,,13792.4
P02447,Running Shoes,Clothing,4894.38,1,Completed,South,Medium,U0202,4894.38,4894.38
P02448,Running Shoes,Sports,4069.09,3,Pending,North,Low,U0321,4069.09,12207.27
P02449,Headphones,Sports,2822.95,5,Completed,East,Medium,U0464,2822.95,14114.75
P02450,Face Wash,Electronics,4740.5,5,Completed,East,Medium,U1035,4740.50,23702.5
P02451,Headphones,Beauty,2573.89,3,Completed,East,High,U1251,2573.89,7721.67
P02452,Mixer,Sports,4446.82,3,Completed,South,Low,U0633,4446.82,13340.46
P02453,Running Shoes,Books,1854.91,2,Completed,West,Medium,U0333,1854.91,3709.82
P02454,Wireless Mouse,Sports,1955.35,5,Returned,South,High,U1493,1955.35,9776.75
P02455,Wireless Mouse,Beauty,2148.84,3,Completed,East,Medium,U0015,2148.84,6446.52
P02456,Face Wash,Electronics,2778.47,5,Completed,North,Low,U1081,2778.47,13892.35
P02457,Mixer,Beauty,2812.1,1,Returned,South,Low,U1354,2812.10,2812.1
P02458,T-Shirt,Electronics,2532.35,7,Pending,North,High,U1088,2532.35,17726.45
P02459,Mixer,Clothing,1599.4,4,Pending,East,Medium,U0230,1599.40,6397.6
P02460,Wireless Mouse,Electronics,4643.31,4,Completed,South,High,U0011,4643.31,18573.24
P02461,Wireless Mouse,Clothing,2984.07,6,Completed,North,Low,U1248,2984.07,17904.42
P02462,Running Shoes,Clothing,2097.92,3,Completed,South,High,U0542,2097.92,6293.76
P02463,Mixer,Electronics,3290.77,3,Completed,East,Medium,U0522,3290.77,9872.31
P02464,Mixer,Books,3863.04,5,Pending,West,Low,U1078,3863.04,19315.2
P02465,Wireless Mouse,Home,4807.57,6,Completed,East,High,U0767,4807.57,28845.42
P02466,T-Shirt,Electronics,2547.79,3,Completed,West,Medium,U1181,2547.79,7643.37
P02467,Face Wash,Sports,649.28,5,Cancelled,West,High,U0641,,3246.4
P02468,Novel,Books,2259.75,3,Completed,East,High,U0570,2259.75,6779.25
P02469,Face Wash,Books,2446.96,5,Cancelled,North,Low,U0405,2446.96,12234.8
P02470,Mixer,Sports,4495.27,3,Completed,South,Medium,,4495.27,13485.81
P02471,Face Wash,Home,2034.52,2,Completed,South,Medium,U0707,2034.52,4069.04
P02472,Wireless Mouse,Books,4771.29,7,Completed,South,Medium,U0929,4771.29,33399.03
P02473,Wireless Mouse,Clothing,2477.15,5,Completed,West,Medium,U1427,2477.15,12385.75
P02474,Mixer,Home,4871.52,7,Completed,West,High,U1113,4871.52,34100.64
P02475,Mixer,Sports,140.17,2,Completed,East,Low,U0593,140.17,280.34
P02476,Novel,Home,4504.2,2,Completed,North,Medium,U0186,4504.20,9008.4
P02477,Novel,Electronics,4662.49,2,Completed,East,Low,U0895,4662.49,9324.98
P02478,Running Shoes,Home,4809.0,2,Completed,East,Low,U0079,4809.00,9618.0
P02479,Mixer,Clothing,164.08,1,Completed,North,High,U0145,164.08,164.08
P02480,T-Shirt,Electronics,941.33,7,Completed,West,Low,U0014,941.33,6589.31
P02481,Face Wash,Beauty,3303.45,6,Completed,East,Low,U0002,3303.45,19820.7
P02482,Mixer,Sports,224.82,7,Completed,East,Low,U0516,224.82,1573.74
P02483,Headphones,Sports,411.68,4,Completed,West,Medium,U0756,411.68,1646.72
P02484,Running Shoes,Home,1183.29,1,Completed,South,Low,U0066,1183.29,1183.29
P02485,Headphones,Books,2610.95,3,Completed,North,Medium,U0246,2610.95,7832.85
P02486,Wireless Mouse,Electronics,2774.92,3,Completed,North,Medium,U1454,2774.92,8324.76
P02487,Novel,Beauty,267.88,6,Returned,South,Low,U0572,267.88,1607.28
P02488,Face Wash,Electronics,934.8,4,Completed,North,Medium,U1256,934.80,3739.2
P02489,Mixer,Sports,2548.56,4,Completed,South,Low,U0436,2548.56,10194.24
P02490,Headphones,Electronics,3010.31,4,Returned,East,Medium,U0353,3010.31,12041.24
P02491,Face Wash,Beauty,827.17,2,Cancelled,North,Medium,U0679,827.17,1654.34
P02492,Wireless Mouse,Books,2054.32,1,Cancelled,North,Low,U0383,2054.32,2054.32
P02493,Novel,Home,4531.57,3,Completed,East,Low,U1084,4531.57,13594.71
P02494,T-Shirt,Clothing,4994.61,1,Completed,West,Low,U0470,4994.61,4994.61
P02495,Running Shoes,Electronics,4937.35,1,Pending,West,Medium,U1435,4937.35,4937.35
P02496,Face Wash,Clothing,4420.21,1,Cancelled,East,Low,U1107,4420.21,4420.21
P02497,Face Wash,Sports,2033.83,4,Completed,North,Low,U0074,2033.83,8135.32
P02498,T-Shirt,Home,3464.21,6,Completed,North,Low,U1335,3464.21,20785.26
P02499,Face Wash,Home,2141.3,6,Returned,North,High,U1478,2141.30,12847.8
P02500,Wireless Mouse,Electronics,3277.78,4,Completed,South,Medium,U0026,3277.78,13111.12
P02501,Wireless Mouse,Books,1616.22,3,Completed,West,Low,U1450,1616.22,4848.66
P02502,T-Shirt,Home,3070.39,3,Completed,North,Low,U1401,3070.39,9211.17
P02503,Running Shoes,Electronics,2666.42,3,Completed,West,High,U1267,2666.42,7999.26
P02504,Mixer,Electronics,219.95,6,Completed,West,Low,U0835,219.95,1319.7
P02505,Headphones,Clothing,3974.44,6,Completed,North,High,U0628,3974.44,23846.64
P02506,Mixer,Home,158.3,1,Returned,East,Low,U1347,158.30,158.3
P02507,Face Wash,Electronics,1536.46,4,Completed,East,Low,U1204,1536.46,6145.84
P02508,Headphones,Clothing,129.03,2,Completed,West,Medium,U0774,129.03,258.06
P02509,T-Shirt,Beauty,1943.39,1,Cancelled,South,Medium,U1009,1943.39,1943.39
P02510,T-Shirt,Clothing,409.49,5,Completed,West,High,U0266,409.49,2047.45
P02511,Running Shoes,Clothing,4576.2,6,Completed,West,High,U0550,4576.20,27457.2
P02512,Headphones,Electronics,2136.83,1,Completed,East,Medium,U1404,2136.83,2136.83
P02513,Wireless Mouse,Sports,2351.53,4,Completed,North,Medium,U0077,2351.53,9406.12
P02514,Headphones,Sports,1814.27,5,Completed,North,High,U1073,1814.27,9071.35
P02515,Face Wash,Books,3174.78,7,Pending,South,Medium,U1014,3174.78,22223.46
P02516,Wireless Mouse,Sports,3943.6,1,Cancelled,East,Low,U1278,3943.60,3943.6
P02517,Novel,Clothing,3275.92,4,Pending,East,Low,U1404,3275.92,13103.68
P02518,Novel,Books,3766.21,4,Completed,West,Low,U1273,3766.21,15064.84
P02519,Novel,Electronics,4539.27,6,Completed,East,High,U1096,4539.27,27235.62
P02520,T-Shirt,Home,4331.38,2,Completed,West,Medium,U0447,4331.38,8662.76
P02521,Headphones,Clothing,3402.89,1,Completed,South,Low,U0506,3402.89,3402.89
P02522,Novel,Clothing,1151.73,4,Completed,East,High,U1277,1151.73,4606.92
P02523,Mixer,Books,3224.74,3,Cancelled,East,Low,U0996,3224.74,9674.22
P02524,Running Shoes,Electronics,2579.81,4,Completed,West,Medium,U0870,2579.81,10319.24
P02525,Mixer,Beauty,3614.37,2,Completed,East,High,U0299,3614.37,7228.74
P02526,Novel,Clothing,4181.37,4,Completed,North,Medium,U0734,4181.37,16725.48
P02527,Running Shoes,Beauty,3739.34,6,Completed,South,Low,U1084,3739.34,22436.04
P02528,Face Wash,Beauty,4248.15,7,Pending,North,Medium,U1381,4248.15,29737.05
P02529,Mixer,Sports,412.95,1,Cancelled,West,Medium,U0157,412.95,412.95
P02530,Headphones,Electronics,254.94,6,Completed,West,Medium,U0342,254.94,1529.64
P02531,Headphones,Beauty,1366.65,1,Completed,West,Low,U0974,1366.65,1366.65
P02532,Mixer,Electronics,4513.26,5,Returned,South,Low,U0894,4513.26,22566.3
P02533,Novel,Sports,4135.93,1,Pending,East,Medium,U1226,4135.93,4135.93
P02534,Headphones,Electronics,3445.36,5,Returned,North,Medium,U1059,3445.36,17226.8
P02535,Face Wash,Clothing,3533.72,6,Completed,East,High,U1480,3533.72,21202.32
P02536,Wireless Mouse,Beauty,3660.69,3,Completed,West,Medium,U0917,3660.69,10982.07
P02537,Novel,Electronics,4718.75,2,Completed,East,Medium,U1189,4718.75,9437.5
P02538,Face Wash,Home,4177.74,3,Completed,South,High,U1052,4177.74,12533.22
P02539,Running Shoes,Electronics,3154.61,5,Pending,West,Low,U1396,3154.61,15773.05
P02540,Face Wash,Beauty,3362.01,4,Completed,East,Low,U0314,3362.01,13448.04
P02541,Novel,Sports,1147.33,4,Completed,North,Medium,U1308,1147.33,4589.32
P02542,Running Shoes,Sports,3320.86,3,Completed,West,Low,U1322,3320.86,9962.58
P02543,Novel,Beauty,2180.93,4,Pending,West,Medium,U0475,2180.93,8723.72
P02544,Headphones,Clothing,849.51,5,Completed,South,High,U0597,849.51,4247.55
P02545,Wireless Mouse,Clothing,4051.37,6,Completed,South,High,U1373,4051.37,24308.22
P02546,Novel,Sports,2600.21,2,Completed,North,Medium,U0636,2600.21,5200.42
P02547,Novel,Sports,4889.38,7,Completed,East,High,U0445,4889.38,34225.66
P02548,Headphones,Beauty,1480.23,1,Completed,East,Low,U1231,1480.23,1480.23
P02549,T-Shirt,Clothing,2455.28,5,Completed,West,Medium,U0417,2455.28,12276.4
P02550,Headphones,Sports,2295.18,7,Cancelled,West,Medium,U0439,2295.18,16066.26
P02551,Running Shoes,Clothing,691.82,5,Completed,East,Low,U0165,691.82,3459.1
P02552,Headphones,Sports,2187.96,1,Completed,East,Low,U0420,2187.96,2187.96
P02553,Headphones,Electronics,1509.01,1,Returned,East,High,U1395,1509.01,1509.01
P02554,Wireless Mouse,Home,885.57,2,Returned,West,High,U1290,885.57,1771.14
P02555,Headphones,Books,1482.56,2,Pending,South,Medium,U1303,1482.56,2965.12
P02556,Novel,Electronics,1242.93,2,Completed,South,Low,U0988,1242.93,2485.86
P02557,Wireless Mouse,Books,3696.96,4,Completed,North,Medium,U0482,3696.96,14787.84
P02558,Mixer,Sports,250.8,5,Completed,East,High,U0517,250.80,1254.0
P02559,T-Shirt,Home,3125.57,6,Returned,East,Medium,U0082,3125.57,18753.42
P02560,Wireless Mouse,Home,3827.24,1,Pending,East,Medium,U0119,3827.24,3827.24
P02561,Running Shoes,Sports,2455.54,5,Completed,North,High,U1327,2455.54,12277.7
P02562,Mixer,Sports,4664.67,7,Completed,East,Medium,U1239,4664.67,32652.69
P02563,Wireless Mouse,Clothing,3568.62,5,Completed,South,Medium,U0028,3568.62,17843.1
P02564,Wireless Mouse,Sports,3764.83,2,Completed,East,Low,U0781,3764.83,7529.66
P02565,T-Shirt,Beauty,1064.97,2,Completed,North,Medium,U0498,1064.97,2129.94
P02566,Novel,Sports,3908.75,5,Completed,West,Medium,U0537,3908.75,19543.75
P02567,Running Shoes,Beauty,4177.26,2,Completed,West,Low,U0519,4177.26,8354.52
P02568,Face Wash,Sports,1870.21,4,Completed,South,Medium,U0194,1870.21,7480.84
P02569,Face Wash,Clothing,1145.48,1,Completed,South,Low,U0592,1145.48,1145.48
P02570,Wireless Mouse,Beauty,1986.75,7,Completed,South,Low,U0442,,13907.25
P02571,Headphones,Electronics,3724.08,5,Completed,West,Medium,U1060,3724.08,18620.4
P02572,Running Shoes,Beauty,2146.43,1,Cancelled,East,Low,U0258,2146.43,2146.43
P02573,Mixer,Clothing,3709.59,4,Completed,North,High,U0113,3709.59,14838.36
P02574,Headphones,Books,656.47,7,Completed,North,Low,U1318,656.47,4595.29
P02575,Headphones,Beauty,4049.46,2,Completed,East,Medium,U0014,4049.46,8098.92
P02576,Running Shoes,Sports,1340.72,3,Completed,West,Low,U0911,1340.72,4022.16
P02577,Novel,Sports,1319.75,4,Completed,West,Low,U0140,1319.75,5279.0
P02578,Wireless Mouse,Books,2992.87,3,Completed,North,Medium,U1395,2992.87,8978.61
P02579,Wireless Mouse,Clothing,443.58,1,Completed,South,High,U1451,443.58,443.58
P02580,Wireless Mouse,Home,228.86,5,Pending,South,Medium,U1121,228.86,1144.3
P02581,Wireless Mouse,Sports,1379.04,7,Pending,North,High,U0697,1379.04,9653.28
P02582,Face Wash,Electronics,2736.53,2,Completed,North,Low,U1366,2736.53,5473.06
P02583,Wireless Mouse,Clothing,4547.32,7,Pending,East,Low,U0870,4547.32,31831.24
P02584,Face Wash,Beauty,4247.53,4,Completed,East,High,U1456,4247.53,16990.12
P02585,Face Wash,Beauty,2503.19,2,Completed,East,Medium,U0189,2503.19,5006.38
P02586,Novel,Electronics,281.55,3,Completed,East,Medium,U0082,281.55,844.65
P02587,Wireless Mouse,Sports,2722.74,3,Completed,East,Low,U1204,2722.74,8168.22
P02588,T-Shirt,Clothing,3553.5,6,Completed,East,Low,U0958,3553.50,21321.0
P02589,Mixer,Electronics,1761.91,7,Completed,South,Medium,U0898,1761.91,12333.37
P02590,Headphones,Sports,644.21,5,Cancelled,North,High,U0967,644.21,3221.05
P02591,Face Wash,Clothing,1464.98,3,Completed,West,Low,U1439,1464.98,4394.94
P02592,Running Shoes,Beauty,3880.79,5,Completed,East,High,U1129,3880.79,19403.95
P02593,Running Shoes,Clothing,1821.09,6,Completed,South,Low,U0381,1821.09,10926.54
P02594,Mixer,Books,4078.71,4,Completed,North,Medium,U0722,4078.71,16314.84
P02595,Running Shoes,Home,1665.66,6,Completed,North,Low,U0329,1665.66,9993.96
P02596,T-Shirt,Clothing,901.42,5,Returned,North,Medium,U1273,901.42,4507.1
P02597,Running Shoes,Home,2235.66,3,Completed,East,Low,U0072,2235.66,6706.98
P02598,Headphones,Clothing,2316.15,1,Pending,East,Low,U0133,2316.15,2316.15
P02599,Headphones,Home,178.93,5,Completed,West,High,U1264,178.93,894.65
P02600,Face Wash,Books,673.52,2,Pending,East,Medium,U1102,673.52,1347.04
P02601,Wireless Mouse,Beauty,1006.14,1,Cancelled,North,Medium,U0570,1006.14,1006.14
P02602,Novel,Sports,656.58,7,Pending,North,Low,U0461,656.58,4596.06
P02603,T-Shirt,Home,1773.48,5,Cancelled,South,High,U0125,1773.48,8867.4
P02604,Face Wash,Books,4826.65,2,Completed,South,Medium,U1035,4826.65,9653.3
P02605,T-Shirt,Home,2595.19,7,Completed,West,High,U1492,2595.19,18166.33
P02606,Wireless Mouse,Beauty,3175.02,6,Completed,South,Low,U1431,3175.02,19050.12
P02607,Running Shoes,Home,1846.29,1,Completed,West,Low,U0941,1846.29,1846.29
P02608,Running Shoes,Books,1685.09,5,Cancelled,South,High,U0027,1685.09,8425.45
P02609,Novel,Books,213.42,4,Completed,North,Medium,U0207,213.42,853.68
P02610,Wireless Mouse,Electronics,2551.63,6,Completed,East,High,U1246,2551.63,15309.78
P02611,Face Wash,Beauty,2469.68,2,Completed,East,Low,U0312,2469.68,4939.36
P02612,Novel,Electronics,873.37,4,Cancelled,West,Medium,U0382,873.37,3493.48
P02613,Wireless Mouse,Beauty,3845.19,3,Returned,East,High,U1339,3845.19,11535.57
P02614,Mixer,Home,2514.1,6,Completed,East,Medium,U1232,2514.10,15084.6
P02615,Headphones,Books,1761.07,6,Completed,South,Medium,U0296,1761.07,10566.42
P02616,Novel,Electronics,819.85,5,Completed,North,Low,U0402,819.85,4099.25
P02617,Novel,Home,2805.59,5,Completed,East,Low,U1459,2805.59,14027.95
P02618,Face Wash,Books,3788.8,2,Completed,North,Low,,3788.80,7577.6
P02619,T-Shirt,Beauty,1481.8,6,Pending,South,Medium,U0751,1481.80,8890.8
P02620,Mixer,Books,1172.09,5,Completed,South,High,U0106,1172.09,5860.45
P02621,Face Wash,Home,2657.48,3,Completed,East,Medium,U0791,2657.48,7972.44
P02622,Wireless Mouse,Electronics,861.18,7,Completed,East,Medium,U1060,861.18,6028.26
P02623,Wireless Mouse,Electronics,3366.41,7,Pending,South,High,U0072,3366.41,23564.87
P02624,Wireless Mouse,Books,3066.18,7,Cancelled,South,Low,U0568,3066.18,21463.26
P02625,Wireless Mouse,Home,526.7,5,Completed,West,High,U1191,526.70,2633.5
P02626,T-Shirt,Clothing,278.95,6,Pending,West,High,U1245,278.95,1673.7
P02627,Mixer,Beauty,3139.41,7,Completed,North,Low,U0076,3139.41,21975.87
P02628,Running Shoes,Beauty,1542.04,1,Completed,South,Low,U0722,1542.04,1542.04
P02629,Headphones,Home,523.58,4,Completed,North,Low,U1010,523.58,2094.32
P02630,T-Shirt,Clothing,3821.2,6,Pending,South,High,U1235,3821.20,22927.2
P02631,T-Shirt,Electronics,1638.82,3,Completed,North,Low,U0228,1638.82,4916.46
P02632,Running Shoes,Sports,2352.04,6,Pending,West,Medium,U0453,2352.04,14112.24
P02633,Running Shoes,Sports,1260.38,3,Completed,South,Medium,U0766,1260.38,3781.14
P02634,Headphones,Home,3173.85,6,Pending,South,High,U0487,3173.85,19043.1
P02635,Headphones,Clothing,1577.29,7,Pending,North,High,U0668,1577.29,11041.03
P02636,Running Shoes,Clothing,4843.3,4,Completed,North,High,U1498,4843.30,19373.2
P02637,Wireless Mouse,Beauty,3544.44,4,Pending,East,Low,U0830,3544.44,14177.76
P02638,T-Shirt,Electronics,769.94,3,Completed,East,Low,U0791,769.94,2309.82
P02639,Face Wash,Books,2141.8,6,Returned,West,Low,U0971,2141.80,12850.8
P02640,Headphones,Clothing,1988.56,4,Pending,South,Medium,U0490,1988.56,7954.24
P02641,Headphones,Books,2717.81,2,Completed,South,Medium,U0376,2717.81,5435.62
P02642,Running Shoes,Sports,4225.46,6,Pending,North,High,U0231,4225.46,25352.76
P02643,Mixer,Books,2958.77,4,Completed,West,High,U0702,2958.77,11835.08
P02644,Face Wash,Electronics,401.63,1,Returned,South,Low,U1249,401.63,401.63
P02645,Face Wash,Electronics,3311.54,1,Pending,West,High,U0475,3311.54,3311.54
P02646,Headphones,Books,140.5,2,Completed,East,Low,U1104,140.50,281.0
P02647,Wireless Mouse,Home,3921.81,4,Completed,North,Low,U1234,3921.81,15687.24
P02648,Mixer,Clothing,3366.52,1,Completed,South,High,U1321,3366.52,3366.52
P02649,Face Wash,Home,1613.05,7,Cancelled,North,High,U1196,1613.05,11291.35
P02650,Headphones,Books,1532.96,6,Pending,East,Low,U1113,1532.96,9197.76
P02651,Face Wash,Clothing,4011.54,5,Completed,West,High,U0226,4011.54,20057.7
P02652,Novel,Beauty,3938.35,4,Pending,West,High,U0143,3938.35,15753.4
P02653,Mixer,Home,1826.28,2,Completed,East,Low,U0708,1826.28,3652.56
P02654,Mixer,Home,1564.84,4,Completed,East,Low,U0054,1564.84,6259.36
P02655,Novel,Books,2843.14,3,Completed,South,Medium,U0196,2843.14,8529.42
P02656,T-Shirt,Sports,140.99,3,Completed,South,High,U0845,140.99,422.97
P02657,Novel,Books,505.07,1,Completed,South,Medium,U0298,505.07,505.07
P02658,Running Shoes,Home,718.23,3,Completed,South,Low,U1454,718.23,2154.69
P02659,Running Shoes,Clothing,1008.52,2,Completed,South,Medium,U0537,1008.52,2017.04
P02660,Headphones,Sports,2608.89,1,Cancelled,West,Medium,U0579,2608.89,2608.89
P02661,Mixer,Books,4961.99,2,Completed,South,Medium,U0500,4961.99,9923.98
P02662,T-Shirt,Books,3297.81,6,Completed,East,Low,U0624,3297.81,19786.86
P02663,T-Shirt,Home,400.36,2,Completed,East,High,U0841,400.36,800.72
P02664,Face Wash,Home,2675.34,3,Completed,South,Medium,U0206,2675.34,8026.02
P02665,Face Wash,Beauty,2533.56,6,Completed,East,High,U0880,2533.56,15201.36
P02666,Novel,Books,806.42,3,Completed,North,High,U1161,806.42,2419.26
P02667,T-Shirt,Home,4609.33,2,Completed,West,High,U0408,4609.33,9218.66
P02668,Novel,Electronics,2259.75,3,Pending,,High,U0279,2259.75,6779.25
P02669,Novel,Sports,4973.34,3,Completed,South,High,U1469,4973.34,14920.02
P02670,Face Wash,Electronics,2158.35,3,Completed,North,Medium,U0677,2158.35,6475.05
P02671,Mixer,Sports,3078.99,4,Completed,South,Medium,U0941,3078.99,12315.96
P02672,Novel,Books,613.34,6,Completed,South,Medium,U0271,613.34,3680.04
P02673,Wireless Mouse,Beauty,2325.72,6,Pending,East,Medium,U0441,2325.72,13954.32
P02674,Mixer,Home,1269.95,7,Pending,West,Low,U1252,1269.95,8889.65
P02675,T-Shirt,Home,4194.27,6,Completed,North,Medium,U0127,4194.27,25165.62
P02676,T-Shirt,Home,3941.21,7,Completed,East,Low,U1294,3941.21,27588.47
P02677,Novel,Books,4138.48,2,Cancelled,West,Low,U0487,4138.48,8276.96
P02678,Mixer,Sports,3645.69,7,Completed,West,Low,U0548,3645.69,25519.83
P02679,Face Wash,Home,4180.15,7,Completed,South,High,U1179,4180.15,29261.05
P02680,Face Wash,Electronics,1084.06,5,Completed,North,Medium,U0986,1084.06,5420.3
P02681,Running Shoes,Home,2315.01,2,Pending,South,Low,U0937,2315.01,4630.02
P02682,T-Shirt,Books,3490.05,6,Cancelled,East,Medium,U0772,3490.05,20940.3
P02683,Headphones,Beauty,3223.22,1,Completed,South,Low,U0019,3223.22,3223.22
P02684,Running Shoes,Electronics,3610.14,3,Completed,South,High,U0425,3610.14,10830.42
P02685,Face Wash,Home,1198.87,3,Completed,West,Low,U0936,1198.87,3596.61
P02686,Mixer,Home,582.33,5,Cancelled,West,Low,U0058,582.33,2911.65
P02687,Face Wash,Clothing,4592.35,1,Completed,East,High,U0423,4592.35,4592.35
P02688,Mixer,Sports,2844.84,4,Pending,West,Medium,U0844,2844.84,11379.36
P02689,Running Shoes,Electronics,853.75,7,Completed,West,High,U1126,853.75,5976.25
P02690,T-Shirt,Clothing,3987.84,2,Pending,West,Medium,U1100,3987.84,7975.68
P02691,Face Wash,Beauty,4583.16,4,Completed,South,Low,U0066,4583.16,18332.64
P02692,Novel,Sports,930.86,1,Completed,North,Medium,U0815,930.86,930.86
P02693,Mixer,Electronics,4105.32,5,Pending,East,Low,U1175,4105.32,20526.6
P02694,T-Shirt,Home,4672.8,1,Cancelled,South,Low,U0902,4672.80,4672.8
P02695,Headphones,Electronics,4697.97,5,Completed,East,Low,,4697.97,23489.85
P02696,Mixer,Home,4579.37,4,Completed,South,High,U0790,4579.37,18317.48
P02697,Running Shoes,Sports,2777.46,4,Completed,East,Medium,U1092,2777.46,11109.84
P02698,Headphones,Home,1845.44,1,Completed,West,Low,U0235,1845.44,1845.44
P02699,Headphones,Beauty,135.64,1,Pending,East,Low,U0675,135.64,135.64
P02700,Wireless Mouse,Books,398.47,7,Completed,North,High,U0098,398.47,2789.29
P02701,Face Wash,Home,2201.31,3,Pending,East,Low,U1033,2201.31,6603.93
P02702,Mixer,Beauty,2056.7,5,Completed,North,Medium,U0927,2056.70,10283.5
P02703,Headphones,Books,1005.1,3,Returned,East,Medium,U0761,1005.10,3015.3
P02704,Wireless Mouse,Sports,2037.85,2,Completed,West,Medium,U0427,2037.85,4075.7
P02705,Running Shoes,Sports,955.79,2,Completed,East,Low,U0227,955.79,1911.58
P02706,T-Shirt,Electronics,4259.08,1,Completed,South,High,U0017,4259.08,4259.08
P02707,Novel,Beauty,1561.15,4,Cancelled,West,Medium,U0563,1561.15,6244.6
P02708,Novel,Beauty,3032.97,2,Completed,West,Low,U0228,3032.97,6065.94
P02709,Mixer,Clothing,2563.93,2,Completed,South,Low,U0706,2563.93,5127.86
P02710,Headphones,Clothing,354.22,3,Cancelled,West,Low,U1262,354.22,1062.66
P02711,Novel,Books,4716.95,3,Cancelled,,Low,U1405,4716.95,14150.85
P02712,Face Wash,Books,2683.41,7,Pending,South,High,U1411,2683.41,18783.87
P02713,Novel,Clothing,1692.78,7,Completed,West,Low,U0669,1692.78,11849.46
P02714,Novel,Books,874.82,2,Completed,West,High,U0254,874.82,1749.64
P02715,Novel,Home,1758.78,1,Pending,West,Medium,U1332,1758.78,1758.78
P02716,Wireless Mouse,Clothing,200.51,3,Completed,West,Low,U1338,200.51,601.53
P02717,Headphones,Beauty,1881.43,2,Completed,East,Low,U1325,1881.43,3762.86
P02718,Face Wash,Home,2704.28,4,Completed,West,Medium,U0118,2704.28,10817.12
P02719,Headphones,Books,4372.14,3,Returned,West,Medium,U0050,4372.14,13116.42
P02720,Mixer,Sports,3468.13,2,Completed,West,High,U1205,3468.13,6936.26
P02721,Mixer,Electronics,646.75,7,Pending,East,Medium,U0543,646.75,4527.25
P02722,Mixer,Clothing,823.96,5,Completed,North,Medium,U0327,823.96,4119.8
P02723,Running Shoes,Sports,2197.8,3,Pending,West,Low,U0944,2197.80,6593.4
P02724,Novel,Books,1058.97,5,Pending,North,High,U1270,1058.97,5294.85
P02725,Running Shoes,Beauty,236.46,3,Completed,North,High,U0602,236.46,709.38
P02726,Wireless Mouse,Electronics,4044.57,3,Completed,South,Medium,U0102,4044.57,12133.71
P02727,Mixer,Sports,195.66,7,Pending,South,Low,U1254,195.66,1369.62
P02728,Face Wash,Electronics,4170.38,6,Completed,North,Medium,U0388,4170.38,25022.28
P02729,Headphones,Clothing,806.11,6,Pending,East,High,U1235,806.11,4836.66
P02730,Novel,Books,4875.92,5,Pending,West,Medium,U0649,4875.92,24379.6
P02731,T-Shirt,Beauty,3058.98,1,Completed,West,Medium,U1454,3058.98,3058.98
P02732,Face Wash,Books,3701.42,2,Completed,West,High,U0339,3701.42,7402.84
P02733,Novel,Electronics,641.37,1,Completed,South,Low,U0184,641.37,641.37
P02734,Running Shoes,Sports,4324.31,1,Pending,South,Medium,U0056,4324.31,4324.31
P02735,Running Shoes,Clothing,4212.04,6,Completed,West,Low,U0979,4212.04,25272.24
P02736,Face Wash,Clothing,3299.66,2,Returned,North,Low,U1306,3299.66,6599.32
P02737,Running Shoes,Books,2561.15,6,Returned,South,High,,2561.15,15366.9
P02738,Mixer,Sports,3635.3,6,Completed,West,Medium,U1152,3635.30,21811.8
P02739,Wireless Mouse,Sports,129.05,7,Completed,North,High,U0717,129.05,903.35
P02740,Headphones,Electronics,3002.96,6,Completed,West,Medium,U1008,3002.96,18017.76
P02741,Wireless Mouse,Books,4252.29,4,Returned,South,High,U0216,4252.29,17009.16
P02742,Novel,Books,1848.81,1,Completed,East,Medium,U1114,1848.81,1848.81
P02743,Headphones,Home,630.62,7,Completed,East,Low,U0944,630.62,4414.34
P02744,Headphones,Books,2162.3,7,Pending,South,High,U0314,2162.30,15136.1
P02745,Wireless Mouse,Clothing,3662.81,1,Completed,North,Low,U0233,3662.81,3662.81
P02746,Face Wash,Electronics,625.78,7,Completed,West,Medium,U0745,625.78,4380.46
P02747,Headphones,Sports,1109.64,1,Completed,South,Medium,U0575,1109.64,1109.64
P02748,Wireless Mouse,Books,823.0,4,Completed,North,Low,U0888,823.00,3292.0
P02749,Headphones,Electronics,4005.04,3,Completed,West,Low,U0247,4005.04,12015.12
P02750,T-Shirt,Books,408.17,7,Completed,West,High,U0442,408.17,2857.19
P02751,Face Wash,Sports,3464.27,5,Cancelled,South,Low,U0135,3464.27,17321.35
P02752,Mixer,Beauty,1895.64,5,Completed,West,Medium,U1016,1895.64,9478.2
P02753,Headphones,Sports,3803.38,4,Pending,East,Medium,U1026,3803.38,15213.52
P02754,T-Shirt,Sports,4825.48,1,Completed,East,Medium,U0161,4825.48,4825.48
P02755,Mixer,Sports,661.27,5,Completed,West,High,U0140,661.27,3306.35
P02756,Mixer,Books,1640.49,4,Completed,South,High,U0304,1640.49,6561.96
P02757,Novel,Home,4069.61,6,Completed,West,Low,U1484,4069.61,24417.66
P02758,Headphones,Sports,1404.18,2,Completed,South,Medium,,1404.18,2808.36
P02759,Wireless Mouse,Clothing,1154.09,5,Completed,South,Low,U0937,1154.09,5770.45
P02760,Headphones,Clothing,4144.35,2,Completed,East,Medium,U1371,4144.35,8288.7
P02761,T-Shirt,Electronics,4936.7,1,Completed,East,Medium,,4936.70,4936.7
P02762,Mixer,Home,2828.71,5,Completed,North,Low,U0407,2828.71,14143.55
P02763,Headphones,Electronics,1462.44,4,Completed,South,Low,U1493,1462.44,5849.76
P02764,Wireless Mouse,Clothing,2052.97,3,Completed,West,Medium,U0164,2052.97,6158.91
P02765,Novel,Clothing,933.64,5,Pending,South,Low,U0862,933.64,4668.2
P02766,Headphones,Beauty,3833.25,5,Completed,East,Low,U0240,3833.25,19166.25
P02767,Face Wash,Sports,3890.02,5,Completed,South,High,U1237,3890.02,19450.1
P02768,Novel,Clothing,4388.09,5,Cancelled,North,Low,U0149,4388.09,21940.45
P02769,Wireless Mouse,Books,230.35,4,Completed,West,Medium,U0584,230.35,921.4
P02770,T-Shirt,Books,2853.71,4,Completed,South,Low,U1127,2853.71,11414.84
P02771,Mixer,Electronics,1149.85,3,Completed,West,High,U1207,1149.85,3449.55
P02772,Headphones,Electronics,1770.33,4,Returned,West,Low,U0505,1770.33,7081.32
P02773,Wireless Mouse,Sports,3946.28,4,Completed,East,Medium,U0525,3946.28,15785.12
P02774,Novel,Sports,1040.96,1,Cancelled,South,Medium,U1404,1040.96,1040.96
P02775,Face Wash,Beauty,3227.87,7,Pending,West,High,U0775,3227.87,22595.09
P02776,Wireless Mouse,Home,3307.37,1,Completed,East,High,U1048,3307.37,3307.37
P02777,Running Shoes,Electronics,4775.06,7,Completed,North,Low,U0701,4775.06,33425.42
P02778,Face Wash,Sports,3898.29,2,Completed,North,High,U1157,3898.29,7796.58
P02779,Novel,Electronics,4037.81,3,Completed,South,Medium,U1018,4037.81,12113.43
P02780,T-Shirt,Sports,2704.84,7,Completed,West,High,U0050,2704.84,18933.88
P02781,Mixer,Clothing,1015.23,1,Pending,South,High,U0958,1015.23,1015.23
P02782,Novel,Electronics,2185.26,3,Completed,West,Medium,U0695,2185.26,6555.78
P02783,T-Shirt,Clothing,2792.5,3,Completed,East,Medium,U0026,2792.50,8377.5
P02784,Headphones,Electronics,3424.25,5,Pending,North,Medium,U0650,3424.25,17121.25
P02785,Wireless Mouse,Home,3077.77,6,Pending,North,Medium,U0011,3077.77,18466.62
P02786,Running Shoes,Beauty,2030.49,6,Returned,North,Low,U0808,2030.49,12182.94
P02787,Face Wash,Books,1400.03,6,Completed,North,Low,U1126,1400.03,8400.18
P02788,Face Wash,Books,924.33,3,Completed,,Low,U0011,924.33,2772.99
P02789,Wireless Mouse,Books,3499.84,5,Completed,West,High,U1136,3499.84,17499.2
P02790,Running Shoes,Clothing,3262.45,2,Pending,South,Low,U0772,3262.45,6524.9
P02791,Wireless Mouse,Sports,3468.13,2,Completed,East,Low,U0770,3468.13,6936.26
P02792,Headphones,Books,1925.38,6,Cancelled,North,Low,U0973,1925.38,11552.28
P02793,T-Shirt,Home,1385.8,2,Completed,West,Medium,U1191,1385.80,2771.6
P02794,Novel,Books,3822.63,5,Cancelled,South,High,U0407,3822.63,19113.15
P02795,Face Wash,Electronics,3890.87,6,Pending,West,Medium,U1069,3890.87,23345.22
P02796,Headphones,Clothing,2332.52,7,Cancelled,South,Low,U0842,2332.52,16327.64
P02797,T-Shirt,Electronics,3098.33,7,Completed,West,High,U0717,,21688.31
P02798,Headphones,Electronics,1930.25,5,Completed,West,Low,U0359,1930.25,9651.25
P02799,Running Shoes,Electronics,3539.54,2,Completed,North,High,U0554,3539.54,7079.08
P02800,Face Wash,Beauty,4195.04,6,Completed,South,Low,U0285,4195.04,25170.24
P02801,Novel,Beauty,3472.34,7,Completed,East,High,U0400,3472.34,24306.38
P02802,Wireless Mouse,Sports,2611.65,5,Pending,West,Low,U1475,2611.65,13058.25
P02803,Wireless Mouse,Clothing,2347.42,4,Completed,East,High,U1468,2347.42,9389.68
P02804,T-Shirt,Home,3247.37,7,Cancelled,North,Low,U0388,3247.37,22731.59
P02805,Novel,Home,3431.07,4,Completed,East,Low,U1380,3431.07,13724.28
P02806,Mixer,Home,2837.77,5,Completed,West,High,U0784,2837.77,14188.85
P02807,Running Shoes,Electronics,3162.22,5,Completed,West,Low,U0425,3162.22,15811.1
P02808,T-Shirt,Beauty,573.28,1,Pending,West,High,U1030,573.28,573.28
P02809,Mixer,Clothing,4763.65,7,Completed,South,Medium,U0441,4763.65,33345.55
P02810,Headphones,Electronics,3974.79,1,Cancelled,East,Medium,U0356,3974.79,3974.79
P02811,Running Shoes,Beauty,1932.25,3,Completed,South,Medium,U0919,1932.25,5796.75
P02812,Headphones,Beauty,2857.78,7,Returned,West,High,U0765,2857.78,20004.46
P02813,Novel,Books,331.89,6,Completed,West,High,U0554,331.89,1991.34
P02814,Face Wash,Books,302.02,3,Completed,North,Medium,U0268,302.02,906.06
P02815,Running Shoes,Clothing,1328.91,3,Pending,North,Low,U0992,1328.91,3986.73
P02816,Mixer,Clothing,3479.54,2,Cancelled,West,Low,U1241,3479.54,6959.08
P02817,Face Wash,Clothing,4275.52,4,Completed,South,Low,U0064,4275.52,17102.08
P02818,Wireless Mouse,Electronics,2840.01,2,Cancelled,South,Medium,U0442,2840.01,5680.02
P02819,Mixer,Sports,2707.45,6,Completed,West,High,U0541,2707.45,16244.7
P02820,T-Shirt,Clothing,2071.32,5,Pending,East,High,U1299,2071.32,10356.6
P02821,Wireless Mouse,Books,891.83,1,Completed,South,High,U0470,891.83,891.83
P02822,Wireless Mouse,Sports,679.94,6,Completed,West,Medium,U1240,679.94,4079.64
P02823,T-Shirt,Electronics,3827.33,5,Completed,North,Low,U0878,3827.33,19136.65
P02824,Running Shoes,Sports,4644.77,6,Cancelled,West,High,U1218,4644.77,27868.62
P02825,Wireless Mouse,Home,2345.59,5,Returned,South,High,U0712,2345.59,11727.95
P02826,Novel,Sports,3331.28,7,Completed,West,Medium,U0013,3331.28,23318.96
P02827,Mixer,Clothing,4580.84,1,Cancelled,East,Low,U0222,4580.84,4580.84
P02828,Face Wash,Electronics,541.56,5,Completed,East,Medium,U1420,541.56,2707.8
P02829,Wireless Mouse,Clothing,3875.36,3,Pending,South,Low,U0881,3875.36,11626.08
P02830,Mixer,Books,3122.4,6,Completed,,Low,U0839,3122.40,18734.4
P02831,Headphones,Home,3033.32,1,Completed,East,Medium,U0752,3033.32,3033.32
P02832,Mixer,Books,1533.45,5,Completed,East,Low,U0270,1533.45,7667.25
P02833,Face Wash,Clothing,3451.08,3,Completed,North,High,U1322,3451.08,10353.24
P02834,Mixer,Clothing,3994.51,3,Completed,South,Low,U0732,3994.51,11983.53
P02835,T-Shirt,Clothing,653.01,7,Pending,North,Medium,U0844,653.01,4571.07
P02836,Face Wash,Beauty,2714.26,4,Completed,North,High,U0616,2714.26,10857.04
P02837,Running Shoes,Home,596.2,3,Returned,East,Medium,U1456,596.20,1788.6
P02838,Headphones,Clothing,4375.61,2,Pending,West,High,U1432,4375.61,8751.22
P02839,T-Shirt,Clothing,2587.42,1,Completed,North,Medium,U0065,2587.42,2587.42
P02840,Running Shoes,Books,4059.03,1,Completed,South,High,U1062,4059.03,4059.03
P02841,Mixer,Books,1903.62,1,Pending,South,Low,U0028,1903.62,1903.62
P02842,Face Wash,Clothing,712.88,5,Returned,West,Low,U1313,712.88,3564.4
P02843,Headphones,Electronics,303.35,6,Returned,South,Medium,U0237,303.35,1820.1
P02844,T-Shirt,Beauty,1479.4,5,Pending,North,High,U1150,1479.40,7397.0
P02845,Running Shoes,Books,1296.75,2,Completed,West,Medium,U0384,1296.75,2593.5
P02846,Running Shoes,Electronics,2845.72,6,Pending,South,Low,U0326,2845.72,17074.32
P02847,Headphones,Beauty,206.52,7,Completed,South,Low,U0085,206.52,1445.64
P02848,Novel,Clothing,2650.8,3,Completed,North,Low,U0749,2650.80,7952.4
P02849,Mixer,Home,2019.68,5,Pending,North,Medium,U0246,2019.68,10098.4
P02850,Headphones,Sports,2927.9,6,Cancelled,North,Low,U0388,2927.90,17567.4
P02851,Running Shoes,Sports,3541.85,3,Returned,North,Low,U0929,3541.85,10625.55
P02852,Wireless Mouse,Clothing,3207.05,6,Completed,West,Low,U0266,3207.05,19242.3
P02853,T-Shirt,Books,4924.76,3,Pending,West,Medium,U0761,4924.76,14774.28
P02854,Headphones,Electronics,777.5,6,Cancelled,West,High,U0804,777.50,4665.0
P02855,Novel,Home,2205.71,5,Completed,East,Medium,U1229,2205.71,11028.55
P02856,Running Shoes,Beauty,2181.67,5,Completed,North,Low,U0228,2181.67,10908.35
P02857,Mixer,Clothing,2143.56,2,Completed,North,Low,U0240,2143.56,4287.12
P02858,Running Shoes,Home,3352.61,7,Completed,West,Medium,U1097,3352.61,23468.27
P02859,Mixer,Home,2500.16,7,Completed,South,Medium,U0388,2500.16,17501.12
P02860,Headphones,Books,2635.42,4,Completed,South,Medium,U0378,2635.42,10541.68
P02861,Mixer,Beauty,2218.54,1,Cancelled,North,High,U0212,2218.54,2218.54
P02862,Face Wash,Home,4959.33,5,Completed,North,High,U0795,4959.33,24796.65
P02863,Face Wash,Books,4645.05,5,Completed,West,Low,U0676,4645.05,23225.25
P02864,Face Wash,Electronics,1607.85,3,Completed,North,Low,U0649,1607.85,4823.55
P02865,Novel,Books,646.81,4,Completed,South,Medium,U0171,646.81,2587.24
P02866,Novel,Electronics,4214.85,7,Returned,South,Medium,U1176,4214.85,29503.95
P02867,Wireless Mouse,Electronics,4986.13,5,Completed,North,Medium,U0809,4986.13,24930.65
P02868,Novel,Home,1533.78,6,Completed,West,High,U0104,1533.78,9202.68
P02869,Headphones,Books,1853.15,7,Cancelled,West,Low,U1246,1853.15,12972.05
P02870,Running Shoes,Electronics,4714.0,4,Completed,,High,U1306,4714.00,18856.0
P02871,Running Shoes,Beauty,3584.53,1,Pending,West,Medium,U1412,3584.53,3584.53
P02872,Wireless Mouse,Home,1548.63,6,Completed,South,High,U0372,1548.63,9291.78
P02873,Novel,Books,2947.13,3,Completed,North,Medium,U0129,2947.13,8841.39
P02874,Mixer,Books,4726.72,2,Cancelled,South,Medium,U1428,4726.72,9453.44
P02875,Wireless Mouse,Sports,4077.88,6,Completed,North,Low,U0220,4077.88,24467.28
P02876,Mixer,Books,3734.98,7,Completed,West,High,U1197,3734.98,26144.86
P02877,Mixer,Home,3711.28,1,Completed,East,Low,U0472,3711.28,3711.28
P02878,T-Shirt,Beauty,972.3,6,Completed,East,Medium,U0988,972.30,5833.8
P02879,Running Shoes,Books,4140.94,4,Cancelled,East,Low,U1477,4140.94,16563.76
P02880,Face Wash,Sports,1452.98,4,Pending,South,Low,,1452.98,5811.92
P02881,Novel,Home,4658.8,1,Completed,East,Low,U1076,4658.80,4658.8
P02882,Mixer,Electronics,1886.74,7,Completed,South,Low,U0094,1886.74,13207.18
P02883,T-Shirt,Clothing,4302.54,4,Pending,West,Low,U1045,4302.54,17210.16
P02884,Running Shoes,Clothing,1404.54,6,Cancelled,North,High,U0106,1404.54,8427.24
P02885,Face Wash,Electronics,2621.18,2,Completed,East,Low,U1224,2621.18,5242.36
P02886,Mixer,Books,623.74,6,Cancelled,South,High,U1376,623.74,3742.44
P02887,Mixer,Clothing,3334.58,2,Completed,West,Low,U1305,3334.58,6669.16
P02888,Wireless Mouse,Clothing,4196.79,4,Pending,West,Medium,U1306,4196.79,16787.16
P02889,Wireless Mouse,Electronics,3620.39,6,Returned,East,Low,U0612,3620.39,21722.34
P02890,Running Shoes,Books,2663.97,4,Completed,West,Low,U0849,2663.97,10655.88
P02891,Face Wash,Books,321.07,7,Completed,West,Low,U1269,321.07,2247.49
P02892,Mixer,Electronics,4673.86,2,Completed,West,Medium,U0948,4673.86,9347.72
P02893,Running Shoes,Books,3556.9,7,Completed,South,Low,U0854,3556.90,24898.3
P02894,Running Shoes,Books,3754.73,4,Completed,West,High,U0429,3754.73,15018.92
P02895,Headphones,Home,3993.93,5,Pending,West,Medium,U1062,3993.93,19969.65
P02896,Novel,Home,3763.94,3,Completed,West,High,U1443,3763.94,11291.82
P02897,Wireless Mouse,Electronics,2261.47,6,Completed,West,High,U0302,2261.47,13568.82
P02898,Face Wash,Beauty,3694.75,5,Completed,West,Medium,U0639,3694.75,18473.75
P02899,Mixer,Clothing,3162.63,7,Completed,South,High,U0071,3162.63,22138.41
P02900,Running Shoes,Home,4284.68,4,Completed,West,Low,U0646,4284.68,17138.72
P02901,Mixer,Clothing,4032.05,4,Completed,West,High,U0525,4032.05,16128.2
P02902,Headphones,Sports,302.73,3,Completed,North,Low,U0174,302.73,908.19
P02903,Face Wash,Electronics,1956.55,4,Returned,West,Medium,U0090,1956.55,7826.2
P02904,Running Shoes,Beauty,270.11,3,Completed,West,Medium,U0368,270.11,810.33
P02905,Mixer,Sports,600.17,6,Returned,South,High,U0801,,3601.02
P02906,Wireless Mouse,Sports,3046.91,2,Completed,West,High,U1231,3046.91,6093.82
P02907,Novel,Books,4381.73,3,Pending,South,Low,U1086,4381.73,13145.19
P02908,Headphones,Sports,687.14,3,Completed,East,Medium,U0319,687.14,2061.42
P02909,Face Wash,Electronics,2310.34,5,Pending,West,High,U0824,2310.34,11551.7
P02910,Headphones,Home,4563.31,4,Completed,North,Medium,U0551,4563.31,18253.24
P02911,Wireless Mouse,Electronics,4090.07,6,Returned,South,Low,U0060,4090.07,24540.42
P02912,Face Wash,Home,2646.37,2,Completed,East,Medium,U1129,2646.37,5292.74
P02913,Headphones,Sports,3880.7,1,Pending,North,High,U1263,3880.70,3880.7
P02914,T-Shirt,Sports,2661.2,7,Cancelled,South,Medium,U1486,2661.20,18628.4
P02915,Wireless Mouse,Beauty,874.65,3,Pending,East,Medium,U0127,874.65,2623.95
P02916,Wireless Mouse,Home,711.21,1,Completed,North,Medium,U0083,711.21,711.21
P02917,Wireless Mouse,Sports,1023.0,4,Completed,West,Medium,U1244,1023.00,4092.0
P02918,T-Shirt,Books,1819.52,7,Cancelled,North,High,U1432,1819.52,12736.64
P02919,T-Shirt,Clothing,4659.59,3,Completed,North,Medium,U0946,4659.59,13978.77
P02920,Mixer,Beauty,4018.42,1,Completed,North,Medium,U0586,4018.42,4018.42
P02921,Running Shoes,Electronics,2220.73,5,Completed,South,High,U0647,2220.73,11103.65
P02922,Novel,Beauty,2516.08,1,Completed,West,Low,U1454,2516.08,2516.08
P02923,Headphones,Clothing,1401.49,7,Pending,West,High,U0890,1401.49,9810.43
P02924,Mixer,Home,3551.33,5,Completed,South,Medium,U0574,3551.33,17756.65
P02925,Headphones,Electronics,4033.55,7,Completed,North,High,U0513,4033.55,28234.85
P02926,Novel,Electronics,1270.63,2,Completed,West,Low,U1103,1270.63,2541.26
P02927,Running Shoes,Home,304.93,4,Completed,North,Medium,U0065,304.93,1219.72
P02928,T-Shirt,Beauty,3157.06,6,Pending,West,High,U0183,3157.06,18942.36
P02929,Running Shoes,Sports,2856.31,1,Completed,South,Medium,U1090,2856.31,2856.31
P02930,T-Shirt,Beauty,2070.44,3,Completed,East,Low,U0835,2070.44,6211.32
P02931,Novel,Clothing,3255.08,7,Completed,North,Low,U1232,3255.08,22785.56
P02932,Running Shoes,Books,2798.01,7,Returned,West,Medium,U0054,2798.01,19586.07
P02933,Mixer,Sports,1327.85,4,Completed,West,Medium,U1245,1327.85,5311.4
P02934,Face Wash,Beauty,2048.87,1,Completed,West,Medium,U0236,2048.87,2048.87
P02935,Mixer,Books,2197.76,3,Completed,South,Medium,U0889,2197.76,6593.28
P02936,Headphones,Books,4413.22,3,Completed,South,High,U0612,4413.22,13239.66
P02937,Mixer,Home,4808.43,7,Completed,East,Medium,U0959,4808.43,33659.01
P02938,Novel,Clothing,4475.71,6,Pending,South,Low,U0438,4475.71,26854.26
P02939,Wireless Mouse,Clothing,3623.97,7,Completed,North,Low,U1004,3623.97,25367.79
P02940,Headphones,Clothing,2966.46,6,Completed,South,Medium,,2966.46,17798.76
P02941,Running Shoes,Sports,3477.38,7,Completed,West,Medium,U1460,3477.38,24341.66
P02942,Headphones,Electronics,4701.64,7,Cancelled,North,Medium,U0694,4701.64,32911.48
P02943,Face Wash,Sports,1324.99,3,Completed,South,High,U0963,1324.99,3974.97
P02944,T-Shirt,Beauty,2722.09,6,Completed,North,Medium,U1445,2722.09,16332.54
P02945,Running Shoes,Books,3479.08,3,Completed,North,High,U1132,3479.08,10437.24
P02946,Headphones,Books,3428.31,1,Completed,South,High,U0524,3428.31,3428.31
P02947,Running Shoes,Electronics,1336.17,7,Pending,North,Low,U1467,1336.17,9353.19
P02948,Running Shoes,Beauty,2974.98,2,Completed,West,High,U0404,2974.98,5949.96
P02949,Running Shoes,Electronics,3999.97,6,Completed,West,Medium,U0343,3999.97,23999.82
P02950,T-Shirt,Books,2427.89,5,Completed,South,Medium,U0800,2427.89,12139.45
P02951,Novel,Sports,3987.16,5,Completed,South,Medium,U1351,3987.16,19935.8
P02952,Mixer,Clothing,1863.42,5,Completed,West,High,U0214,1863.42,9317.1
P02953,Running Shoes,Books,4699.92,2,Cancelled,South,High,U1024,4699.92,9399.84
P02954,Wireless Mouse,Home,2716.25,3,Completed,West,Medium,U0322,2716.25,8148.75
P02955,Novel,Clothing,3020.14,3,Completed,North,Low,U1102,3020.14,9060.42
P02956,Face Wash,Books,253.67,4,Completed,South,Medium,U1079,253.67,1014.68
P02957,T-Shirt,Sports,934.32,5,Cancelled,East,Low,U0784,934.32,4671.6
P02958,Headphones,Electronics,3201.38,5,Pending,West,Medium,U0856,3201.38,16006.9
P02959,T-Shirt,Clothing,2157.36,3,Returned,West,High,U1095,2157.36,6472.08
P02960,Headphones,Sports,2590.0,5,Completed,North,Medium,U1092,2590.00,12950.0
P02961,T-Shirt,Beauty,408.56,3,Completed,East,Low,U0180,408.56,1225.68
P02962,Headphones,Home,4187.26,7,Completed,East,Medium,U0380,4187.26,29310.82
P02963,Running Shoes,Clothing,3944.08,7,Completed,East,Low,U0933,3944.08,27608.56
P02964,Mixer,Electronics,1008.23,3,Completed,West,Low,U0450,1008.23,3024.69
P02965,Headphones,Beauty,3208.21,6,Completed,West,Medium,U1285,3208.21,19249.26
P02966,Headphones,Sports,4109.74,3,Completed,East,High,U1471,4109.74,12329.22
P02967,Wireless Mouse,Home,3240.19,1,Completed,South,Medium,U0131,3240.19,3240.19
P02968,Headphones,Electronics,1620.95,1,Pending,East,Medium,U1258,1620.95,1620.95
P02969,Wireless Mouse,Sports,3314.94,1,Completed,North,Medium,U0904,3314.94,3314.94
P02970,Face Wash,Sports,1131.26,1,Pending,East,Low,U1178,1131.26,1131.26
P02971,Running Shoes,Clothing,1659.45,2,Completed,East,High,U0330,1659.45,3318.9
P02972,Wireless Mouse,Clothing,1276.34,4,Pending,East,Medium,U0637,1276.34,5105.36
P02973,Mixer,Electronics,2828.93,4,Completed,South,High,U0053,2828.93,11315.72
P02974,Novel,Books,630.31,3,Completed,East,High,U0468,630.31,1890.93
P02975,Running Shoes,Books,4673.22,7,Returned,East,Medium,U0640,4673.22,32712.54
P02976,Wireless Mouse,Sports,1734.21,5,Completed,West,High,U0413,1734.21,8671.05
P02977,Running Shoes,Clothing,1172.95,1,Completed,East,High,U1038,1172.95,1172.95
P02978,Running Shoes,Home,2533.09,4,Pending,North,Medium,U0496,2533.09,10132.36
P02979,Running Shoes,Home,1457.29,4,Completed,West,Low,U0368,1457.29,5829.16
P02980,Face Wash,Sports,2721.03,1,Pending,South,High,U0539,2721.03,2721.03
P02981,Mixer,Clothing,1807.69,7,Cancelled,West,Low,U0637,1807.69,12653.83
P02982,T-Shirt,Electronics,747.13,2,Completed,South,Medium,U1476,747.13,1494.26
P02983,T-Shirt,Electronics,1402.89,2,Pending,South,Low,U0515,1402.89,2805.78
P02984,Wireless Mouse,Electronics,2248.36,4,Pending,North,Medium,U0481,2248.36,8993.44
P02985,Running Shoes,Home,248.44,2,Completed,East,High,U0414,248.44,496.88
P02986,Wireless Mouse,Clothing,3876.15,6,Completed,North,Low,U0228,3876.15,23256.9
P02987,Face Wash,Clothing,3146.94,1,Completed,West,High,U0137,3146.94,3146.94
P02988,Face Wash,Home,3046.66,7,Completed,South,Low,U1264,3046.66,21326.62
P02989,Headphones,Electronics,2775.64,4,Pending,West,Medium,U0791,2775.64,11102.56
P02990,Face Wash,Electronics,2992.53,1,Completed,South,Medium,U0835,2992.53,2992.53
P02991,Headphones,Sports,4679.79,2,Completed,West,Low,U0472,4679.79,9359.58
P02992,Mixer,Books,141.99,1,Completed,South,Medium,U0518,141.99,141.99
P02993,Wireless Mouse,Beauty,334.22,2,Cancelled,North,High,U1485,334.22,668.44
P02994,Novel,Books,1038.32,7,Completed,South,Medium,U0305,1038.32,7268.24
P02995,Mixer,Clothing,919.78,2,Cancelled,East,Medium,U0655,919.78,1839.56
P02996,Face Wash,Clothing,987.85,1,Pending,North,Medium,U0181,987.85,987.85
P02997,Mixer,Clothing,3392.53,7,Completed,East,Low,U0030,3392.53,23747.71
P02998,Mixer,Books,2351.47,2,Completed,West,High,U0972,2351.47,4702.94
P02999,Mixer,Beauty,4959.72,6,Completed,West,Medium,U0765,4959.72,29758.32
P03000,Face Wash,Sports,1211.74,3,Pending,South,Medium,U0040,1211.74,3635.22
P03001,Novel,Books,1623.07,1,Cancelled,South,Low,U0187,1623.07,1623.07
P03002,Running Shoes,Beauty,4922.78,3,Completed,West,Medium,U0319,4922.78,14768.34
P03003,Mixer,Electronics,4175.61,1,Completed,North,Medium,U1251,4175.61,4175.61
P03004,Headphones,Electronics,2402.02,2,Completed,East,Medium,U0732,2402.02,4804.04
P03005,Face Wash,Clothing,2817.52,2,Pending,West,Medium,U0892,2817.52,5635.04
P03006,Mixer,Home,4231.57,7,Completed,North,High,U0324,4231.57,29620.99
P03007,Novel,Clothing,2456.8,4,Pending,East,Medium,U0943,2456.80,9827.2
P03008,Running Shoes,Home,1109.52,6,Completed,South,Medium,U1067,1109.52,6657.12
P03009,Face Wash,Beauty,4159.38,4,Completed,North,High,U0656,4159.38,16637.52
P03010,T-Shirt,Electronics,2735.09,3,Completed,North,High,U1302,2735.09,8205.27
P03011,Running Shoes,Books,849.91,2,Completed,West,Medium,U1343,849.91,1699.82
P03012,Headphones,Home,2577.37,4,Completed,East,Medium,U0174,2577.37,10309.48
P03013,Mixer,Beauty,2124.7,2,Completed,West,Low,U0685,2124.70,4249.4
P03014,Novel,Electronics,4396.53,1,Returned,South,Low,U1065,4396.53,4396.53
P03015,T-Shirt,Books,717.67,4,Completed,South,High,U0409,717.67,2870.68
P03016,Novel,Home,4388.53,3,Completed,East,Medium,U1347,4388.53,13165.59
P03017,T-Shirt,Clothing,2609.83,7,Completed,East,Low,U0180,2609.83,18268.81
P03018,Face Wash,Clothing,2081.39,4,Completed,East,High,U0854,2081.39,8325.56
P03019,T-Shirt,Clothing,893.64,2,Completed,West,High,U1183,893.64,1787.28
P03020,Headphones,Beauty,3534.01,5,Returned,East,High,U0037,3534.01,17670.05
P03021,Headphones,Clothing,4641.35,5,Completed,East,Medium,U0406,4641.35,23206.75
P03022,Wireless Mouse,Sports,1939.35,7,Completed,West,Medium,U0539,1939.35,13575.45
P03023,Headphones,Electronics,1283.77,7,Completed,South,Low,U0376,1283.77,8986.39
P03024,Running Shoes,Beauty,2818.85,6,Completed,South,High,U0256,2818.85,16913.1
P03025,T-Shirt,Books,4001.31,7,Completed,North,High,U0278,4001.31,28009.17
P03026,Headphones,Clothing,118.46,2,Cancelled,South,High,U0249,118.46,236.92
P03027,Face Wash,Electronics,3193.75,1,Completed,East,High,U0693,3193.75,3193.75
P03028,Novel,Home,3022.93,4,Completed,South,Low,U1041,3022.93,12091.72
P03029,Novel,Clothing,1658.95,7,Returned,West,Medium,U1392,1658.95,11612.65
P03030,Wireless Mouse,Electronics,2311.97,5,Completed,South,Medium,U0125,2311.97,11559.85
P03031,Novel,Sports,1310.12,1,Completed,South,High,U1336,1310.12,1310.12
P03032,T-Shirt,Home,3970.44,2,Completed,North,Low,U0212,3970.44,7940.88
P03033,Wireless Mouse,Sports,3209.22,1,Completed,North,Medium,U0472,3209.22,3209.22
P03034,T-Shirt,Books,2710.29,2,Completed,East,Low,U0749,2710.29,5420.58
P03035,Face Wash,Electronics,2023.38,6,Pending,West,Medium,U1439,2023.38,12140.28
P03036,Wireless Mouse,Sports,1527.78,4,Cancelled,East,High,U0500,1527.78,6111.12
P03037,Mixer,Books,4131.41,1,Pending,West,Medium,U0811,4131.41,4131.41
P03038,Running Shoes,Electronics,2311.9,4,Completed,West,High,U0889,2311.90,9247.6
P03039,Running Shoes,Electronics,2557.09,1,Pending,North,Medium,U1205,2557.09,2557.09
P03040,T-Shirt,Sports,2652.06,2,Completed,South,Low,U1413,2652.06,5304.12
P03041,Novel,Electronics,2297.0,2,Completed,South,Medium,U1211,2297.00,4594.0
P03042,Mixer,Clothing,1354.83,1,Completed,North,High,U1492,1354.83,1354.83
P03043,Wireless Mouse,Electronics,689.67,6,Completed,East,Low,U1481,689.67,4138.02
P03044,Mixer,Beauty,582.83,2,Returned,South,Low,U1158,582.83,1165.66
P03045,Mixer,Books,3811.57,3,Completed,East,Medium,U0175,3811.57,11434.71
P03046,Novel,Electronics,1195.29,3,Pending,South,Medium,U1285,1195.29,3585.87
P03047,Wireless Mouse,Beauty,372.8,4,Pending,East,Medium,U0317,372.80,1491.2
P03048,Face Wash,Electronics,4007.84,7,Pending,West,Medium,U1001,4007.84,28054.88
P03049,Novel,Electronics,854.9,3,Completed,West,High,U0824,854.90,2564.7
P03050,Mixer,Sports,3163.22,3,Completed,South,High,U0870,3163.22,9489.66
P03051,Mixer,Clothing,1759.35,6,Pending,East,Low,,1759.35,10556.1
P03052,Face Wash,Books,719.75,6,Completed,East,Medium,U0887,719.75,4318.5
P03053,Mixer,Clothing,2130.96,7,Returned,West,High,U0269,2130.96,14916.72
P03054,Mixer,Home,172.56,5,Completed,East,High,U0470,172.56,862.8
P03055,Mixer,Sports,4221.12,7,Completed,North,Medium,U0224,4221.12,29547.84
P03056,Running Shoes,Sports,2616.14,5,Completed,East,Low,U1276,2616.14,13080.7
P03057,Novel,Clothing,781.88,6,Pending,West,High,U1088,781.88,4691.28
P03058,Headphones,Sports,1261.2,5,Completed,North,High,U0975,1261.20,6306.0
P03059,Novel,Clothing,2295.08,6,Completed,North,Medium,U0907,2295.08,13770.48
P03060,Face Wash,Sports,1025.46,5,Completed,East,Low,U0830,1025.46,5127.3
P03061,Mixer,Electronics,1416.14,2,Completed,West,Medium,U1488,1416.14,2832.28
P03062,Novel,Clothing,2718.49,6,Completed,West,Low,U1148,2718.49,16310.94
P03063,Running Shoes,Clothing,4179.78,7,Completed,West,Low,U0238,4179.78,29258.46
P03064,Face Wash,Beauty,2069.01,4,Completed,North,Low,U0075,2069.01,8276.04
P03065,T-Shirt,Sports,3613.18,4,Completed,West,Medium,U1466,3613.18,14452.72
P03066,Novel,Sports,4395.75,6,Completed,North,Medium,U0500,4395.75,26374.5
P03067,T-Shirt,Clothing,1159.87,3,Completed,North,Low,U0268,1159.87,3479.61
P03068,Mixer,Electronics,4055.24,4,Completed,South,Low,U0987,4055.24,16220.96
P03069,Running Shoes,Electronics,3811.27,7,Completed,East,Low,U1074,3811.27,26678.89
P03070,Running Shoes,Books,1848.99,3,Completed,West,Low,U1083,1848.99,5546.97
P03071,Novel,Electronics,4948.65,4,Completed,North,Medium,U1478,4948.65,19794.6
P03072,Face Wash,Sports,1386.6,1,Completed,East,Low,U0723,1386.60,1386.6
P03073,Face Wash,Beauty,1348.54,1,Completed,North,Low,U1096,1348.54,1348.54
P03074,Running Shoes,Clothing,3884.07,6,Completed,East,Medium,U0190,3884.07,23304.42
P03075,Face Wash,Home,2229.82,7,Completed,North,Low,U0996,2229.82,15608.74
P03076,Running Shoes,Beauty,1720.9,7,Completed,West,Low,U0566,1720.90,12046.3
P03077,Novel,Home,975.45,4,Pending,South,High,U0993,975.45,3901.8
P03078,Headphones,Beauty,3850.13,2,Completed,South,Medium,U0736,3850.13,7700.26
P03079,Running Shoes,Electronics,3952.98,3,Completed,South,High,U0156,3952.98,11858.94
P03080,T-Shirt,Sports,2876.16,4,Completed,North,Medium,U0673,2876.16,11504.64
P03081,Face Wash,Home,4790.84,6,Completed,East,High,U1109,4790.84,28745.04
P03082,Running Shoes,Beauty,1659.0,3,Completed,West,Low,U0069,1659.00,4977.0
P03083,Running Shoes,Sports,1176.13,5,Pending,West,Medium,U1409,1176.13,5880.65
P03084,Novel,Home,3419.59,6,Completed,North,Medium,U0373,3419.59,20517.54
P03085,Face Wash,Clothing,3816.2,4,Returned,South,High,U0055,3816.20,15264.8
P03086,Headphones,Beauty,1202.04,2,Completed,North,Medium,U0085,1202.04,2404.08
P03087,Novel,Clothing,475.39,5,Pending,East,High,U0941,475.39,2376.95
P03088,Headphones,Electronics,4071.53,6,Pending,South,Medium,U0841,4071.53,24429.18
P03089,Novel,Clothing,4884.86,4,Completed,North,Medium,U0592,4884.86,19539.44
P03090,Face Wash,Clothing,3258.89,1,Completed,East,High,U0732,3258.89,3258.89
P03091,Wireless Mouse,Books,1461.55,7,Completed,South,High,U0622,1461.55,10230.85
P03092,Face Wash,Beauty,4983.7,4,Cancelled,,Medium,U1009,4983.70,19934.8
P03093,Face Wash,Electronics,4477.01,1,Completed,East,Low,U0317,4477.01,4477.01
P03094,Headphones,Clothing,2615.57,1,Completed,West,Low,U1188,2615.57,2615.57
P03095,Headphones,Sports,4144.07,6,Completed,East,Low,U0625,4144.07,24864.42
P03096,Face Wash,Home,4097.52,4,Completed,South,Low,U0252,4097.52,16390.08
P03097,Face Wash,Clothing,4680.51,7,Returned,North,Low,U0152,4680.51,32763.57
P03098,Face Wash,Electronics,4220.53,4,Pending,North,Medium,U1360,4220.53,16882.12
P03099,Headphones,Clothing,3254.03,1,Completed,North,High,U0910,3254.03,3254.03
P03100,Face Wash,Home,3085.59,3,Completed,North,Low,U1392,3085.59,9256.77
P03101,Face Wash,Electronics,2390.05,5,Completed,East,Medium,U0866,2390.05,11950.25
P03102,Mixer,Beauty,3169.78,2,Cancelled,North,Medium,U0600,3169.78,6339.56
P03103,Wireless Mouse,Electronics,3996.56,4,Cancelled,North,High,U1007,3996.56,15986.24
P03104,T-Shirt,Beauty,4848.28,5,Completed,East,Low,U0971,4848.28,24241.4
P03105,Wireless Mouse,Electronics,2389.71,5,Completed,East,Medium,U1005,2389.71,11948.55
P03106,Mixer,Home,2910.9,3,Returned,South,High,U1124,2910.90,8732.7
P03107,T-Shirt,Home,2279.55,5,Completed,East,Low,U1144,2279.55,11397.75
P03108,Novel,Electronics,3375.59,4,Completed,West,Medium,U1409,3375.59,13502.36
P03109,Face Wash,Clothing,3186.61,6,Completed,South,High,U0303,3186.61,19119.66
P03110,Mixer,Home,187.39,6,Completed,South,Low,U1173,187.39,1124.34
P03111,Novel,Beauty,2751.69,5,Completed,North,High,U1225,2751.69,13758.45
P03112,Face Wash,Beauty,533.59,4,Returned,North,High,U1027,533.59,2134.36
P03113,Headphones,Sports,229.28,4,Completed,West,Low,U0400,229.28,917.12
P03114,Running Shoes,Books,3976.87,1,Completed,North,Low,U0068,3976.87,3976.87
P03115,Mixer,Books,1367.38,3,Completed,East,Medium,U0154,1367.38,4102.14
P03116,Headphones,Books,1769.21,7,Pending,East,High,U1015,1769.21,12384.47
P03117,Mixer,Beauty,414.01,2,Completed,North,Low,U0182,414.01,828.02
P03118,Mixer,Sports,979.55,7,Completed,North,Medium,U0525,979.55,6856.85
P03119,Headphones,Books,3851.46,1,Completed,East,Low,U0189,3851.46,3851.46
P03120,T-Shirt,Books,2518.3,2,Pending,South,High,U0020,2518.30,5036.6
P03121,Wireless Mouse,Electronics,4415.28,7,Completed,West,Medium,U0851,4415.28,30906.96
P03122,Face Wash,Electronics,2046.49,4,Completed,West,Medium,U1307,2046.49,8185.96
P03123,Mixer,Electronics,1416.63,6,Completed,South,Medium,U0898,1416.63,8499.78
P03124,Face Wash,Clothing,1803.24,1,Completed,West,High,U0010,1803.24,1803.24
P03125,Running Shoes,Books,3592.58,7,Returned,North,Medium,U0700,3592.58,25148.06
P03126,Headphones,Clothing,2819.53,5,Completed,North,High,U0655,2819.53,14097.65
P03127,Face Wash,Sports,4530.54,5,Completed,North,Low,U1327,4530.54,22652.7
P03128,Headphones,Beauty,3050.63,2,Completed,West,Medium,U0241,3050.63,6101.26
P03129,Face Wash,Books,2515.79,4,Completed,South,High,U0152,2515.79,10063.16
P03130,Wireless Mouse,Beauty,3950.19,6,Completed,North,Medium,U0784,3950.19,23701.14
P03131,Wireless Mouse,Electronics,4742.92,2,Pending,South,High,U1361,4742.92,9485.84
P03132,Wireless Mouse,Books,1843.64,7,Completed,East,Medium,U0188,1843.64,12905.48
P03133,Wireless Mouse,Home,1324.39,7,Completed,East,High,U0464,1324.39,9270.73
P03134,Wireless Mouse,Clothing,3119.47,6,Returned,East,Low,U0722,3119.47,18716.82
P03135,Wireless Mouse,Clothing,2544.48,7,Completed,West,Low,U1201,2544.48,17811.36
P03136,Headphones,Books,4947.01,3,Completed,West,High,U0900,4947.01,14841.03
P03137,Mixer,Electronics,2365.57,6,Pending,North,High,U0706,2365.57,14193.42
P03138,Face Wash,Clothing,464.22,5,Pending,East,Medium,U1201,464.22,2321.1
P03139,Wireless Mouse,Electronics,4889.11,7,Completed,South,High,U0881,4889.11,34223.77
P03140,Headphones,Sports,4233.58,7,Pending,West,Medium,U0415,4233.58,29635.06
P03141,Headphones,Beauty,973.43,1,Completed,South,High,U0578,973.43,973.43
P03142,Headphones,Home,4532.57,1,Completed,South,Medium,U0310,4532.57,4532.57
P03143,Mixer,Beauty,1769.27,1,Completed,North,Low,U1026,1769.27,1769.27
P03144,Face Wash,Beauty,1947.85,6,Pending,North,Medium,U0317,1947.85,11687.1
P03145,Mixer,Sports,4541.32,5,Completed,South,High,U1020,4541.32,22706.6
P03146,T-Shirt,Clothing,2697.57,6,Completed,South,Medium,U0368,2697.57,16185.42
P03147,Novel,Home,775.04,4,Returned,South,High,U0555,775.04,3100.16
P03148,Headphones,Clothing,1908.38,5,Completed,South,High,U0605,1908.38,9541.9
P03149,T-Shirt,Books,3638.28,5,Completed,East,Medium,,3638.28,18191.4
P03150,Running Shoes,Beauty,953.5,6,Completed,South,Medium,U0936,953.50,5721.0
P03151,Wireless Mouse,Books,2992.13,6,Completed,West,Medium,U0480,2992.13,17952.78
P03152,Novel,Electronics,3506.84,1,Completed,North,Medium,U0981,3506.84,3506.84
P03153,Wireless Mouse,Beauty,1784.88,5,Completed,West,Low,U1087,1784.88,8924.4
P03154,Mixer,Clothing,3500.02,1,Completed,North,High,U1304,3500.02,3500.02
P03155,Novel,Beauty,4432.62,4,Completed,North,Medium,U0940,4432.62,17730.48
P03156,Face Wash,Electronics,2413.37,3,Completed,North,High,U0014,2413.37,7240.11
P03157,T-Shirt,Sports,1976.26,1,Completed,West,Medium,U0028,1976.26,1976.26
P03158,Face Wash,Books,1330.68,6,Completed,North,Medium,U0142,1330.68,7984.08
P03159,Mixer,Books,3060.61,7,Completed,South,Medium,U0590,3060.61,21424.27
P03160,Wireless Mouse,Clothing,4411.28,2,Completed,South,High,U0473,4411.28,8822.56
P03161,Novel,Beauty,1690.84,3,Cancelled,East,Low,U1208,1690.84,5072.52
P03162,Face Wash,Clothing,2041.55,4,Cancelled,East,High,U0317,2041.55,8166.2
P03163,Face Wash,Sports,2092.47,7,Completed,East,Medium,U1385,2092.47,14647.29
P03164,Wireless Mouse,Beauty,2847.98,6,Completed,South,High,U0445,2847.98,17087.88
P03165,Novel,Beauty,1219.2,3,Completed,West,High,U0296,1219.20,3657.6
P03166,T-Shirt,Clothing,4128.83,6,Completed,East,High,U0404,4128.83,24772.98
P03167,Wireless Mouse,Clothing,1548.45,1,Returned,South,Medium,U0752,1548.45,1548.45
P03168,Face Wash,Electronics,3556.28,7,Completed,North,Medium,U0263,3556.28,24893.96
P03169,T-Shirt,Sports,2614.76,6,Completed,West,High,U0847,2614.76,15688.56
P03170,T-Shirt,Electronics,2970.9,7,Cancelled,West,Medium,U0377,2970.90,20796.3
P03171,Wireless Mouse,Books,980.08,4,Completed,South,Medium,U0585,980.08,3920.32
P03172,Face Wash,Beauty,3701.61,2,Completed,South,High,U1092,3701.61,7403.22
P03173,Mixer,Clothing,1024.24,1,Completed,North,Medium,U0799,1024.24,1024.24
P03174,Face Wash,Beauty,656.02,1,Completed,North,Medium,U0471,656.02,656.02
P03175,Headphones,Beauty,2778.73,7,Completed,North,Low,U0732,2778.73,19451.11
P03176,Novel,Home,3575.56,4,Pending,West,Low,U0972,3575.56,14302.24
P03177,Running Shoes,Books,345.18,4,Completed,West,High,U0047,345.18,1380.72
P03178,Mixer,Home,440.04,3,Completed,East,High,U0947,440.04,1320.12
P03179,T-Shirt,Beauty,4033.13,2,Cancelled,East,Low,U1082,4033.13,8066.26
P03180,Mixer,Clothing,4064.26,6,Completed,East,High,U0024,4064.26,24385.56
P03181,Novel,Beauty,1301.99,3,Completed,West,Low,U1314,1301.99,3905.97
P03182,T-Shirt,Books,3114.62,6,Completed,North,Medium,U0831,3114.62,18687.72
P03183,Novel,Home,2271.58,6,Completed,East,Low,U1468,2271.58,13629.48
P03184,T-Shirt,Clothing,3200.21,6,Completed,North,High,U0403,3200.21,19201.26
P03185,Mixer,Beauty,4328.11,3,Cancelled,North,High,,4328.11,12984.33
P03186,T-Shirt,Sports,491.3,1,Completed,North,Medium,U1088,491.30,491.3
P03187,T-Shirt,Books,3912.12,4,Completed,East,Medium,U1263,3912.12,15648.48
P03188,Headphones,Books,2515.84,1,Completed,East,Medium,U0283,2515.84,2515.84
P03189,Face Wash,Sports,2864.22,2,Returned,North,High,U1466,2864.22,5728.44
P03190,Face Wash,Beauty,3304.26,3,Completed,East,Low,U1324,3304.26,9912.78
P03191,Running Shoes,Books,4620.85,2,Cancelled,South,Medium,U0093,4620.85,9241.7
P03192,Running Shoes,Clothing,377.93,4,Completed,East,Medium,U1399,377.93,1511.72
P03193,Headphones,Beauty,244.43,4,Pending,North,Medium,U0686,244.43,977.72
P03194,Running Shoes,Beauty,973.48,5,Cancelled,North,Low,U0310,973.48,4867.4
P03195,Novel,Home,4933.59,2,Pending,West,Medium,U0888,4933.59,9867.18
P03196,Mixer,Books,3603.87,1,Completed,West,Medium,U1191,3603.87,3603.87
P03197,Wireless Mouse,Books,3111.74,7,Completed,North,High,U0007,3111.74,21782.18
P03198,Novel,Sports,330.49,2,Completed,South,Low,U1067,330.49,660.98
P03199,Wireless Mouse,Home,4407.64,3,Completed,West,Medium,U0788,4407.64,13222.92
P03200,Wireless Mouse,Home,4082.51,4,Pending,North,Medium,U1364,4082.51,16330.04
P03201,Headphones,Books,3357.52,4,Completed,West,Low,U1177,3357.52,13430.08
P03202,Novel,Beauty,1761.74,2,Completed,,Medium,U0043,1761.74,3523.48
P03203,Headphones,Home,445.47,2,Completed,North,Low,U0725,445.47,890.94
P03204,T-Shirt,Sports,2942.19,6,Completed,East,Low,U0201,2942.19,17653.14
P03205,Wireless Mouse,Home,3626.5,2,Completed,South,High,U0895,3626.50,7253.0
P03206,Mixer,Sports,561.78,6,Completed,East,Medium,U0667,561.78,3370.68
P03207,Running Shoes,Home,3205.46,3,Pending,North,High,U0548,3205.46,9616.38
P03208,Mixer,Sports,1503.19,3,Completed,North,Medium,U0226,1503.19,4509.57
P03209,Running Shoes,Home,3844.8,1,Pending,South,Medium,U0633,3844.80,3844.8
P03210,Wireless Mouse,Home,2744.12,2,Completed,North,Low,U1363,2744.12,5488.24
P03211,Wireless Mouse,Clothing,732.28,1,Cancelled,West,Low,U1359,732.28,732.28
P03212,Wireless Mouse,Sports,2679.95,7,Completed,South,High,U1205,2679.95,18759.65
P03213,Headphones,Sports,2039.11,5,Completed,East,Medium,U0946,2039.11,10195.55
P03214,Novel,Sports,983.74,3,Completed,South,Low,U1296,983.74,2951.22
P03215,Running Shoes,Electronics,4223.43,4,Completed,East,Medium,U0194,4223.43,16893.72
P03216,Novel,Home,154.04,6,Completed,North,High,U0538,154.04,924.24
P03217,Headphones,Sports,1629.43,5,Pending,East,Low,U0481,1629.43,8147.15
P03218,Headphones,Books,161.72,4,Completed,East,Low,U1122,161.72,646.88
P03219,Face Wash,Electronics,570.43,5,Completed,East,Low,U0430,570.43,2852.15
P03220,Mixer,Clothing,1555.77,1,Completed,South,High,U1351,1555.77,1555.77
P03221,Mixer,Sports,365.93,1,Completed,West,Low,U0945,365.93,365.93
P03222,T-Shirt,Sports,3023.49,6,Completed,East,Low,U0911,3023.49,18140.94
P03223,Headphones,Electronics,525.63,3,Cancelled,South,Medium,U0578,525.63,1576.89
P03224,Running Shoes,Home,3538.4,7,Completed,South,Medium,U1440,3538.40,24768.8
P03225,Face Wash,Books,357.95,6,Pending,West,High,U0111,357.95,2147.7
P03226,Face Wash,Clothing,390.61,7,Pending,South,Medium,U0212,390.61,2734.27
P03227,Novel,Sports,1596.1,4,Pending,North,Medium,U0851,1596.10,6384.4
P03228,Mixer,Home,4493.2,5,Completed,North,High,U0878,4493.20,22466.0
P03229,Headphones,Books,3242.83,6,Completed,North,Low,U0987,3242.83,19456.98
P03230,T-Shirt,Books,3873.64,7,Completed,West,Low,U0996,3873.64,27115.48
P03231,Headphones,Clothing,793.61,2,Returned,South,Medium,U0571,793.61,1587.22
P03232,Novel,Beauty,4187.21,2,Completed,North,High,U1054,4187.21,8374.42
P03233,Wireless Mouse,Books,139.92,3,Completed,East,Medium,U1291,139.92,419.76
P03234,Headphones,Beauty,1143.98,7,Cancelled,South,Low,U0666,1143.98,8007.86
P03235,Novel,Books,3118.85,6,Completed,North,High,U0350,3118.85,18713.1
P03236,Wireless Mouse,Clothing,1938.71,4,Completed,South,Medium,U0930,1938.71,7754.84
P03237,Wireless Mouse,Electronics,4922.55,2,Completed,North,High,U0681,4922.55,9845.1
P03238,T-Shirt,Clothing,248.66,3,Completed,East,High,U1238,248.66,745.98
P03239,Running Shoes,Clothing,4993.13,6,Completed,South,Low,U0251,4993.13,29958.78
P03240,Mixer,Electronics,3155.78,3,Returned,North,High,U0319,3155.78,9467.34
P03241,Headphones,Electronics,2837.66,4,Pending,North,Low,U1207,2837.66,11350.64
P03242,Wireless Mouse,Home,391.61,2,Pending,East,High,U0885,391.61,783.22
P03243,Headphones,Books,1439.31,2,Completed,East,High,U0189,1439.31,2878.62
P03244,Running Shoes,Home,4630.85,2,Completed,North,Medium,U0725,4630.85,9261.7
P03245,Mixer,Electronics,1835.81,7,Completed,North,Medium,U1151,1835.81,12850.67
P03246,Running Shoes,Beauty,3342.1,1,Completed,West,Low,U1320,3342.10,3342.1
P03247,Mixer,Beauty,4997.53,7,Completed,West,Low,U1047,4997.53,34982.71
P03248,Face Wash,Clothing,1389.04,2,Completed,South,Low,U0079,1389.04,2778.08
P03249,Mixer,Sports,2922.8,5,Completed,South,High,U0546,2922.80,14614.0
P03250,T-Shirt,Clothing,3512.55,1,Completed,West,Medium,U1494,3512.55,3512.55
P03251,Running Shoes,Clothing,906.67,6,Returned,North,Low,U0924,906.67,5440.02
P03252,Wireless Mouse,Sports,828.5,7,Completed,East,High,U0619,828.50,5799.5
P03253,Face Wash,Books,2335.91,1,Completed,South,Low,U0305,2335.91,2335.91
P03254,T-Shirt,Electronics,1990.48,1,Completed,,High,U1472,1990.48,1990.48
P03255,Headphones,Beauty,3599.66,7,Completed,East,Medium,U0199,3599.66,25197.62
P03256,Running Shoes,Clothing,440.59,7,Completed,East,Medium,U1215,440.59,3084.13
P03257,Novel,Sports,4863.62,1,Completed,North,Low,U1256,4863.62,4863.62
P03258,Novel,Home,169.96,3,Completed,North,High,U0554,169.96,509.88
P03259,Wireless Mouse,Clothing,3046.45,5,Completed,South,Low,U1048,3046.45,15232.25
P03260,Mixer,Beauty,2856.9,4,Pending,West,Low,U1485,2856.90,11427.6
P03261,Wireless Mouse,Electronics,760.11,2,Completed,North,Medium,U0183,760.11,1520.22
P03262,Novel,Clothing,839.49,7,Completed,West,High,U1457,839.49,5876.43
P03263,Headphones,Clothing,3984.12,1,Completed,South,Low,U0607,3984.12,3984.12
P03264,Face Wash,Books,4449.06,4,Completed,West,Medium,U0083,4449.06,17796.24
P03265,Face Wash,Sports,1486.78,7,Pending,West,Medium,U0093,1486.78,10407.46
P03266,Running Shoes,Home,2246.02,3,Completed,East,Medium,U1302,2246.02,6738.06
P03267,Face Wash,Home,1839.48,4,Completed,South,Medium,U0617,1839.48,7357.92
P03268,Running Shoes,Electronics,455.48,1,Completed,North,Low,U1109,455.48,455.48
P03269,Running Shoes,Beauty,3398.7,6,Pending,West,Medium,U0573,3398.70,20392.2
P03270,Running Shoes,Electronics,4143.45,5,Completed,South,Medium,U1232,4143.45,20717.25
P03271,Novel,Clothing,1593.91,4,Cancelled,East,Low,U0581,1593.91,6375.64
P03272,Novel,Clothing,4951.86,7,Completed,East,Medium,U1001,4951.86,34663.02
P03273,Mixer,Home,471.67,1,Pending,West,Low,U1468,471.67,471.67
P03274,T-Shirt,Beauty,3342.77,7,Returned,West,Medium,U0774,3342.77,23399.39
P03275,Running Shoes,Sports,2296.32,1,Pending,North,Medium,U0853,2296.32,2296.32
P03276,Running Shoes,Beauty,2288.35,2,Completed,South,High,,2288.35,4576.7
P03277,T-Shirt,Clothing,2342.46,6,Completed,North,Medium,,2342.46,14054.76
P03278,Wireless Mouse,Sports,1367.54,2,Completed,North,Low,U0792,1367.54,2735.08
P03279,Running Shoes,Beauty,3606.26,6,Completed,East,Low,U0476,3606.26,21637.56
P03280,Mixer,Beauty,3635.72,5,Completed,South,Medium,U0504,3635.72,18178.6
P03281,Face Wash,Sports,1483.75,2,Pending,North,Medium,U0231,1483.75,2967.5
P03282,Face Wash,Clothing,4193.0,5,Completed,East,Medium,U0878,4193.00,20965.0
P03283,Headphones,Beauty,1652.54,7,Completed,West,Medium,U1384,1652.54,11567.78
P03284,Headphones,Sports,3652.96,3,Completed,North,High,U1043,3652.96,10958.88
P03285,Face Wash,Books,692.9,3,Completed,West,High,U0690,692.90,2078.7
P03286,Face Wash,Books,926.64,6,Pending,South,Low,U0209,926.64,5559.84
P03287,Novel,Clothing,1647.4,6,Cancelled,North,Medium,,1647.40,9884.4
P03288,Mixer,Sports,3009.98,2,Returned,West,Low,U0743,3009.98,6019.96
P03289,T-Shirt,Books,3263.01,3,Pending,West,Medium,U0384,3263.01,9789.03
P03290,Headphones,Sports,2042.15,4,Completed,South,Medium,U1116,2042.15,8168.6
P03291,Novel,Beauty,481.41,4,Completed,East,Medium,U0362,481.41,1925.64
P03292,Novel,Clothing,1930.81,7,Completed,East,Medium,U0761,1930.81,13515.67
P03293,T-Shirt,Books,3474.96,4,Completed,North,High,U1148,3474.96,13899.84
P03294,Novel,Beauty,3387.88,7,Completed,West,Low,U0943,3387.88,23715.16
P03295,Mixer,Electronics,884.96,3,Pending,East,Low,U0648,884.96,2654.88
P03296,Face Wash,Electronics,138.14,4,Completed,North,Low,U1297,138.14,552.56
P03297,Running Shoes,Clothing,3789.61,5,Completed,West,Medium,U0355,3789.61,18948.05
P03298,T-Shirt,Books,621.2,1,Pending,North,Low,U0100,621.20,621.2
P03299,Face Wash,Books,503.51,6,Completed,South,Medium,U0731,503.51,3021.06
P03300,Face Wash,Books,113.24,2,Completed,North,Low,U0301,113.24,226.48
P03301,Wireless Mouse,Sports,2219.75,7,Completed,South,Low,U0609,2219.75,15538.25
P03302,T-Shirt,Beauty,2565.99,5,Pending,West,Low,U0882,2565.99,12829.95
P03303,Novel,Books,3224.55,4,Completed,West,Low,U0203,3224.55,12898.2
P03304,Running Shoes,Beauty,1550.71,1,Pending,West,Medium,U1045,1550.71,1550.71
P03305,T-Shirt,Clothing,3581.08,2,Completed,North,Medium,U1222,3581.08,7162.16
P03306,Novel,Books,929.73,5,Pending,West,Low,U0112,929.73,4648.65
P03307,Face Wash,Clothing,4176.75,2,Completed,West,Medium,U1173,4176.75,8353.5
P03308,Running Shoes,Books,2902.06,7,Completed,South,Low,U0381,2902.06,20314.42
P03309,Novel,Electronics,2961.06,7,Completed,West,Medium,U0755,2961.06,20727.42
P03310,Mixer,Home,1127.9,6,Completed,West,High,U0954,1127.90,6767.4
P03311,Novel,Clothing,463.13,3,Completed,West,Medium,,463.13,1389.39
P03312,Wireless Mouse,Books,2377.15,7,Completed,East,High,U0796,2377.15,16640.05
P03313,Face Wash,Home,3116.5,4,Completed,West,Medium,U0337,3116.50,12466.0
P03314,Novel,Clothing,565.73,5,Completed,North,High,U1362,565.73,2828.65
P03315,Headphones,Sports,4757.62,5,Completed,South,Medium,U1324,4757.62,23788.1
P03316,Headphones,Books,4904.03,1,Completed,West,High,U0222,4904.03,4904.03
P03317,Wireless Mouse,Sports,2772.74,1,Completed,North,High,U1012,2772.74,2772.74
P03318,Mixer,Electronics,4755.34,1,Cancelled,South,Low,U0760,4755.34,4755.34
P03319,Face Wash,Books,979.28,2,Pending,South,Low,U1433,979.28,1958.56
P03320,T-Shirt,Electronics,224.56,4,Completed,North,Medium,U0689,224.56,898.24
P03321,Wireless Mouse,Home,293.11,2,Pending,North,Medium,U0118,293.11,586.22
P03322,Mixer,Clothing,2978.81,4,Completed,East,High,U0174,2978.81,11915.24
P03323,T-Shirt,Beauty,402.05,5,Pending,East,Low,U1243,402.05,2010.25
P03324,Headphones,Electronics,4796.87,7,Completed,West,High,U1400,4796.87,33578.09
P03325,Headphones,Beauty,795.47,7,Completed,East,Low,U0319,795.47,5568.29
P03326,T-Shirt,Beauty,1593.14,2,Completed,North,Low,U1112,1593.14,3186.28
P03327,Wireless Mouse,Clothing,4130.34,2,Completed,East,High,U1102,4130.34,8260.68
P03328,Headphones,Home,1171.83,2,Completed,South,Low,U0441,1171.83,2343.66
P03329,Face Wash,Clothing,1290.55,3,Completed,North,Low,U1225,1290.55,3871.65
P03330,Running Shoes,Books,3247.31,6,Completed,West,Low,U0415,3247.31,19483.86
P03331,Novel,Electronics,1452.82,4,Pending,South,High,U1028,1452.82,5811.28
P03332,T-Shirt,Beauty,1165.49,7,Completed,South,Medium,U0950,1165.49,8158.43
P03333,T-Shirt,Clothing,1345.47,4,Completed,South,High,U0083,1345.47,5381.88
P03334,Headphones,Clothing,2504.17,2,Pending,North,Medium,U0989,2504.17,5008.34
P03335,Wireless Mouse,Clothing,4833.89,3,Completed,North,Medium,U0493,4833.89,14501.67
P03336,Face Wash,Electronics,4177.97,2,Cancelled,West,Low,U0006,4177.97,8355.94
P03337,Wireless Mouse,Home,1494.59,4,Completed,East,Low,U0705,1494.59,5978.36
P03338,Mixer,Clothing,1880.53,6,Completed,East,Medium,U0347,1880.53,11283.18
P03339,Mixer,Electronics,2376.11,7,Completed,East,Medium,U0534,2376.11,16632.77
P03340,Running Shoes,Beauty,4896.76,6,Completed,East,Low,U0657,4896.76,29380.56
P03341,Headphones,Books,944.71,5,Completed,South,Low,U0955,944.71,4723.55
P03342,Headphones,Sports,1851.67,3,Completed,North,Low,U0451,1851.67,5555.01
P03343,Headphones,Electronics,3674.19,6,Completed,East,Medium,U1169,3674.19,22045.14
P03344,Running Shoes,Sports,4823.32,3,Completed,South,Low,U1026,4823.32,14469.96
P03345,Mixer,Clothing,862.81,2,Completed,North,Low,U1312,862.81,1725.62
P03346,Wireless Mouse,Clothing,1214.16,5,Completed,North,Low,U0918,1214.16,6070.8
P03347,Running Shoes,Electronics,1205.9,4,Pending,North,High,U1249,1205.90,4823.6
P03348,Running Shoes,Sports,202.57,6,Completed,South,Low,U0954,202.57,1215.42
P03349,Wireless Mouse,Clothing,3060.17,6,Pending,East,High,U1461,3060.17,18361.02
P03350,Headphones,Beauty,3386.45,1,Completed,North,Medium,U0214,3386.45,3386.45
P03351,Face Wash,Home,3052.38,7,Pending,South,Medium,U0900,3052.38,21366.66
P03352,Wireless Mouse,Home,449.48,4,Completed,North,Low,U1190,449.48,1797.92
P03353,Mixer,Clothing,439.23,6,Completed,West,Medium,U0373,439.23,2635.38
P03354,T-Shirt,Sports,1130.89,6,Completed,West,Low,U0653,1130.89,6785.34
P03355,T-Shirt,Books,1522.44,4,Completed,South,Low,U0507,1522.44,6089.76
P03356,Novel,Clothing,3954.06,5,Completed,East,High,U0983,3954.06,19770.3
P03357,Novel,Books,881.01,3,Completed,East,Medium,U0576,881.01,2643.03
P03358,Running Shoes,Books,316.05,4,Completed,North,Low,U0333,316.05,1264.2
P03359,T-Shirt,Sports,2030.54,3,Completed,East,Medium,U0212,2030.54,6091.62
P03360,Face Wash,Books,2140.32,5,Completed,East,Medium,U0289,2140.32,10701.6
P03361,Headphones,Beauty,2309.45,5,Completed,West,Medium,U0610,2309.45,11547.25
P03362,Mixer,Sports,4151.83,2,Completed,South,Medium,U0166,4151.83,8303.66
P03363,Novel,Clothing,580.23,1,Returned,West,Low,U0126,580.23,580.23
P03364,Face Wash,Beauty,3549.32,5,Completed,South,Low,U1181,3549.32,17746.6
P03365,Mixer,Electronics,1755.93,5,Pending,North,Medium,U1056,1755.93,8779.65
P03366,Mixer,Home,1618.9,3,Completed,West,Medium,U0274,1618.90,4856.7
P03367,Headphones,Clothing,4669.46,5,Completed,South,Medium,U1325,4669.46,23347.3
P03368,Running Shoes,Clothing,1317.5,4,Completed,East,Medium,U1045,1317.50,5270.0
P03369,T-Shirt,Clothing,3248.41,2,Completed,South,Medium,U0615,3248.41,6496.82
P03370,Headphones,Beauty,1448.13,2,Cancelled,East,Medium,U0276,1448.13,2896.26
P03371,Face Wash,Electronics,2585.01,4,Completed,North,High,U1031,2585.01,10340.04
P03372,Running Shoes,Sports,3952.84,6,Completed,East,Low,U1016,3952.84,23717.04
P03373,Face Wash,Electronics,4420.44,5,Completed,South,Medium,U1479,,22102.2
P03374,Running Shoes,Beauty,4209.62,7,Completed,West,High,U1154,4209.62,29467.34
P03375,Novel,Clothing,2952.69,1,Completed,South,Medium,U1323,2952.69,2952.69
P03376,Face Wash,Home,1319.2,5,Completed,West,Medium,U0097,1319.20,6596.0
P03377,Headphones,Clothing,3340.04,2,Completed,South,Low,U0277,,6680.08
P03378,Running Shoes,Sports,3578.53,1,Completed,South,High,U1309,3578.53,3578.53
P03379,Running Shoes,Books,152.39,7,Completed,North,Medium,U0800,152.39,1066.73
P03380,Mixer,Home,2252.13,6,Returned,East,Medium,U1197,2252.13,13512.78
P03381,Mixer,Clothing,4231.98,3,Completed,South,Low,U0332,4231.98,12695.94
P03382,Wireless Mouse,Home,2498.98,3,Completed,West,Low,U0205,2498.98,7496.94
P03383,Face Wash,Books,1625.74,7,Completed,East,Low,U0103,1625.74,11380.18
P03384,Mixer,Electronics,4371.81,5,Completed,North,Low,U1004,4371.81,21859.05
P03385,Wireless Mouse,Beauty,863.82,5,Cancelled,East,High,U0955,863.82,4319.1
P03386,Novel,Clothing,1111.58,1,Pending,South,High,U0360,1111.58,1111.58
P03387,Novel,Sports,3468.12,1,Completed,West,Medium,U1155,3468.12,3468.12
P03388,Mixer,Electronics,1826.94,6,Completed,West,Low,U0039,1826.94,10961.64
P03389,Face Wash,Clothing,3593.78,5,Completed,East,Low,U0307,3593.78,17968.9
P03390,Running Shoes,Electronics,872.75,2,Pending,West,Medium,U0884,872.75,1745.5
P03391,T-Shirt,Sports,1336.12,3,Completed,South,Low,U0520,1336.12,4008.36
P03392,Face Wash,Clothing,867.57,6,Pending,West,Medium,U0878,867.57,5205.42
P03393,Headphones,Books,4769.26,1,Completed,West,Low,U0046,4769.26,4769.26
P03394,Novel,Books,2086.48,2,Completed,West,Medium,U0194,2086.48,4172.96
P03395,Mixer,Sports,1752.38,5,Cancelled,South,High,U1193,1752.38,8761.9
P03396,Mixer,Home,169.59,4,Returned,North,Medium,U1146,169.59,678.36
P03397,Running Shoes,Sports,851.75,1,Completed,,High,U0249,851.75,851.75
P03398,Headphones,Home,2163.57,6,Pending,North,High,U1013,2163.57,12981.42
P03399,Running Shoes,Clothing,435.66,4,Pending,East,Medium,U0207,435.66,1742.64
P03400,Headphones,Home,2602.62,2,Pending,East,Medium,U0115,2602.62,5205.24
P03401,T-Shirt,Clothing,2329.58,7,Returned,South,Low,U0239,2329.58,16307.06
P03402,Novel,Clothing,3859.12,3,Completed,South,High,U0566,3859.12,11577.36
P03403,Mixer,Beauty,3333.03,7,Pending,,Medium,U1100,3333.03,23331.21
P03404,Mixer,Clothing,2285.14,7,Pending,South,High,U1193,2285.14,15995.98
P03405,T-Shirt,Home,1200.84,7,Completed,North,Medium,U1072,1200.84,8405.88
P03406,Wireless Mouse,Beauty,3661.63,2,Completed,South,Low,U0736,3661.63,7323.26
P03407,Novel,Beauty,3568.52,3,Completed,North,High,U1094,3568.52,10705.56
P03408,Running Shoes,Clothing,851.15,2,Pending,West,Low,U0508,851.15,1702.3
P03409,T-Shirt,Sports,4582.28,7,Pending,West,High,U0155,4582.28,32075.96
P03410,Running Shoes,Sports,415.59,1,Completed,East,Low,U0461,415.59,415.59
P03411,Face Wash,Books,369.68,7,Completed,East,Medium,U1397,369.68,2587.76
P03412,Mixer,Beauty,1018.02,1,Completed,North,Medium,U0791,1018.02,1018.02
P03413,Running Shoes,Clothing,4556.36,6,Completed,,High,U1226,4556.36,27338.16
P03414,Headphones,Sports,2647.99,7,Completed,East,High,U0654,2647.99,18535.93
P03415,Running Shoes,Clothing,3960.91,4,Completed,North,High,U0317,3960.91,15843.64
P03416,Face Wash,Clothing,1216.43,2,Pending,East,Medium,U0451,1216.43,2432.86
P03417,Novel,Beauty,2502.09,7,Completed,South,Low,U0577,2502.09,17514.63
P03418,Mixer,Books,1855.62,2,Returned,North,Medium,U1120,1855.62,3711.24
P03419,T-Shirt,Beauty,4156.36,7,Completed,East,Medium,U0496,4156.36,29094.52
P03420,Face Wash,Electronics,210.76,4,Returned,South,High,U0362,210.76,843.04
P03421,Mixer,Sports,1294.83,7,Completed,North,High,U0457,1294.83,9063.81
P03422,Running Shoes,Sports,847.61,5,Completed,North,Medium,U1202,847.61,4238.05
P03423,Novel,Sports,4310.03,6,Completed,North,Medium,U0129,4310.03,25860.18
P03424,Wireless Mouse,Home,2390.96,2,Completed,West,High,U1063,2390.96,4781.92
P03425,Novel,Clothing,2080.68,6,Completed,North,High,U1482,2080.68,12484.08
P03426,Wireless Mouse,Beauty,2302.47,2,Completed,East,Medium,U0812,2302.47,4604.94
P03427,Headphones,Sports,4862.43,2,Pending,North,High,U0873,4862.43,9724.86
P03428,Novel,Electronics,4266.31,5,Completed,North,Medium,U0350,4266.31,21331.55
P03429,Mixer,Sports,3561.21,7,Returned,North,Low,U0645,3561.21,24928.47
P03430,Wireless Mouse,Books,1523.35,1,Completed,North,Low,U0452,1523.35,1523.35
P03431,T-Shirt,Clothing,909.35,6,Returned,North,Low,U1404,909.35,5456.1
P03432,Mixer,Clothing,4615.02,4,Completed,West,Low,U0109,4615.02,18460.08
P03433,T-Shirt,Beauty,2173.07,6,Completed,South,Low,U1232,2173.07,13038.42
P03434,Novel,Home,1465.9,7,Completed,West,High,U0577,1465.90,10261.3
P03435,T-Shirt,Beauty,2407.51,5,Cancelled,East,Medium,U0241,2407.51,12037.55
P03436,Wireless Mouse,Sports,4597.45,3,Completed,South,Medium,U0591,4597.45,13792.35
P03437,Mixer,Books,1996.63,3,Completed,East,Medium,U1112,1996.63,5989.89
P03438,Running Shoes,Electronics,2856.94,5,Completed,North,Medium,U1423,2856.94,14284.7
P03439,Face Wash,Beauty,4034.53,7,Completed,East,Low,U1286,4034.53,28241.71
P03440,Wireless Mouse,Home,2192.95,5,Completed,West,Low,U0578,2192.95,10964.75
P03441,Wireless Mouse,Beauty,1244.35,1,Completed,West,High,U0325,1244.35,1244.35
P03442,Running Shoes,Clothing,4973.18,6,Pending,North,Medium,U0371,4973.18,29839.08
P03443,Mixer,Sports,4787.2,7,Completed,North,Medium,U0105,4787.20,33510.4
P03444,Mixer,Sports,4233.05,6,Cancelled,South,Medium,U0098,4233.05,25398.3
P03445,Novel,Sports,3473.03,3,Completed,West,Low,U0096,3473.03,10419.09
P03446,T-Shirt,Sports,1544.84,7,Completed,West,Medium,U1496,1544.84,10813.88
P03447,Novel,Sports,4575.72,4,Returned,South,Medium,U0046,4575.72,18302.88
P03448,Running Shoes,Sports,1450.23,6,Completed,West,Medium,U0890,1450.23,8701.38
P03449,Novel,Electronics,4023.97,2,Completed,South,Low,U0031,4023.97,8047.94
P03450,Running Shoes,Home,4599.47,2,Pending,West,High,U0408,4599.47,9198.94
P03451,Mixer,Sports,3054.72,1,Completed,East,Low,U1399,3054.72,3054.72
P03452,T-Shirt,Home,4034.98,7,Completed,East,Medium,U1406,4034.98,28244.86
P03453,Novel,Books,3979.31,1,Completed,South,Medium,U0716,3979.31,3979.31
P03454,Wireless Mouse,Sports,1046.47,7,Completed,South,Medium,U0644,1046.47,7325.29
P03455,Headphones,Beauty,3372.83,3,Completed,North,Medium,U0698,3372.83,10118.49
P03456,Face Wash,Sports,557.99,4,Completed,West,Low,U0973,557.99,2231.96
P03457,Wireless Mouse,Clothing,2588.47,4,Completed,East,Medium,U0701,2588.47,10353.88
P03458,Mixer,Electronics,894.95,5,Pending,North,Low,U0876,894.95,4474.75
P03459,Face Wash,Beauty,2140.11,1,Completed,West,Low,U0906,2140.11,2140.11
P03460,Headphones,Beauty,4181.61,7,Completed,East,Low,U0809,4181.61,29271.27
P03461,Headphones,Clothing,4937.12,6,Completed,West,Medium,,4937.12,29622.72
P03462,T-Shirt,Sports,1658.0,2,Pending,South,Low,U0599,1658.00,3316.0
P03463,Face Wash,Electronics,2706.58,6,Cancelled,East,Low,U0967,2706.58,16239.48
P03464,T-Shirt,Beauty,2605.36,2,Cancelled,East,Medium,U0633,2605.36,5210.72
P03465,Wireless Mouse,Electronics,4776.57,3,Pending,North,High,U0135,4776.57,14329.71
P03466,Running Shoes,Beauty,2445.06,2,Completed,West,High,U0328,2445.06,4890.12
P03467,Running Shoes,Sports,3525.62,6,Completed,South,High,U0199,3525.62,21153.72
P03468,Running Shoes,Books,4616.77,6,Completed,South,Medium,U0683,4616.77,27700.62
P03469,Face Wash,Beauty,1929.55,4,Completed,West,Medium,U1284,1929.55,7718.2
P03470,Running Shoes,Books,4520.4,7,Completed,West,Medium,U0124,4520.40,31642.8
P03471,Wireless Mouse,Beauty,4595.54,4,Completed,South,Low,U0754,4595.54,18382.16
P03472,T-Shirt,Home,4660.25,1,Completed,West,Low,U0382,4660.25,4660.25
P03473,Face Wash,Sports,1425.19,6,Cancelled,North,Low,U0571,1425.19,8551.14
P03474,T-Shirt,Clothing,2061.74,7,Completed,West,Low,U1133,2061.74,14432.18
P03475,Face Wash,Books,4364.94,3,Completed,North,Medium,U1065,4364.94,13094.82
P03476,T-Shirt,Clothing,1859.89,2,Completed,North,Medium,U1469,1859.89,3719.78
P03477,Headphones,Sports,3041.24,1,Completed,West,Low,U0798,3041.24,3041.24
P03478,T-Shirt,Clothing,678.47,5,Completed,East,High,U0891,678.47,3392.35
P03479,Running Shoes,Sports,375.75,5,Completed,East,Medium,U1170,375.75,1878.75
P03480,Headphones,Clothing,2118.77,7,Completed,North,Medium,U0176,2118.77,14831.39
P03481,T-Shirt,Books,2936.69,2,Completed,West,High,U1303,2936.69,5873.38
P03482,Face Wash,Home,2024.23,2,Completed,North,Low,U0380,2024.23,4048.46
P03483,Face Wash,Clothing,2930.91,7,Pending,West,High,U0165,2930.91,20516.37
P03484,Face Wash,Books,2623.91,2,Completed,West,Medium,U0764,2623.91,5247.82
P03485,Mixer,Beauty,3459.97,4,Completed,South,Medium,U0615,3459.97,13839.88
P03486,Wireless Mouse,Sports,3282.71,2,Pending,East,High,U1385,3282.71,6565.42
P03487,Face Wash,Electronics,2178.8,5,Pending,East,Medium,U0173,2178.80,10894.0
P03488,Headphones,Electronics,2182.48,2,Completed,South,Low,U0763,2182.48,4364.96
P03489,Face Wash,Sports,789.81,6,Pending,South,Low,U1201,789.81,4738.86
P03490,Mixer,Home,2614.87,7,Returned,South,Low,U1073,2614.87,18304.09
P03491,Running Shoes,Clothing,2977.18,3,Cancelled,North,High,U1135,2977.18,8931.54
P03492,Headphones,Home,2434.8,5,Pending,North,Low,U1234,2434.80,12174.0
P03493,Mixer,Electronics,1695.97,3,Pending,North,Low,U0619,1695.97,5087.91
P03494,Running Shoes,Books,3636.08,5,Completed,North,High,U0665,3636.08,18180.4
P03495,Novel,Sports,465.84,1,Completed,North,Low,U0859,465.84,465.84
P03496,Novel,Sports,4580.76,6,Completed,East,High,U1179,4580.76,27484.56
P03497,Headphones,Home,201.15,5,Completed,East,Low,U1297,201.15,1005.75
P03498,T-Shirt,Books,4815.52,6,Completed,West,Low,U0556,4815.52,28893.12
P03499,Wireless Mouse,Home,2365.54,5,Pending,East,Low,U0637,2365.54,11827.7
P03500,Wireless Mouse,Clothing,2122.08,3,Returned,South,High,U1479,2122.08,6366.24
P03501,Mixer,Beauty,1356.58,3,Completed,East,Medium,U1340,1356.58,4069.74
P03502,Running Shoes,Books,149.35,7,Completed,South,Low,U0215,149.35,1045.45
P03503,Wireless Mouse,Beauty,1446.47,5,Completed,East,Medium,U1354,1446.47,7232.35
P03504,Running Shoes,Clothing,636.06,5,Completed,North,Medium,U0144,636.06,3180.3
P03505,Running Shoes,Beauty,3333.12,4,Completed,East,Low,U0619,3333.12,13332.48
P03506,Mixer,Electronics,1663.47,6,Completed,West,Medium,U1008,1663.47,9980.82
P03507,Mixer,Beauty,3859.18,6,Completed,,Low,U0354,3859.18,23155.08
P03508,Mixer,Clothing,1113.89,6,Completed,North,Low,U0281,1113.89,6683.34
P03509,Wireless Mouse,Beauty,4511.15,6,Completed,West,Medium,U1346,4511.15,27066.9
P03510,Novel,Sports,2662.61,1,Completed,East,Low,U1330,2662.61,2662.61
P03511,Mixer,Home,661.08,1,Completed,East,High,U0837,661.08,661.08
P03512,Wireless Mouse,Electronics,2064.14,2,Completed,West,Low,U0390,2064.14,4128.28
P03513,Mixer,Sports,1113.13,5,Pending,North,High,U1088,1113.13,5565.65
P03514,Face Wash,Sports,1078.46,5,Completed,West,Low,U0265,1078.46,5392.3
P03515,Running Shoes,Clothing,2581.21,5,Completed,South,High,U0006,2581.21,12906.05
P03516,Mixer,Home,3392.27,5,Completed,South,Low,U0913,3392.27,16961.35
P03517,Headphones,Home,4566.93,6,Completed,East,High,U0168,4566.93,27401.58
P03518,Running Shoes,Books,2560.59,6,Pending,North,Low,U0355,2560.59,15363.54
P03519,Running Shoes,Electronics,4832.61,1,Completed,South,High,U0173,4832.61,4832.61
P03520,Mixer,Clothing,4714.01,3,Pending,West,Medium,U0850,4714.01,14142.03
P03521,Novel,Electronics,4338.81,4,Completed,East,Medium,U0119,4338.81,17355.24
P03522,T-Shirt,Books,2549.89,6,Completed,East,Low,U1250,2549.89,15299.34
P03523,Novel,Beauty,790.43,6,Pending,North,High,U0174,790.43,4742.58
P03524,Mixer,Sports,1167.73,7,Cancelled,South,Low,U0959,1167.73,8174.11
P03525,Running Shoes,Electronics,3273.58,6,Returned,East,Medium,U0129,3273.58,19641.48
P03526,Headphones,Sports,2166.6,3,Completed,West,Medium,U0187,2166.60,6499.8
P03527,Running Shoes,Clothing,819.33,3,Completed,South,High,U1087,819.33,2457.99
P03528,Novel,Beauty,2447.07,1,Cancelled,East,Medium,U0893,2447.07,2447.07
P03529,Headphones,Clothing,185.41,6,Completed,East,Low,U1298,185.41,1112.46
P03530,Wireless Mouse,Beauty,3696.09,7,Pending,South,Medium,U0598,3696.09,25872.63
P03531,Face Wash,Beauty,460.55,4,Pending,South,Low,U0210,460.55,1842.2
P03532,Running Shoes,Sports,3182.66,5,Cancelled,North,Low,U1009,3182.66,15913.3
P03533,Mixer,Clothing,3985.75,6,Cancelled,West,Low,U1217,3985.75,23914.5
P03534,Wireless Mouse,Clothing,749.95,1,Completed,North,High,,749.95,749.95
P03535,Face Wash,Electronics,2641.33,1,Completed,North,High,U0532,2641.33,2641.33
P03536,Mixer,Clothing,3917.43,4,Completed,West,Low,U0952,3917.43,15669.72
P03537,T-Shirt,Electronics,1377.1,7,Completed,West,Medium,U1206,1377.10,9639.7
P03538,Mixer,Home,898.29,2,Completed,North,Low,U0560,898.29,1796.58
P03539,Headphones,Home,1750.41,1,Completed,South,Low,U0228,1750.41,1750.41
P03540,Headphones,Home,2818.03,3,Pending,West,Low,U0566,2818.03,8454.09
P03541,T-Shirt,Books,2918.87,3,Returned,North,Medium,U0614,2918.87,8756.61
P03542,Wireless Mouse,Clothing,741.29,5,Completed,South,High,U0089,741.29,3706.45
P03543,Face Wash,Books,2342.09,1,Completed,East,Low,U1168,2342.09,2342.09
P03544,Mixer,Clothing,1414.58,7,Cancelled,South,Low,U0815,1414.58,9902.06
P03545,Headphones,Electronics,4225.92,5,Cancelled,North,Low,U0250,4225.92,21129.6
P03546,Wireless Mouse,Books,1636.52,1,Pending,West,High,U0225,1636.52,1636.52
P03547,T-Shirt,Books,4209.65,4,Completed,South,Low,U0903,4209.65,16838.6
P03548,Novel,Books,2199.97,6,Cancelled,South,Medium,U0971,2199.97,13199.82
P03549,Running Shoes,Beauty,3660.27,7,Completed,South,High,U0673,3660.27,25621.89
P03550,Novel,Electronics,2599.3,1,Returned,West,Low,U0168,2599.30,2599.3
P03551,Novel,Home,3147.62,7,Returned,West,Medium,U0110,3147.62,22033.34
P03552,Headphones,Electronics,2037.25,2,Cancelled,South,Low,U1197,2037.25,4074.5
P03553,T-Shirt,Beauty,3864.21,7,Completed,South,High,U0297,3864.21,27049.47
P03554,Mixer,Clothing,2183.43,7,Cancelled,North,Low,U0243,2183.43,15284.01
P03555,Novel,Electronics,2341.56,3,Completed,West,High,U0209,2341.56,7024.68
P03556,Novel,Books,2636.63,4,Completed,South,High,U1267,2636.63,10546.52
P03557,Face Wash,Home,4175.94,6,Cancelled,West,Medium,U1278,4175.94,25055.64
P03558,Headphones,Home,3330.96,6,Completed,West,Medium,U1106,3330.96,19985.76
P03559,Headphones,Clothing,1810.89,3,Completed,West,High,U1458,1810.89,5432.67
P03560,Mixer,Electronics,3384.57,7,Pending,North,Low,U1499,3384.57,23691.99
P03561,Running Shoes,Beauty,3247.89,6,Pending,East,Low,U1028,3247.89,19487.34
P03562,Wireless Mouse,Clothing,4661.99,5,Cancelled,West,Low,U1218,4661.99,23309.95
P03563,Face Wash,Electronics,4222.94,4,Completed,West,Medium,U1080,4222.94,16891.76
P03564,Headphones,Sports,3272.49,2,Pending,South,High,U0261,3272.49,6544.98
P03565,Face Wash,Home,1773.38,3,Completed,West,High,U0380,1773.38,5320.14
P03566,Headphones,Beauty,3919.92,1,Pending,East,Medium,U0096,3919.92,3919.92
P03567,Face Wash,Books,2918.52,1,Completed,West,Medium,U1360,2918.52,2918.52
P03568,T-Shirt,Beauty,4927.82,1,Pending,North,High,U0769,4927.82,4927.82
P03569,Novel,Books,1312.78,4,Completed,South,High,U1353,1312.78,5251.12
P03570,Headphones,Beauty,490.31,2,Returned,East,Medium,U0829,490.31,980.62
P03571,Face Wash,Home,442.47,6,Completed,North,Low,U0926,442.47,2654.82
P03572,Wireless Mouse,Books,3236.15,2,Completed,East,Medium,U1149,3236.15,6472.3
P03573,T-Shirt,Electronics,4702.38,2,Completed,South,Medium,U0620,4702.38,9404.76
P03574,T-Shirt,Books,109.47,3,Pending,West,Medium,U0260,109.47,328.41
P03575,Wireless Mouse,Clothing,3656.28,4,Completed,South,High,U0831,,14625.12
P03576,Face Wash,Electronics,3319.62,1,Completed,South,High,U0550,3319.62,3319.62
P03577,Mixer,Clothing,3688.29,3,Completed,West,Medium,U0700,3688.29,11064.87
P03578,Wireless Mouse,Beauty,1841.49,6,Cancelled,North,Low,,1841.49,11048.94
P03579,Face Wash,Electronics,4120.43,2,Completed,East,Low,U1032,4120.43,8240.86
P03580,Wireless Mouse,Beauty,319.06,7,Completed,North,Low,U0563,319.06,2233.42
P03581,Wireless Mouse,Sports,3801.61,1,Completed,West,Medium,U0373,3801.61,3801.61
P03582,Headphones,Beauty,1408.65,4,Pending,East,High,U0222,1408.65,5634.6
P03583,Face Wash,Beauty,2436.51,5,Completed,West,Medium,U0531,2436.51,12182.55
P03584,Mixer,Clothing,4130.92,2,Returned,North,Medium,U0350,4130.92,8261.84
P03585,Novel,Books,1429.66,2,Cancelled,South,Low,U0031,1429.66,2859.32
P03586,Headphones,Sports,1007.52,2,Completed,East,Medium,U1382,1007.52,2015.04
P03587,Wireless Mouse,Beauty,3438.43,2,Completed,West,High,U0022,3438.43,6876.86
P03588,Novel,Beauty,2713.63,1,Pending,East,High,U1313,2713.63,2713.63
P03589,Running Shoes,Sports,2620.58,4,Returned,East,Low,U0754,2620.58,10482.32
P03590,Novel,Sports,1358.17,3,Pending,North,High,U0214,1358.17,4074.51
P03591,Wireless Mouse,Electronics,270.91,1,Completed,South,Low,U0712,270.91,270.91
P03592,Wireless Mouse,Clothing,2110.32,4,Completed,East,Medium,U1189,2110.32,8441.28
P03593,Face Wash,Sports,622.14,3,Completed,North,Low,U0140,622.14,1866.42
P03594,Face Wash,Sports,4539.35,2,Completed,East,Medium,U1394,4539.35,9078.7
P03595,Headphones,Home,302.13,4,Completed,South,Low,U0965,302.13,1208.52
P03596,Mixer,Books,2215.09,2,Completed,East,Medium,U1344,2215.09,4430.18
P03597,Headphones,Sports,356.0,7,Completed,South,Medium,U0409,,2492.0
P03598,T-Shirt,Clothing,568.16,4,Completed,North,Low,U0438,568.16,2272.64
P03599,Wireless Mouse,Books,3328.45,6,Completed,North,High,U0797,3328.45,19970.7
P03600,Novel,Books,3270.85,5,Completed,South,Low,U0013,3270.85,16354.25
P03601,Running Shoes,Beauty,261.96,2,Cancelled,South,High,U0501,261.96,523.92
P03602,Wireless Mouse,Beauty,105.54,2,Completed,North,Medium,U1050,105.54,211.08
P03603,Wireless Mouse,Beauty,486.21,2,Completed,South,Medium,U0534,486.21,972.42
P03604,Headphones,Beauty,3838.69,6,Completed,South,Medium,U0861,3838.69,23032.14
P03605,Running Shoes,Home,2964.42,1,Completed,West,Low,,2964.42,2964.42
P03606,Running Shoes,Sports,286.78,3,Completed,East,Low,,286.78,860.34
P03607,Running Shoes,Beauty,2491.68,2,Completed,North,Medium,U1116,2491.68,4983.36
P03608,Headphones,Electronics,3588.94,2,Completed,North,High,U0841,3588.94,7177.88
P03609,Wireless Mouse,Beauty,4357.86,1,Cancelled,West,High,U0887,4357.86,4357.86
P03610,Headphones,Sports,4676.78,1,Completed,South,Low,U1290,4676.78,4676.78
P03611,Face Wash,Beauty,1704.46,5,Completed,South,Medium,U0499,1704.46,8522.3
P03612,Face Wash,Home,765.58,4,Pending,South,Medium,U1194,765.58,3062.32
P03613,Headphones,Clothing,1260.94,2,Completed,North,Medium,U1370,1260.94,2521.88
P03614,Running Shoes,Clothing,3903.24,4,Pending,West,High,U1252,3903.24,15612.96
P03615,Wireless Mouse,Sports,4860.27,7,Completed,East,Low,U0699,4860.27,34021.89
P03616,Headphones,Clothing,2385.33,1,Completed,West,Medium,U0680,2385.33,2385.33
P03617,Headphones,Clothing,1596.23,1,Completed,North,Medium,U0203,1596.23,1596.23
P03618,Headphones,Electronics,2203.03,5,Returned,East,Low,U0446,2203.03,11015.15
P03619,T-Shirt,Sports,1593.58,3,Completed,South,Medium,U0518,1593.58,4780.74
P03620,Face Wash,Sports,1356.79,6,Completed,West,Low,U0132,1356.79,8140.74
P03621,Novel,Clothing,3009.38,6,Completed,West,Medium,U1269,3009.38,18056.28
P03622,Running Shoes,Clothing,177.11,6,Completed,North,Medium,U0091,177.11,1062.66
P03623,Mixer,Clothing,1371.81,1,Cancelled,West,Low,U1150,1371.81,1371.81
P03624,Novel,Books,3340.77,2,Completed,East,Low,U0472,3340.77,6681.54
P03625,Running Shoes,Home,257.11,5,Cancelled,West,High,U1266,257.11,1285.55
P03626,Mixer,Beauty,507.69,3,Completed,North,High,U0502,507.69,1523.07
P03627,T-Shirt,Home,1537.64,7,Cancelled,West,High,U0761,1537.64,10763.48
P03628,Headphones,Sports,4401.24,6,Completed,East,High,U0387,4401.24,26407.44
P03629,T-Shirt,Electronics,3847.94,5,Cancelled,East,Low,U1031,3847.94,19239.7
P03630,T-Shirt,Beauty,208.57,1,Completed,North,Low,U1112,208.57,208.57
P03631,Novel,Electronics,2558.39,6,Pending,South,Low,U0598,2558.39,15350.34
P03632,Wireless Mouse,Books,1445.97,3,Pending,,High,U0908,1445.97,4337.91
P03633,Novel,Sports,3278.36,7,Completed,South,High,U0867,3278.36,22948.52
P03634,Face Wash,Books,3635.61,4,Pending,East,Medium,U1169,3635.61,14542.44
P03635,Mixer,Sports,4328.03,7,Completed,West,High,U1475,4328.03,30296.21
P03636,Headphones,Electronics,2429.54,3,Cancelled,West,Medium,U1355,2429.54,7288.62
P03637,Novel,Electronics,4972.81,7,Completed,East,Low,U1188,4972.81,34809.67
P03638,Mixer,Electronics,4901.93,2,Completed,North,Low,U0657,4901.93,9803.86
P03639,Running Shoes,Sports,4422.62,6,Cancelled,West,Low,U0342,4422.62,26535.72
P03640,Mixer,Clothing,2916.86,6,Completed,North,Low,U1025,2916.86,17501.16
P03641,Running Shoes,Electronics,2050.23,4,Completed,West,Medium,U1144,2050.23,8200.92
P03642,Novel,Books,1885.49,7,Returned,South,High,U0464,1885.49,13198.43
P03643,Face Wash,Beauty,159.41,4,Completed,West,Low,U0462,159.41,637.64
P03644,Novel,Sports,1320.96,7,Completed,South,Medium,U1073,1320.96,9246.72
P03645,Running Shoes,Books,3622.16,6,Completed,West,Medium,U0819,3622.16,21732.96
P03646,Mixer,Home,3057.8,2,Cancelled,West,High,U1351,3057.80,6115.6
P03647,Mixer,Home,4590.47,7,Returned,West,High,U0474,4590.47,32133.29
P03648,Running Shoes,Beauty,345.11,4,Returned,West,High,U0888,345.11,1380.44
P03649,T-Shirt,Clothing,860.86,1,Pending,West,Low,U0939,860.86,860.86
P03650,Face Wash,Electronics,3967.29,6,Completed,North,Low,U0368,3967.29,23803.74
P03651,Wireless Mouse,Sports,1856.69,3,Completed,South,Medium,U1311,1856.69,5570.07
P03652,Headphones,Books,679.89,3,Completed,South,Low,U1048,679.89,2039.67
P03653,Mixer,Electronics,4982.61,2,Completed,West,Medium,U0723,4982.61,9965.22
P03654,Headphones,Books,3957.53,1,Completed,North,Low,U0293,3957.53,3957.53
P03655,Wireless Mouse,Sports,2102.83,4,Cancelled,North,Medium,U1473,2102.83,8411.32
P03656,Novel,Home,4134.4,7,Pending,East,High,U1087,4134.40,28940.8
P03657,Headphones,Electronics,3434.96,6,Completed,East,Low,U0568,3434.96,20609.76
P03658,Wireless Mouse,Beauty,3970.88,3,Returned,North,High,U1482,3970.88,11912.64
P03659,Running Shoes,Clothing,4094.51,3,Returned,East,Low,U0874,4094.51,12283.53
P03660,T-Shirt,Beauty,515.17,3,Pending,South,Low,U0961,515.17,1545.51
P03661,Mixer,Clothing,3152.57,3,Completed,North,Medium,U1437,3152.57,9457.71
P03662,Wireless Mouse,Books,133.25,5,Completed,East,High,U0589,133.25,666.25
P03663,Headphones,Electronics,312.94,2,Completed,North,Medium,U0260,312.94,625.88
P03664,Mixer,Electronics,4529.5,4,Completed,East,Medium,U0908,4529.50,18118.0
P03665,T-Shirt,Clothing,2685.06,6,Completed,North,Low,U0184,2685.06,16110.36
P03666,Running Shoes,Home,3705.92,6,Returned,West,Low,U1072,3705.92,22235.52
P03667,Novel,Sports,4208.65,6,Completed,South,Low,U0147,4208.65,25251.9
P03668,Mixer,Beauty,4752.98,4,Completed,East,Low,U0592,4752.98,19011.92
P03669,Novel,Books,4359.83,2,Completed,West,High,U1433,4359.83,8719.66
P03670,Wireless Mouse,Beauty,2468.23,1,Completed,North,High,U1018,2468.23,2468.23
P03671,T-Shirt,Beauty,1746.25,7,Completed,West,Low,U0440,1746.25,12223.75
P03672,Headphones,Books,857.02,7,Completed,South,Medium,U1482,857.02,5999.14
P03673,T-Shirt,Books,2061.58,2,Returned,East,Medium,U0229,2061.58,4123.16
P03674,T-Shirt,Electronics,1895.82,3,Completed,East,Low,U1308,1895.82,5687.46
P03675,Face Wash,Beauty,2841.92,7,Cancelled,North,Medium,U0732,2841.92,19893.44
P03676,T-Shirt,Sports,3361.0,3,Completed,South,Medium,U1369,3361.00,10083.0
P03677,T-Shirt,Sports,4893.79,2,Completed,West,Medium,U0947,,9787.58
P03678,Mixer,Clothing,3669.09,2,Completed,,Low,U1288,3669.09,7338.18
P03679,Headphones,Books,3254.37,4,Pending,East,High,U0740,3254.37,13017.48
P03680,Mixer,Electronics,1741.95,4,Cancelled,West,Medium,U0378,1741.95,6967.8
P03681,Mixer,Sports,269.07,5,Completed,North,Low,U1127,269.07,1345.35
P03682,Wireless Mouse,Home,1511.81,6,Completed,West,Low,U0954,1511.81,9070.86
P03683,Mixer,Electronics,3865.39,5,Completed,West,High,U0600,3865.39,19326.95
P03684,Face Wash,Electronics,1105.83,6,Pending,North,Medium,U0023,1105.83,6634.98
P03685,Face Wash,Sports,3589.72,3,Completed,West,Medium,U0293,3589.72,10769.16
P03686,Novel,Home,2940.92,5,Completed,West,Low,U1291,2940.92,14704.6
P03687,Wireless Mouse,Clothing,942.1,5,Completed,,Low,U0476,942.10,4710.5
P03688,Novel,Sports,1381.96,1,Completed,South,Medium,U0952,1381.96,1381.96
P03689,Novel,Home,2531.89,2,Cancelled,East,Low,U0451,2531.89,5063.78
P03690,Running Shoes,Electronics,2150.04,4,Completed,South,Medium,U0898,2150.04,8600.16
P03691,Headphones,Home,3914.96,5,Completed,North,Low,U0285,3914.96,19574.8
P03692,Headphones,Electronics,3698.58,4,Completed,West,Low,U1337,3698.58,14794.32
P03693,Mixer,Sports,2915.42,6,Completed,East,Low,U1186,2915.42,17492.52
P03694,Mixer,Books,4129.15,5,Completed,South,Medium,U0590,4129.15,20645.75
P03695,Running Shoes,Sports,2857.08,6,Pending,West,High,U0122,2857.08,17142.48
P03696,Mixer,Beauty,4825.51,5,Completed,North,High,U1136,4825.51,24127.55
P03697,Headphones,Beauty,1164.4,7,Completed,West,High,U1263,1164.40,8150.8
P03698,Novel,Beauty,3599.25,3,Completed,North,Medium,U1234,3599.25,10797.75
P03699,T-Shirt,Sports,1912.73,1,Pending,West,Low,U1373,1912.73,1912.73
P03700,Face Wash,Clothing,1466.93,6,Completed,East,Medium,U0511,1466.93,8801.58
P03701,T-Shirt,Sports,983.9,2,Pending,East,Low,U0002,983.90,1967.8
P03702,T-Shirt,Books,2807.27,2,Completed,South,High,U0892,2807.27,5614.54
P03703,Headphones,Home,1155.8,3,Pending,South,High,U0799,1155.80,3467.4
P03704,T-Shirt,Sports,1081.72,3,Pending,West,Medium,U0629,1081.72,3245.16
P03705,Running Shoes,Sports,4953.61,7,Completed,West,Low,U0461,4953.61,34675.27
P03706,Wireless Mouse,Electronics,4028.56,2,Completed,South,High,U0952,4028.56,8057.12
P03707,Mixer,Electronics,3766.56,6,Cancelled,South,High,U0972,3766.56,22599.36
P03708,Wireless Mouse,Electronics,3990.9,2,Returned,West,Medium,U1265,3990.90,7981.8
P03709,Novel,Sports,4847.72,1,Pending,West,Low,U0982,4847.72,4847.72
P03710,Face Wash,Clothing,2909.06,5,Pending,West,Medium,U0814,2909.06,14545.3
P03711,Mixer,Home,1179.19,1,Completed,East,Low,U0054,1179.19,1179.19
P03712,T-Shirt,Home,4324.83,7,Completed,North,Medium,U1491,4324.83,30273.81
P03713,Face Wash,Books,3739.38,7,Returned,North,Medium,U0109,3739.38,26175.66
P03714,Mixer,Clothing,2130.11,2,Cancelled,South,High,U0280,2130.11,4260.22
P03715,Running Shoes,Clothing,2420.49,5,Completed,East,Low,U1081,2420.49,12102.45
P03716,Running Shoes,Home,2115.14,2,Completed,West,Medium,U0840,2115.14,4230.28
P03717,Running Shoes,Beauty,4656.72,1,Completed,West,Low,U0837,4656.72,4656.72
P03718,Running Shoes,Electronics,1783.3,1,Completed,South,Medium,U1238,1783.30,1783.3
P03719,T-Shirt,Electronics,4821.07,6,Completed,South,High,U1052,4821.07,28926.42
P03720,Wireless Mouse,Home,4560.33,6,Completed,East,Medium,U0204,4560.33,27361.98
P03721,Mixer,Clothing,3189.55,1,Completed,North,Medium,U0545,3189.55,3189.55
P03722,T-Shirt,Books,2941.13,5,Pending,North,Low,U0309,2941.13,14705.65
P03723,Running Shoes,Beauty,1913.44,7,Pending,West,Medium,U0528,1913.44,13394.08
P03724,Novel,Home,189.86,6,Cancelled,South,Low,U1367,189.86,1139.16
P03725,Wireless Mouse,Electronics,725.35,6,Cancelled,East,Medium,U1009,725.35,4352.1
P03726,Novel,Sports,3795.73,4,Completed,West,Low,U1242,3795.73,15182.92
P03727,Face Wash,Clothing,2410.55,4,Pending,,High,U0617,2410.55,9642.2
P03728,Novel,Sports,834.21,6,Completed,North,Low,U1111,834.21,5005.26
P03729,Face Wash,Books,1393.41,2,Returned,East,Low,U0031,1393.41,2786.82
P03730,Face Wash,Home,4744.4,5,Completed,West,Medium,U0100,4744.40,23722.0
P03731,Running Shoes,Electronics,1898.95,3,Cancelled,East,High,U0667,1898.95,5696.85
P03732,Face Wash,Beauty,4547.64,6,Completed,West,High,U0804,4547.64,27285.84
P03733,Headphones,Sports,1592.72,4,Completed,North,High,U1339,1592.72,6370.88
P03734,Mixer,Beauty,2761.78,5,Completed,South,Low,U0495,2761.78,13808.9
P03735,Mixer,Books,200.34,5,Completed,South,Low,U0471,200.34,1001.7
P03736,Running Shoes,Electronics,2657.19,4,Completed,North,High,U0742,2657.19,10628.76
P03737,Headphones,Sports,3221.02,5,Completed,South,High,U0734,3221.02,16105.1
P03738,Novel,Books,1248.09,5,Pending,South,Medium,U0998,1248.09,6240.45
P03739,T-Shirt,Beauty,2936.79,4,Completed,West,Low,U0331,2936.79,11747.16
P03740,Novel,Beauty,3271.12,1,Completed,East,Low,U1218,3271.12,3271.12
P03741,T-Shirt,Sports,3465.74,6,Completed,West,High,U1215,3465.74,20794.44
P03742,Face Wash,Electronics,3904.38,2,Completed,East,Low,U0252,3904.38,7808.76
P03743,Wireless Mouse,Beauty,1625.56,3,Pending,East,Medium,U1025,1625.56,4876.68
P03744,T-Shirt,Home,2882.11,2,Completed,South,High,U1483,2882.11,5764.22
P03745,Wireless Mouse,Books,4909.74,1,Returned,East,Medium,U1114,4909.74,4909.74
P03746,Mixer,Sports,4500.91,7,Completed,East,Low,U0518,4500.91,31506.37
P03747,Wireless Mouse,Clothing,4768.06,1,Pending,North,Low,U1140,4768.06,4768.06
P03748,Mixer,Clothing,1992.07,5,Pending,East,Low,U0073,1992.07,9960.35
P03749,Headphones,Electronics,3955.95,2,Cancelled,North,Medium,U0156,3955.95,7911.9
P03750,Headphones,Home,3137.5,1,Completed,West,Medium,U0723,3137.50,3137.5
P03751,Running Shoes,Beauty,505.4,2,Completed,South,Low,U0069,505.40,1010.8
P03752,Running Shoes,Clothing,4137.5,1,Completed,East,Low,U0471,4137.50,4137.5
P03753,Face Wash,Electronics,3417.8,3,Cancelled,North,Low,U0492,3417.80,10253.4
P03754,T-Shirt,Books,1074.7,1,Completed,West,High,U0300,1074.70,1074.7
P03755,Face Wash,Home,490.72,2,Returned,West,High,U1168,490.72,981.44
P03756,Mixer,Home,4201.41,5,Completed,West,Medium,U1230,4201.41,21007.05
P03757,Face Wash,Electronics,486.62,2,Completed,North,High,U0918,486.62,973.24
P03758,Wireless Mouse,Electronics,547.63,4,Completed,North,Medium,U0713,547.63,2190.52
P03759,Mixer,Beauty,2194.3,2,Completed,South,High,U0751,2194.30,4388.6
P03760,Running Shoes,Electronics,760.51,3,Cancelled,East,Medium,U0407,760.51,2281.53
P03761,Headphones,Beauty,4576.98,6,Completed,West,High,U0939,4576.98,27461.88
P03762,Running Shoes,Beauty,2404.39,3,Completed,South,Low,U0580,2404.39,7213.17
P03763,T-Shirt,Sports,2888.84,3,Completed,North,Medium,U1321,2888.84,8666.52
P03764,Mixer,Home,4647.72,1,Completed,South,High,U0582,4647.72,4647.72
P03765,Mixer,Books,2698.29,3,Completed,West,Low,U0799,2698.29,8094.87
P03766,Wireless Mouse,Home,1832.6,2,Completed,West,Low,U0529,1832.60,3665.2
P03767,T-Shirt,Home,4006.06,6,Pending,South,Low,U0137,4006.06,24036.36
P03768,Headphones,Sports,2269.97,7,Completed,West,Low,U0219,2269.97,15889.79
P03769,Novel,Beauty,1660.5,5,Completed,North,Low,U0518,1660.50,8302.5
P03770,Mixer,Beauty,3643.82,7,Completed,West,Medium,U1472,3643.82,25506.74
P03771,Mixer,Electronics,4027.87,3,Pending,East,Low,U0132,4027.87,12083.61
P03772,Wireless Mouse,Sports,3979.41,2,Pending,East,Low,U1387,3979.41,7958.82
P03773,Face Wash,Electronics,4890.6,1,Cancelled,West,High,U1368,4890.60,4890.6
P03774,Headphones,Sports,3954.67,1,Pending,South,Medium,U1042,3954.67,3954.67
P03775,Running Shoes,Electronics,3872.67,5,Returned,West,Low,U1440,3872.67,19363.35
P03776,T-Shirt,Clothing,4301.68,5,Completed,East,Medium,U0560,4301.68,21508.4
P03777,Mixer,Home,100.91,2,Completed,North,Medium,U0928,100.91,201.82
P03778,Mixer,Home,1875.91,5,Completed,East,High,U1177,1875.91,9379.55
P03779,Running Shoes,Books,3714.26,5,Completed,West,Low,U0332,3714.26,18571.3
P03780,Headphones,Beauty,3038.62,1,Pending,West,High,U0319,3038.62,3038.62
P03781,Face Wash,Books,970.1,2,Pending,South,High,U1223,970.10,1940.2
P03782,Mixer,Clothing,1588.29,6,Completed,West,High,U0980,1588.29,9529.74
P03783,Headphones,Books,1750.28,5,Completed,West,Low,U1034,1750.28,8751.4
P03784,Running Shoes,Home,2882.36,2,Pending,North,Low,U1163,2882.36,5764.72
P03785,Wireless Mouse,Beauty,4174.83,3,Completed,North,Low,U0167,4174.83,12524.49
P03786,Face Wash,Clothing,4669.21,1,Completed,North,Low,U0147,4669.21,4669.21
P03787,T-Shirt,Home,3775.45,6,Pending,South,Low,U1427,3775.45,22652.7
P03788,Mixer,Electronics,4230.46,1,Completed,South,Low,U0939,4230.46,4230.46
P03789,Headphones,Sports,2403.47,1,Cancelled,East,Medium,U0445,2403.47,2403.47
P03790,Wireless Mouse,Clothing,2009.9,4,Returned,South,Low,U0070,2009.90,8039.6
P03791,T-Shirt,Beauty,2024.27,2,Completed,North,Low,U1352,2024.27,4048.54
P03792,Novel,Books,3118.59,3,Completed,South,High,U0833,3118.59,9355.77
P03793,Headphones,Books,708.76,5,Pending,West,Low,U0919,708.76,3543.8
P03794,Headphones,Clothing,2939.52,3,Completed,South,Medium,U0616,2939.52,8818.56
P03795,T-Shirt,Beauty,3359.15,2,Completed,West,Medium,U1253,3359.15,6718.3
P03796,Wireless Mouse,Clothing,2250.65,1,Cancelled,East,High,U0319,2250.65,2250.65
P03797,Novel,Beauty,4770.52,4,Completed,West,High,U0036,4770.52,19082.08
P03798,Running Shoes,Books,3080.25,2,Completed,North,Medium,U0255,3080.25,6160.5
P03799,Wireless Mouse,Home,1178.0,6,Completed,East,High,U1337,1178.00,7068.0
P03800,Face Wash,Electronics,2448.16,6,Completed,East,Medium,U0962,2448.16,14688.96
P03801,Mixer,Home,3409.48,2,Completed,East,Medium,U0335,3409.48,6818.96
P03802,T-Shirt,Electronics,1685.78,5,Completed,North,Low,U1044,1685.78,8428.9
P03803,Running Shoes,Books,490.24,3,Completed,West,Medium,U0298,490.24,1470.72
P03804,Novel,Home,2958.83,3,Completed,East,Medium,U1045,2958.83,8876.49
P03805,T-Shirt,Home,4744.56,5,Returned,North,Medium,U0478,4744.56,23722.8
P03806,T-Shirt,Clothing,2476.85,4,Cancelled,East,Medium,U0472,2476.85,9907.4
P03807,Wireless Mouse,Sports,4539.93,1,Completed,East,Low,U0962,4539.93,4539.93
P03808,Mixer,Books,4191.62,7,Completed,North,Low,U0470,4191.62,29341.34
P03809,Face Wash,Beauty,822.32,7,Completed,South,Medium,U1373,822.32,5756.24
P03810,Headphones,Books,3570.03,1,Completed,East,Low,U0767,3570.03,3570.03
P03811,Headphones,Beauty,2233.78,6,Cancelled,South,Low,U0590,2233.78,13402.68
P03812,T-Shirt,Beauty,1326.21,4,Completed,East,Medium,U0792,1326.21,5304.84
P03813,Mixer,Electronics,3466.0,5,Completed,South,High,U0386,3466.00,17330.0
P03814,Novel,Beauty,3739.04,7,Completed,West,Low,U0942,3739.04,26173.28
P03815,Novel,Beauty,981.49,2,Pending,South,Medium,U0446,981.49,1962.98
P03816,Running Shoes,Clothing,4580.78,3,Cancelled,South,Low,U0099,4580.78,13742.34
P03817,Wireless Mouse,Home,3780.62,2,Completed,South,Medium,U0655,3780.62,7561.24
P03818,Mixer,Books,4673.54,3,Completed,South,Low,U1079,4673.54,14020.62
P03819,Mixer,Books,1653.66,2,Completed,West,Medium,U1027,1653.66,3307.32
P03820,Wireless Mouse,Beauty,4702.74,5,Completed,North,High,U1356,4702.74,23513.7
P03821,Novel,Sports,1905.74,5,Completed,South,Low,U0934,1905.74,9528.7
P03822,Novel,Books,364.45,4,Returned,North,Medium,U1459,364.45,1457.8
P03823,Novel,Beauty,3838.55,2,Completed,East,Medium,U1243,3838.55,7677.1
P03824,T-Shirt,Electronics,3547.19,2,Cancelled,North,Low,U1235,3547.19,7094.38
P03825,Mixer,Electronics,3029.76,4,Returned,South,Medium,U0817,3029.76,12119.04
P03826,Headphones,Electronics,2500.48,4,Completed,North,Medium,U0661,2500.48,10001.92
P03827,Wireless Mouse,Beauty,257.61,5,Pending,West,Low,U0232,257.61,1288.05
P03828,Novel,Clothing,3160.53,5,Cancelled,West,High,U0600,3160.53,15802.65
P03829,Running Shoes,Sports,2142.49,6,Completed,South,High,U0920,2142.49,12854.94
P03830,Novel,Beauty,2845.03,2,Completed,North,High,U1172,2845.03,5690.06
P03831,Novel,Clothing,2203.67,5,Completed,East,Medium,U1231,2203.67,11018.35
P03832,Face Wash,Clothing,4833.68,7,Pending,West,Low,U0360,4833.68,33835.76
P03833,T-Shirt,Books,3060.13,5,Completed,South,High,U1443,3060.13,15300.65
P03834,Wireless Mouse,Beauty,3771.26,2,Completed,West,Low,U1441,3771.26,7542.52
P03835,Face Wash,Beauty,4688.1,4,Completed,South,Medium,U0872,4688.10,18752.4
P03836,Face Wash,Clothing,2998.84,2,Completed,North,High,U1206,2998.84,5997.68
P03837,Running Shoes,Clothing,159.11,7,Completed,North,High,U0556,159.11,1113.77
P03838,Mixer,Clothing,268.03,1,Completed,North,Medium,U1234,268.03,268.03
P03839,Running Shoes,Books,3541.46,2,Completed,North,High,U0250,3541.46,7082.92
P03840,Mixer,Beauty,1467.52,1,Completed,North,Medium,U0596,1467.52,1467.52
P03841,Mixer,Clothing,2938.96,2,Completed,South,Medium,U0139,2938.96,5877.92
P03842,Wireless Mouse,Electronics,1091.16,7,Pending,West,Medium,U0990,1091.16,7638.12
P03843,Novel,Beauty,1424.22,1,Pending,East,Low,U1255,1424.22,1424.22
P03844,Wireless Mouse,Books,2572.74,1,Pending,West,Medium,U0910,2572.74,2572.74
P03845,T-Shirt,Electronics,4880.29,7,Cancelled,North,High,U0012,4880.29,34162.03
P03846,Mixer,Home,3119.73,2,Completed,West,Low,U0980,3119.73,6239.46
P03847,Face Wash,Beauty,4687.13,6,Completed,West,Medium,,4687.13,28122.78
P03848,Novel,Home,4800.96,5,Completed,South,Medium,U0488,4800.96,24004.8
P03849,Headphones,Clothing,1119.74,3,Cancelled,East,Medium,U1114,1119.74,3359.22
P03850,T-Shirt,Books,1624.85,5,Pending,East,Medium,U1049,1624.85,8124.25
P03851,Wireless Mouse,Clothing,3872.96,1,Completed,North,High,U0538,3872.96,3872.96
P03852,Running Shoes,Books,4347.14,2,Completed,South,Low,U0985,4347.14,8694.28
P03853,T-Shirt,Sports,2644.21,2,Completed,South,Medium,U1084,2644.21,5288.42
P03854,T-Shirt,Clothing,4966.81,2,Completed,South,High,U1195,4966.81,9933.62
P03855,Novel,Home,156.7,2,Completed,South,Medium,U0588,156.70,313.4
P03856,T-Shirt,Books,1568.0,6,Returned,South,Low,U0788,1568.00,9408.0
P03857,T-Shirt,Clothing,3153.49,3,Completed,East,Medium,U1471,3153.49,9460.47
P03858,Headphones,Beauty,2399.52,4,Cancelled,,High,U0921,2399.52,9598.08
P03859,Running Shoes,Books,671.35,1,Completed,West,Low,U1034,671.35,671.35
P03860,Running Shoes,Books,1902.16,3,Completed,East,Medium,U0243,1902.16,5706.48
P03861,Running Shoes,Clothing,224.69,5,Cancelled,South,High,U1202,224.69,1123.45
P03862,Mixer,Sports,3249.46,4,Completed,West,High,U0798,3249.46,12997.84
P03863,Face Wash,Clothing,4474.44,4,Completed,East,Medium,U0257,4474.44,17897.76
P03864,Running Shoes,Home,4435.88,2,Pending,West,High,U0310,4435.88,8871.76
P03865,T-Shirt,Home,3527.77,3,Cancelled,East,Low,U0516,3527.77,10583.31
P03866,T-Shirt,Books,2382.27,5,Completed,North,High,U1239,2382.27,11911.35
P03867,Running Shoes,Books,2608.95,2,Completed,East,Medium,U1054,2608.95,5217.9
P03868,Novel,Clothing,770.9,2,Completed,West,Medium,U1370,770.90,1541.8
P03869,Running Shoes,Home,1770.98,7,Cancelled,North,Medium,U1089,,12396.86
P03870,T-Shirt,Home,1019.87,7,Returned,South,Low,U0636,1019.87,7139.09
P03871,Mixer,Sports,4123.88,7,Completed,West,Low,U0797,4123.88,28867.16
P03872,Wireless Mouse,Beauty,4582.29,6,Completed,South,Low,U1177,4582.29,27493.74
P03873,Wireless Mouse,Sports,2730.92,1,Returned,South,Low,U0040,2730.92,2730.92
P03874,Running Shoes,Electronics,3666.04,4,Completed,West,Low,U1050,3666.04,14664.16
P03875,Headphones,Sports,695.18,5,Completed,South,High,,695.18,3475.9
P03876,Running Shoes,Clothing,3081.82,4,Completed,West,Low,U1183,3081.82,12327.28
P03877,Novel,Beauty,3543.68,3,Completed,West,Medium,U0581,3543.68,10631.04
P03878,Running Shoes,Clothing,2318.56,1,Pending,East,Medium,U0001,2318.56,2318.56
P03879,Wireless Mouse,Electronics,1292.04,2,Completed,North,Low,U0079,1292.04,2584.08
P03880,T-Shirt,Beauty,4399.14,1,Completed,South,High,U1252,4399.14,4399.14
P03881,Running Shoes,Books,3740.25,2,Cancelled,South,High,U1351,3740.25,7480.5
P03882,T-Shirt,Home,4509.3,7,Completed,North,Low,U0620,4509.30,31565.1
P03883,T-Shirt,Sports,4110.17,1,Completed,North,High,U0501,4110.17,4110.17
P03884,Headphones,Clothing,4952.83,2,Cancelled,North,Medium,U1499,4952.83,9905.66
P03885,T-Shirt,Electronics,1041.65,4,Pending,North,Low,U1379,1041.65,4166.6
P03886,Wireless Mouse,Home,525.06,7,Completed,North,Medium,U1148,525.06,3675.42
P03887,Mixer,Sports,1751.31,7,Completed,East,Medium,U0978,1751.31,12259.17
P03888,Mixer,Home,732.12,7,Completed,West,Medium,U1448,732.12,5124.84
P03889,Face Wash,Sports,2663.34,4,Completed,North,Medium,U1276,2663.34,10653.36
P03890,Novel,Books,3201.84,4,Completed,East,Low,U0486,3201.84,12807.36
P03891,Running Shoes,Beauty,2933.61,4,Completed,North,High,U0478,2933.61,11734.44
P03892,Novel,Home,1370.28,7,Completed,North,High,U0333,1370.28,9591.96
P03893,Wireless Mouse,Home,4553.24,1,Pending,South,Medium,U1256,4553.24,4553.24
P03894,T-Shirt,Home,203.74,2,Completed,South,Low,U0030,203.74,407.48
P03895,Mixer,Beauty,1805.27,4,Completed,South,Medium,U0727,1805.27,7221.08
P03896,Novel,Electronics,3623.06,1,Completed,South,Medium,U0173,3623.06,3623.06
P03897,Wireless Mouse,Sports,3857.95,2,Completed,West,High,U0792,3857.95,7715.9
P03898,Mixer,Books,2138.98,7,Pending,West,High,U0468,2138.98,14972.86
P03899,T-Shirt,Home,182.86,1,Pending,South,High,U1500,182.86,182.86
P03900,Novel,Beauty,3128.41,7,Pending,South,Medium,U0723,3128.41,21898.87
P03901,Mixer,Electronics,409.16,6,Pending,North,High,U1341,409.16,2454.96
P03902,Running Shoes,Sports,628.49,4,Completed,North,Low,U0397,628.49,2513.96
P03903,Running Shoes,Beauty,3286.23,3,Pending,South,Medium,U0125,3286.23,9858.69
P03904,Face Wash,Books,1631.19,1,Completed,South,Low,U1104,1631.19,1631.19
P03905,Face Wash,Books,1805.35,4,Completed,South,High,U0696,1805.35,7221.4
P03906,Mixer,Sports,2485.35,5,Pending,North,High,U0527,2485.35,12426.75
P03907,Wireless Mouse,Home,4895.03,2,Cancelled,South,Low,U1420,4895.03,9790.06
P03908,Running Shoes,Books,4830.67,6,Pending,South,Medium,U1113,4830.67,28984.02
P03909,Wireless Mouse,Electronics,2139.68,4,Pending,West,High,U1027,2139.68,8558.72
P03910,Wireless Mouse,Beauty,1400.95,5,Returned,West,Medium,U0536,1400.95,7004.75
P03911,Mixer,Electronics,1582.7,1,Completed,North,Medium,U0601,1582.70,1582.7
P03912,Wireless Mouse,Home,1417.03,1,Returned,West,Medium,U0988,1417.03,1417.03
P03913,Running Shoes,Electronics,2708.0,5,Completed,North,Medium,U0606,2708.00,13540.0
P03914,T-Shirt,Electronics,3073.61,6,Pending,East,High,U1095,3073.61,18441.66
P03915,Face Wash,Clothing,2495.02,5,Pending,South,Medium,U0700,2495.02,12475.1
P03916,T-Shirt,Electronics,2099.17,2,Completed,North,Low,U0139,2099.17,4198.34
P03917,Wireless Mouse,Sports,1135.3,1,Pending,West,Low,U0010,1135.30,1135.3
P03918,T-Shirt,Beauty,2464.28,5,Completed,East,Low,U0130,2464.28,12321.4
P03919,Running Shoes,Clothing,1771.4,3,Cancelled,West,Medium,U0401,1771.40,5314.2
P03920,Running Shoes,Beauty,2753.82,3,Completed,North,High,U1245,2753.82,8261.46
P03921,Wireless Mouse,Beauty,3408.43,5,Completed,East,Medium,U0642,3408.43,17042.15
P03922,Mixer,Home,3203.23,2,Completed,West,High,,3203.23,6406.46
P03923,T-Shirt,Home,2366.2,1,Completed,East,High,U1424,2366.20,2366.2
P03924,Mixer,Clothing,2824.66,3,Completed,South,Medium,U1137,2824.66,8473.98
P03925,Mixer,Books,1495.8,5,Completed,South,Medium,U1476,1495.80,7479.0
P03926,Headphones,Home,218.78,7,Completed,East,Medium,U1242,218.78,1531.46
P03927,Wireless Mouse,Home,3162.6,5,Completed,West,Low,U0058,3162.60,15813.0
P03928,Face Wash,Home,1337.59,4,Completed,West,Medium,U1137,1337.59,5350.36
P03929,Running Shoes,Beauty,3377.87,5,Completed,West,Medium,U0700,3377.87,16889.35
P03930,Running Shoes,Clothing,3760.34,2,Returned,South,Medium,U1146,3760.34,7520.68
P03931,Wireless Mouse,Beauty,4588.05,3,Completed,North,Medium,U0408,4588.05,13764.15
P03932,Novel,Sports,4794.8,4,Completed,North,Low,U1484,4794.80,19179.2
P03933,Novel,Beauty,151.58,3,Completed,East,Medium,U1109,151.58,454.74
P03934,Novel,Sports,4952.83,3,Completed,West,Medium,U0400,4952.83,14858.49
P03935,Face Wash,Electronics,3446.79,2,Pending,East,Low,U0356,3446.79,6893.58
P03936,Running Shoes,Electronics,3253.27,5,Completed,North,Medium,,3253.27,16266.35
P03937,Wireless Mouse,Sports,174.54,2,Completed,North,Low,U0518,174.54,349.08
P03938,Running Shoes,Sports,4320.04,5,Completed,West,High,U0108,4320.04,21600.2
P03939,Mixer,Beauty,812.91,4,Pending,East,Low,U0152,812.91,3251.64
P03940,T-Shirt,Sports,4202.92,2,Pending,West,Medium,,4202.92,8405.84
P03941,T-Shirt,Clothing,176.26,2,Completed,North,Medium,U0850,176.26,352.52
P03942,Running Shoes,Electronics,3265.22,7,Completed,North,Low,U0749,3265.22,22856.54
P03943,Headphones,Electronics,2230.53,6,Completed,West,Medium,U0027,2230.53,13383.18
P03944,Face Wash,Books,1083.76,1,Pending,East,Medium,U0119,,1083.76
P03945,Novel,Sports,627.05,2,Completed,South,Low,U0723,627.05,1254.1
P03946,Face Wash,Home,2256.63,6,Completed,West,Low,U0100,2256.63,13539.78
P03947,Face Wash,Home,704.2,1,Completed,North,Medium,U0003,704.20,704.2
P03948,Mixer,Sports,2483.59,7,Completed,South,Low,U0806,2483.59,17385.13
P03949,Face Wash,Clothing,3163.56,5,Completed,West,Medium,U1353,3163.56,15817.8
P03950,T-Shirt,Home,4154.18,5,Completed,South,High,U1130,4154.18,20770.9
P03951,Mixer,Books,3425.38,5,Completed,West,Low,U1254,3425.38,17126.9
P03952,Wireless Mouse,Sports,419.48,6,Completed,North,Medium,U0304,419.48,2516.88
P03953,Face Wash,Clothing,1606.42,6,Completed,West,Medium,U0177,1606.42,9638.52
P03954,Face Wash,Clothing,1511.1,1,Completed,South,Medium,U0084,1511.10,1511.1
P03955,Wireless Mouse,Beauty,4583.66,5,Pending,East,Low,U0263,4583.66,22918.3
P03956,Face Wash,Clothing,4352.13,3,Pending,North,Medium,,4352.13,13056.39
P03957,Wireless Mouse,Home,1913.72,2,Pending,North,Low,U1273,1913.72,3827.44
P03958,Mixer,Home,448.66,6,Returned,South,Low,U1406,448.66,2691.96
P03959,T-Shirt,Sports,4481.13,6,Completed,West,Medium,U0458,4481.13,26886.78
P03960,Wireless Mouse,Sports,4452.13,6,Completed,West,Low,U0409,4452.13,26712.78
P03961,Headphones,Clothing,4288.26,1,Completed,West,Low,U1105,4288.26,4288.26
P03962,Wireless Mouse,Books,4240.9,5,Completed,North,Low,U1436,4240.90,21204.5
P03963,Face Wash,Electronics,2453.24,3,Completed,North,Low,U0206,2453.24,7359.72
P03964,Novel,Beauty,969.42,2,Completed,South,Low,U0820,969.42,1938.84
P03965,Novel,Electronics,2439.69,2,Completed,West,Low,U1015,2439.69,4879.38
P03966,Mixer,Clothing,2523.53,5,Returned,West,Low,U0802,2523.53,12617.65
P03967,Running Shoes,Clothing,2500.67,3,Completed,South,High,U0895,2500.67,7502.01
P03968,Mixer,Electronics,2739.99,1,Returned,North,Low,U0873,2739.99,2739.99
P03969,Running Shoes,Beauty,1362.52,6,Completed,North,Medium,U0388,1362.52,8175.12
P03970,Novel,Electronics,1894.58,6,Completed,East,Medium,U0894,1894.58,11367.48
P03971,Novel,Sports,2227.51,7,Completed,East,Medium,U0767,2227.51,15592.57
P03972,Wireless Mouse,Home,742.49,5,Completed,West,Low,U1423,742.49,3712.45
P03973,T-Shirt,Books,2331.28,2,Completed,North,High,U1032,2331.28,4662.56
P03974,Headphones,Sports,4071.3,6,Completed,West,High,U0450,4071.30,24427.8
P03975,Mixer,Home,4157.49,7,Completed,North,Low,U1500,4157.49,29102.43
P03976,Face Wash,Books,2116.66,2,Completed,East,Low,U0342,2116.66,4233.32
P03977,Running Shoes,Books,2642.16,2,Completed,South,Medium,,2642.16,5284.32
P03978,Face Wash,Books,264.89,5,Completed,North,High,U0860,264.89,1324.45
P03979,T-Shirt,Clothing,3404.72,4,Returned,East,Medium,U0121,3404.72,13618.88
P03980,Running Shoes,Books,2082.57,7,Completed,East,Medium,U0302,2082.57,14577.99
P03981,Mixer,Beauty,2282.84,4,Cancelled,North,Low,U0961,2282.84,9131.36
P03982,Wireless Mouse,Electronics,4381.0,4,Completed,West,Medium,U0884,4381.00,17524.0
P03983,Face Wash,Beauty,2362.99,7,Completed,North,Low,U0881,2362.99,16540.93
P03984,T-Shirt,Electronics,203.84,3,Completed,East,Medium,U0234,203.84,611.52
P03985,Mixer,Sports,1214.71,5,Completed,North,Low,U0066,1214.71,6073.55
P03986,Novel,Sports,2430.54,7,Returned,South,Low,U0230,2430.54,17013.78
P03987,Novel,Electronics,2179.54,2,Pending,West,Medium,U0922,2179.54,4359.08
P03988,Mixer,Beauty,4315.81,7,Returned,North,Medium,U0051,4315.81,30210.67
P03989,Mixer,Electronics,2756.47,6,Cancelled,East,Low,U0659,2756.47,16538.82
P03990,Mixer,Books,3479.22,7,Completed,East,High,U1353,3479.22,24354.54
P03991,Running Shoes,Clothing,2399.68,3,Pending,West,Low,U0387,2399.68,7199.04
P03992,Mixer,Sports,2254.31,4,Completed,North,Medium,U1062,2254.31,9017.24
P03993,Face Wash,Clothing,2286.8,1,Pending,East,Medium,U0753,2286.80,2286.8
P03994,T-Shirt,Books,2113.52,3,Completed,West,Medium,U1197,2113.52,6340.56
P03995,Running Shoes,Books,2739.06,3,Completed,South,High,U0493,2739.06,8217.18
P03996,Mixer,Sports,1327.17,5,Completed,West,Low,U1479,1327.17,6635.85
P03997,Headphones,Sports,4466.17,6,Completed,North,Low,U0041,4466.17,26797.02
P03998,Headphones,Books,1732.12,3,Completed,North,Medium,U0946,1732.12,5196.36
P03999,T-Shirt,Home,822.87,7,Cancelled,East,Low,U1153,822.87,5760.09
P04000,Novel,Clothing,573.1,6,Completed,South,Low,U1078,573.10,3438.6
P04001,Wireless Mouse,Clothing,165.77,5,Completed,North,Medium,U0086,165.77,828.85
P04002,Wireless Mouse,Home,2171.99,7,Completed,East,Medium,U1293,2171.99,15203.93
P04003,Novel,Beauty,1019.29,1,Pending,West,Medium,U0296,1019.29,1019.29
P04004,Running Shoes,Clothing,206.07,2,Completed,West,Low,U1045,206.07,412.14
P04005,Running Shoes,Electronics,2648.1,2,Returned,North,Low,U1239,2648.10,5296.2
P04006,Running Shoes,Books,3431.89,4,Returned,,Low,U0425,3431.89,13727.56
P04007,Wireless Mouse,Books,520.18,4,Cancelled,East,Medium,U0189,520.18,2080.72
P04008,Headphones,Home,2358.51,1,Completed,North,Low,U0161,2358.51,2358.51
P04009,Wireless Mouse,Clothing,3743.78,2,Completed,East,High,U0713,3743.78,7487.56
P04010,Face Wash,Beauty,4930.45,4,Returned,West,Low,U0381,4930.45,19721.8
P04011,Mixer,Clothing,3369.23,6,Pending,East,High,U0244,3369.23,20215.38
P04012,Running Shoes,Books,1299.71,3,Cancelled,West,Medium,U0183,1299.71,3899.13
P04013,Headphones,Sports,3611.11,5,Completed,South,Low,U0544,3611.11,18055.55
P04014,T-Shirt,Electronics,3029.85,7,Completed,South,Low,U0779,3029.85,21208.95
P04015,T-Shirt,Home,1137.82,4,Completed,,Low,U0948,1137.82,4551.28
P04016,Mixer,Sports,4270.44,1,Cancelled,North,Medium,U0093,4270.44,4270.44
P04017,Headphones,Beauty,2194.28,7,Pending,West,Medium,U0368,2194.28,15359.96
P04018,Wireless Mouse,Sports,4813.69,2,Completed,East,Medium,U0159,4813.69,9627.38
P04019,Wireless Mouse,Sports,3642.21,1,Completed,East,Medium,U0398,3642.21,3642.21
P04020,Face Wash,Beauty,3258.36,5,Completed,East,Medium,U1204,3258.36,16291.8
P04021,Face Wash,Sports,3668.93,5,Pending,North,Medium,U0438,3668.93,18344.65
P04022,Wireless Mouse,Home,2442.68,1,Completed,South,Low,U0373,2442.68,2442.68
P04023,T-Shirt,Books,2575.61,4,Completed,South,High,U0306,2575.61,10302.44
P04024,Running Shoes,Clothing,4270.92,4,Completed,East,High,U0985,4270.92,17083.68
P04025,T-Shirt,Sports,3436.55,2,Completed,North,High,U1403,3436.55,6873.1
P04026,Face Wash,Home,4496.49,6,Cancelled,East,Low,U1242,4496.49,26978.94
P04027,Mixer,Clothing,4465.05,2,Pending,South,High,U0982,4465.05,8930.1
P04028,Wireless Mouse,Clothing,4884.8,3,Pending,West,High,U0329,4884.80,14654.4
P04029,Face Wash,Sports,3531.05,6,Pending,East,Medium,U0343,3531.05,21186.3
P04030,Face Wash,Home,2561.28,7,Completed,East,Medium,U0724,2561.28,17928.96
P04031,Running Shoes,Books,914.93,3,Pending,East,High,U1187,914.93,2744.79
P04032,Wireless Mouse,Sports,3556.36,2,Returned,South,High,U0158,3556.36,7112.72
P04033,Running Shoes,Beauty,1528.73,6,Pending,North,Medium,U1134,1528.73,9172.38
P04034,Wireless Mouse,Clothing,1486.44,6,Completed,West,Medium,U0350,1486.44,8918.64
P04035,Running Shoes,Sports,1267.61,3,Pending,West,High,U0726,1267.61,3802.83
P04036,T-Shirt,Clothing,4388.1,1,Cancelled,West,Low,U0365,4388.10,4388.1
P04037,Mixer,Home,4353.03,4,Completed,East,Low,U0015,4353.03,17412.12
P04038,Mixer,Electronics,3191.76,6,Completed,South,High,U0153,3191.76,19150.56
P04039,Wireless Mouse,Sports,2417.61,7,Cancelled,West,High,U0532,2417.61,16923.27
P04040,Headphones,Books,3393.36,7,Returned,East,High,U0967,3393.36,23753.52
P04041,Novel,Sports,3075.42,6,Completed,North,Medium,U1424,3075.42,18452.52
P04042,Face Wash,Clothing,2137.1,3,Completed,East,Medium,U1076,2137.10,6411.3
P04043,Face Wash,Home,1960.19,6,Completed,West,High,U0855,1960.19,11761.14
P04044,Wireless Mouse,Beauty,1975.69,3,Completed,West,Low,U0469,1975.69,5927.07
P04045,Running Shoes,Books,2986.75,1,Returned,North,High,U1345,2986.75,2986.75
P04046,Headphones,Home,3273.58,7,Completed,South,Medium,U0879,3273.58,22915.06
P04047,T-Shirt,Sports,2313.53,6,Completed,North,Low,U0596,2313.53,13881.18
P04048,Running Shoes,Beauty,4846.59,5,Cancelled,North,Low,U0367,4846.59,24232.95
P04049,Running Shoes,Home,510.84,2,Completed,West,Medium,U0641,510.84,1021.68
P04050,Wireless Mouse,Electronics,1800.53,7,Pending,West,Medium,U0862,1800.53,12603.71
P04051,Wireless Mouse,Books,2153.47,1,Completed,South,Low,U0894,2153.47,2153.47
P04052,Face Wash,Clothing,182.91,5,Pending,West,Medium,U1040,182.91,914.55
P04053,Wireless Mouse,Home,1888.29,7,Returned,North,Medium,U1435,1888.29,13218.03
P04054,Wireless Mouse,Home,1441.18,1,Completed,North,Medium,U1298,1441.18,1441.18
P04055,Wireless Mouse,Electronics,2579.58,4,Cancelled,South,Low,U0589,2579.58,10318.32
P04056,Face Wash,Sports,1748.41,1,Returned,West,Medium,U1330,1748.41,1748.41
P04057,T-Shirt,Books,3658.29,1,Returned,West,Low,U0092,3658.29,3658.29
P04058,T-Shirt,Books,2598.67,4,Completed,North,Low,U0458,2598.67,10394.68
P04059,Novel,Clothing,735.83,6,Completed,North,Low,U1294,735.83,4414.98
P04060,Novel,Home,3775.3,2,Completed,West,Medium,U1076,3775.30,7550.6
P04061,Wireless Mouse,Beauty,586.22,5,Completed,East,Low,U1145,586.22,2931.1
P04062,Novel,Home,4211.34,7,Completed,North,Low,U1074,4211.34,29479.38
P04063,Face Wash,Clothing,4663.97,3,Completed,North,Low,U1499,4663.97,13991.91
P04064,T-Shirt,Home,1679.98,2,Pending,North,High,U1404,1679.98,3359.96
P04065,Running Shoes,Electronics,4638.1,7,Completed,South,High,U0387,4638.10,32466.7
P04066,T-Shirt,Home,3985.74,1,Cancelled,West,Low,U1313,3985.74,3985.74
P04067,T-Shirt,Home,4619.93,3,Pending,West,Low,U1478,4619.93,13859.79
P04068,Face Wash,Beauty,3364.72,4,Completed,West,High,U0371,3364.72,13458.88
P04069,Novel,Electronics,1254.66,2,Completed,North,Low,U0184,1254.66,2509.32
P04070,Running Shoes,Electronics,4483.16,6,Pending,West,Low,U0772,4483.16,26898.96
P04071,Face Wash,Home,1002.9,5,Completed,West,Low,U0205,1002.90,5014.5
P04072,Wireless Mouse,Books,1144.0,2,Completed,West,High,U0954,1144.00,2288.0
P04073,Mixer,Beauty,1428.21,2,Cancelled,South,Medium,U0172,1428.21,2856.42
P04074,T-Shirt,Home,1590.81,6,Completed,South,Low,U0825,1590.81,9544.86
P04075,Mixer,Home,2620.95,3,Cancelled,North,Low,U0222,2620.95,7862.85
P04076,Face Wash,Clothing,3595.94,4,Cancelled,West,High,U1192,3595.94,14383.76
P04077,Face Wash,Clothing,4638.42,6,Completed,North,Medium,U1268,4638.42,27830.52
P04078,Face Wash,Books,533.34,7,Pending,North,Medium,U1242,533.34,3733.38
P04079,Mixer,Beauty,4776.41,4,Completed,North,Low,U1080,4776.41,19105.64
P04080,Face Wash,Sports,4614.48,6,Cancelled,North,High,U0615,4614.48,27686.88
P04081,Wireless Mouse,Clothing,364.6,2,Pending,North,Low,U0167,364.60,729.2
P04082,Face Wash,Sports,1865.57,4,Completed,North,High,U0142,1865.57,7462.28
P04083,Headphones,Electronics,4084.4,3,Completed,South,Low,U0125,4084.40,12253.2
P04084,Novel,Clothing,3096.73,3,Completed,East,Low,U0090,3096.73,9290.19
P04085,Mixer,Clothing,3917.56,5,Completed,South,Medium,U0311,3917.56,19587.8
P04086,Headphones,Beauty,3623.26,4,Returned,North,High,U1395,3623.26,14493.04
P04087,Face Wash,Books,2534.17,5,Completed,East,Medium,U0952,2534.17,12670.85
P04088,Wireless Mouse,Sports,301.97,7,Completed,East,Low,U0216,301.97,2113.79
P04089,T-Shirt,Clothing,2962.91,6,Completed,West,Medium,U1465,2962.91,17777.46
P04090,Running Shoes,Clothing,337.98,1,Completed,North,Medium,U1210,337.98,337.98
P04091,Novel,Beauty,3058.26,7,Pending,North,Medium,U0883,3058.26,21407.82
P04092,Running Shoes,Beauty,4022.01,3,Completed,South,Medium,U1177,4022.01,12066.03
P04093,Face Wash,Books,2966.46,2,Pending,East,Low,U0761,2966.46,5932.92
P04094,Novel,Sports,4985.41,3,Pending,East,Medium,U0096,4985.41,14956.23
P04095,Novel,Electronics,2333.75,1,Completed,North,Low,U0710,2333.75,2333.75
P04096,Wireless Mouse,Books,3769.25,2,Completed,West,High,U1360,3769.25,7538.5
P04097,Novel,Electronics,3369.35,4,Completed,North,Medium,U0149,3369.35,13477.4
P04098,Mixer,Home,4958.02,4,Completed,East,Medium,U0928,4958.02,19832.08
P04099,Headphones,Clothing,3594.77,7,Completed,West,Low,U0715,3594.77,25163.39
P04100,Headphones,Sports,903.75,3,Returned,West,Low,U0883,903.75,2711.25
P04101,Headphones,Books,4782.04,2,Returned,East,Medium,U1426,4782.04,9564.08
P04102,Mixer,Clothing,3372.11,6,Completed,North,Low,U1355,3372.11,20232.66
P04103,Running Shoes,Sports,390.76,2,Completed,North,High,U1251,390.76,781.52
P04104,Wireless Mouse,Sports,3322.08,5,Completed,North,Medium,U0358,3322.08,16610.4
P04105,Novel,Sports,4427.29,1,Cancelled,South,Low,U0588,4427.29,4427.29
P04106,Mixer,Clothing,2927.51,7,Completed,South,Low,U0316,2927.51,20492.57
P04107,Headphones,Books,1834.7,4,Completed,West,Medium,U0885,1834.70,7338.8
P04108,Face Wash,Beauty,4122.46,3,Completed,North,Low,U1060,4122.46,12367.38
P04109,T-Shirt,Clothing,3934.31,2,Pending,South,Medium,U1452,3934.31,7868.62
P04110,Novel,Sports,2766.49,4,Completed,West,Medium,U0450,2766.49,11065.96
P04111,Mixer,Books,856.37,3,Completed,East,Low,,856.37,2569.11
P04112,Mixer,Home,1329.83,4,Completed,East,Medium,U0090,1329.83,5319.32
P04113,Wireless Mouse,Electronics,3718.57,3,Completed,North,Medium,U0541,3718.57,11155.71
P04114,Wireless Mouse,Sports,4049.8,4,Cancelled,East,High,U0176,4049.80,16199.2
P04115,Mixer,Home,1468.4,6,Completed,East,Medium,U1444,1468.40,8810.4
P04116,Headphones,Beauty,1903.13,5,Completed,East,Medium,U0648,1903.13,9515.65
P04117,T-Shirt,Sports,480.4,1,Cancelled,West,Low,U0901,480.40,480.4
P04118,Novel,Home,3595.96,4,Completed,East,Medium,U0687,3595.96,14383.84
P04119,Wireless Mouse,Sports,117.53,1,Completed,East,Low,U1195,117.53,117.53
P04120,Novel,Clothing,328.05,4,Cancelled,West,Medium,U0394,328.05,1312.2
P04121,Headphones,Books,121.29,7,Pending,South,Low,U1290,121.29,849.03
P04122,Novel,Home,3262.07,2,Completed,West,Medium,U0504,3262.07,6524.14
P04123,Face Wash,Books,2145.2,5,Pending,South,Low,,2145.20,10726.0
P04124,Wireless Mouse,Clothing,1557.98,7,Pending,West,Medium,,1557.98,10905.86
P04125,Headphones,Clothing,4572.23,6,Completed,North,Medium,U1050,4572.23,27433.38
P04126,Headphones,Books,1044.73,5,Pending,East,Medium,U1301,1044.73,5223.65
P04127,T-Shirt,Home,2007.9,1,Completed,South,High,U0100,2007.90,2007.9
P04128,T-Shirt,Books,4707.53,2,Returned,West,Medium,U1466,4707.53,9415.06
P04129,Face Wash,Books,2192.82,3,Returned,South,Low,U0425,2192.82,6578.46
P04130,Headphones,Electronics,2818.0,7,Completed,South,Medium,U1054,2818.00,19726.0
P04131,Running Shoes,Home,493.65,5,Completed,East,Medium,U0906,493.65,2468.25
P04132,Headphones,Electronics,3971.82,6,Completed,South,High,U0496,3971.82,23830.92
P04133,T-Shirt,Sports,2171.52,7,Completed,West,High,U0651,2171.52,15200.64
P04134,Running Shoes,Books,4022.52,2,Completed,North,Low,U0998,4022.52,8045.04
P04135,Wireless Mouse,Sports,1343.61,2,Pending,North,High,U1215,1343.61,2687.22
P04136,Wireless Mouse,Home,2170.15,1,Completed,East,Low,U1211,2170.15,2170.15
P04137,Novel,Books,3954.09,6,Completed,West,High,U0140,3954.09,23724.54
P04138,Mixer,Sports,4872.0,2,Pending,West,Low,U0320,4872.00,9744.0
P04139,T-Shirt,Beauty,392.17,2,Pending,North,Low,U0369,392.17,784.34
P04140,Mixer,Clothing,4081.04,3,Pending,West,High,U0297,4081.04,12243.12
P04141,Running Shoes,Books,1573.38,1,Completed,South,Medium,U1224,1573.38,1573.38
P04142,T-Shirt,Clothing,2798.64,1,Pending,East,High,U0796,2798.64,2798.64
P04143,Face Wash,Electronics,1521.45,6,Cancelled,North,Low,U1403,1521.45,9128.7
P04144,Headphones,Sports,3105.88,2,Completed,East,Medium,U1104,3105.88,6211.76
P04145,Face Wash,Electronics,1833.63,3,Completed,South,Medium,U1471,1833.63,5500.89
P04146,Running Shoes,Books,1734.71,4,Returned,North,Low,U0501,1734.71,6938.84
P04147,T-Shirt,Clothing,285.9,5,Completed,West,Low,U0259,285.90,1429.5
P04148,Running Shoes,Clothing,820.11,7,Completed,West,Low,U1145,820.11,5740.77
P04149,Headphones,Sports,4593.68,1,Completed,South,High,U1079,4593.68,4593.68
P04150,Wireless Mouse,Books,4991.56,3,Completed,North,High,U0018,4991.56,14974.68
P04151,Wireless Mouse,Beauty,3924.55,6,Completed,East,Medium,U1333,3924.55,23547.3
P04152,Running Shoes,Beauty,1505.38,3,Completed,North,Low,U0110,1505.38,4516.14
P04153,Mixer,Sports,2071.98,2,Completed,West,Low,U0331,2071.98,4143.96
P04154,T-Shirt,Books,3723.57,5,Completed,North,Medium,U0946,3723.57,18617.85
P04155,T-Shirt,Sports,4845.72,1,Pending,North,High,U1288,4845.72,4845.72
P04156,Wireless Mouse,Books,2331.81,4,Returned,West,Medium,U0268,2331.81,9327.24
P04157,Novel,Electronics,4164.66,2,Completed,West,Medium,U0435,4164.66,8329.32
P04158,Face Wash,Sports,4877.84,1,Completed,East,Medium,U0450,4877.84,4877.84
P04159,Novel,Books,4380.02,7,Completed,North,High,U0297,4380.02,30660.14
P04160,Headphones,Beauty,1213.03,6,Completed,West,Medium,U1161,1213.03,7278.18
P04161,Face Wash,Books,139.36,1,Returned,South,High,U0719,139.36,139.36
P04162,Face Wash,Books,2511.2,3,Completed,West,Low,U1021,2511.20,7533.6
P04163,Running Shoes,Sports,2703.67,7,Completed,East,Medium,U1421,2703.67,18925.69
P04164,Wireless Mouse,Electronics,1086.13,5,Completed,East,Medium,U0184,1086.13,5430.65
P04165,Novel,Electronics,1494.9,4,Pending,South,Medium,U0412,1494.90,5979.6
P04166,Novel,Electronics,3849.25,5,Completed,East,Medium,U0320,3849.25,19246.25
P04167,Wireless Mouse,Electronics,2404.7,3,Completed,North,Low,U0741,2404.70,7214.1
P04168,Novel,Home,1655.04,4,Pending,East,Low,U1350,1655.04,6620.16
P04169,Wireless Mouse,Sports,3150.87,4,Completed,South,High,U0805,3150.87,12603.48
P04170,Running Shoes,Clothing,3298.52,2,Completed,East,Low,U0417,3298.52,6597.04
P04171,Mixer,Sports,3870.04,4,Completed,South,High,U0882,3870.04,15480.16
P04172,Face Wash,Home,867.88,1,Completed,East,Medium,U0791,867.88,867.88
P04173,Running Shoes,Electronics,3733.43,5,Completed,West,Medium,U0090,3733.43,18667.15
P04174,T-Shirt,Home,3037.2,6,Pending,South,High,U0759,3037.20,18223.2
P04175,Headphones,Beauty,382.1,6,Pending,East,High,U1465,382.10,2292.6
P04176,Mixer,Beauty,3909.48,5,Completed,North,Medium,U1099,3909.48,19547.4
P04177,T-Shirt,Sports,1977.09,2,Completed,South,Low,U0574,1977.09,3954.18
P04178,Face Wash,Sports,1718.87,4,Completed,South,High,U1291,1718.87,6875.48
P04179,Novel,Clothing,2295.57,3,Completed,East,High,U0963,2295.57,6886.71
P04180,Wireless Mouse,Clothing,1796.26,7,Completed,West,High,U0936,1796.26,12573.82
P04181,Face Wash,Beauty,1757.6,7,Completed,West,Medium,U1336,1757.60,12303.2
P04182,Running Shoes,Electronics,4059.58,1,Completed,East,Low,U1052,4059.58,4059.58
P04183,Headphones,Home,710.08,2,Completed,East,High,U1366,710.08,1420.16
P04184,Running Shoes,Clothing,4855.94,7,Completed,North,Low,U0426,4855.94,33991.58
P04185,Mixer,Books,2819.17,4,Completed,East,Low,U0883,2819.17,11276.68
P04186,Mixer,Clothing,996.33,6,Completed,South,Low,U0786,996.33,5977.98
P04187,Headphones,Electronics,742.96,3,Completed,East,Low,U0535,742.96,2228.88
P04188,T-Shirt,Electronics,2998.4,4,Pending,North,Medium,U1434,2998.40,11993.6
P04189,T-Shirt,Sports,3201.7,2,Completed,East,Low,U0285,3201.70,6403.4
P04190,Mixer,Home,359.83,3,Completed,East,Low,U0622,359.83,1079.49
P04191,Mixer,Electronics,1290.71,7,Completed,South,Low,U1130,1290.71,9034.97
P04192,Novel,Clothing,3997.76,3,Completed,West,Medium,U0504,3997.76,11993.28
P04193,Wireless Mouse,Clothing,343.16,3,Pending,East,Medium,U0046,343.16,1029.48
P04194,Novel,Beauty,4289.93,3,Returned,North,Medium,U1471,4289.93,12869.79
P04195,Novel,Electronics,3325.0,7,Completed,East,High,U1168,3325.00,23275.0
P04196,T-Shirt,Books,2228.67,4,Pending,East,Medium,U0537,2228.67,8914.68
P04197,Headphones,Sports,1797.52,3,Completed,South,Low,U0062,1797.52,5392.56
P04198,T-Shirt,Home,194.32,4,Completed,West,High,U1106,194.32,777.28
P04199,Wireless Mouse,Books,4143.55,3,Completed,West,Low,U0336,4143.55,12430.65
P04200,Running Shoes,Sports,799.34,3,Cancelled,,Low,U0211,799.34,2398.02
P04201,Mixer,Clothing,1616.76,2,Completed,East,Medium,U0400,1616.76,3233.52
P04202,Mixer,Books,2888.62,4,Returned,South,High,U0709,2888.62,11554.48
P04203,Wireless Mouse,Sports,1305.36,6,Completed,South,High,U0347,1305.36,7832.16
P04204,Novel,Clothing,2535.99,4,Completed,East,Low,U1222,2535.99,10143.96
P04205,Headphones,Clothing,4065.78,5,Pending,South,Medium,U0377,4065.78,20328.9
P04206,Mixer,Clothing,2405.64,7,Cancelled,West,Medium,U1186,2405.64,16839.48
P04207,Face Wash,Clothing,4749.99,6,Pending,South,Low,U1232,4749.99,28499.94
P04208,Novel,Clothing,4252.75,2,Pending,East,Low,U0821,4252.75,8505.5
P04209,Mixer,Beauty,1731.89,4,Completed,East,Medium,U0919,1731.89,6927.56
P04210,Face Wash,Books,2059.81,2,Completed,North,Low,U1451,2059.81,4119.62
P04211,Wireless Mouse,Sports,2174.3,6,Completed,North,Low,U0044,2174.30,13045.8
P04212,Wireless Mouse,Beauty,3168.28,2,Completed,South,Low,U0800,3168.28,6336.56
P04213,Novel,Beauty,1505.3,2,Returned,South,Low,U1303,1505.30,3010.6
P04214,Mixer,Electronics,4849.32,1,Pending,East,Low,U0787,4849.32,4849.32
P04215,T-Shirt,Electronics,3082.55,4,Pending,North,Low,U0733,3082.55,12330.2
P04216,Face Wash,Electronics,2057.07,2,Completed,North,Low,U0968,2057.07,4114.14
P04217,Headphones,Home,3260.55,1,Pending,West,High,U1170,3260.55,3260.55
P04218,Mixer,Electronics,2037.48,1,Cancelled,West,Low,U1093,2037.48,2037.48
P04219,Headphones,Sports,4107.2,3,Completed,East,Medium,U0652,4107.20,12321.6
P04220,Mixer,Beauty,2882.42,3,Completed,East,High,U0522,2882.42,8647.26
P04221,T-Shirt,Sports,305.66,7,Pending,East,High,U0111,305.66,2139.62
P04222,T-Shirt,Books,966.11,6,Completed,East,Low,U0608,966.11,5796.66
P04223,Novel,Electronics,4338.47,4,Returned,North,Low,U1079,4338.47,17353.88
P04224,Novel,Home,2858.21,3,Completed,East,Medium,U1247,2858.21,8574.63
P04225,T-Shirt,Books,4756.68,6,Completed,East,High,U0896,4756.68,28540.08
P04226,Running Shoes,Home,454.87,4,Completed,North,Low,U0524,454.87,1819.48
P04227,T-Shirt,Books,1546.78,6,Completed,West,Medium,U0146,1546.78,9280.68
P04228,Wireless Mouse,Beauty,1048.36,7,Completed,East,High,U0264,1048.36,7338.52
P04229,Wireless Mouse,Sports,2813.82,7,Completed,West,Medium,U0468,2813.82,19696.74
P04230,Running Shoes,Clothing,1975.68,1,Returned,North,Medium,U0872,1975.68,1975.68
P04231,Face Wash,Sports,870.64,1,Cancelled,West,Medium,U0959,,870.64
P04232,Headphones,Electronics,3249.48,4,Completed,North,Low,U1211,3249.48,12997.92
P04233,Mixer,Clothing,2727.86,6,Completed,East,Medium,U1367,2727.86,16367.16
P04234,Mixer,Home,1446.21,6,Completed,West,Medium,U1123,1446.21,8677.26
P04235,Running Shoes,Beauty,2450.88,3,Pending,East,Medium,U0679,2450.88,7352.64
P04236,Wireless Mouse,Beauty,3754.12,3,Completed,South,High,U1330,3754.12,11262.36
P04237,Novel,Home,1105.83,4,Completed,South,High,U1223,1105.83,4423.32
P04238,Mixer,Electronics,1535.24,5,Completed,West,Low,U0758,1535.24,7676.2
P04239,Wireless Mouse,Home,1795.94,3,Pending,North,Medium,U1178,1795.94,5387.82
P04240,Face Wash,Books,3758.96,2,Completed,West,Medium,U0919,3758.96,7517.92
P04241,Headphones,Electronics,4249.92,3,Pending,North,Medium,U1120,4249.92,12749.76
P04242,Face Wash,Clothing,1944.3,5,Returned,South,Medium,U0575,1944.30,9721.5
P04243,Running Shoes,Home,1553.44,6,Completed,North,Medium,U0706,1553.44,9320.64
P04244,T-Shirt,Electronics,4458.29,1,Completed,South,Medium,U0834,4458.29,4458.29
P04245,T-Shirt,Clothing,4996.89,1,Completed,West,Medium,U1383,4996.89,4996.89
P04246,T-Shirt,Home,3384.73,6,Completed,East,High,U0814,3384.73,20308.38
P04247,Face Wash,Beauty,4950.91,1,Completed,East,Low,U0399,4950.91,4950.91
P04248,Mixer,Home,3333.83,3,Completed,East,Low,U1400,3333.83,10001.49
P04249,Headphones,Sports,3693.96,7,Pending,North,Medium,U0602,3693.96,25857.72
P04250,T-Shirt,Home,2004.41,1,Completed,East,High,U0328,2004.41,2004.41
P04251,Running Shoes,Sports,2221.54,7,Completed,North,Low,U1296,2221.54,15550.78
P04252,Running Shoes,Clothing,806.26,5,Completed,East,Low,U1319,806.26,4031.3
P04253,T-Shirt,Home,4131.48,7,Completed,North,High,U0395,4131.48,28920.36
P04254,T-Shirt,Clothing,4662.19,5,Completed,North,High,U1496,4662.19,23310.95
P04255,Headphones,Clothing,3154.85,3,Completed,South,High,U0548,3154.85,9464.55
P04256,T-Shirt,Electronics,1783.87,6,Completed,South,Low,U1042,1783.87,10703.22
P04257,Headphones,Clothing,854.68,2,Cancelled,West,High,U0919,854.68,1709.36
P04258,Running Shoes,Clothing,1399.27,3,Completed,South,Medium,U0077,1399.27,4197.81
P04259,T-Shirt,Home,1351.51,1,Pending,North,Medium,U1073,1351.51,1351.51
P04260,Face Wash,Home,3106.29,3,Completed,South,Low,U1450,3106.29,9318.87
P04261,Novel,Beauty,4730.68,5,Completed,South,Medium,U1018,4730.68,23653.4
P04262,Face Wash,Electronics,336.53,3,Completed,South,Low,U0129,336.53,1009.59
P04263,Running Shoes,Clothing,105.01,3,Pending,North,Low,U0519,105.01,315.03
P04264,Headphones,Electronics,3040.89,2,Completed,North,Medium,U0304,3040.89,6081.78
P04265,Face Wash,Sports,1491.9,5,Completed,West,Low,U1136,1491.90,7459.5
P04266,Headphones,Clothing,4414.69,4,Completed,South,Low,U0725,4414.69,17658.76
P04267,Face Wash,Electronics,1703.53,4,Completed,South,Medium,U0912,1703.53,6814.12
P04268,Face Wash,Beauty,1519.71,5,Completed,North,High,U0816,1519.71,7598.55
P04269,Headphones,Beauty,1420.6,4,Cancelled,West,Low,U0974,1420.60,5682.4
P04270,Mixer,Clothing,809.78,1,Completed,West,High,U0819,809.78,809.78
P04271,Face Wash,Sports,2949.5,4,Pending,North,Medium,U0363,2949.50,11798.0
P04272,T-Shirt,Beauty,924.25,1,Completed,South,Medium,U1090,924.25,924.25
P04273,Novel,Beauty,2180.69,5,Completed,West,Medium,U1055,2180.69,10903.45
P04274,Running Shoes,Sports,2358.76,4,Completed,West,Medium,U1319,2358.76,9435.04
P04275,Mixer,Electronics,200.41,4,Completed,South,Low,U0809,200.41,801.64
P04276,Headphones,Beauty,182.36,6,Completed,West,Low,U1343,182.36,1094.16
P04277,Mixer,Home,2649.04,7,Pending,South,Medium,U1038,2649.04,18543.28
P04278,Wireless Mouse,Books,3510.57,1,Completed,West,High,U0570,3510.57,3510.57
P04279,Wireless Mouse,Books,4716.5,1,Pending,West,Low,U0970,4716.50,4716.5
P04280,Face Wash,Beauty,977.68,3,Pending,North,Medium,U1266,977.68,2933.04
P04281,Face Wash,Electronics,605.97,2,Completed,West,High,U0353,605.97,1211.94
P04282,T-Shirt,Electronics,355.23,4,Pending,South,High,U1272,355.23,1420.92
P04283,Novel,Clothing,2236.6,6,Completed,West,Low,U0610,2236.60,13419.6
P04284,Running Shoes,Home,3153.42,2,Completed,North,Medium,U0468,3153.42,6306.84
P04285,Mixer,Electronics,4218.71,7,Completed,West,Low,U0924,4218.71,29530.97
P04286,Wireless Mouse,Sports,3444.96,7,Completed,East,High,U0388,3444.96,24114.72
P04287,Face Wash,Home,1120.97,6,Pending,South,Low,U0759,1120.97,6725.82
P04288,Running Shoes,Books,2362.67,2,Cancelled,East,High,U0442,2362.67,4725.34
P04289,Mixer,Home,4560.7,4,Completed,North,High,U1366,4560.70,18242.8
P04290,Face Wash,Sports,1701.03,7,Completed,East,High,U0516,1701.03,11907.21
P04291,Face Wash,Beauty,2543.78,6,Completed,West,High,U0843,2543.78,15262.68
P04292,Wireless Mouse,Sports,4796.97,1,Pending,South,Low,U0045,4796.97,4796.97
P04293,Wireless Mouse,Sports,3700.07,3,Completed,East,Low,U1443,3700.07,11100.21
P04294,Face Wash,Beauty,3763.93,6,Completed,West,Medium,U0723,3763.93,22583.58
P04295,Headphones,Beauty,1336.44,5,Pending,East,Medium,U0756,1336.44,6682.2
P04296,Face Wash,Beauty,2132.02,7,Completed,West,Low,U0203,2132.02,14924.14
P04297,Running Shoes,Beauty,503.48,7,Returned,West,Medium,U0539,503.48,3524.36
P04298,Face Wash,Beauty,3071.98,4,Completed,East,High,U0386,3071.98,12287.92
P04299,T-Shirt,Sports,608.28,4,Returned,North,High,U0630,608.28,2433.12
P04300,Novel,Clothing,4195.96,5,Completed,South,Low,U0968,4195.96,20979.8
P04301,T-Shirt,Clothing,4091.31,7,Completed,North,Medium,U0738,4091.31,28639.17
P04302,T-Shirt,Electronics,2714.66,2,Pending,East,Medium,U0360,2714.66,5429.32
P04303,Headphones,Clothing,791.71,3,Pending,West,High,U1492,791.71,2375.13
P04304,Headphones,Books,225.34,2,Pending,East,Medium,U0983,225.34,450.68
P04305,Face Wash,Clothing,4003.87,5,Completed,West,High,U0205,4003.87,20019.35
P04306,T-Shirt,Sports,3040.69,5,Returned,West,High,U1271,3040.69,15203.45
P04307,Headphones,Beauty,3583.56,3,Completed,North,High,U0991,3583.56,10750.68
P04308,Wireless Mouse,Beauty,1588.65,5,Completed,North,Medium,U1073,1588.65,7943.25
P04309,Face Wash,Sports,2596.47,5,Completed,East,High,U0366,2596.47,12982.35
P04310,Running Shoes,Books,3761.15,7,Pending,South,High,U0253,3761.15,26328.05
P04311,Novel,Clothing,2366.56,6,Pending,North,Low,,2366.56,14199.36
P04312,Mixer,Sports,3046.78,7,Completed,West,Low,U0769,3046.78,21327.46
P04313,Face Wash,Electronics,3969.67,3,Completed,East,High,U0632,3969.67,11909.01
P04314,Mixer,Beauty,1154.58,4,Completed,East,Low,U0987,1154.58,4618.32
P04315,T-Shirt,Home,423.05,2,Completed,South,Medium,U0417,423.05,846.1
P04316,Novel,Electronics,2705.94,4,Completed,East,High,U1059,2705.94,10823.76
P04317,Mixer,Books,404.42,4,Pending,North,High,,404.42,1617.68
P04318,T-Shirt,Electronics,3856.13,6,Completed,West,Low,U0312,3856.13,23136.78
P04319,Wireless Mouse,Sports,3624.14,2,Returned,East,Medium,U1167,3624.14,7248.28
P04320,Mixer,Clothing,4420.39,4,Completed,East,Medium,U0197,4420.39,17681.56
P04321,Novel,Beauty,3233.85,3,Completed,West,Low,U0997,3233.85,9701.55
P04322,Face Wash,Books,429.27,2,Completed,East,High,U0260,429.27,858.54
P04323,T-Shirt,Books,1340.45,1,Pending,East,Medium,U1390,1340.45,1340.45
P04324,Face Wash,Home,4058.87,6,Completed,South,High,U0596,4058.87,24353.22
P04325,Novel,Electronics,918.95,4,Cancelled,North,Low,U1216,918.95,3675.8
P04326,Headphones,Home,3522.55,5,Completed,East,Medium,U0534,3522.55,17612.75
P04327,T-Shirt,Clothing,3923.27,2,Completed,North,High,U0024,3923.27,7846.54
P04328,Mixer,Clothing,1717.55,1,Completed,South,Medium,U0943,1717.55,1717.55
P04329,T-Shirt,Home,1679.26,5,Pending,North,Low,U1099,1679.26,8396.3
P04330,Face Wash,Beauty,2833.23,1,Pending,South,High,U0923,2833.23,2833.23
P04331,Wireless Mouse,Clothing,4320.3,4,Completed,North,High,U1418,4320.30,17281.2
P04332,T-Shirt,Home,1197.14,5,Completed,North,Medium,U0679,1197.14,5985.7
P04333,Mixer,Electronics,4712.17,4,Completed,East,Medium,U1482,4712.17,18848.68
P04334,Headphones,Home,3035.68,5,Completed,North,Low,U0110,3035.68,15178.4
P04335,Running Shoes,Home,4961.42,2,Completed,East,High,U0090,4961.42,9922.84
P04336,Wireless Mouse,Sports,539.11,7,Completed,East,High,U0037,539.11,3773.77
P04337,Headphones,Clothing,720.15,3,Completed,North,Low,U0822,720.15,2160.45
P04338,T-Shirt,Beauty,4150.54,7,Returned,East,Low,U0993,4150.54,29053.78
P04339,Face Wash,Beauty,4337.3,3,Completed,North,High,U0572,4337.30,13011.9
P04340,Novel,Sports,2282.75,7,Pending,West,Low,U0584,2282.75,15979.25
P04341,Face Wash,Books,3598.95,1,Completed,,High,U0307,3598.95,3598.95
P04342,Mixer,Beauty,4351.03,6,Completed,West,High,U0062,4351.03,26106.18
P04343,Face Wash,Home,311.33,5,Completed,West,High,U0305,311.33,1556.65
P04344,Wireless Mouse,Sports,2912.36,4,Completed,East,Medium,U0179,2912.36,11649.44
P04345,Face Wash,Electronics,4282.06,6,Pending,South,Medium,U0540,4282.06,25692.36
P04346,Mixer,Clothing,2050.96,2,Completed,South,Low,U0932,2050.96,4101.92
P04347,Running Shoes,Clothing,1581.68,2,Completed,West,Medium,U0932,1581.68,3163.36
P04348,T-Shirt,Clothing,3998.96,2,Completed,West,Medium,U0845,3998.96,7997.92
P04349,Novel,Home,1745.35,3,Pending,North,Medium,U1468,1745.35,5236.05
P04350,T-Shirt,Electronics,115.55,4,Completed,West,Low,U1060,115.55,462.2
P04351,Face Wash,Sports,4801.91,2,Completed,East,Low,U0750,4801.91,9603.82
P04352,Headphones,Sports,3001.4,2,Completed,South,Low,U1097,3001.40,6002.8
P04353,T-Shirt,Clothing,4115.64,7,Cancelled,South,High,U1054,4115.64,28809.48
P04354,Running Shoes,Electronics,4143.98,1,Completed,South,Medium,U0739,4143.98,4143.98
P04355,Face Wash,Electronics,425.41,5,Pending,East,Low,U1327,425.41,2127.05
P04356,Novel,Electronics,937.21,5,Completed,North,Medium,U1371,937.21,4686.05
P04357,Mixer,Beauty,1624.49,5,Completed,East,Low,U0797,1624.49,8122.45
P04358,Running Shoes,Beauty,1671.43,6,Completed,East,High,U1089,1671.43,10028.58
P04359,Face Wash,Clothing,3328.05,7,Completed,South,Medium,U0747,3328.05,23296.35
P04360,Running Shoes,Electronics,3153.35,7,Pending,East,Low,U0627,3153.35,22073.45
P04361,T-Shirt,Books,2523.49,1,Completed,West,Low,U0453,2523.49,2523.49
P04362,Novel,Electronics,1135.19,3,Completed,East,High,U0831,1135.19,3405.57
P04363,Mixer,Sports,1971.72,6,Pending,South,Medium,U0758,1971.72,11830.32
P04364,Face Wash,Sports,2763.61,1,Completed,South,Low,U0861,2763.61,2763.61
P04365,Wireless Mouse,Clothing,2393.13,2,Completed,East,Medium,U0819,2393.13,4786.26
P04366,Mixer,Books,723.73,4,Cancelled,West,Low,U1393,723.73,2894.92
P04367,Wireless Mouse,Electronics,3282.6,6,Completed,West,Low,U1061,3282.60,19695.6
P04368,Running Shoes,Books,457.95,6,Completed,South,High,U0381,457.95,2747.7
P04369,Headphones,Clothing,1953.15,2,Completed,West,Low,U1243,1953.15,3906.3
P04370,Mixer,Sports,3579.14,2,Completed,West,High,U0649,3579.14,7158.28
P04371,Running Shoes,Sports,198.12,4,Completed,North,Medium,U0246,198.12,792.48
P04372,Wireless Mouse,Beauty,2892.92,5,Cancelled,North,Low,U0251,2892.92,14464.6
P04373,T-Shirt,Clothing,1739.15,6,Completed,West,High,U0565,1739.15,10434.9
P04374,T-Shirt,Clothing,143.28,1,Completed,West,Medium,U0909,143.28,143.28
P04375,Headphones,Electronics,1032.88,3,Pending,North,Medium,U1370,1032.88,3098.64
P04376,Mixer,Electronics,4710.64,2,Completed,North,High,U0821,4710.64,9421.28
P04377,Mixer,Beauty,2653.63,2,Pending,North,High,U0715,2653.63,5307.26
P04378,Mixer,Home,4986.41,3,Completed,South,Low,U0472,4986.41,14959.23
P04379,Running Shoes,Books,2671.6,1,Completed,South,Low,U0122,2671.60,2671.6
P04380,Novel,Home,2765.29,2,Completed,North,Medium,,2765.29,5530.58
P04381,Novel,Home,2020.03,3,Completed,North,Low,U0781,2020.03,6060.09
P04382,Headphones,Clothing,1619.2,7,Pending,North,Medium,U0748,1619.20,11334.4
P04383,Mixer,Books,1332.57,2,Pending,South,Low,U0121,1332.57,2665.14
P04384,Running Shoes,Clothing,1782.76,5,Completed,South,Medium,U0139,1782.76,8913.8
P04385,T-Shirt,Books,2353.27,5,Cancelled,West,Low,U0087,2353.27,11766.35
P04386,Wireless Mouse,Sports,1040.76,2,Completed,East,High,U0130,1040.76,2081.52
P04387,Running Shoes,Clothing,1201.89,7,Cancelled,West,High,U0252,1201.89,8413.23
P04388,Novel,Clothing,1430.57,2,Cancelled,East,Low,U0787,1430.57,2861.14
P04389,Novel,Clothing,2301.37,5,Completed,East,High,U1384,2301.37,11506.85
P04390,T-Shirt,Beauty,3298.79,7,Completed,East,Low,U1454,3298.79,23091.53
P04391,T-Shirt,Clothing,4295.12,2,Pending,West,Medium,U0047,4295.12,8590.24
P04392,Wireless Mouse,Electronics,1506.95,7,Completed,South,Low,U0501,1506.95,10548.65
P04393,T-Shirt,Electronics,1000.27,1,Pending,South,High,U0425,1000.27,1000.27
P04394,Headphones,Books,1956.35,1,Completed,South,Medium,U1399,1956.35,1956.35
P04395,Wireless Mouse,Sports,4482.48,4,Completed,South,Low,U0965,4482.48,17929.92
P04396,T-Shirt,Beauty,148.32,1,Completed,West,High,U0731,148.32,148.32
P04397,Face Wash,Books,3421.56,6,Completed,North,Low,U0111,3421.56,20529.36
P04398,Running Shoes,Electronics,2438.08,7,Completed,East,High,U1251,2438.08,17066.56
P04399,T-Shirt,Beauty,889.13,6,Completed,South,Low,U1063,889.13,5334.78
P04400,Headphones,Beauty,1673.01,6,Completed,South,High,U0135,1673.01,10038.06
P04401,Mixer,Sports,1202.26,2,Cancelled,West,Medium,U1319,1202.26,2404.52
P04402,T-Shirt,Beauty,4401.38,2,Completed,East,High,U0610,4401.38,8802.76
P04403,Novel,Clothing,2461.18,3,Pending,South,High,U1058,2461.18,7383.54
P04404,Novel,Beauty,2859.16,7,Completed,North,High,U0987,2859.16,20014.12
P04405,Novel,Sports,3009.07,6,Pending,South,Medium,U0428,3009.07,18054.42
P04406,Mixer,Books,3234.12,6,Cancelled,East,High,U1092,3234.12,19404.72
P04407,Novel,Sports,2528.22,1,Completed,North,Medium,U0199,2528.22,2528.22
P04408,Face Wash,Sports,187.58,5,Cancelled,West,Low,U0560,187.58,937.9
P04409,T-Shirt,Electronics,1740.14,7,Completed,North,High,U0259,1740.14,12180.98
P04410,Novel,Clothing,1000.98,5,Completed,East,Medium,U0725,1000.98,5004.9
P04411,Wireless Mouse,Electronics,3432.7,7,Cancelled,East,Low,U0674,3432.70,24028.9
P04412,Mixer,Books,377.85,7,Completed,North,Medium,U0137,377.85,2644.95
P04413,Face Wash,Home,2862.64,4,Completed,South,Medium,U0916,2862.64,11450.56
P04414,Wireless Mouse,Books,1132.1,3,Completed,East,Medium,U0936,1132.10,3396.3
P04415,Wireless Mouse,Clothing,4749.34,5,Pending,North,Medium,U0381,4749.34,23746.7
P04416,Wireless Mouse,Beauty,1744.15,4,Pending,East,Low,U0238,1744.15,6976.6
P04417,Wireless Mouse,Sports,1693.58,1,Completed,South,Medium,U1308,1693.58,1693.58
P04418,T-Shirt,Home,4624.58,3,Returned,South,High,U0688,4624.58,13873.74
P04419,Novel,Clothing,2145.0,3,Pending,North,Medium,U0458,2145.00,6435.0
P04420,Running Shoes,Electronics,4818.03,6,Returned,West,Medium,U1159,4818.03,28908.18
P04421,T-Shirt,Sports,218.43,7,Completed,West,Low,U0082,218.43,1529.01
P04422,T-Shirt,Books,1601.09,7,Pending,South,Low,,1601.09,11207.63
P04423,Face Wash,Electronics,3364.35,2,Cancelled,West,Medium,U0654,3364.35,6728.7
P04424,Face Wash,Clothing,4465.2,7,Completed,South,Low,U1233,4465.20,31256.4
P04425,Novel,Clothing,1356.39,7,Returned,West,Medium,U0403,1356.39,9494.73
P04426,Running Shoes,Books,4659.34,7,Completed,South,Medium,U0822,4659.34,32615.38
P04427,Face Wash,Home,3011.2,6,Completed,East,Medium,U0188,3011.20,18067.2
P04428,Novel,Books,4024.94,1,Cancelled,North,Medium,U0493,4024.94,4024.94
P04429,Novel,Beauty,2046.32,7,Returned,North,High,U0255,2046.32,14324.24
P04430,Headphones,Electronics,1139.68,6,Completed,West,Low,U1347,1139.68,6838.08
P04431,Running Shoes,Home,4565.05,3,Completed,North,Medium,U0425,4565.05,13695.15
P04432,Face Wash,Sports,4672.37,6,Pending,West,High,U1439,4672.37,28034.22
P04433,Running Shoes,Beauty,2538.12,7,Cancelled,South,High,U1191,2538.12,17766.84
P04434,T-Shirt,Home,131.83,4,Completed,East,Medium,U0485,131.83,527.32
P04435,T-Shirt,Electronics,637.94,6,Completed,North,Medium,U0436,637.94,3827.64
P04436,Running Shoes,Clothing,2907.84,5,Pending,East,Low,U0180,2907.84,14539.2
P04437,Headphones,Sports,216.51,1,Completed,North,Low,U1095,216.51,216.51
P04438,Headphones,Books,2044.87,1,Returned,South,Medium,U0901,2044.87,2044.87
P04439,Running Shoes,Electronics,1586.51,3,Completed,North,Low,U1465,1586.51,4759.53
P04440,Face Wash,Beauty,3600.31,6,Completed,North,High,U0644,3600.31,21601.86
P04441,Mixer,Beauty,372.34,3,Completed,South,Medium,U0139,372.34,1117.02
P04442,Headphones,Clothing,2494.78,3,Completed,West,Low,U0787,2494.78,7484.34
P04443,Wireless Mouse,Clothing,2937.66,4,Pending,West,Low,U0102,2937.66,11750.64
P04444,T-Shirt,Sports,3124.73,2,Returned,South,Medium,U0468,3124.73,6249.46
P04445,Running Shoes,Books,2085.27,3,Pending,West,Low,U0283,2085.27,6255.81
P04446,Wireless Mouse,Sports,1591.4,2,Pending,North,High,U1053,1591.40,3182.8
P04447,Running Shoes,Clothing,3444.22,2,Completed,East,High,U0018,3444.22,6888.44
P04448,Novel,Clothing,4253.09,1,Pending,South,High,U0756,4253.09,4253.09
P04449,T-Shirt,Beauty,3498.73,5,Completed,North,Medium,U0687,3498.73,17493.65
P04450,T-Shirt,Clothing,4667.3,5,Completed,South,High,U0601,4667.30,23336.5
P04451,Headphones,Home,3614.59,6,Completed,East,Medium,U1044,3614.59,21687.54
P04452,Headphones,Electronics,3846.63,4,Pending,North,Medium,U1350,3846.63,15386.52
P04453,Wireless Mouse,Clothing,922.73,4,Returned,North,Medium,U1380,922.73,3690.92
P04454,Novel,Sports,2155.74,5,Pending,East,Low,U0433,2155.74,10778.7
P04455,Running Shoes,Books,2476.77,6,Completed,East,Low,U1423,2476.77,14860.62
P04456,Novel,Books,1355.84,7,Completed,West,High,,1355.84,9490.88
P04457,T-Shirt,Books,2689.85,5,Completed,North,High,U0376,2689.85,13449.25
P04458,Wireless Mouse,Home,1524.88,6,Completed,East,Medium,U1364,1524.88,9149.28
P04459,Mixer,Sports,3468.76,6,Completed,East,Medium,U1174,3468.76,20812.56
P04460,Wireless Mouse,Home,2404.41,6,Pending,North,Medium,U1011,2404.41,14426.46
P04461,Face Wash,Clothing,2348.15,6,Returned,West,Medium,U0716,2348.15,14088.9
P04462,Wireless Mouse,Electronics,4919.85,1,Completed,South,Medium,U1257,,4919.85
P04463,Novel,Books,2022.98,1,Completed,West,High,U1128,2022.98,2022.98
P04464,Face Wash,Sports,1875.25,5,Pending,East,Medium,U1024,1875.25,9376.25
P04465,Face Wash,Books,1661.16,6,Pending,South,Low,U0737,1661.16,9966.96
P04466,Face Wash,Home,4484.27,3,Cancelled,South,High,U0221,4484.27,13452.81
P04467,Mixer,Beauty,2533.95,6,Completed,West,Medium,U1050,2533.95,15203.7
P04468,Wireless Mouse,Clothing,3040.07,3,Completed,South,Medium,U1088,3040.07,9120.21
P04469,Novel,Electronics,986.01,1,Returned,East,Medium,U0254,986.01,986.01
P04470,Wireless Mouse,Clothing,2750.62,6,Completed,North,Medium,U1273,2750.62,16503.72
P04471,Mixer,Beauty,1445.78,2,Pending,North,Low,U0736,1445.78,2891.56
P04472,T-Shirt,Electronics,3680.12,5,Completed,North,Low,U0826,3680.12,18400.6
P04473,Headphones,Beauty,4179.39,6,Completed,West,Medium,U1155,4179.39,25076.34
P04474,Novel,Clothing,3602.57,4,Pending,North,Medium,U0030,3602.57,14410.28
P04475,Novel,Home,3678.2,3,Completed,North,Low,U0787,3678.20,11034.6
P04476,Wireless Mouse,Clothing,2611.13,7,Pending,North,Medium,U0010,2611.13,18277.91
P04477,Headphones,Clothing,3589.38,7,Completed,South,High,U1113,3589.38,25125.66
P04478,Running Shoes,Clothing,2171.17,6,Returned,South,Low,U0430,2171.17,13027.02
P04479,Running Shoes,Sports,3292.3,2,Completed,South,High,U1171,3292.30,6584.6
P04480,Mixer,Beauty,1369.29,3,Completed,East,High,U1151,1369.29,4107.87
P04481,Running Shoes,Beauty,441.81,2,Completed,East,High,U0698,441.81,883.62
P04482,Novel,Books,2126.02,7,Pending,East,High,U0124,2126.02,14882.14
P04483,Running Shoes,Beauty,2362.71,5,Cancelled,North,Medium,U1365,2362.71,11813.55
P04484,T-Shirt,Books,1356.4,7,Completed,South,Medium,U0051,1356.40,9494.8
P04485,T-Shirt,Sports,3665.78,5,Completed,East,Medium,U0398,3665.78,18328.9
P04486,T-Shirt,Home,460.4,5,Cancelled,West,Low,U0314,460.40,2302.0
P04487,Running Shoes,Books,1191.47,1,Pending,South,Low,U0648,1191.47,1191.47
P04488,Mixer,Clothing,3767.97,7,Pending,North,Low,U0514,3767.97,26375.79
P04489,Face Wash,Home,2241.91,7,Pending,South,Low,U0502,,15693.37
P04490,Face Wash,Sports,3555.89,2,Completed,North,High,U0530,3555.89,7111.78
P04491,Headphones,Beauty,2880.68,6,Completed,East,High,U0697,2880.68,17284.08
P04492,Face Wash,Books,4758.49,4,Completed,North,High,U0734,4758.49,19033.96
P04493,Face Wash,Clothing,3029.2,4,Returned,North,Low,U0860,3029.20,12116.8
P04494,T-Shirt,Electronics,172.86,5,Completed,West,Low,U0419,172.86,864.3
P04495,T-Shirt,Electronics,1829.1,4,Completed,South,High,U0194,1829.10,7316.4
P04496,Running Shoes,Home,801.0,3,Returned,North,Medium,,801.00,2403.0
P04497,Headphones,Beauty,4630.71,2,Completed,West,High,U0996,4630.71,9261.42
P04498,Wireless Mouse,Electronics,609.66,2,Cancelled,West,High,U0722,609.66,1219.32
P04499,Novel,Home,1999.76,2,Pending,West,Medium,U1323,1999.76,3999.52
P04500,Headphones,Sports,1207.89,3,Returned,East,Low,U1353,1207.89,3623.67
P04501,Headphones,Home,4248.94,6,Completed,East,Low,U0476,4248.94,25493.64
P04502,Mixer,Home,1611.98,1,Completed,North,Low,U0584,1611.98,1611.98
P04503,Running Shoes,Home,4960.28,3,Cancelled,South,Medium,U0117,4960.28,14880.84
P04504,Mixer,Clothing,289.22,2,Completed,East,High,U0264,289.22,578.44
P04505,Headphones,Home,728.56,2,Completed,East,Low,U0021,728.56,1457.12
P04506,Headphones,Books,1200.73,7,Pending,North,Low,U0477,1200.73,8405.11
P04507,Headphones,Home,4074.42,2,Completed,North,Medium,U0549,4074.42,8148.84
P04508,Face Wash,Clothing,4404.73,6,Returned,East,Low,U1197,4404.73,26428.38
P04509,Novel,Clothing,450.11,4,Pending,North,High,U0948,450.11,1800.44
P04510,Novel,Sports,259.05,1,Completed,West,Low,U1021,259.05,259.05
P04511,Mixer,Beauty,3748.33,3,Completed,North,High,U1086,3748.33,11244.99
P04512,Headphones,Electronics,753.42,2,Completed,West,High,U0206,753.42,1506.84
P04513,Novel,Electronics,751.69,7,Completed,East,High,,751.69,5261.83
P04514,T-Shirt,Home,209.6,7,Pending,South,Low,U0179,209.60,1467.2
P04515,Novel,Sports,344.06,5,Completed,West,Low,U0888,344.06,1720.3
P04516,Running Shoes,Home,1392.01,1,Completed,South,High,U0342,1392.01,1392.01
P04517,Running Shoes,Electronics,418.53,7,Cancelled,East,High,U0440,418.53,2929.71
P04518,Novel,Clothing,1907.51,5,Completed,North,Medium,U1099,1907.51,9537.55
P04519,T-Shirt,Beauty,4180.6,1,Completed,West,Medium,U0290,4180.60,4180.6
P04520,Running Shoes,Sports,1698.97,2,Returned,West,Low,U0557,1698.97,3397.94
P04521,Face Wash,Clothing,3666.39,1,Completed,East,High,U1168,3666.39,3666.39
P04522,Novel,Beauty,560.16,1,Cancelled,East,Low,U0649,560.16,560.16
P04523,Face Wash,Sports,3330.94,2,Pending,North,Low,U0208,3330.94,6661.88
P04524,Novel,Sports,1652.06,6,Pending,South,Low,U0272,1652.06,9912.36
P04525,Wireless Mouse,Electronics,3773.79,7,Pending,West,High,U0415,3773.79,26416.53
P04526,Wireless Mouse,Clothing,767.63,5,Completed,South,Low,,767.63,3838.15
P04527,Wireless Mouse,Sports,4499.63,6,Pending,West,Medium,U0384,4499.63,26997.78
P04528,Running Shoes,Books,1288.63,5,Cancelled,West,Medium,U1285,1288.63,6443.15
P04529,Face Wash,Sports,1830.38,4,Completed,North,Low,U0891,1830.38,7321.52
P04530,Face Wash,Beauty,4755.89,7,Completed,West,Medium,U1191,4755.89,33291.23
P04531,Face Wash,Electronics,2934.56,5,Cancelled,West,Low,U1042,2934.56,14672.8
P04532,T-Shirt,Home,1892.28,5,Completed,East,Low,U0660,1892.28,9461.4
P04533,Face Wash,Electronics,4753.05,1,Cancelled,North,Medium,U0247,4753.05,4753.05
P04534,T-Shirt,Home,1712.48,4,Completed,East,Medium,U1320,1712.48,6849.92
P04535,Wireless Mouse,Clothing,564.87,2,Completed,West,Low,U0414,564.87,1129.74
P04536,Wireless Mouse,Clothing,4984.56,2,Completed,North,High,U1344,4984.56,9969.12
P04537,Running Shoes,Sports,1412.44,3,Completed,West,High,U0715,1412.44,4237.32
P04538,Novel,Books,4271.16,4,Completed,North,Medium,U0181,4271.16,17084.64
P04539,Wireless Mouse,Clothing,911.15,1,Completed,South,Medium,U1320,911.15,911.15
P04540,Novel,Sports,3683.63,3,Completed,South,Low,U0944,3683.63,11050.89
P04541,Novel,Electronics,2669.8,3,Pending,North,High,U0893,2669.80,8009.4
P04542,Running Shoes,Clothing,4906.44,2,Pending,West,Medium,U0061,4906.44,9812.88
P04543,Headphones,Electronics,2808.87,5,Cancelled,North,Low,U1233,2808.87,14044.35
P04544,Headphones,Electronics,222.57,1,Completed,West,High,U0166,222.57,222.57
P04545,Mixer,Books,3059.0,4,Completed,South,Medium,U1009,3059.00,12236.0
P04546,Running Shoes,Clothing,812.05,3,Completed,West,Medium,U1324,812.05,2436.15
P04547,Mixer,Electronics,4012.85,1,Completed,East,Low,U0655,4012.85,4012.85
P04548,Mixer,Books,4297.18,2,Completed,South,Low,U0351,4297.18,8594.36
P04549,Headphones,Books,2462.26,3,Completed,East,High,U1085,2462.26,7386.78
P04550,Running Shoes,Clothing,3937.79,3,Completed,South,Medium,U0263,3937.79,11813.37
P04551,Headphones,Books,811.04,6,Completed,South,Low,U0124,811.04,4866.24
P04552,Mixer,Clothing,2511.18,2,Completed,East,Medium,U1262,2511.18,5022.36
P04553,Running Shoes,Clothing,2030.33,6,Returned,North,Medium,U0932,2030.33,12181.98
P04554,Mixer,Home,3095.46,2,Completed,West,Low,U1114,3095.46,6190.92
P04555,Face Wash,Electronics,317.94,2,Pending,South,Medium,U0139,317.94,635.88
P04556,Novel,Beauty,3785.4,6,Completed,West,Medium,U1386,3785.40,22712.4
P04557,Running Shoes,Clothing,487.73,7,Completed,South,Low,U1437,487.73,3414.11
P04558,Running Shoes,Electronics,3316.71,1,Completed,West,Low,,3316.71,3316.71
P04559,Novel,Books,190.44,1,Completed,South,Low,U1117,190.44,190.44
P04560,Mixer,Sports,4176.25,7,Pending,North,Medium,U0134,4176.25,29233.75
P04561,Face Wash,Clothing,956.03,1,Completed,South,Medium,U1228,,956.03
P04562,T-Shirt,Books,2625.94,5,Completed,North,Low,,2625.94,13129.7
P04563,Novel,Books,1381.32,3,Completed,South,Medium,U1062,1381.32,4143.96
P04564,Headphones,Books,3640.97,1,Completed,West,Medium,U1018,3640.97,3640.97
P04565,Mixer,Books,1674.62,5,Pending,East,Medium,U0457,1674.62,8373.1
P04566,Novel,Books,3650.59,3,Completed,South,Low,U0438,3650.59,10951.77
P04567,Novel,Clothing,1495.87,1,Completed,South,Medium,U0680,1495.87,1495.87
P04568,Running Shoes,Beauty,3787.12,2,Completed,North,Medium,U0647,3787.12,7574.24
P04569,Headphones,Home,249.97,7,Completed,West,Medium,U0622,249.97,1749.79
P04570,Headphones,Books,1488.23,4,Completed,North,High,U1248,1488.23,5952.92
P04571,Headphones,Books,2543.3,1,Completed,West,Low,U1192,2543.30,2543.3
P04572,Novel,Home,320.79,4,Completed,West,High,U1131,320.79,1283.16
P04573,T-Shirt,Clothing,1011.57,1,Pending,North,High,U1404,1011.57,1011.57
P04574,Wireless Mouse,Electronics,4679.23,2,Pending,East,Medium,U0024,4679.23,9358.46
P04575,Mixer,Sports,4886.49,7,Completed,West,High,U0809,4886.49,34205.43
P04576,Wireless Mouse,Sports,3724.77,7,Completed,East,Medium,U1331,3724.77,26073.39
P04577,Novel,Electronics,1335.78,4,Completed,North,Low,U0935,1335.78,5343.12
P04578,Wireless Mouse,Clothing,1376.54,5,Pending,East,Medium,U1382,1376.54,6882.7
P04579,Novel,Sports,3264.37,2,Completed,West,High,U0370,3264.37,6528.74
P04580,Wireless Mouse,Home,676.24,4,Returned,North,Low,U0997,676.24,2704.96
P04581,Headphones,Electronics,4746.72,4,Completed,East,Medium,U0171,4746.72,18986.88
P04582,Face Wash,Beauty,1201.58,6,Completed,North,High,U0222,1201.58,7209.48
P04583,Headphones,Clothing,4998.21,6,Pending,North,High,,4998.21,29989.26
P04584,Headphones,Electronics,2529.1,2,Completed,East,Low,U1177,2529.10,5058.2
P04585,Running Shoes,Sports,3880.01,2,Completed,West,Low,U0862,3880.01,7760.02
P04586,Running Shoes,Clothing,110.7,2,Completed,West,Low,U0376,110.70,221.4
P04587,Wireless Mouse,Home,4454.86,3,Completed,West,Medium,U0281,4454.86,13364.58
P04588,Novel,Clothing,1423.01,5,Cancelled,West,High,U0713,1423.01,7115.05
P04589,Headphones,Clothing,3372.89,1,Pending,South,Medium,U1243,3372.89,3372.89
P04590,Wireless Mouse,Home,4051.14,6,Completed,North,High,U0958,4051.14,24306.84
P04591,Running Shoes,Books,904.32,7,Completed,North,High,U0811,904.32,6330.24
P04592,Face Wash,Home,2268.3,7,Completed,South,Medium,U0827,2268.30,15878.1
P04593,Mixer,Clothing,2519.8,4,Cancelled,North,Low,U0486,2519.80,10079.2
P04594,Wireless Mouse,Home,1629.39,6,Completed,North,Low,U0335,1629.39,9776.34
P04595,Face Wash,Books,2460.6,1,Completed,East,Low,U0742,2460.60,2460.6
P04596,Mixer,Electronics,1655.97,2,Completed,South,Low,U0410,1655.97,3311.94
P04597,T-Shirt,Home,1867.66,7,Completed,North,Low,U0054,1867.66,13073.62
P04598,Wireless Mouse,Home,3379.72,6,Pending,North,Low,U0701,3379.72,20278.32
P04599,Wireless Mouse,Clothing,3199.71,5,Pending,South,Medium,U1099,3199.71,15998.55
P04600,T-Shirt,Electronics,1238.1,5,Completed,South,Medium,U0349,1238.10,6190.5
P04601,T-Shirt,Beauty,4497.67,3,Pending,East,Low,U0975,4497.67,13493.01
P04602,Wireless Mouse,Beauty,4327.66,6,Completed,East,Medium,U0393,4327.66,25965.96
P04603,T-Shirt,Sports,2594.51,2,Completed,West,Medium,U0554,2594.51,5189.02
P04604,Headphones,Home,2222.93,4,Completed,West,Medium,U1181,2222.93,8891.72
P04605,Mixer,Home,1946.59,3,Completed,East,Medium,U0847,1946.59,5839.77
P04606,Mixer,Electronics,3565.61,2,Pending,North,Medium,U0081,3565.61,7131.22
P04607,Mixer,Books,3391.16,3,Cancelled,South,High,U1232,3391.16,10173.48
P04608,Headphones,Beauty,1061.28,6,Completed,East,Low,U0826,1061.28,6367.68
P04609,Novel,Sports,3390.14,1,Completed,West,Low,U1110,3390.14,3390.14
P04610,T-Shirt,Electronics,1336.91,7,Completed,South,Low,U0744,1336.91,9358.37
P04611,Face Wash,Home,190.94,6,Pending,West,Medium,U1471,190.94,1145.64
P04612,T-Shirt,Beauty,3526.12,2,Cancelled,North,Medium,U0177,3526.12,7052.24
P04613,Wireless Mouse,Sports,3259.49,4,Completed,North,Medium,U0511,3259.49,13037.96
P04614,Running Shoes,Clothing,2112.97,4,Pending,West,Low,U0139,2112.97,8451.88
P04615,Mixer,Beauty,2675.86,2,Pending,South,Medium,U1126,2675.86,5351.72
P04616,T-Shirt,Sports,4741.13,3,Completed,West,Medium,U0473,4741.13,14223.39
P04617,Face Wash,Electronics,3016.48,5,Completed,South,Low,U0542,3016.48,15082.4
P04618,Wireless Mouse,Clothing,3323.63,2,Completed,East,Medium,U0194,3323.63,6647.26
P04619,Headphones,Sports,413.17,7,Completed,West,High,U0486,413.17,2892.19
P04620,Novel,Sports,913.37,6,Completed,West,High,U1338,913.37,5480.22
P04621,Headphones,Home,1574.67,4,Completed,South,Low,U0805,1574.67,6298.68
P04622,Face Wash,Books,2742.96,1,Completed,East,High,U0247,2742.96,2742.96
P04623,Wireless Mouse,Beauty,3905.3,4,Cancelled,,Low,U0630,3905.30,15621.2
P04624,Mixer,Home,1674.08,5,Completed,South,Medium,U0438,1674.08,8370.4
P04625,T-Shirt,Clothing,1846.27,4,Completed,West,Low,U0073,1846.27,7385.08
P04626,Wireless Mouse,Books,1355.14,5,Completed,West,High,,1355.14,6775.7
P04627,Novel,Sports,1347.59,7,Completed,South,Low,U0754,1347.59,9433.13
P04628,Headphones,Home,4749.43,2,Completed,North,Low,U1176,4749.43,9498.86
P04629,Novel,Books,3213.74,4,Completed,North,High,U0831,3213.74,12854.96
P04630,Novel,Beauty,863.92,3,Completed,North,Medium,U0094,863.92,2591.76
P04631,Face Wash,Clothing,3639.02,6,Pending,West,High,U0435,3639.02,21834.12
P04632,Face Wash,Electronics,3637.9,3,Cancelled,West,Low,U1455,3637.90,10913.7
P04633,T-Shirt,Home,3365.7,6,Cancelled,East,Medium,U0457,3365.70,20194.2
P04634,Face Wash,Clothing,760.13,4,Completed,West,High,U1454,760.13,3040.52
P04635,Face Wash,Electronics,2099.16,7,Pending,East,Medium,U0229,2099.16,14694.12
P04636,Wireless Mouse,Home,623.11,4,Completed,West,High,U0030,623.11,2492.44
P04637,Mixer,Clothing,4101.44,6,Pending,North,High,U0335,4101.44,24608.64
P04638,T-Shirt,Clothing,3310.34,7,Completed,North,Medium,U0660,3310.34,23172.38
P04639,Wireless Mouse,Books,2585.3,1,Pending,South,Low,U0569,2585.30,2585.3
P04640,Mixer,Home,1780.78,7,Completed,South,Low,U0177,1780.78,12465.46
P04641,Novel,Clothing,1002.82,4,Cancelled,East,Low,U0824,1002.82,4011.28
P04642,Wireless Mouse,Sports,621.59,1,Pending,East,Medium,U0568,621.59,621.59
P04643,Running Shoes,Home,4849.28,1,Completed,South,High,U0409,4849.28,4849.28
P04644,Wireless Mouse,Clothing,1078.28,6,Cancelled,East,Medium,,1078.28,6469.68
P04645,Face Wash,Books,393.39,1,Completed,West,High,U1261,393.39,393.39
P04646,Mixer,Electronics,4812.17,1,Returned,North,High,U1302,4812.17,4812.17
P04647,T-Shirt,Electronics,2789.86,2,Pending,South,High,U0077,2789.86,5579.72
P04648,T-Shirt,Sports,4003.62,7,Returned,South,High,U0933,4003.62,28025.34
P04649,Mixer,Home,314.45,3,Completed,West,Medium,U0636,314.45,943.35
P04650,Face Wash,Books,2878.03,1,Completed,East,High,U0540,2878.03,2878.03
P04651,Headphones,Clothing,2051.23,3,Pending,South,Medium,U1182,2051.23,6153.69
P04652,Wireless Mouse,Clothing,3882.63,1,Cancelled,South,Medium,U1191,3882.63,3882.63
P04653,Face Wash,Electronics,288.29,3,Completed,West,Medium,U1209,288.29,864.87
P04654,Running Shoes,Books,2068.28,4,Completed,North,Medium,U1413,2068.28,8273.12
P04655,Novel,Sports,4015.46,4,Completed,South,Medium,U0012,4015.46,16061.84
P04656,Mixer,Electronics,2661.22,3,Cancelled,South,Medium,U0169,2661.22,7983.66
P04657,Wireless Mouse,Electronics,2795.19,7,Pending,West,Low,U0831,2795.19,19566.33
P04658,T-Shirt,Sports,576.11,1,Completed,South,Low,U1450,576.11,576.11
P04659,Novel,Home,748.42,2,Completed,South,Medium,U0449,748.42,1496.84
P04660,Headphones,Clothing,3417.3,7,Completed,North,High,U0449,3417.30,23921.1
P04661,Running Shoes,Home,3407.73,3,Completed,South,Medium,U1130,3407.73,10223.19
P04662,T-Shirt,Books,4897.61,7,Pending,West,Low,U0427,4897.61,34283.27
P04663,Mixer,Beauty,3588.57,5,Completed,North,High,U0956,3588.57,17942.85
P04664,Wireless Mouse,Beauty,2516.89,2,Pending,North,High,U0916,2516.89,5033.78
P04665,Mixer,Beauty,4300.91,5,Cancelled,North,High,U1122,4300.91,21504.55
P04666,Novel,Sports,611.92,3,Completed,East,Medium,U0631,611.92,1835.76
P04667,Wireless Mouse,Electronics,2301.55,1,Completed,West,Low,U0226,2301.55,2301.55
P04668,Face Wash,Home,1506.83,7,Pending,East,Low,U0447,1506.83,10547.81
P04669,Headphones,Clothing,612.73,7,Completed,South,Medium,U1500,612.73,4289.11
P04670,Face Wash,Beauty,3841.16,5,Cancelled,North,Low,U0203,3841.16,19205.8
P04671,Face Wash,Home,2602.88,7,Completed,East,Low,U0968,2602.88,18220.16
P04672,Mixer,Beauty,2828.17,3,Cancelled,South,High,U0675,2828.17,8484.51
P04673,Novel,Beauty,2115.15,2,Completed,East,Medium,U1321,2115.15,4230.3
P04674,Headphones,Clothing,2355.65,1,Completed,North,Low,U0634,2355.65,2355.65
P04675,Wireless Mouse,Books,668.49,5,Completed,South,Low,U0016,668.49,3342.45
P04676,Wireless Mouse,Books,3397.3,7,Returned,North,Medium,U1402,3397.30,23781.1
P04677,Running Shoes,Books,2218.99,3,Returned,North,Low,U1360,2218.99,6656.97
P04678,T-Shirt,Sports,4102.16,1,Completed,East,Medium,U0618,4102.16,4102.16
P04679,Running Shoes,Electronics,1061.81,1,Completed,West,Low,U1044,1061.81,1061.81
P04680,Running Shoes,Sports,1104.77,4,Completed,South,High,U0440,1104.77,4419.08
P04681,Wireless Mouse,Home,3264.22,1,Completed,South,High,U1268,3264.22,3264.22
P04682,Mixer,Sports,4245.42,3,Pending,West,Medium,U1268,4245.42,12736.26
P04683,Face Wash,Home,2413.77,2,Completed,South,High,U0971,2413.77,4827.54
P04684,Novel,Home,3662.07,6,Pending,East,Low,U0392,3662.07,21972.42
P04685,Face Wash,Electronics,4996.72,4,Pending,South,Medium,U0724,4996.72,19986.88
P04686,Face Wash,Clothing,4952.3,3,Completed,East,Medium,U0736,4952.30,14856.9
P04687,Headphones,Electronics,3747.25,3,Cancelled,South,Medium,U1286,3747.25,11241.75
P04688,Wireless Mouse,Books,3723.97,3,Completed,East,Low,U0220,3723.97,11171.91
P04689,Novel,Books,1313.33,5,Completed,West,Low,U1032,1313.33,6566.65
P04690,Mixer,Sports,4184.34,7,Pending,South,Low,U0446,4184.34,29290.38
P04691,Headphones,Home,2085.0,5,Completed,East,Medium,U0014,2085.00,10425.0
P04692,T-Shirt,Beauty,4813.77,2,Completed,North,High,U0387,4813.77,9627.54
P04693,Mixer,Beauty,499.0,3,Cancelled,North,Medium,U0642,499.00,1497.0
P04694,Running Shoes,Home,2235.62,7,Completed,North,High,U1046,2235.62,15649.34
P04695,Mixer,Electronics,2823.62,5,Completed,South,Low,U0225,2823.62,14118.1
P04696,Mixer,Clothing,2085.27,5,Pending,East,High,U0235,2085.27,10426.35
P04697,Face Wash,Electronics,1131.84,5,Completed,North,Medium,U1365,1131.84,5659.2
P04698,Mixer,Home,3005.64,2,Returned,South,Low,U1000,3005.64,6011.28
P04699,Running Shoes,Home,3804.0,2,Completed,East,Medium,U0711,3804.00,7608.0
P04700,Running Shoes,Clothing,3259.71,3,Completed,North,Medium,U1158,3259.71,9779.13
P04701,Wireless Mouse,Sports,1248.8,4,Pending,North,Low,U1202,1248.80,4995.2
P04702,Mixer,Sports,3684.88,3,Completed,South,High,U0792,3684.88,11054.64
P04703,Face Wash,Clothing,1358.8,5,Pending,East,High,U0437,1358.80,6794.0
P04704,Mixer,Sports,958.49,6,Cancelled,South,Low,U1075,958.49,5750.94
P04705,T-Shirt,Beauty,3484.27,7,Pending,North,Medium,U1467,3484.27,24389.89
P04706,T-Shirt,Sports,4229.66,5,Completed,South,Low,U0581,4229.66,21148.3
P04707,Face Wash,Sports,2459.54,1,Completed,South,High,U1305,2459.54,2459.54
P04708,Wireless Mouse,Sports,2703.82,6,Cancelled,North,Low,U1068,2703.82,16222.92
P04709,Wireless Mouse,Beauty,1583.46,6,Completed,North,Low,U0687,1583.46,9500.76
P04710,Running Shoes,Sports,2523.63,7,Pending,East,Medium,U0365,2523.63,17665.41
P04711,Running Shoes,Books,746.72,3,Completed,East,Low,U0269,746.72,2240.16
P04712,Headphones,Beauty,4783.57,5,Completed,North,Low,U1317,4783.57,23917.85
P04713,Face Wash,Clothing,4021.77,5,Completed,North,Low,U1218,4021.77,20108.85
P04714,Mixer,Electronics,3373.07,4,Returned,West,Low,U1395,3373.07,13492.28
P04715,Novel,Clothing,2737.15,1,Completed,West,Low,U0078,2737.15,2737.15
P04716,Face Wash,Electronics,3981.63,3,Completed,East,High,U0189,3981.63,11944.89
P04717,Headphones,Clothing,2524.31,2,Cancelled,South,High,U1414,2524.31,5048.62
P04718,Running Shoes,Books,1569.87,3,Completed,North,Medium,U1049,1569.87,4709.61
P04719,Face Wash,Electronics,885.83,6,Pending,North,Medium,U1326,885.83,5314.98
P04720,Face Wash,Electronics,3273.17,3,Completed,South,Medium,U0671,3273.17,9819.51
P04721,Running Shoes,Home,4654.19,4,Cancelled,East,Medium,,4654.19,18616.76
P04722,Headphones,Electronics,852.73,3,Completed,West,Medium,U0959,852.73,2558.19
P04723,Running Shoes,Electronics,982.09,4,Pending,East,Medium,U1118,,3928.36
P04724,Wireless Mouse,Home,2224.67,6,Completed,South,Medium,U0336,2224.67,13348.02
P04725,Mixer,Sports,4053.81,4,Completed,North,Medium,U1188,4053.81,16215.24
P04726,Running Shoes,Sports,1540.22,7,Completed,West,Medium,U0903,1540.22,10781.54
P04727,Headphones,Home,1344.17,7,Returned,South,Medium,U0341,1344.17,9409.19
P04728,T-Shirt,Beauty,3137.83,5,Completed,North,High,U0834,3137.83,15689.15
P04729,Wireless Mouse,Electronics,2724.51,2,Pending,East,Medium,U0567,2724.51,5449.02
P04730,T-Shirt,Electronics,395.08,6,Completed,West,High,U0072,395.08,2370.48
P04731,Novel,Home,499.3,4,Completed,North,High,U1066,499.30,1997.2
P04732,Running Shoes,Home,3250.76,1,Completed,North,Low,U0411,3250.76,3250.76
P04733,Wireless Mouse,Beauty,2379.11,6,Pending,North,Medium,U0898,2379.11,14274.66
P04734,Mixer,Books,4857.79,1,Pending,North,Medium,U0838,4857.79,4857.79
P04735,Running Shoes,Sports,3424.8,2,Returned,North,Medium,U0644,3424.80,6849.6
P04736,Mixer,Clothing,149.36,4,Cancelled,East,Medium,U0021,149.36,597.44
P04737,Face Wash,Books,2456.99,6,Completed,South,Low,U1025,2456.99,14741.94
P04738,T-Shirt,Sports,2130.79,6,Pending,West,High,U0678,2130.79,12784.74
P04739,Wireless Mouse,Electronics,622.9,2,Completed,East,High,U1100,622.90,1245.8
P04740,Mixer,Books,4623.72,5,Cancelled,West,Medium,U0603,4623.72,23118.6
P04741,Headphones,Home,4044.56,1,Completed,North,Low,U1422,4044.56,4044.56
P04742,Mixer,Beauty,1227.42,6,Pending,South,High,U0088,1227.42,7364.52
P04743,Headphones,Sports,1354.31,3,Completed,North,Medium,U0017,1354.31,4062.93
P04744,Running Shoes,Beauty,256.89,1,Completed,East,Medium,U1353,256.89,256.89
P04745,Wireless Mouse,Sports,1553.92,4,Completed,East,Medium,U0943,1553.92,6215.68
P04746,Mixer,Books,2964.65,2,Completed,West,High,U1234,2964.65,5929.3
P04747,Novel,Electronics,2162.13,1,Completed,North,Low,U0824,2162.13,2162.13
P04748,Mixer,Clothing,4849.35,3,Pending,North,High,U0383,4849.35,14548.05
P04749,Novel,Beauty,374.79,7,Pending,South,Medium,U0640,374.79,2623.53
P04750,Wireless Mouse,Beauty,2998.01,3,Completed,South,Medium,U1170,2998.01,8994.03
P04751,Mixer,Clothing,4305.72,2,Completed,North,Low,U0453,4305.72,8611.44
P04752,Headphones,Beauty,2455.63,2,Completed,West,Low,U0816,2455.63,4911.26
P04753,Mixer,Beauty,114.52,7,Cancelled,South,Low,U1417,114.52,801.64
P04754,T-Shirt,Sports,1289.73,1,Completed,North,Low,U0310,1289.73,1289.73
P04755,Running Shoes,Sports,1686.47,4,Completed,North,Low,U0931,1686.47,6745.88
P04756,Face Wash,Clothing,4833.37,5,Completed,North,Medium,U0492,4833.37,24166.85
P04757,Headphones,Electronics,4567.69,3,Completed,East,Low,U0760,4567.69,13703.07
P04758,T-Shirt,Books,4750.94,2,Completed,West,Low,U1454,4750.94,9501.88
P04759,Novel,Books,4146.22,5,Completed,North,Medium,U0001,4146.22,20731.1
P04760,Running Shoes,Beauty,1823.07,5,Completed,North,Low,U0041,1823.07,9115.35
P04761,Wireless Mouse,Electronics,4538.79,5,Completed,North,Medium,U0672,4538.79,22693.95
P04762,Headphones,Clothing,4910.25,4,Completed,South,Medium,U0212,4910.25,19641.0
P04763,Face Wash,Clothing,1815.35,2,Completed,North,Low,U1357,1815.35,3630.7
P04764,Running Shoes,Sports,1376.72,3,Completed,East,Low,U1470,1376.72,4130.16
P04765,Novel,Beauty,2779.89,2,Completed,East,Medium,U0304,2779.89,5559.78
P04766,Face Wash,Home,1017.05,1,Completed,West,Low,U0691,1017.05,1017.05
P04767,Wireless Mouse,Clothing,259.86,3,Cancelled,North,High,U1178,259.86,779.58
P04768,Wireless Mouse,Beauty,4734.57,2,Completed,North,Medium,U0616,4734.57,9469.14
P04769,Novel,Electronics,4636.13,3,Pending,North,Low,U0523,4636.13,13908.39
P04770,Headphones,Sports,897.0,1,Completed,East,Medium,U0025,897.00,897.0
P04771,Novel,Books,2097.93,6,Completed,South,Medium,U0808,2097.93,12587.58
P04772,Mixer,Electronics,4172.08,3,Completed,South,Low,U0025,4172.08,12516.24
P04773,Wireless Mouse,Clothing,3338.9,6,Completed,North,Low,U0596,3338.90,20033.4
P04774,Running Shoes,Clothing,2034.46,5,Completed,South,Medium,U1130,2034.46,10172.3
P04775,Mixer,Electronics,3746.44,7,Cancelled,West,High,U1143,3746.44,26225.08
P04776,T-Shirt,Clothing,4495.53,4,Cancelled,East,Low,U0108,4495.53,17982.12
P04777,Face Wash,Beauty,4638.18,1,Completed,North,Medium,U1354,4638.18,4638.18
P04778,Mixer,Clothing,1956.36,3,Completed,South,Low,U0180,1956.36,5869.08
P04779,Face Wash,Sports,950.45,1,Completed,North,Medium,U0881,950.45,950.45
P04780,Novel,Beauty,4572.91,5,Completed,North,Medium,U0131,4572.91,22864.55
P04781,Mixer,Home,553.52,6,Cancelled,East,Medium,U0603,553.52,3321.12
P04782,Novel,Clothing,3636.27,4,Completed,East,High,U0753,3636.27,14545.08
P04783,T-Shirt,Clothing,788.44,1,Returned,South,Low,U0759,788.44,788.44
P04784,Wireless Mouse,Sports,2008.0,6,Completed,East,Medium,U0168,2008.00,12048.0
P04785,T-Shirt,Sports,2116.62,5,Completed,West,Low,U0223,2116.62,10583.1
P04786,Wireless Mouse,Books,877.91,5,Completed,North,High,U0469,877.91,4389.55
P04787,Novel,Electronics,4621.14,5,Pending,East,High,U0278,4621.14,23105.7
P04788,Wireless Mouse,Electronics,113.07,7,Completed,South,High,U0190,113.07,791.49
P04789,Face Wash,Electronics,4479.66,6,Completed,South,Low,U0531,4479.66,26877.96
P04790,Running Shoes,Sports,4430.76,3,Completed,South,Medium,U0621,4430.76,13292.28
P04791,T-Shirt,Electronics,1653.12,2,Completed,West,Medium,U1214,1653.12,3306.24
P04792,Mixer,Electronics,3550.99,1,Completed,East,High,U0218,3550.99,3550.99
P04793,T-Shirt,Home,1338.76,7,Completed,East,Medium,U1323,1338.76,9371.32
P04794,Face Wash,Electronics,3817.99,2,Pending,West,High,,3817.99,7635.98
P04795,Wireless Mouse,Clothing,2849.49,5,Pending,East,Medium,U0236,2849.49,14247.45
P04796,Face Wash,Books,1571.1,2,Completed,East,Medium,U0168,1571.10,3142.2
P04797,Headphones,Sports,2061.15,6,Pending,East,Low,U0780,2061.15,12366.9
P04798,Headphones,Beauty,3480.45,5,Completed,West,Low,U0193,3480.45,17402.25
P04799,Mixer,Books,4539.88,7,Pending,West,Low,U0242,4539.88,31779.16
P04800,Face Wash,Home,740.56,5,Completed,South,Low,U1186,740.56,3702.8
P04801,Novel,Sports,2899.68,4,Completed,West,Low,U1363,2899.68,11598.72
P04802,Mixer,Sports,1343.27,4,Completed,West,High,U0791,1343.27,5373.08
P04803,Novel,Clothing,4026.72,7,Pending,South,Medium,U0455,4026.72,28187.04
P04804,Mixer,Books,444.16,6,Completed,West,High,U1159,444.16,2664.96
P04805,Headphones,Books,3475.88,6,Completed,East,Medium,U0193,3475.88,20855.28
P04806,Mixer,Electronics,957.24,2,Completed,North,High,U1426,957.24,1914.48
P04807,Headphones,Clothing,3022.29,7,Completed,South,Medium,U0392,3022.29,21156.03
P04808,Wireless Mouse,Electronics,4194.89,1,Pending,North,Low,U0601,4194.89,4194.89
P04809,Novel,Electronics,3799.9,7,Completed,North,Medium,U1066,3799.90,26599.3
P04810,Face Wash,Sports,3789.42,2,Cancelled,South,Medium,U0093,3789.42,7578.84
P04811,Mixer,Books,2637.44,6,Completed,North,Medium,U1239,2637.44,15824.64
P04812,Headphones,Electronics,4464.65,1,Completed,North,High,U0349,4464.65,4464.65
P04813,T-Shirt,Home,2981.72,7,Pending,South,Medium,,2981.72,20872.04
P04814,Novel,Home,4595.84,2,Pending,South,Medium,U1359,4595.84,9191.68
P04815,Mixer,Books,2777.96,3,Completed,East,High,U1423,2777.96,8333.88
P04816,Running Shoes,Home,2579.23,3,Completed,South,Medium,U0924,2579.23,7737.69
P04817,Wireless Mouse,Sports,1189.53,1,Pending,West,Low,U1188,1189.53,1189.53
P04818,Wireless Mouse,Clothing,2769.45,4,Completed,North,Medium,U0106,2769.45,11077.8
P04819,T-Shirt,Beauty,788.87,1,Pending,South,Medium,U1256,788.87,788.87
P04820,Headphones,Electronics,4361.48,2,Completed,East,Medium,U0992,4361.48,8722.96
P04821,Mixer,Beauty,3411.87,5,Returned,South,High,U0717,3411.87,17059.35
P04822,Novel,Clothing,4968.81,3,Completed,North,Low,U1201,4968.81,14906.43
P04823,Headphones,Clothing,551.28,5,Completed,South,Medium,U1318,551.28,2756.4
P04824,Wireless Mouse,Sports,1279.3,3,Completed,North,High,U1289,1279.30,3837.9
P04825,Headphones,Home,4398.08,2,Returned,South,Medium,U0788,4398.08,8796.16
P04826,Wireless Mouse,Home,2036.75,3,Pending,East,Medium,U1294,2036.75,6110.25
P04827,Headphones,Clothing,2384.88,1,Completed,West,Medium,U1236,2384.88,2384.88
P04828,T-Shirt,Sports,4317.19,5,Completed,East,Medium,U1187,4317.19,21585.95
P04829,Face Wash,Sports,2656.93,6,Completed,South,Medium,U0823,2656.93,15941.58
P04830,T-Shirt,Books,1048.03,5,Completed,North,High,U0917,1048.03,5240.15
P04831,T-Shirt,Electronics,4470.95,2,Completed,East,Low,U1077,4470.95,8941.9
P04832,Face Wash,Home,252.2,6,Completed,West,Medium,U1257,252.20,1513.2
P04833,Face Wash,Clothing,4487.44,5,Completed,West,Low,U1462,4487.44,22437.2
P04834,Mixer,Books,347.55,7,Completed,North,Medium,U0854,347.55,2432.85
P04835,Novel,Beauty,3362.66,2,Pending,South,Medium,U0683,3362.66,6725.32
P04836,Novel,Home,451.23,7,Completed,East,Low,U1023,451.23,3158.61
P04837,Mixer,Electronics,3560.44,4,Completed,East,Medium,U0951,3560.44,14241.76
P04838,T-Shirt,Sports,266.46,1,Completed,North,Low,U0044,266.46,266.46
P04839,T-Shirt,Clothing,4228.04,3,Completed,East,Medium,U0603,4228.04,12684.12
P04840,Wireless Mouse,Home,2383.13,7,Pending,North,Medium,U0633,2383.13,16681.91
P04841,Wireless Mouse,Beauty,557.92,3,Pending,North,Low,U0092,557.92,1673.76
P04842,Novel,Electronics,3563.42,3,Completed,South,Low,U0759,3563.42,10690.26
P04843,Mixer,Electronics,2497.52,4,Completed,North,Medium,U0731,2497.52,9990.08
P04844,Running Shoes,Books,1035.65,1,Cancelled,East,Medium,U0954,1035.65,1035.65
P04845,Running Shoes,Home,176.79,5,Completed,North,Low,U1462,176.79,883.95
P04846,Mixer,Beauty,2148.19,7,Completed,East,High,U0337,2148.19,15037.33
P04847,Wireless Mouse,Electronics,519.58,5,Pending,North,Low,U1318,519.58,2597.9
P04848,Novel,Clothing,561.43,1,Completed,South,Medium,U0700,561.43,561.43
P04849,Novel,Electronics,1409.91,6,Completed,South,Medium,U0925,1409.91,8459.46
P04850,Wireless Mouse,Beauty,3189.25,1,Completed,North,Low,U0680,3189.25,3189.25
P04851,Running Shoes,Sports,2696.56,3,Completed,North,Low,U0967,2696.56,8089.68
P04852,Headphones,Sports,438.04,5,Completed,North,Medium,U0264,438.04,2190.2
P04853,Headphones,Books,4845.31,1,Completed,South,Low,U0105,4845.31,4845.31
P04854,Wireless Mouse,Home,4447.13,5,Cancelled,West,Low,U0224,4447.13,22235.65
P04855,Headphones,Beauty,1370.2,1,Completed,North,Medium,U1443,1370.20,1370.2
P04856,Face Wash,Books,699.46,2,Completed,West,Medium,U0978,699.46,1398.92
P04857,Mixer,Electronics,4717.77,7,Completed,North,Low,U0115,4717.77,33024.39
P04858,Mixer,Electronics,2359.59,3,Pending,East,Medium,U0891,2359.59,7078.77
P04859,Wireless Mouse,Sports,1624.72,1,Completed,South,Medium,U1259,1624.72,1624.72
P04860,T-Shirt,Books,2502.75,4,Pending,West,Medium,U1298,2502.75,10011.0
P04861,Running Shoes,Sports,3886.45,1,Pending,West,Medium,U1254,3886.45,3886.45
P04862,Wireless Mouse,Clothing,925.09,2,Pending,South,High,,925.09,1850.18
P04863,Headphones,Sports,3860.73,4,Completed,West,Medium,U0034,3860.73,15442.92
P04864,Running Shoes,Clothing,3772.29,4,Pending,North,Low,U1412,3772.29,15089.16
P04865,T-Shirt,Electronics,2742.81,1,Completed,West,Low,U0895,2742.81,2742.81
P04866,Headphones,Books,4342.63,2,Completed,North,Low,U0462,4342.63,8685.26
P04867,Novel,Clothing,747.5,4,Completed,West,Low,U0449,747.50,2990.0
P04868,Face Wash,Books,3017.85,7,Returned,East,Low,U0829,3017.85,21124.95
P04869,Headphones,Books,2301.78,3,Completed,West,Medium,U1238,2301.78,6905.34
P04870,Face Wash,Clothing,2169.23,6,Pending,West,Low,U1070,2169.23,13015.38
P04871,Running Shoes,Home,1337.55,3,Completed,North,Medium,U0405,1337.55,4012.65
P04872,Face Wash,Sports,1924.17,5,Completed,South,Medium,U0333,1924.17,9620.85
P04873,Running Shoes,Clothing,629.94,5,Pending,East,High,U0240,629.94,3149.7
P04874,Running Shoes,Electronics,1332.83,2,Completed,South,Medium,U1278,1332.83,2665.66
P04875,Running Shoes,Books,1432.63,4,Pending,North,High,U0228,1432.63,5730.52
P04876,Running Shoes,Beauty,3631.27,3,Pending,East,High,U0733,3631.27,10893.81
P04877,Running Shoes,Clothing,337.9,3,Completed,West,High,U0891,337.90,1013.7
P04878,Headphones,Sports,3290.84,6,Completed,South,Medium,U0166,3290.84,19745.04
P04879,Running Shoes,Books,1184.91,2,Completed,South,Medium,U0585,1184.91,2369.82
P04880,Headphones,Home,501.12,7,Completed,South,Medium,U0737,501.12,3507.84
P04881,Running Shoes,Electronics,1573.95,4,Completed,West,Medium,U0598,1573.95,6295.8
P04882,Face Wash,Home,1199.92,2,Completed,North,Low,U0593,1199.92,2399.84
P04883,Novel,Beauty,2804.96,1,Cancelled,West,Low,U0727,2804.96,2804.96
P04884,Running Shoes,Clothing,1851.14,3,Completed,West,Low,U1414,1851.14,5553.42
P04885,T-Shirt,Books,4833.37,2,Pending,North,Low,U1447,4833.37,9666.74
P04886,Running Shoes,Clothing,4821.39,2,Completed,North,Low,U0925,4821.39,9642.78
P04887,Running Shoes,Sports,2274.2,6,Completed,West,Medium,U1435,2274.20,13645.2
P04888,Face Wash,Clothing,3995.93,7,Completed,North,Low,U0649,3995.93,27971.51
P04889,Mixer,Electronics,165.02,1,Pending,South,Medium,U0447,165.02,165.02
P04890,Face Wash,Beauty,2784.28,5,Completed,East,High,U1427,2784.28,13921.4
P04891,T-Shirt,Home,3742.17,3,Pending,North,Medium,U0097,3742.17,11226.51
P04892,Mixer,Beauty,1163.02,6,Completed,East,High,U0379,1163.02,6978.12
P04893,Wireless Mouse,Books,399.74,7,Completed,South,Low,U0670,399.74,2798.18
P04894,Wireless Mouse,Clothing,864.0,7,Completed,North,High,U1210,864.00,6048.0
P04895,T-Shirt,Books,2265.06,2,Completed,West,Low,U1268,2265.06,4530.12
P04896,Face Wash,Home,2581.22,3,Completed,West,High,U0631,2581.22,7743.66
P04897,Headphones,Books,1966.34,5,Pending,South,Low,U0708,1966.34,9831.7
P04898,T-Shirt,Sports,2255.87,7,Cancelled,North,Medium,U0503,2255.87,15791.09
P04899,Novel,Beauty,2404.15,2,Pending,West,Low,U0288,2404.15,4808.3
P04900,Mixer,Home,3870.24,7,Cancelled,North,Medium,U0369,3870.24,27091.68
P04901,Mixer,Home,615.69,1,Cancelled,East,Low,U0065,615.69,615.69
P04902,Running Shoes,Home,3867.86,7,Cancelled,West,Medium,U0162,3867.86,27075.02
P04903,Wireless Mouse,Electronics,3474.27,3,Completed,South,Medium,U0597,3474.27,10422.81
P04904,Mixer,Beauty,3734.14,7,Completed,West,High,U0927,,26138.98
P04905,T-Shirt,Books,3698.9,7,Completed,South,Medium,U0571,3698.90,25892.3
P04906,Mixer,Home,2405.9,6,Completed,South,Medium,U0974,2405.90,14435.4
P04907,T-Shirt,Beauty,1135.86,1,Cancelled,East,Low,U0662,1135.86,1135.86
P04908,Headphones,Home,2729.48,5,Completed,East,Medium,U1442,2729.48,13647.4
P04909,Running Shoes,Sports,4794.11,5,Completed,South,Low,U0481,4794.11,23970.55
P04910,Wireless Mouse,Sports,2983.78,3,Completed,West,High,U0269,2983.78,8951.34
P04911,Mixer,Sports,154.13,5,Completed,South,Low,U0736,154.13,770.65
P04912,T-Shirt,Clothing,392.58,4,Completed,North,Medium,U0567,392.58,1570.32
P04913,Face Wash,Home,4965.03,6,Completed,North,Medium,U1214,4965.03,29790.18
P04914,Wireless Mouse,Clothing,452.54,3,Completed,West,Medium,U0406,452.54,1357.62
P04915,Headphones,Beauty,325.62,7,Completed,West,Medium,U0765,325.62,2279.34
P04916,T-Shirt,Clothing,1829.82,4,Completed,East,Low,U1336,1829.82,7319.28
P04917,Novel,Beauty,4849.65,5,Completed,North,Low,U0866,4849.65,24248.25
P04918,Novel,Beauty,1661.51,7,Completed,South,High,U1118,1661.51,11630.57
P04919,Running Shoes,Beauty,2108.43,3,Completed,South,Low,U0390,2108.43,6325.29
P04920,Running Shoes,Books,3206.98,4,Completed,North,Medium,U0547,3206.98,12827.92
P04921,Headphones,Clothing,218.15,5,Cancelled,North,Medium,U1435,218.15,1090.75
P04922,Headphones,Books,4499.04,2,Completed,East,Medium,U1236,4499.04,8998.08
P04923,Running Shoes,Home,2645.27,2,Cancelled,North,Low,U1393,2645.27,5290.54
P04924,Mixer,Clothing,2387.37,1,Pending,East,Medium,U0742,2387.37,2387.37
P04925,Mixer,Home,4317.56,2,Pending,West,Medium,U1192,4317.56,8635.12
P04926,T-Shirt,Home,4770.08,4,Completed,West,Medium,U1038,4770.08,19080.32
P04927,Face Wash,Beauty,2174.78,6,Completed,North,High,U0586,2174.78,13048.68
P04928,T-Shirt,Clothing,944.96,2,Completed,North,Low,U0874,944.96,1889.92
P04929,Face Wash,Home,4096.98,3,Completed,North,High,U1231,4096.98,12290.94
P04930,Headphones,Sports,2075.98,3,Cancelled,North,Low,U0043,2075.98,6227.94
P04931,Wireless Mouse,Home,4684.17,3,Completed,South,Low,U0880,4684.17,14052.51
P04932,T-Shirt,Sports,4754.51,2,Returned,South,Low,U1466,4754.51,9509.02
P04933,T-Shirt,Clothing,662.66,7,Pending,West,Low,U0911,662.66,4638.62
P04934,Face Wash,Books,4787.11,2,Completed,South,Medium,U0607,4787.11,9574.22
P04935,Headphones,Clothing,1904.52,1,Pending,North,Low,U1419,1904.52,1904.52
P04936,Headphones,Books,3266.64,6,Completed,East,Medium,U0238,3266.64,19599.84
P04937,Novel,Books,270.28,7,Completed,West,Low,U0719,270.28,1891.96
P04938,Face Wash,Clothing,4455.53,6,Completed,North,Low,U0742,4455.53,26733.18
P04939,Headphones,Home,3243.83,7,Cancelled,South,Low,U0404,3243.83,22706.81
P04940,Running Shoes,Electronics,3253.42,7,Completed,East,High,U0214,3253.42,22773.94
P04941,Mixer,Home,4520.66,5,Pending,East,Low,U0846,4520.66,22603.3
P04942,Novel,Home,2590.9,1,Completed,South,High,U1398,2590.90,2590.9
P04943,Running Shoes,Beauty,2111.53,4,Completed,North,Low,U0132,2111.53,8446.12
P04944,Wireless Mouse,Beauty,4344.03,3,Completed,East,Medium,U0009,4344.03,13032.09
P04945,T-Shirt,Home,3737.86,2,Completed,East,Low,U0153,3737.86,7475.72
P04946,Novel,Sports,4749.98,5,Completed,South,Low,U0431,4749.98,23749.9
P04947,Wireless Mouse,Books,4706.6,5,Completed,East,High,U0483,4706.60,23533.0
P04948,T-Shirt,Beauty,1973.4,7,Pending,East,Medium,U0305,1973.40,13813.8
P04949,Mixer,Home,2290.23,2,Completed,East,Low,U0284,2290.23,4580.46
P04950,Headphones,Electronics,1354.33,1,Returned,West,Low,U0472,1354.33,1354.33
P04951,Running Shoes,Sports,3337.17,5,Completed,North,Low,U0993,3337.17,16685.85
P04952,Face Wash,Clothing,1886.26,6,Completed,North,High,U0190,1886.26,11317.56
P04953,Running Shoes,Home,3951.89,1,Completed,South,High,U0512,3951.89,3951.89
P04954,Mixer,Home,695.6,2,Completed,North,Medium,U0343,695.60,1391.2
P04955,Wireless Mouse,Books,670.37,7,Cancelled,East,Medium,U1454,670.37,4692.59
P04956,Face Wash,Sports,1101.83,1,Pending,North,High,U0715,1101.83,1101.83
P04957,Headphones,Beauty,513.03,7,Pending,West,Medium,U0680,513.03,3591.21
P04958,Mixer,Beauty,3138.15,6,Cancelled,East,High,U1058,3138.15,18828.9
P04959,Face Wash,Beauty,822.03,3,Pending,East,Medium,U0471,822.03,2466.09
P04960,Mixer,Clothing,883.82,7,Completed,West,Low,U1418,883.82,6186.74
P04961,Mixer,Sports,169.72,7,Cancelled,West,Medium,U0741,169.72,1188.04
P04962,Headphones,Sports,3932.24,2,Completed,North,Medium,U0513,3932.24,7864.48
P04963,Novel,Beauty,4080.25,6,Completed,North,Medium,U1346,4080.25,24481.5
P04964,T-Shirt,Beauty,893.91,2,Pending,North,Low,U1139,893.91,1787.82
P04965,Face Wash,Books,3723.67,6,Completed,West,Medium,U1238,3723.67,22342.02
P04966,Headphones,Electronics,2224.37,6,Cancelled,North,Medium,U0145,2224.37,13346.22
P04967,Mixer,Electronics,1274.01,5,Completed,South,Low,U0559,1274.01,6370.05
P04968,Headphones,Home,3144.78,5,Cancelled,North,Medium,U0792,3144.78,15723.9
P04969,Novel,Home,974.57,5,Completed,West,Medium,U1202,974.57,4872.85
P04970,T-Shirt,Sports,3808.73,3,Completed,West,Medium,U0360,3808.73,11426.19
P04971,Running Shoes,Sports,333.31,3,Completed,South,High,U0285,333.31,999.93
P04972,Face Wash,Clothing,4799.74,6,Cancelled,East,Medium,U1269,4799.74,28798.44
P04973,T-Shirt,Clothing,452.19,4,Completed,South,Medium,U0765,452.19,1808.76
P04974,Wireless Mouse,Electronics,2939.3,2,Completed,West,Medium,U1230,2939.30,5878.6
P04975,Face Wash,Home,4520.75,5,Completed,East,Medium,U0584,4520.75,22603.75
P04976,T-Shirt,Electronics,158.33,2,Completed,South,High,U1366,158.33,316.66
P04977,Mixer,Electronics,2542.72,7,Returned,South,Medium,U0727,2542.72,17799.04
P04978,Face Wash,Home,1815.03,6,Completed,East,Medium,U1384,1815.03,10890.18
P04979,Face Wash,Clothing,2943.63,1,Completed,South,Low,U1165,2943.63,2943.63
P04980,Headphones,Books,1204.74,6,Completed,East,Low,U0960,1204.74,7228.44
P04981,Mixer,Books,418.01,3,Completed,North,Low,U1246,418.01,1254.03
P04982,Wireless Mouse,Books,3167.07,4,Completed,East,Medium,U1413,3167.07,12668.28
P04983,Running Shoes,Home,2142.56,1,Pending,South,Low,U1354,2142.56,2142.56
P04984,Novel,Beauty,3150.18,2,Cancelled,North,Low,U0743,3150.18,6300.36
P04985,T-Shirt,Beauty,1131.64,3,Completed,West,Medium,U1417,1131.64,3394.92
P04986,Headphones,Beauty,1759.83,5,Completed,West,Low,U0654,1759.83,8799.15
P04987,T-Shirt,Sports,2852.24,1,Returned,West,Low,U0358,2852.24,2852.24
P04988,Wireless Mouse,Clothing,3006.25,3,Completed,South,Low,U1418,3006.25,9018.75
P04989,Wireless Mouse,Clothing,1924.34,2,Completed,North,Medium,U0587,1924.34,3848.68
P04990,Face Wash,Sports,1472.26,6,Completed,East,Medium,U0040,1472.26,8833.56
P04991,Novel,Electronics,1441.13,2,Completed,West,High,U0902,1441.13,2882.26
P04992,Wireless Mouse,Books,956.03,1,Pending,West,Low,U0273,956.03,956.03
P04993,T-Shirt,Beauty,1694.48,1,Returned,North,Low,U1444,1694.48,1694.48
P04994,Mixer,Books,1077.26,6,Completed,North,Low,U1094,1077.26,6463.56
P04995,Mixer,Beauty,3205.7,1,Pending,North,High,U0829,3205.70,3205.7
P04996,Face Wash,Books,2888.43,4,Completed,South,Medium,U0623,2888.43,11553.72
P04997,Running Shoes,Electronics,1974.69,5,Completed,North,Medium,U0458,1974.69,9873.45
P04998,T-Shirt,Books,1696.57,3,Completed,East,High,U0234,1696.57,5089.71
P04999,T-Shirt,Books,1264.31,6,Pending,East,Low,U0197,1264.31,7585.86
P05000,Wireless Mouse,Home,2723.75,2,Completed,West,Low,U0536,2723.75,5447.5
