customer_id,first_name,last_name,email,region,signup_date
CUST000001,Aditya,Bhat,aditya.bhat1@example.com,North,2026-12-05
CUST000002,Ayaan,Iyer,ayaan.iyer2@example.com,West,2026-08-08
CUST000003,Arjun,Joshi,arjun.joshi3@example.com,Central,2027-08-14
CUST000004,Ayaan,Das,ayaan.das4@example.com,West,2027-02-21
CUST000005,Vihaan,Verma,vihaan.verma5@example.com,West,2026-12-29
CUST000006,Riya,Singh,riya.singh6@example.com,North,2027-11-21
CUST000007,Vihaan,Sharma,vihaan.sharma7@example.com,West,2026-12-14
CUST000008,Ayaan,Reddy,ayaan.reddy8@example.com,South,2027-07-04
CUST000009,Arjun,Patel,arjun.patel9@example.com,South,2026-10-13
CUST000010,Ayaan,Chowdhury,ayaanchowdhurygmail.com,West,2027-07-18
CUST000011,Vivaan,Kapoor,vivaan.kapoor11@example.com,Central,2026-01-16
CUST000012,Ayaan,Gupta,ayaan.gupta12@example.com,West,2027-05-13
CUST000013,Reyansh,Chowdhury,reyansh.chowdhury13@example.com,West,2026-03-02
CUST000014,Priya,Sharma,priya.sharma14@example.com,West,2026-09-29
CUST000015,Diya,Patel,diya.patel15@example.com,Central,2027-11-09
CUST000016,Arjun,Reddy,arjun.reddy16@example.com,East,2026-08-11
CUST000017,Vivaan,Joshi,vivaan.joshi17@example.com,East,2026-02-28
CUST000018,Anika,Rao,anika.rao18@example.com,Central,2026-06-11
CUST000019,Aditya,Chowdhury,aditya.chowdhury19@example.com,South,2026-03-12
CUST000020,Aditya,Kapoor,aditya.kapoor20@example.com,South,2027-02-18
CUST000021,Ayaan,Mehta,ayaan.mehta21@example.com,Central,2026-02-10
CUST000022,Aditya,Patel,aditya.patel22@example.com,Central,2027-08-02
CUST000023,Ishaan,Bhat,ishaan.bhat23@example.com,East,2026-07-29
CUST000024,Ayaan,Iyer,ayaan.iyer24@example.com,West,2026-05-15
CUST000025,Diya,Singh,diya.singh25@example.com,East,2026-03-16
CUST000026,Saanvi,Mehta,saanvi.mehta26@example.com,Central,2026-04-13
CUST000027,Reyansh,Rao,reyansh.rao27@example.com,East,2026-05-16
CUST000028,Aditya,Bhat,aditya.bhat28@example.com,South,2027-01-14
CUST000029,Sai,Singh,sai.singh29@example.com,Central,2026-11-06
CUST000030,Aarav,Kapoor,aarav.kapoor30@example.com,Central,2026-11-03
CUST000031,Arjun,Iyer,arjun.iyer31@example.com,North,2026-04-20
CUST000032,Arjun,Iyer,arjun.iyer32@example.com,East,2027-09-12
CUST000033,Ishaan,Reddy,ishaan.reddy33@example.com,East,2027-06-02
CUST000034,Ananya,Bhat,ananya.bhat34@example.com,North,2026-04-05
CUST000035,Riya,Chowdhury,riya.chowdhury35@example.com,East,2026-02-15
CUST000036,Ishaan,Das,ishaan.das36@example.com,South,2027-10-15
CUST000037,Sai,Joshi,sai.joshi37@example.com,West,2027-07-19
CUST000038,Aarav,Verma,aarav.verma38@example.com,North,2026-06-02
CUST000039,Vivaan,Chowdhury,vivaan.chowdhury39@example.com,East,2027-08-20
CUST000040,Arjun,Patel,arjun.patel40@example.com,South,2026-02-12
CUST000041,Kabir,Bhat,kabir.bhat41@example.com,North,2027-01-02
CUST000042,Ayaan,Kapoor,ayaan.kapoor42@example.com,North,2026-12-29
CUST000043,Riya,Mehta,riya.mehta43@example.com,South,2026-08-31
CUST000044,Sai,Bhat,sai.bhat44@example.com,West,2026-01-26
CUST000045,Ishaan,Das,ishaan.das45@example.com,West,2027-11-17
CUST000046,Ananya,Gupta,ananya.gupta46@example.com,North,2027-01-27
CUST000047,Anika,Reddy,anika.reddy47@example.com,South,2027-04-17
CUST000048,Diya,Chowdhury,diya.chowdhury48@example.com,South,2026-08-17
CUST000049,Reyansh,Patel,reyansh.patel49@example.com,East,2026-10-13
CUST000050,Ananya,Nair,ananya.nair50@example.com,Central,2027-02-14
CUST000051,Ishaan,Sharma,ishaan.sharma51@example.com,North,2026-09-25
CUST000052,Ananya,Sharma,ananya.sharma52@example.com,North,2027-09-03
CUST000053,Kabir,Joshi,kabir.joshi53@example.com,East,2027-03-23
CUST000054,Vihaan,Patel,,South,2026-09-18
CUST000055,Riya,Sharma,riya.sharma55@example.com,Central,2027-07-06
CUST000056,Kabir,Patel,kabir.patel56@example.com,North,2027-11-12
CUST000057,Ishaan,Kapoor,ishaan.kapoor57@example.com,North,2026-11-04
CUST000058,Diya,Kapoor,diya.kapoor58@example.com,West,2026-12-01
CUST000059,Diya,Rao,diya.rao59@example.com,South,2026-07-16
CUST000060,Priya,Kapoor,priya.kapoor60@example.com,South,2027-09-23
CUST000061,Diya,Patel,diya.patel61@example.com,Central,2026-01-01
CUST000062,Diya,Reddy,diya.reddy62@example.com,West,2027-08-17
CUST000063,Ishaan,Singh,ishaan.singh63@example.com,West,2027-03-29
CUST000064,Anika,Das,anika.das64@example.com,South,2027-11-06
CUST000065,Diya,Rao,diya.rao65@example.com,Central,2026-12-10
CUST000066,Ayaan,Kapoor,ayaan.kapoor66@example.com,East,2026-08-19
CUST000067,Arjun,Sharma,arjun.sharma67@example.com,North,2026-09-08
CUST000068,Aditya,Singh,aditya.singh68@example.com,West,2027-10-07
CUST000069,Reyansh,Joshi,reyansh.joshi69@example.com,West,2027-05-22
CUST000070,Ayaan,Gupta,ayaan.gupta70@example.com,North,2026-04-20
CUST000071,Ayaan,Gupta,ayaan.gupta71@example.com,Central,2027-04-21
CUST000072,Ayaan,Bhat,ayaan.bhat72@example.com,North,2027-04-13
CUST000073,Saanvi,Kapoor,saanvi.kapoor73@example.com,Central,2027-07-27
CUST000074,Ishaan,Das,ishaan.das74@example.com,West,2027-09-20
CUST000075,Riya,Chowdhury,riya.chowdhury75@example.com,Central,2027-04-02
CUST000076,Anika,Singh,anika.singh76@example.com,East,2026-09-11
CUST000077,Ananya,Das,ananya.das77@example.com,Central,2027-05-12
CUST000078,Ayaan,Iyer,ayaan.iyer78@example.com,West,2026-03-21
CUST000079,Ayaan,Iyer,ayaan.iyer79@example.com,East,2026-11-24
CUST000080,Aditya,Gupta,aditya.gupta80@example.com,South,2026-08-25
CUST000081,Arjun,Joshi,arjun.joshi81@example.com,South,2026-03-07
CUST000082,Riya,Nair,riya.nair82@example.com,Central,2027-04-23
CUST000083,Vivaan,Reddy,vivaan.reddy83@example.com,West,2027-02-03
CUST000084,Aarav,Chowdhury,aarav.chowdhury84@example.com,Central,2027-01-25
CUST000085,Aarav,Nair,aarav.nair85@example.com,East,2027-02-04
CUST000086,Ayaan,Singh,ayaan.singh86@example.com,South,2026-10-07
CUST000087,Anika,Sharma,anika.sharma87@example.com,West,2026-12-11
CUST000088,Sai,Chowdhury,sai.chowdhury88@example.com,West,2026-05-11
CUST000089,Aarav,Bhat,aarav.bhat89@example.com,West,2027-08-30
CUST000090,Aarav,Verma,aarav.verma90@example.com,West,2026-05-19
CUST000091,Sai,Sharma,sai.sharma91@example.com,East,2027-01-24
CUST000092,Reyansh,Singh,reyansh.singh92@example.com,East,2026-12-12
CUST000093,Ananya,Das,ananya.das93@example.com,West,2026-09-16
CUST000094,Anika,Sharma,anika.sharma94@example.com,Central,2026-02-23
CUST000095,Ayaan,Kapoor,ayaan.kapoor95@example.com,North,2027-10-30
CUST000096,Aarav,Reddy,aarav.reddy96@example.com,South,2026-01-21
CUST000097,Arjun,Reddy,arjun.reddy97@example.com,South,2027-04-30
CUST000098,Reyansh,Singh,reyansh.singh98@example.com,East,2027-01-13
CUST000099,Vihaan,Das,vihaan.das99@example.com,South,2026-11-15
CUST000100,Aarav,Bhat,aarav.bhat100@example.com,East,2027-08-13
CUST000101,Priya,Joshi,priya.joshi101@example.com,South,2026-03-19
CUST000102,Ayaan,Verma,ayaan.verma102@example.com,East,2027-12-02
CUST000103,Vihaan,Das,vihaan.das103@example.com,Central,2026-02-12
CUST000104,Riya,Kapoor,riya.kapoor104@example.com,East,2026-03-12
CUST000105,Ishaan,Sharma,ishaan.sharma105@example.com,West,2027-05-17
CUST000106,Riya,Nair,riya.nair106@example.com,West,2026-06-06
CUST000107,Sai,Joshi,,East,2027-09-23
CUST000108,Anika,Singh,anika.singh108@example.com,West,2027-08-30
CUST000109,Ishaan,Chowdhury,ishaan.chowdhury109@example.com,South,2026-03-30
CUST000110,Saanvi,Reddy,saanvi.reddy110@example.com,West,2027-08-07
CUST000111,Priya,Nair,priya.nair111@example.com,North,2027-05-22
CUST000112,Sai,Singh,sai.singh112@example.com,South,2026-12-30
CUST000113,Ishaan,Iyer,ishaan.iyer113@example.com,Central,2026-10-10
CUST000114,Aarav,Rao,aarav.rao114@example.com,South,2026-03-29
CUST000115,Riya,Singh,riya.singh115@example.com,Central,2026-09-04
CUST000116,Anika,Singh,anika.singh116@example.com,North,2026-04-06
CUST000117,Ayaan,Patel,ayaan.patel117@example.com,South,2026-11-10
CUST000118,Kabir,Singh,,Central,2026-12-19
CUST000119,Ishaan,Nair,ishaan.nair119@example.com,West,2026-10-05
CUST000120,Ananya,Reddy,ananya.reddy120@example.com,North,2026-07-17
CUST000121,Vihaan,Joshi,vihaan.joshi121@example.com,Central,2026-07-09
CUST000122,Reyansh,Joshi,reyansh.joshi122@example.com,West,2026-10-11
CUST000123,Diya,Verma,diya.verma123@example.com,South,2026-10-31
CUST000124,Kabir,Gupta,kabir.gupta124@example.com,East,2026-01-15
CUST000125,Arjun,Iyer,arjun.iyer125@example.com,North,2026-02-25
CUST000126,Diya,Joshi,diya.joshi126@example.com,South,2027-10-16
CUST000127,Vihaan,Chowdhury,vihaan.chowdhury127@example.com,North,2027-08-11
CUST000128,Anika,Singh,anika.singh128@example.com,West,2026-12-15
CUST000129,Vivaan,Iyer,vivaan.iyer129@example.com,West,2026-04-27
CUST000130,Priya,Singh,priya.singh130@example.com,North,2027-08-14
CUST000131,Vivaan,Gupta,vivaan.gupta131@example.com,South,2027-07-31
CUST000132,Aditya,Reddy,aditya.reddy132@example.com,North,2027-07-26
CUST000133,Ayaan,Das,ayaan.das133@example.com,Central,2027-01-25
CUST000134,Saanvi,Iyer,saanvi.iyer134@example.com,Central,2027-03-16
CUST000135,Vivaan,Mehta,vivaan.mehta135@example.com,North,2026-08-01
CUST000136,Reyansh,Iyer,reyansh.iyer136@example.com,North,2026-06-10
CUST000137,Sai,Rao,sai.rao137@example.com,North,2026-06-10
CUST000138,Riya,Singh,riya.singh138@example.com,Central,2027-04-27
CUST000139,Vivaan,Reddy,vivaan.reddy139@example.com,East,2026-10-17
CUST000140,Aditya,Kapoor,aditya.kapoor140@example.com,South,2026-09-28
CUST000141,Reyansh,Patel,reyansh.patel141@example.com,North,2027-07-12
CUST000142,Arjun,Bhat,arjun.bhat142@example.com,East,2026-05-26
CUST000143,Vivaan,Gupta,vivaan.gupta143@example.com,East,2027-09-02
CUST000144,Diya,Singh,diya.singh144@example.com,North,2027-04-25
CUST000145,Priya,Iyer,priya.iyer145@example.com,Central,2027-07-07
CUST000146,Saanvi,Verma,saanvi.verma146@example.com,Central,2026-02-10
CUST000147,Ishaan,Mehta,ishaan.mehta147@example.com,East,2026-01-27
CUST000148,Ayaan,Kapoor,ayaan.kapoor148@example.com,Central,2027-08-25
CUST000149,Ananya,Mehta,ananya.mehta149@example.com,North,2026-06-29
CUST000150,Saanvi,Bhat,saanvi.bhat150@example.com,East,2026-07-05
CUST000151,Riya,Kapoor,riya.kapoor151@example.com,West,2026-04-04
CUST000152,Kabir,Patel,kabir.patel152@example.com,East,2026-11-25
CUST000153,Sai,Nair,sai.nair153@example.com,West,2027-05-23
CUST000154,Priya,Chowdhury,priya.chowdhury154@example.com,Central,2026-02-07
CUST000155,Aditya,Nair,aditya.nair155@example.com,East,2026-11-28
CUST000156,Priya,Chowdhury,priya.chowdhury156@example.com,Central,2026-01-02
CUST000157,Saanvi,Patel,saanvi.patel157@example.com,North,2026-07-12
CUST000158,Kabir,Mehta,kabir.mehta158@example.com,West,2027-10-03
CUST000159,Vivaan,Reddy,vivaan.reddy159@example.com,East,2027-07-17
CUST000160,Diya,Singh,diya.singh160@example.com,West,2026-05-05
CUST000161,Ayaan,Joshi,ayaan.joshi161@example.com,South,2026-11-15
CUST000162,Aarav,Rao,aarav.rao162@example.com,West,2026-04-06
CUST000163,Vihaan,Singh,vihaan.singh163@example.com,North,2027-10-26
CUST000164,Anika,Bhat,anika.bhat164@example.com,East,2027-06-06
CUST000165,Riya,Chowdhury,riya.chowdhury165@example.com,West,2027-04-29
CUST000166,Saanvi,Rao,saanvi.rao166@example.com,South,2027-01-28
CUST000167,Arjun,Chowdhury,arjun.chowdhury167@example.com,North,2026-10-10
CUST000168,Ishaan,Bhat,ishaan.bhat168@example.com,Central,2026-10-01
CUST000169,Diya,Joshi,diya.joshi169@example.com,East,2027-08-25
CUST000170,Anika,Chowdhury,anika.chowdhury170@example.com,South,2027-04-03
CUST000171,Anika,Nair,anika.nair171@example.com,East,2027-07-20
CUST000172,Priya,Singh,priya.singh172@example.com,East,2026-07-13
CUST000173,Priya,Reddy,priya.reddy173@example.com,West,2026-02-14
CUST000174,Anika,Joshi,anika.joshi174@example.com,West,2027-01-31
CUST000175,Arjun,Singh,arjun.singh175@example.com,North,2026-05-10
CUST000176,Ishaan,Chowdhury,ishaan.chowdhury176@example.com,North,2027-03-27
CUST000177,Saanvi,Sharma,saanvi.sharma177@example.com,South,2027-02-24
CUST000178,Arjun,Verma,arjun.verma178@example.com,West,2026-09-29
CUST000179,Priya,Kapoor,priya.kapoor179@example.com,North,2026-12-03
CUST000180,Priya,Nair,priya.nair180@example.com,West,2027-07-09
CUST000181,Aditya,Reddy,aditya.reddy181@example.com,East,2026-08-21
CUST000182,Riya,Verma,riya.verma182@example.com,North,2027-03-31
CUST000183,Diya,Bhat,diya.bhat183@example.com,North,2026-02-17
CUST000184,Vivaan,Iyer,vivaan.iyer184@example.com,East,2027-01-19
CUST000185,Arjun,Reddy,arjun.reddy185@example.com,Central,2027-02-26
CUST000186,Sai,Gupta,sai.gupta186@example.com,South,2026-03-22
CUST000187,Priya,Mehta,priya.mehta187@example.com,South,2027-05-25
CUST000188,Arjun,Reddy,arjun.reddy188@example.com,West,2027-10-16
CUST000189,Saanvi,Iyer,saanviiyergmail.com,West,2026-10-22
CUST000190,Sai,Verma,sai.verma190@example.com,West,2026-12-20
CUST000191,Diya,Kapoor,diya.kapoor191@example.com,West,2026-09-14
CUST000192,Diya,Reddy,diya.reddy192@example.com,West,2027-05-10
CUST000193,Ayaan,Patel,ayaan.patel193@example.com,Central,2027-01-03
CUST000194,Diya,Joshi,diya.joshi194@example.com,East,2026-01-23
CUST000195,Priya,Iyer,priya.iyer195@example.com,North,2027-08-03
CUST000196,Anika,Chowdhury,anika.chowdhury196@example.com,East,2026-08-24
CUST000197,Kabir,Reddy,kabir.reddy197@example.com,South,2027-09-28
CUST000198,Arjun,Kapoor,arjun.kapoor198@example.com,North,2027-10-05
CUST000199,Vivaan,Iyer,vivaan.iyer199@example.com,West,2026-02-04
CUST000200,Kabir,Joshi,kabir.joshi200@example.com,South,2026-04-03
CUST000201,Ishaan,Joshi,ishaan.joshi201@example.com,West,2026-06-29
CUST000202,Arjun,Das,arjun.das202@example.com,Central,2027-01-10
CUST000203,Ananya,Chowdhury,ananya.chowdhury203@example.com,South,2026-09-21
CUST000204,Diya,Joshi,diya.joshi204@example.com,East,2026-04-28
CUST000205,Aditya,Gupta,aditya.gupta205@example.com,South,2027-11-24
CUST000206,Kabir,Verma,kabir.verma206@example.com,West,2026-01-15
CUST000207,Vihaan,Singh,vihaan.singh207@example.com,East,2027-11-20
CUST000208,Priya,Chowdhury,priya.chowdhury208@example.com,East,2026-04-21
CUST000209,Anika,Sharma,anika.sharma209@example.com,Central,2027-07-29
CUST000210,Ayaan,Kapoor,ayaan.kapoor210@example.com,North,2027-10-13
CUST000211,Diya,Kapoor,diya.kapoor211@example.com,West,2026-04-30
CUST000212,Vivaan,Sharma,vivaan.sharma212@example.com,East,2027-05-20
CUST000213,Vihaan,Reddy,vihaan.reddy213@example.com,Central,2026-05-19
CUST000214,Saanvi,Nair,saanvi.nair214@example.com,Central,2027-03-06
CUST000215,Arjun,Bhat,arjun.bhat215@example.com,West,2027-11-02
CUST000216,Anika,Mehta,anika.mehta216@example.com,West,2026-10-14
CUST000217,Kabir,Reddy,kabir.reddy217@example.com,West,2027-04-01
CUST000218,Kabir,Verma,kabir.verma218@example.com,East,2027-07-12
CUST000219,Kabir,Sharma,kabir.sharma219@example.com,West,2026-10-10
CUST000220,Vihaan,Chowdhury,vihaan.chowdhury220@example.com,West,2026-04-04
CUST000221,Aarav,Sharma,aarav.sharma221@example.com,East,2026-09-07
CUST000222,Reyansh,Verma,reyansh.verma222@example.com,Central,2026-08-01
CUST000223,Reyansh,Chowdhury,reyansh.chowdhury223@example.com,South,2026-12-03
CUST000224,Aarav,Iyer,aarav.iyer224@example.com,South,2026-05-14
CUST000225,Ananya,Das,ananya.das225@example.com,South,2026-04-23
CUST000226,Arjun,Sharma,arjun.sharma226@example.com,East,2026-09-01
CUST000227,Ishaan,Sharma,ishaan.sharma227@example.com,South,2026-09-29
CUST000228,Arjun,Joshi,arjun.joshi228@example.com,West,2027-06-23
CUST000229,Aditya,Singh,aditya.singh229@example.com,West,2027-01-06
CUST000230,Vihaan,Singh,vihaan.singh230@example.com,Central,2026-08-15
CUST000231,Vivaan,Joshi,vivaan.joshi231@example.com,Central,2026-11-05
CUST000232,Aarav,Sharma,aarav.sharma232@example.com,West,2027-02-16
CUST000233,Vihaan,Singh,vihaan.singh233@example.com,West,2026-03-17
CUST000234,Ishaan,Mehta,ishaan.mehta234@example.com,South,2026-03-09
CUST000235,Ananya,Mehta,ananya.mehta235@example.com,Central,2027-07-16
CUST000236,Priya,Mehta,priya.mehta236@example.com,Central,2026-10-29
CUST000237,Riya,Verma,riya.verma237@example.com,North,2027-11-02
CUST000238,Reyansh,Patel,reyansh.patel238@example.com,West,2026-08-22
CUST000239,Ishaan,Chowdhury,ishaan.chowdhury239@example.com,West,2027-02-13
CUST000240,Vihaan,Nair,vihaan.nair240@example.com,West,2026-11-17
CUST000241,Kabir,Gupta,kabir.gupta241@example.com,West,2026-03-10
CUST000242,Aditya,Verma,aditya.verma242@example.com,West,2026-04-09
CUST000243,Arjun,Rao,arjun.rao243@example.com,North,2027-08-24
CUST000244,Ishaan,Kapoor,ishaan.kapoor244@example.com,North,2027-02-25
CUST000245,Riya,Chowdhury,riya.chowdhury245@example.com,North,2026-10-22
CUST000246,Diya,Nair,diya.nair246@example.com,North,2027-08-15
CUST000247,Reyansh,Gupta,reyansh.gupta247@example.com,West,2026-08-18
CUST000248,Kabir,Chowdhury,kabir.chowdhury248@example.com,Central,2027-01-12
CUST000249,Ananya,Mehta,ananya.mehta249@example.com,South,2027-03-16
CUST000250,Aarav,Mehta,aarav.mehta250@example.com,East,2026-01-30
CUST000251,Ananya,Joshi,ananya.joshi251@example.com,East,2026-12-14
CUST000252,Aarav,Gupta,aarav.gupta252@example.com,South,2027-08-03
CUST000253,Priya,Verma,priya.verma253@example.com,South,2027-10-11
CUST000254,Aditya,Joshi,aditya.joshi254@example.com,Central,2026-08-09
CUST000255,Riya,Singh,riya.singh255@example.com,East,2026-06-11
CUST000256,Diya,Joshi,diya.joshi256@example.com,East,2027-08-05
CUST000257,Aditya,Bhat,aditya.bhat257@example.com,North,2026-06-09
CUST000258,Vivaan,Kapoor,vivaan.kapoor258@example.com,North,2026-10-06
CUST000259,Riya,Singh,riya.singh259@example.com,Central,2027-03-29
CUST000260,Ananya,Reddy,ananya.reddy260@example.com,Central,2026-04-27
CUST000261,Riya,Verma,riya.verma261@example.com,East,2027-11-26
CUST000262,Anika,Rao,anika.rao262@example.com,East,2026-02-16
CUST000263,Priya,Mehta,priya.mehta263@example.com,North,2026-01-08
CUST000264,Diya,Reddy,diya.reddy264@example.com,South,2026-09-19
CUST000265,Ishaan,Verma,ishaan.verma265@example.com,North,2027-05-25
CUST000266,Sai,Gupta,sai.gupta266@example.com,West,2027-06-30
CUST000267,Kabir,Verma,kabir.verma267@example.com,West,2026-02-13
CUST000268,Aarav,Singh,aarav.singh268@example.com,North,2026-11-17
CUST000269,Riya,Mehta,riya.mehta269@example.com,West,2027-10-18
CUST000270,Diya,Verma,diya.verma270@example.com,West,2026-01-22
CUST000271,Sai,Das,sai.das271@example.com,Central,2027-04-17
CUST000272,Aditya,Patel,aditya.patel272@example.com,North,2026-09-07
CUST000273,Priya,Rao,priya.rao273@example.com,North,2027-02-10
CUST000274,Ishaan,Reddy,ishaan.reddy274@example.com,East,2026-06-22
CUST000275,Vihaan,Rao,vihaan.rao275@example.com,Central,2026-07-18
CUST000276,Kabir,Joshi,kabir.joshi276@example.com,South,2026-08-30
CUST000277,Arjun,Iyer,arjun.iyer277@example.com,South,2026-06-27
CUST000278,Arjun,Das,arjun.das278@example.com,North,2026-07-01
CUST000279,Anika,Singh,anika.singh279@example.com,Central,2027-08-17
CUST000280,Ishaan,Chowdhury,ishaan.chowdhury280@example.com,East,2026-06-04
CUST000281,Aditya,Singh,aditya.singh281@example.com,West,2027-10-09
CUST000282,Ananya,Mehta,ananya.mehta282@example.com,North,2026-12-27
CUST000283,Aditya,Iyer,aditya.iyer283@example.com,West,2027-04-08
CUST000284,Vivaan,Nair,vivaan.nair284@example.com,East,2026-03-20
CUST000285,Aditya,Mehta,aditya.mehta285@example.com,Central,2027-06-04
CUST000286,Saanvi,Mehta,saanvi.mehta286@example.com,Central,2026-02-12
CUST000287,Reyansh,Nair,reyansh.nair287@example.com,Central,2027-05-03
CUST000288,Arjun,Sharma,arjun.sharma288@example.com,West,2026-04-16
CUST000289,Aditya,Rao,aditya.rao289@example.com,South,2026-02-10
CUST000290,Saanvi,Singh,saanvi.singh290@example.com,Central,2027-06-20
CUST000291,Sai,Nair,sai.nair291@example.com,East,2026-10-17
CUST000292,Riya,Das,riya.das292@example.com,East,2027-11-27
CUST000293,Vivaan,Das,vivaan.das293@example.com,East,2026-03-09
CUST000294,Vihaan,Rao,vihaan.rao294@example.com,West,2026-10-18
CUST000295,Arjun,Nair,arjun.nair295@example.com,North,2027-08-20
CUST000296,Kabir,Iyer,kabir.iyer296@example.com,West,2026-05-13
CUST000297,Aditya,Iyer,aditya.iyer297@example.com,Central,2027-01-21
CUST000298,Ishaan,Chowdhury,ishaan.chowdhury298@example.com,South,2027-11-18
CUST000299,Aditya,Kapoor,aditya.kapoor299@example.com,West,2027-06-05
CUST000300,Aarav,Nair,aarav.nair300@example.com,East,2026-07-04
CUST000301,Ishaan,Das,ishaan.das301@example.com,West,2026-07-16
CUST000302,Arjun,Gupta,arjun.gupta302@example.com,North,2026-10-30
CUST000303,Vivaan,Kapoor,vivaan.kapoor303@example.com,East,2027-09-25
CUST000304,Priya,Gupta,priya.gupta304@example.com,South,2026-07-05
CUST000305,Sai,Joshi,sai.joshi305@example.com,West,2026-02-14
CUST000306,Kabir,Kapoor,kabir.kapoor306@example.com,South,2027-03-31
CUST000307,Diya,Das,diya.das307@example.com,West,2026-08-28
CUST000308,Ayaan,Iyer,ayaan.iyer308@example.com,West,2026-07-18
CUST000309,Saanvi,Singh,saanvi.singh309@example.com,East,2027-01-27
CUST000310,Riya,Gupta,riya.gupta310@example.com,South,2027-09-12
CUST000311,Ananya,Sharma,ananya.sharma311@example.com,West,2027-01-16
CUST000312,Vihaan,Joshi,vihaan.joshi312@example.com,Central,2026-05-08
CUST000313,Aditya,Das,aditya.das313@example.com,South,2026-10-07
CUST000314,Arjun,Chowdhury,arjun.chowdhury314@example.com,West,2026-04-04
CUST000315,Saanvi,Bhat,saanvi.bhat315@example.com,East,2026-01-28
CUST000316,Vivaan,Patel,vivaan.patel316@example.com,Central,2027-01-18
CUST000317,Priya,Verma,priya.verma317@example.com,East,2026-08-18
CUST000318,Ishaan,Bhat,ishaan.bhat318@example.com,North,2027-10-28
CUST000319,Arjun,Gupta,arjun.gupta319@example.com,North,2026-10-21
CUST000320,Arjun,Das,  arjun@mail.com,West,2027-09-23
CUST000321,Aditya,Sharma,aditya.sharma321@example.com,East,2026-08-09
CUST000322,Riya,Verma,riya.verma322@example.com,East,2026-09-01
CUST000323,Vihaan,Sharma,vihaan.sharma323@example.com,South,2027-03-06
CUST000324,Saanvi,Verma,saanvi.verma324@example.com,North,2027-05-27
CUST000325,Aarav,Kapoor,aarav.kapoor325@example.com,Central,2027-08-12
CUST000326,Arjun,Iyer,arjun.iyer326@example.com,West,2026-01-02
CUST000327,Kabir,Reddy,kabir.reddy327@example.com,Central,2027-03-03
CUST000328,Aditya,Rao,aditya.rao328@example.com,East,2026-03-11
CUST000329,Aarav,Patel,aarav.patel329@example.com,West,2026-02-14
CUST000330,Priya,Nair,priya.nair330@example.com,East,2026-01-17
CUST000331,Aditya,Nair,aditya.nair331@example.com,South,2027-11-04
CUST000332,Vihaan,Das,vihaan.das332@example.com,Central,2026-12-07
CUST000333,Vivaan,Nair,vivaan.nair333@example.com,Central,2026-12-13
CUST000334,Sai,Chowdhury,sai.chowdhury334@example.com,West,2027-05-06
CUST000335,Sai,Das,sai.das335@example.com,South,2026-03-06
CUST000336,Vivaan,Iyer,vivaan.iyer336@example.com,South,2026-02-14
CUST000337,Vivaan,Nair,vivaan.nair337@example.com,East,2027-06-12
CUST000338,Anika,Iyer,anika.iyer338@example.com,North,2027-10-25
CUST000339,Diya,Nair,diya.nair339@example.com,North,2027-11-03
CUST000340,Ananya,Verma,ananya.verma340@example.com,East,2027-03-24
CUST000341,Saanvi,Bhat,saanvi.bhat341@example.com,West,2026-12-14
CUST000342,Anika,Joshi,anika.joshi342@example.com,West,2027-01-12
CUST000343,Ananya,Das,ananya.das343@example.com,North,2027-03-11
CUST000344,Riya,Mehta,riya.mehta344@example.com,South,2027-07-13
CUST000345,Ishaan,Verma,ishaanvermagmail.com,East,2027-11-08
CUST000346,Diya,Singh,diya.singh346@example.com,Central,2027-03-13
CUST000347,Saanvi,Nair,saanvi.nair347@example.com,West,2026-02-13
CUST000348,Riya,Iyer,riya.iyer348@example.com,North,2026-03-18
CUST000349,Priya,Nair,priya.nair349@example.com,Central,2027-11-27
CUST000350,Aarav,Gupta,aarav.gupta350@example.com,Central,2027-11-26
CUST000351,Vivaan,Gupta,vivaan.gupta351@example.com,North,2026-08-30
CUST000352,Kabir,Nair,kabir.nair352@example.com,West,2027-08-04
CUST000353,Arjun,Kapoor,arjun.kapoor353@example.com,West,2027-01-15
CUST000354,Saanvi,Das,saanvi.das354@example.com,North,2027-08-11
CUST000355,Kabir,Patel,kabir.patel355@example.com,East,2027-10-28
CUST000356,Ayaan,Verma,ayaan.verma356@example.com,North,2026-07-10
CUST000357,Priya,Bhat,priya.bhat357@example.com,Central,2026-05-01
CUST000358,Ananya,Joshi,ananya.joshi358@example.com,West,2026-08-08
CUST000359,Diya,Joshi,diya.joshi359@example.com,West,2026-07-24
CUST000360,Arjun,Chowdhury,arjun.chowdhury360@example.com,North,2027-04-08
CUST000361,Saanvi,Verma,saanvi.verma361@example.com,East,2027-11-15
CUST000362,Aditya,Rao,aditya.rao362@example.com,Central,2026-10-25
CUST000363,Sai,Joshi,sai.joshi363@example.com,South,2027-01-06
CUST000364,Ayaan,Verma,ayaan.verma364@example.com,South,2026-05-23
CUST000365,Anika,Sharma,anika.sharma365@example.com,East,2027-07-22
CUST000366,Kabir,Singh,kabir.singh366@example.com,Central,2026-05-13
CUST000367,Aditya,Verma,aditya.verma367@example.com,East,2027-02-12
CUST000368,Riya,Das,riya.das368@example.com,West,2027-08-12
CUST000369,Arjun,Nair,arjun.nair369@example.com,North,2027-04-06
CUST000370,Kabir,Gupta,kabir.gupta370@example.com,Central,2027-10-18
CUST000371,Sai,Das,sai.das371@example.com,South,2027-03-20
CUST000372,Vivaan,Chowdhury,vivaan.chowdhury372@example.com,North,2027-06-15
CUST000373,Diya,Gupta,diya.gupta373@example.com,South,2026-11-27
CUST000374,Kabir,Rao,kabir.rao374@example.com,East,2026-03-22
CUST000375,Reyansh,Kapoor,reyansh.kapoor375@example.com,Central,2026-10-09
CUST000376,Diya,Mehta,diya.mehta376@example.com,Central,2026-04-06
CUST000377,Sai,Mehta,sai.mehta377@example.com,Central,2026-06-07
CUST000378,Ishaan,Chowdhury,ishaan.chowdhury378@example.com,Central,2026-02-12
CUST000379,Aditya,Sharma,aditya.sharma379@example.com,Central,2026-09-29
CUST000380,Reyansh,Das,reyansh.das380@example.com,Central,2027-03-03
CUST000381,Aarav,Singh,aarav.singh381@example.com,Central,2026-10-24
CUST000382,Diya,Singh,diya.singh382@example.com,South,2027-02-20
CUST000383,Saanvi,Verma,saanvi.verma383@example.com,North,2026-06-11
CUST000384,Riya,Singh,riya.singh384@example.com,West,2026-07-28
CUST000385,Arjun,Nair,arjun.nair385@example.com,East,2026-12-20
CUST000386,Arjun,Das,arjun.das386@example.com,East,2027-06-12
CUST000387,Vihaan,Nair,vihaan.nair387@example.com,South,2027-04-23
CUST000388,Ananya,Singh,ananya.singh388@example.com,South,2026-05-25
CUST000389,Vivaan,Iyer,vivaan.iyer389@example.com,West,2027-09-23
CUST000390,Ayaan,Chowdhury,ayaan.chowdhury390@example.com,South,2026-12-02
CUST000391,Ishaan,Reddy,ishaan.reddy391@example.com,South,2027-05-26
CUST000392,Saanvi,Singh,saanvi.singh392@example.com,East,2027-05-25
CUST000393,Aditya,Patel,aditya.patel393@example.com,Central,2027-04-14
CUST000394,Reyansh,Mehta,reyansh.mehta394@example.com,East,2026-02-19
CUST000395,Diya,Singh,diya.singh395@example.com,Central,2027-11-01
CUST000396,Diya,Rao,diya.rao396@example.com,North,2026-04-21
CUST000397,Arjun,Bhat,arjun.bhat397@example.com,East,2027-01-10
CUST000398,Kabir,Sharma,kabir.sharma398@example.com,West,2026-02-22
CUST000399,Reyansh,Nair,reyansh.nair399@example.com,Central,2026-10-23
CUST000400,Priya,Rao,priya.rao400@example.com,West,2027-07-18
CUST000401,Vihaan,Gupta,vihaan.gupta401@example.com,North,2027-02-08
CUST000402,Ishaan,Rao,ishaan.rao402@example.com,East,2026-05-28
CUST000403,Priya,Rao,priya.rao403@example.com,North,2026-02-16
CUST000404,Arjun,Joshi,arjun.joshi404@example.com,East,2027-05-01
CUST000405,Saanvi,Gupta,saanvi.gupta405@example.com,Central,2027-06-12
CUST000406,Ishaan,Bhat,ishaan.bhat406@example.com,Central,2026-11-23
CUST000407,Priya,Mehta,priya.mehta407@example.com,East,2027-08-31
CUST000408,Anika,Joshi,anika.joshi408@example.com,Central,2026-11-03
CUST000409,Aarav,Nair,aarav.nair409@example.com,East,2027-11-21
CUST000410,Riya,Mehta,riyamehta.com,North,2027-09-04
CUST000411,Ananya,Kapoor,ananya.kapoor411@example.com,Central,2027-08-15
CUST000412,Vivaan,Mehta,vivaan.mehta412@example.com,West,2026-06-24
CUST000413,Priya,Gupta,priya.gupta413@example.com,South,2026-02-02
CUST000414,Vihaan,Reddy,vihaan.reddy414@example.com,North,2027-03-28
CUST000415,Riya,Gupta,riya.gupta415@example.com,West,2026-07-28
CUST000416,Anika,Chowdhury,anika.chowdhury416@example.com,North,2026-05-22
CUST000417,Reyansh,Rao,reyansh.rao417@example.com,East,2027-11-10
CUST000418,Priya,Nair,priya.nair418@example.com,South,2027-04-16
CUST000419,Ishaan,Rao,ishaan.rao419@example.com,East,2027-11-24
CUST000420,Ananya,Mehta,ananya.mehta420@example.com,West,2026-07-16
CUST000421,Ananya,Rao,ananya.rao421@example.com,East,2026-08-19
CUST000422,Diya,Joshi,diya.joshi422@example.com,South,2027-05-16
CUST000423,Anika,Nair,anika.nair423@example.com,Central,2026-10-08
CUST000424,Vihaan,Mehta,vihaan.mehta424@example.com,Central,2027-01-24
CUST000425,Kabir,Das,kabir.das425@example.com,South,2026-10-25
CUST000426,Diya,Joshi,diya.joshi426@example.com,North,2026-12-21
CUST000427,Ananya,Joshi,ananya.joshi427@example.com,West,2026-08-08
CUST000428,Ananya,Bhat,ananya.bhat428@example.com,Central,2026-10-06
CUST000429,Vihaan,Mehta,vihaan.mehta429@example.com,Central,2026-09-03
CUST000430,Vivaan,Kapoor,vivaan.kapoor430@example.com,Central,2026-08-20
CUST000431,Ayaan,Sharma,ayaan.sharma431@example.com,North,2027-02-28
CUST000432,Anika,Verma,anika.verma432@example.com,South,2026-01-06
CUST000433,Sai,Patel,sai.patel433@example.com,West,2027-05-04
CUST000434,Reyansh,Das,reyansh.das434@example.com,East,2026-11-25
CUST000435,Vivaan,Bhat,vivaanbhatgmail.com,Central,2026-08-26
CUST000436,Vivaan,Bhat,vivaan.bhat436@example.com,South,2027-03-04
CUST000437,Vivaan,Chowdhury,vivaan.chowdhury437@example.com,West,2027-05-23
CUST000438,Diya,Bhat,diya.bhat438@example.com,North,2026-01-10
CUST000439,Vihaan,Bhat,vihaan.bhat439@example.com,East,2026-10-19
CUST000440,Anika,Bhat,anika.bhat440@example.com,South,2027-06-01
CUST000441,Ananya,Reddy,ananya.reddy441@example.com,North,2026-12-05
CUST000442,Saanvi,Kapoor,saanvi.kapoor442@example.com,East,2026-07-10
CUST000443,Ishaan,Das,ishaan.das443@example.com,East,2027-08-05
CUST000444,Sai,Mehta,sai.mehta444@example.com,West,2027-03-14
CUST000445,Ishaan,Verma,ishaan.verma445@example.com,West,2027-11-17
CUST000446,Sai,Gupta,sai.gupta446@example.com,West,2026-11-28
CUST000447,Aarav,Iyer,aarav.iyer447@example.com,West,2026-08-30
CUST000448,Ananya,Nair,ananya.nair448@example.com,East,2027-08-20
CUST000449,Aarav,Iyer,aarav.iyer449@example.com,East,2026-08-30
CUST000450,Vihaan,Singh,vihaan.singh450@example.com,East,2026-06-13
CUST000451,Diya,Joshi,diya.joshi451@example.com,North,2027-10-17
CUST000452,Kabir,Mehta,kabir.mehta452@example.com,South,2026-08-13
CUST000453,Anika,Gupta,anika.gupta453@example.com,West,2027-09-13
CUST000454,Riya,Joshi,riya.joshi454@example.com,Central,2027-04-28
CUST000455,Reyansh,Das,reyansh.das455@example.com,South,2027-11-28
CUST000456,Aditya,Rao,aditya.rao456@example.com,West,2027-06-25
CUST000457,Aditya,Bhat,aditya.bhat457@example.com,Central,2026-04-25
CUST000458,Reyansh,Mehta,reyansh.mehta458@example.com,Central,2026-06-03
CUST000459,Ishaan,Chowdhury,ishaan.chowdhury459@example.com,Central,2027-03-29
CUST000460,Reyansh,Joshi,reyansh.joshi460@example.com,Central,2027-05-16
CUST000461,Saanvi,Das,saanvi.das461@example.com,North,2027-04-10
CUST000462,Riya,Singh,riya.singh462@example.com,Central,2026-03-01
CUST000463,Saanvi,Kapoor,saanvi.kapoor463@example.com,East,2026-01-23
CUST000464,Ananya,Chowdhury,ananya.chowdhury464@example.com,North,2026-08-12
CUST000465,Aditya,Sharma,aditya.sharma465@example.com,West,2026-12-19
CUST000466,Vivaan,Bhat,vivaan.bhat466@example.com,North,2027-04-29
CUST000467,Diya,Patel,diya.patel467@example.com,South,2026-05-19
CUST000468,Riya,Nair,riya.nair468@example.com,West,2027-04-05
CUST000469,Priya,Verma,priya.verma469@example.com,Central,2026-05-17
CUST000470,Kabir,Verma,kabir.verma470@example.com,South,2027-07-05
CUST000471,Arjun,Joshi,arjun.joshi471@example.com,South,2026-01-04
CUST000472,Diya,Singh,diya.singh472@example.com,Central,2027-03-11
CUST000473,Priya,Chowdhury,priya.chowdhury473@example.com,South,2026-09-11
CUST000474,Kabir,Gupta,kabir.gupta474@example.com,East,2026-07-13
CUST000475,Vivaan,Das,vivaan.das475@example.com,West,2027-09-22
CUST000476,Ayaan,Reddy,ayaan.reddy476@example.com,North,2026-04-14
CUST000477,Vivaan,Singh,vivaan.singh477@example.com,Central,2027-11-20
CUST000478,Ayaan,Joshi,ayaan.joshi478@example.com,North,2027-02-16
CUST000479,Ayaan,Rao,ayaan.rao479@example.com,South,2026-02-27
CUST000480,Diya,Reddy,diya.reddy480@example.com,Central,2026-11-23
CUST000481,Ishaan,Reddy,ishaan.reddy481@example.com,East,2026-05-27
CUST000482,Ayaan,Patel,ayaan.patel482@example.com,East,2026-10-09
CUST000483,Sai,Kapoor,sai.kapoor483@example.com,West,2027-07-24
CUST000484,Vivaan,Nair,vivaan.nair484@example.com,West,2027-06-22
CUST000485,Riya,Patel,riya.patel485@example.com,South,2026-11-04
CUST000486,Sai,Das,sai.das486@example.com,Central,2027-04-30
CUST000487,Ayaan,Iyer,ayaan.iyer487@example.com,South,2027-04-20
CUST000488,Riya,Patel,riya.patel488@example.com,Central,2027-06-27
CUST000489,Priya,Reddy,priyareddy.com,South,2026-12-05
CUST000490,Aditya,Bhat,aditya.bhat490@example.com,West,2027-01-15
CUST000491,Reyansh,Sharma,reyansh.sharma491@example.com,East,2027-01-22
CUST000492,Vivaan,Chowdhury,vivaan.chowdhury492@example.com,North,2026-07-12
CUST000493,Reyansh,Singh,reyansh.singh493@example.com,South,2026-12-07
CUST000494,Aarav,Reddy,aarav.reddy494@example.com,South,2026-05-01
CUST000495,Ayaan,Joshi,ayaan.joshi495@example.com,Central,2026-07-29
CUST000496,Ayaan,Rao,ayaan.rao496@example.com,East,2026-10-17
CUST000497,Saanvi,Rao,saanvi.rao497@example.com,East,2026-11-12
CUST000498,Kabir,Rao,kabir.rao498@example.com,West,2027-04-23
CUST000499,Anika,Das,anika.das499@example.com,East,2026-07-28
CUST000500,Ishaan,Patel,ishaan.patel500@example.com,North,2027-07-31
CUST000501,Arjun,Sharma,arjun.sharma501@example.com,East,2027-07-21
CUST000502,Riya,Iyer,riya.iyer502@example.com,South,2026-07-20
CUST000503,Ayaan,Patel,ayaan.patel503@example.com,Central,2026-09-09
CUST000504,Ishaan,Iyer,ishaan.iyer504@example.com,West,2027-10-20
CUST000505,Saanvi,Gupta,saanvi.gupta505@example.com,East,2026-06-23
CUST000506,Anika,Gupta,anika.gupta506@example.com,Central,2027-10-20
CUST000507,Vivaan,Chowdhury,vivaan.chowdhury507@example.com,North,2027-11-16
CUST000508,Aarav,Patel,aarav.patel508@example.com,South,2027-10-08
CUST000509,Aditya,Joshi,aditya.joshi509@example.com,South,2026-01-10
CUST000510,Saanvi,Nair,saanvi.nair510@example.com,North,2027-09-25
CUST000511,Anika,Kapoor,anika.kapoor511@example.com,West,2026-01-17
CUST000512,Riya,Sharma,riya.sharma512@example.com,North,2027-06-27
CUST000513,Diya,Sharma,diya.sharma513@example.com,Central,2027-11-22
CUST000514,Sai,Verma,sai.verma514@example.com,North,2027-06-21
CUST000515,Ayaan,Reddy,ayaan.reddy515@example.com,Central,2027-06-24
CUST000516,Kabir,Iyer,kabir.iyer516@example.com,West,2026-03-22
CUST000517,Priya,Singh,priya.singh517@example.com,Central,2026-09-07
CUST000518,Diya,Kapoor,diya.kapoor518@example.com,North,2027-11-01
CUST000519,Vivaan,Verma,vivaan.verma519@example.com,West,2027-01-24
CUST000520,Anika,Sharma,anika.sharma520@example.com,North,2026-06-25
CUST000521,Anika,Chowdhury,  anika@mail.com,East,2027-08-03
CUST000522,Vivaan,Reddy,vivaan.reddy522@example.com,South,2027-08-04
CUST000523,Ananya,Sharma,ananya.sharma523@example.com,North,2027-12-02
CUST000524,Vivaan,Gupta,vivaan.gupta524@example.com,East,2026-01-17
CUST000525,Arjun,Das,arjun.das525@example.com,West,2026-03-20
CUST000526,Sai,Mehta,sai.mehta@@mail,Central,2027-02-03
CUST000527,Ishaan,Patel,ishaan.patel527@example.com,South,2026-03-22
CUST000528,Kabir,Sharma,kabir.sharma528@example.com,North,2027-03-24
CUST000529,Aditya,Nair,aditya.nair529@example.com,Central,2027-09-21
CUST000530,Priya,Das,priya.das530@example.com,East,2026-01-31
CUST000531,Ananya,Das,ananya.das531@example.com,West,2027-05-18
CUST000532,Kabir,Rao,kabir.rao532@example.com,West,2027-03-19
CUST000533,Priya,Verma,priya.verma533@example.com,Central,2026-10-30
CUST000534,Aditya,Verma,aditya.verma534@example.com,East,2026-06-07
CUST000535,Arjun,Joshi,arjun.joshi535@example.com,West,2026-11-21
CUST000536,Vihaan,Verma,vihaan.verma536@example.com,North,2026-11-12
CUST000537,Kabir,Das,kabir.das537@example.com,East,2026-04-15
CUST000538,Aditya,Gupta,aditya.gupta538@example.com,West,2027-04-05
CUST000539,Riya,Verma,riya.verma539@example.com,North,2026-04-02
CUST000540,Aditya,Mehta,aditya.mehta540@example.com,Central,2026-11-29
CUST000541,Aarav,Iyer,aarav.iyer541@example.com,West,2027-02-02
CUST000542,Ayaan,Mehta,ayaan.mehta542@example.com,Central,2026-06-23
CUST000543,Sai,Gupta,sai.gupta543@example.com,East,2026-11-05
CUST000544,Anika,Gupta,anika.gupta544@example.com,North,2026-06-21
CUST000545,Ananya,Patel,ananya.patel545@example.com,East,2027-05-11
CUST000546,Kabir,Iyer,kabir.iyer546@example.com,South,2027-10-03
CUST000547,Reyansh,Singh,reyansh.singh547@example.com,North,2026-05-19
CUST000548,Aarav,Patel,aarav.patel548@example.com,East,2027-09-28
CUST000549,Ishaan,Singh,ishaan.singh549@example.com,East,2027-03-17
CUST000550,Arjun,Iyer,arjun.iyer550@example.com,East,2027-09-10
CUST000551,Anika,Nair,anika.nair551@example.com,South,2027-02-12
CUST000552,Diya,Joshi,diya.joshi552@example.com,West,2027-08-13
CUST000553,Ishaan,Patel,ishaan.patel553@example.com,East,2027-02-07
CUST000554,Vihaan,Bhat,vihaan.bhat554@example.com,Central,2026-07-24
CUST000555,Sai,Kapoor,sai.kapoor555@example.com,Central,2026-01-28
CUST000556,Reyansh,Singh,reyansh.singh556@example.com,East,2026-03-12
CUST000557,Anika,Gupta,anika.gupta557@example.com,East,2026-09-05
CUST000558,Arjun,Joshi,arjun.joshi558@example.com,West,2027-01-22
CUST000559,Saanvi,Mehta,saanvi.mehta559@example.com,West,2027-08-20
CUST000560,Riya,Rao,riya.rao560@example.com,North,2027-01-04
CUST000561,Aditya,Verma,aditya.verma561@example.com,South,2027-11-05
CUST000562,Sai,Kapoor,sai.kapoor562@example.com,Central,2026-02-15
CUST000563,Priya,Das,priya.das563@example.com,East,2027-03-17
CUST000564,Aarav,Verma,aarav.verma564@example.com,East,2026-08-16
CUST000565,Ayaan,Singh,ayaan.singh565@example.com,East,2027-02-05
CUST000566,Arjun,Nair,arjun.nair566@example.com,North,2027-05-10
CUST000567,Diya,Patel,diya.patel567@example.com,North,2026-04-29
CUST000568,Kabir,Iyer,kabir.iyer568@example.com,East,2027-04-12
CUST000569,Anika,Nair,anika.nair569@example.com,West,2026-04-10
CUST000570,Saanvi,Nair,saanvi.nair570@example.com,North,2026-11-04
CUST000571,Vihaan,Sharma,vihaan.sharma571@example.com,East,2027-10-26
CUST000572,Sai,Bhat,sai.bhat572@example.com,South,2027-06-13
CUST000573,Sai,Nair,sai.nair573@example.com,Central,2027-03-13
CUST000574,Ayaan,Das,ayaan.das574@example.com,West,2027-10-07
CUST000575,Sai,Kapoor,sai.kapoor575@example.com,West,2027-02-10
CUST000576,Reyansh,Singh,reyansh.singh576@example.com,Central,2027-03-16
CUST000577,Aarav,Joshi,aarav.joshi577@example.com,South,2026-07-30
CUST000578,Aditya,Mehta,aditya.mehta578@example.com,North,2027-07-04
CUST000579,Kabir,Nair,kabir.nair579@example.com,South,2027-04-14
CUST000580,Ananya,Kapoor,ananya.kapoor580@example.com,West,2027-06-25
CUST000581,Ishaan,Mehta,ishaan.mehta581@example.com,West,2027-09-18
CUST000582,Vihaan,Nair,vihaan.nair582@example.com,East,2027-04-14
CUST000583,Sai,Chowdhury,sai.chowdhury583@example.com,East,2027-09-22
CUST000584,Aditya,Kapoor,aditya.kapoor584@example.com,South,2026-11-17
CUST000585,Ayaan,Iyer,ayaan.iyer585@example.com,North,2026-07-07
CUST000586,Arjun,Rao,arjun.rao586@example.com,West,2027-03-05
CUST000587,Arjun,Mehta,arjun.mehta587@example.com,West,2027-03-10
CUST000588,Anika,Kapoor,anika.kapoor588@example.com,Central,2027-10-23
CUST000589,Sai,Singh,sai.singh589@example.com,East,2026-05-24
CUST000590,Ishaan,Chowdhury,ishaan.chowdhury590@example.com,West,2027-09-27
CUST000591,Kabir,Sharma,kabir.sharma591@example.com,West,2026-05-20
CUST000592,Priya,Rao,priya.rao592@example.com,Central,2027-10-31
CUST000593,Riya,Kapoor,riya.kapoor593@example.com,West,2027-03-02
CUST000594,Anika,Gupta,anika.gupta594@example.com,North,2027-08-02
CUST000595,Ayaan,Iyer,ayaan.iyer595@example.com,North,2026-10-09
CUST000596,Diya,Gupta,diya.gupta596@example.com,West,2027-08-03
CUST000597,Vihaan,Mehta,vihaan.mehta597@example.com,North,2026-10-02
CUST000598,Kabir,Rao,kabir.rao598@example.com,North,2027-03-28
CUST000599,Reyansh,Patel,reyansh.patel599@example.com,North,2027-11-01
CUST000600,Diya,Chowdhury,diya.chowdhury600@example.com,North,2027-04-06
CUST000601,Kabir,Chowdhury,kabir.chowdhury601@example.com,North,2027-03-26
CUST000602,Ayaan,Reddy,ayaan.reddy602@example.com,Central,2026-12-26
CUST000603,Riya,Gupta,riya.gupta603@example.com,Central,2026-05-23
CUST000604,Reyansh,Das,reyansh.das604@example.com,North,2027-08-07
CUST000605,Ananya,Mehta,ananya.mehta605@example.com,Central,2026-06-22
CUST000606,Diya,Iyer,diya.iyer606@example.com,Central,2026-10-01
CUST000607,Vihaan,Gupta,vihaan.gupta607@example.com,West,2026-03-02
CUST000608,Arjun,Joshi,arjun.joshi608@example.com,South,2026-09-13
CUST000609,Ishaan,Chowdhury,ishaan.chowdhury609@example.com,South,2027-11-24
CUST000610,Anika,Gupta,anika.gupta610@example.com,Central,2027-10-10
CUST000611,Riya,Patel,riya.patel611@example.com,West,2026-03-19
CUST000612,Aditya,Patel,aditya.patel612@example.com,Central,2026-10-12
CUST000613,Saanvi,Singh,saanvi.singh613@example.com,East,2027-08-19
CUST000614,Aditya,Joshi,aditya.joshi614@example.com,West,2027-10-13
CUST000615,Aditya,Das,aditya.das615@example.com,Central,2027-02-12
CUST000616,Riya,Chowdhury,riya.chowdhury616@example.com,South,2027-05-22
CUST000617,Ishaan,Chowdhury,ishaan.chowdhury617@example.com,East,2026-12-12
CUST000618,Arjun,Mehta,arjun.mehta618@example.com,West,2026-12-18
CUST000619,Vivaan,Verma,vivaan.verma619@example.com,West,2026-01-17
CUST000620,Sai,Singh,sai.singh620@example.com,West,2026-01-01
CUST000621,Reyansh,Joshi,reyansh.joshi621@example.com,South,2027-10-28
CUST000622,Sai,Chowdhury,sai.chowdhury622@example.com,East,2026-04-06
CUST000623,Kabir,Iyer,kabir.iyer623@example.com,North,2027-01-16
CUST000624,Sai,Sharma,sai.sharma624@example.com,West,2027-10-03
CUST000625,Ayaan,Patel,ayaan.patel625@example.com,North,2026-04-08
CUST000626,Reyansh,Singh,reyansh.singh626@example.com,North,2026-05-16
CUST000627,Ayaan,Rao,ayaan.rao627@example.com,West,2026-01-10
CUST000628,Ishaan,Chowdhury,ishaan.chowdhury628@example.com,North,2027-03-09
CUST000629,Anika,Verma,anika.verma629@example.com,South,2027-01-28
CUST000630,Vihaan,Verma,vihaan.verma630@example.com,East,2027-01-12
CUST000631,Arjun,Patel,arjun.patel631@example.com,South,2027-10-19
CUST000632,Aditya,Rao,aditya.rao632@example.com,Central,2026-01-09
CUST000633,Sai,Singh,sai.singh633@example.com,East,2026-08-07
CUST000634,Arjun,Bhat,arjun.bhat634@example.com,West,2027-09-23
CUST000635,Reyansh,Verma,reyansh.verma635@example.com,North,2026-05-24
CUST000636,Priya,Nair,priya.nair636@example.com,West,2026-11-19
CUST000637,Ayaan,Iyer,ayaan.iyer637@example.com,North,2026-09-12
CUST000638,Diya,Das,diya.das638@example.com,North,2027-11-06
CUST000639,Reyansh,Rao,reyansh.rao639@example.com,Central,2027-06-06
CUST000640,Priya,Iyer,priya.iyer640@example.com,North,2026-09-03
CUST000641,Priya,Verma,priya.verma641@example.com,South,2027-05-27
CUST000642,Aditya,Rao,aditya.rao642@example.com,North,2027-01-05
CUST000643,Arjun,Patel,arjun.patel643@example.com,Central,2027-03-07
CUST000644,Sai,Das,sai.das644@example.com,West,2026-03-16
CUST000645,Aditya,Sharma,aditya.sharma645@example.com,East,2026-08-09
CUST000646,Vivaan,Das,vivaan.das646@example.com,West,2027-06-03
CUST000647,Riya,Patel,riya.patel647@example.com,West,2026-03-26
CUST000648,Arjun,Iyer,arjun.iyer648@example.com,North,2026-11-14
CUST000649,Reyansh,Das,reyansh.das649@example.com,South,2027-07-04
CUST000650,Priya,Mehta,priya.mehta650@example.com,North,2026-11-14
CUST000651,Ayaan,Sharma,ayaan.sharma651@example.com,South,2026-03-30
CUST000652,Vihaan,Singh,vihaan.singh652@example.com,Central,2027-09-16
CUST000653,Diya,Kapoor,diya.kapoor653@example.com,South,2026-05-03
CUST000654,Arjun,Joshi,arjun.joshi654@example.com,North,2026-06-17
CUST000655,Kabir,Rao,kabir.rao655@example.com,Central,2026-09-23
CUST000656,Kabir,Gupta,kabir.gupta656@example.com,East,2026-05-01
CUST000657,Ishaan,Das,ishaan.das657@example.com,West,2026-10-06
CUST000658,Aditya,Iyer,aditya.iyer658@example.com,Central,2027-10-05
CUST000659,Anika,Singh,anika.singh659@example.com,Central,2027-01-04
CUST000660,Anika,Chowdhury,anika.chowdhury660@example.com,Central,2026-06-20
CUST000661,Sai,Iyer,sai.iyer661@example.com,North,2027-08-11
CUST000662,Ayaan,Joshi,ayaan.joshi662@example.com,Central,2026-01-03
CUST000663,Aarav,Reddy,aarav.reddy663@example.com,North,2027-04-29
CUST000664,Priya,Bhat,priya.bhat664@example.com,South,2026-07-03
CUST000665,Riya,Reddy,riya.reddy665@example.com,East,2026-09-12
CUST000666,Ishaan,Iyer,ishaan.iyer666@example.com,North,2027-08-09
CUST000667,Vihaan,Rao,vihaan.rao667@example.com,North,2026-07-03
CUST000668,Vivaan,Patel,vivaan.patel668@example.com,North,2027-04-22
CUST000669,Diya,Nair,diya.nair669@example.com,North,2027-07-21
CUST000670,Aarav,Nair,aarav.nair670@example.com,South,2026-10-26
CUST000671,Diya,Joshi,diya.joshi671@example.com,Central,2026-09-06
CUST000672,Kabir,Mehta,kabir.mehta672@example.com,West,2026-07-20
CUST000673,Ayaan,Gupta,ayaan.gupta673@example.com,North,2027-02-24
CUST000674,Ayaan,Rao,ayaan.rao674@example.com,East,2027-10-14
CUST000675,Ishaan,Sharma,ishaan.sharma675@example.com,West,2026-11-11
CUST000676,Reyansh,Rao,reyansh.rao676@example.com,South,2027-03-06
CUST000677,Vivaan,Gupta,vivaan.gupta677@example.com,East,2026-04-06
CUST000678,Ayaan,Bhat,ayaan.bhat678@example.com,Central,2027-02-27
CUST000679,Saanvi,Joshi,saanvi.joshi679@example.com,North,2027-08-18
CUST000680,Arjun,Kapoor,arjun.kapoor680@example.com,West,2026-03-18
CUST000681,Vivaan,Patel,vivaan.patel681@example.com,South,2026-08-31
CUST000682,Ananya,Chowdhury,ananya.chowdhury682@example.com,East,2027-02-07
CUST000683,Ishaan,Singh,ishaan.singh683@example.com,East,2026-08-28
CUST000684,Reyansh,Gupta,reyansh.gupta684@example.com,Central,2026-04-22
CUST000685,Vihaan,Gupta,vihaan.gupta685@example.com,West,2027-04-23
CUST000686,Riya,Verma,riya.verma686@example.com,Central,2027-01-02
CUST000687,Saanvi,Iyer,saanvi.iyer687@example.com,West,2026-09-29
CUST000688,Aditya,Gupta,aditya.gupta688@example.com,East,2027-09-10
CUST000689,Reyansh,Chowdhury,reyansh.chowdhury689@example.com,East,2026-06-01
CUST000690,Ayaan,Nair,ayaan.nair690@example.com,West,2027-06-10
CUST000691,Diya,Iyer,diya.iyer691@example.com,South,2026-02-01
CUST000692,Saanvi,Rao,saanvi.rao692@example.com,Central,2026-09-13
CUST000693,Saanvi,Verma,saanvi.verma693@example.com,South,2026-05-05
CUST000694,Vivaan,Chowdhury,vivaan.chowdhury694@example.com,South,2026-05-14
CUST000695,Priya,Nair,priya.nair695@example.com,North,2027-08-20
CUST000696,Ananya,Bhat,ananya.bhat696@example.com,North,2026-01-23
CUST000697,Reyansh,Bhat,reyansh.bhat697@example.com,West,2026-05-12
CUST000698,Ishaan,Verma,ishaan.verma698@example.com,North,2027-04-18
CUST000699,Sai,Bhat,sai.bhat699@example.com,Central,2027-03-20
CUST000700,Anika,Sharma,anika.sharma700@example.com,West,2027-12-01
CUST000701,Sai,Nair,sai.nair701@example.com,South,2026-07-11
CUST000702,Ananya,Singh,ananya.singh702@example.com,South,2026-02-05
CUST000703,Ayaan,Kapoor,ayaan.kapoor703@example.com,East,2027-05-26
CUST000704,Anika,Sharma,anika.sharma704@example.com,North,2026-10-14
CUST000705,Arjun,Patel,arjun.patel705@example.com,South,2027-10-21
CUST000706,Ayaan,Kapoor,ayaan.kapoor706@example.com,Central,2026-01-20
CUST000707,Kabir,Singh,kabir.singh707@example.com,Central,2027-05-12
CUST000708,Ishaan,Patel,ishaan.patel708@example.com,East,2026-07-04
CUST000709,Ishaan,Mehta,ishaan.mehta709@example.com,South,2026-01-31
CUST000710,Vivaan,Das,vivaan.das710@example.com,West,2027-06-27
CUST000711,Ayaan,Gupta,ayaan.gupta711@example.com,North,2026-09-11
CUST000712,Ayaan,Iyer,,North,2026-08-13
CUST000713,Priya,Nair,priya.nair713@example.com,South,2026-06-30
CUST000714,Ishaan,Das,ishaan.das714@example.com,East,2027-08-29
CUST000715,Kabir,Mehta,kabir.mehta715@example.com,Central,2026-05-26
CUST000716,Reyansh,Chowdhury,reyansh.chowdhury716@example.com,West,2027-07-10
CUST000717,Sai,Singh,sai.singh717@example.com,North,2026-04-03
CUST000718,Ayaan,Mehta,ayaan.mehta718@example.com,South,2026-01-21
CUST000719,Anika,Sharma,anika.sharma719@example.com,East,2027-09-21
CUST000720,Arjun,Nair,arjun.nair720@example.com,South,2026-11-28
CUST000721,Aarav,Gupta,aarav.gupta721@example.com,Central,2026-05-26
CUST000722,Kabir,Verma,kabir.verma722@example.com,East,2027-11-10
CUST000723,Vihaan,Nair,vihaan.nair723@example.com,East,2026-11-27
CUST000724,Sai,Joshi,sai.joshi724@example.com,West,2027-10-17
CUST000725,Ishaan,Gupta,ishaan.gupta725@example.com,Central,2027-09-21
CUST000726,Ayaan,Kapoor,ayaan.kapoor726@example.com,Central,2026-06-29
CUST000727,Diya,Joshi,diya.joshi727@example.com,East,2026-05-11
CUST000728,Aarav,Joshi,aarav.joshi728@example.com,Central,2027-02-05
CUST000729,Vivaan,Gupta,vivaan.gupta729@example.com,Central,2026-11-22
CUST000730,Ayaan,Kapoor,ayaan.kapoor730@example.com,Central,2026-04-17
CUST000731,Arjun,Nair,arjun.nair731@example.com,North,2026-09-01
CUST000732,Ishaan,Gupta,ishaan.gupta732@example.com,North,2027-11-18
CUST000733,Ishaan,Singh,ishaan.singh733@example.com,North,2026-09-29
CUST000734,Ayaan,Joshi,ayaan.joshi734@example.com,North,2026-12-25
CUST000735,Vihaan,Joshi,vihaan.joshi735@example.com,North,2026-02-19
CUST000736,Saanvi,Joshi,saanvi.joshi736@example.com,West,2026-06-20
CUST000737,Anika,Bhat,anika.bhat737@example.com,West,2026-12-26
CUST000738,Priya,Verma,priya.verma738@example.com,West,2027-08-15
CUST000739,Ayaan,Gupta,ayaan.gupta739@example.com,West,2026-03-17
CUST000740,Diya,Sharma,diya.sharma740@example.com,East,2026-09-25
CUST000741,Aditya,Nair,aditya.nair741@example.com,South,2027-01-20
CUST000742,Aditya,Rao,aditya.rao742@example.com,North,2026-12-13
CUST000743,Anika,Joshi,anika.joshi743@example.com,North,2027-03-18
CUST000744,Sai,Mehta,sai.mehta744@example.com,West,2026-06-10
CUST000745,Vihaan,Nair,vihaan.nair745@example.com,South,2026-07-14
CUST000746,Ananya,Kapoor,ananya.kapoor746@example.com,East,2026-11-01
CUST000747,Vihaan,Sharma,vihaan.sharma747@example.com,West,2027-08-09
CUST000748,Anika,Gupta,anika.gupta748@example.com,North,2027-01-05
CUST000749,Riya,Verma,riya.verma749@example.com,East,2027-11-09
CUST000750,Anika,Reddy,anika.reddy750@example.com,North,2026-01-27
CUST000751,Sai,Kapoor,saikapoor.com,North,2027-04-30
CUST000752,Diya,Das,diya.das752@example.com,West,2027-04-28
CUST000753,Ananya,Verma,ananya.verma753@example.com,Central,2027-02-01
CUST000754,Kabir,Bhat,kabir.bhat754@example.com,West,2027-01-14
CUST000755,Saanvi,Sharma,saanvi.sharma755@example.com,East,2027-03-27
CUST000756,Ananya,Reddy,ananya.reddy756@example.com,East,2027-08-01
CUST000757,Arjun,Das,arjun.das757@example.com,North,2026-03-29
CUST000758,Riya,Das,riya.das758@example.com,Central,2026-08-21
CUST000759,Vivaan,Chowdhury,vivaan.chowdhury759@example.com,West,2027-06-20
CUST000760,Anika,Mehta,anika.mehta760@example.com,South,2027-05-03
CUST000761,Aditya,Patel,aditya.patel761@example.com,North,2027-05-30
CUST000762,Arjun,Verma,arjun.verma762@example.com,West,2026-06-27
CUST000763,Reyansh,Das,reyansh.das763@example.com,South,2026-05-10
CUST000764,Riya,Verma,riya.verma764@example.com,West,2026-07-26
CUST000765,Arjun,Chowdhury,arjun.chowdhury765@example.com,Central,2026-09-22
CUST000766,Aditya,Verma,aditya.verma766@example.com,West,2027-07-24
CUST000767,Ishaan,Chowdhury,ishaan.chowdhury767@example.com,East,2027-06-17
CUST000768,Aarav,Das,aarav.das768@example.com,Central,2027-08-25
CUST000769,Riya,Verma,riya.verma769@example.com,West,2026-06-03
CUST000770,Vihaan,Bhat,vihaan.bhat770@example.com,North,2027-07-31
CUST000771,Diya,Chowdhury,diya.chowdhury771@example.com,Central,2026-12-19
CUST000772,Ananya,Patel,  ananya@mail.com,Central,2027-09-16
CUST000773,Vivaan,Gupta,vivaan.gupta773@example.com,East,2027-02-17
CUST000774,Priya,Sharma,priya.sharma774@example.com,West,2026-12-06
CUST000775,Vivaan,Joshi,vivaan.joshi775@example.com,West,2026-10-03
CUST000776,Aarav,Nair,aarav.nair776@example.com,East,2026-11-15
CUST000777,Anika,Chowdhury,anika.chowdhury777@example.com,North,2026-08-22
CUST000778,Diya,Joshi,diya.joshi778@example.com,West,2026-11-25
CUST000779,Riya,Mehta,riya.mehta779@example.com,North,2026-07-12
CUST000780,Reyansh,Bhat,reyansh.bhat780@example.com,West,2027-05-12
CUST000781,Kabir,Chowdhury,kabir.chowdhury781@example.com,North,2027-06-12
CUST000782,Aditya,Iyer,aditya.iyer782@example.com,Central,2027-02-18
CUST000783,Aarav,Gupta,aarav.gupta783@example.com,South,2026-07-25
CUST000784,Ayaan,Sharma,ayaan.sharma784@example.com,West,2026-02-21
CUST000785,Reyansh,Iyer,reyansh.iyer785@example.com,East,2027-04-21
CUST000786,Priya,Kapoor,priya.kapoor786@example.com,North,2027-11-29
CUST000787,Ayaan,Nair,ayaan.nair787@example.com,West,2027-09-01
CUST000788,Sai,Chowdhury,sai.chowdhury788@example.com,West,2027-08-24
CUST000789,Kabir,Nair,kabir.nair789@example.com,South,2026-09-22
CUST000790,Diya,Sharma,diya.sharma790@example.com,West,2026-02-20
CUST000791,Reyansh,Chowdhury,reyansh.chowdhury791@example.com,South,2027-10-25
CUST000792,Reyansh,Iyer,reyansh.iyer792@example.com,West,2027-06-10
CUST000793,Aarav,Singh,aarav.singh793@example.com,South,2027-10-25
CUST000794,Aarav,Reddy,aarav.reddy794@example.com,East,2027-09-15
CUST000795,Ananya,Patel,ananya.patel795@example.com,West,2026-12-24
CUST000796,Ananya,Reddy,ananya.reddy796@example.com,West,2026-11-06
CUST000797,Priya,Mehta,priya.mehta797@example.com,North,2026-01-08
CUST000798,Kabir,Rao,kabir.rao798@example.com,Central,2027-09-16
CUST000799,Diya,Kapoor,diya.kapoor799@example.com,North,2027-05-09
CUST000800,Ishaan,Iyer,ishaan.iyer800@example.com,East,2026-10-11
CUST000801,Diya,Reddy,diya.reddy801@example.com,South,2027-06-14
CUST000802,Vivaan,Das,vivaan.das802@example.com,Central,2027-02-18
CUST000803,Arjun,Joshi,arjun.joshi803@example.com,North,2027-11-03
CUST000804,Diya,Iyer,diya.iyer804@example.com,West,2027-02-19
CUST000805,Vivaan,Mehta,vivaan.mehta805@example.com,Central,2026-07-14
CUST000806,Ayaan,Kapoor,ayaan.kapoor806@example.com,Central,2027-10-16
CUST000807,Kabir,Rao,kabir.rao807@example.com,East,2026-06-24
CUST000808,Sai,Iyer,sai.iyer808@example.com,North,2027-04-28
CUST000809,Ananya,Joshi,ananya.joshi809@example.com,Central,2026-07-07
CUST000810,Aditya,Reddy,aditya.reddy810@example.com,East,2026-08-17
CUST000811,Riya,Das,riya.das811@example.com,East,2027-01-16
CUST000812,Diya,Singh,diya.singh812@example.com,North,2027-04-27
CUST000813,Aditya,Singh,aditya.singh813@example.com,South,2027-05-28
CUST000814,Priya,Rao,priya.rao814@example.com,East,2027-02-28
CUST000815,Arjun,Gupta,arjun.gupta815@example.com,South,2026-12-17
CUST000816,Saanvi,Gupta,saanvi.gupta816@example.com,East,2026-07-04
CUST000817,Anika,Nair,anika.nair817@example.com,South,2026-11-17
CUST000818,Vivaan,Sharma,vivaan.sharma818@example.com,West,2026-10-08
CUST000819,Sai,Mehta,sai.mehta819@example.com,South,2027-05-17
CUST000820,Arjun,Mehta,arjun.mehta820@example.com,West,2027-10-11
CUST000821,Priya,Patel,priya.patel821@example.com,West,2027-01-28
CUST000822,Vivaan,Rao,vivaan.rao822@example.com,South,2027-01-18
CUST000823,Ishaan,Das,ishaan.das823@example.com,Central,2026-07-15
CUST000824,Aarav,Kapoor,aarav.kapoor824@example.com,South,2026-08-20
CUST000825,Diya,Gupta,diya.gupta825@example.com,North,2027-01-28
CUST000826,Diya,Gupta,diya.gupta826@example.com,North,2026-02-16
CUST000827,Diya,Singh,diya.singh827@example.com,Central,2027-09-03
CUST000828,Ishaan,Patel,ishaan.patel828@example.com,South,2026-12-17
CUST000829,Kabir,Das,kabir.das829@example.com,South,2026-06-18
CUST000830,Aarav,Reddy,aarav.reddy830@example.com,South,2026-05-15
CUST000831,Aarav,Mehta,aarav.mehta831@example.com,Central,2026-06-23
CUST000832,Kabir,Joshi,kabir.joshi832@example.com,North,2027-01-20
CUST000833,Ananya,Das,ananya.das833@example.com,Central,2027-10-01
CUST000834,Vivaan,Kapoor,vivaan.kapoor834@example.com,North,2027-11-01
CUST000835,Vivaan,Joshi,vivaan.joshi835@example.com,North,2027-03-03
CUST000836,Priya,Verma,priya.verma836@example.com,Central,2026-09-16
CUST000837,Arjun,Reddy,arjun.reddy837@example.com,North,2026-11-05
CUST000838,Vihaan,Kapoor,vihaan.kapoor838@example.com,Central,2026-10-04
CUST000839,Arjun,Patel,arjun.patel839@example.com,North,2027-06-08
CUST000840,Vihaan,Iyer,vihaan.iyer840@example.com,North,2026-04-19
CUST000841,Reyansh,Mehta,reyansh.mehta841@example.com,South,2026-09-27
CUST000842,Reyansh,Nair,reyansh.nair842@example.com,West,2026-10-30
CUST000843,Vivaan,Rao,vivaan.rao843@example.com,West,2026-08-01
CUST000844,Ishaan,Reddy,ishaan.reddy844@example.com,North,2026-01-14
CUST000845,Vihaan,Chowdhury,vihaan.chowdhury845@example.com,Central,2027-11-17
CUST000846,Arjun,Verma,arjun.verma846@example.com,Central,2026-03-18
CUST000847,Ananya,Kapoor,ananya.kapoor847@example.com,South,2027-04-13
CUST000848,Ananya,Singh,ananya.singh848@example.com,North,2026-04-13
CUST000849,Vivaan,Chowdhury,vivaan.chowdhury849@example.com,East,2027-01-04
CUST000850,Riya,Joshi,riya.joshi850@example.com,North,2026-04-08
CUST000851,Aarav,Chowdhury,aarav.chowdhury851@example.com,South,2027-11-11
CUST000852,Sai,Nair,sai.nair852@example.com,East,2027-03-25
CUST000853,Ananya,Bhat,ananya.bhat853@example.com,North,2027-01-17
CUST000854,Sai,Verma,sai.verma854@example.com,West,2027-02-14
CUST000855,Ananya,Chowdhury,ananya.chowdhury855@example.com,West,2027-05-05
CUST000856,Sai,Verma,sai.verma856@example.com,South,2026-03-02
CUST000857,Vihaan,Patel,vihaan.patel857@example.com,Central,2027-05-10
CUST000858,Saanvi,Gupta,saanvi.gupta858@example.com,Central,2027-01-24
CUST000859,Aarav,Chowdhury,aarav.chowdhury859@example.com,South,2027-05-10
CUST000860,Vihaan,Bhat,vihaan.bhat860@example.com,West,2027-03-28
CUST000861,Aditya,Iyer,aditya.iyer861@example.com,East,2026-01-13
CUST000862,Ayaan,Kapoor,ayaan.kapoor862@example.com,East,2027-06-16
CUST000863,Vihaan,Patel,vihaan.patel863@example.com,South,2027-05-09
CUST000864,Priya,Gupta,priya.gupta864@example.com,Central,2027-09-20
CUST000865,Aarav,Kapoor,aarav.kapoor865@example.com,South,2027-06-02
CUST000866,Anika,Chowdhury,anika.chowdhury866@example.com,South,2026-03-18
CUST000867,Ishaan,Reddy,ishaan.reddy867@example.com,East,2026-10-12
CUST000868,Ayaan,Rao,ayaan.rao868@example.com,West,2027-02-17
CUST000869,Aditya,Singh,aditya.singh869@example.com,West,2027-08-10
CUST000870,Aditya,Chowdhury,aditya.chowdhury870@example.com,West,2027-04-03
CUST000871,Vihaan,Singh,vihaan.singh871@example.com,North,2026-04-16
CUST000872,Riya,Sharma,riya.sharma872@example.com,Central,2027-07-17
CUST000873,Aditya,Das,aditya.das873@example.com,Central,2027-09-26
CUST000874,Diya,Bhat,diya.bhat874@example.com,Central,2027-07-30
CUST000875,Saanvi,Nair,saanvi.nair875@example.com,East,2026-02-25
CUST000876,Saanvi,Nair,saanvi.nair876@example.com,Central,2027-09-27
CUST000877,Anika,Joshi,anika.joshi877@example.com,East,2027-04-09
CUST000878,Vihaan,Das,vihaan.das878@example.com,South,2026-01-03
CUST000879,Kabir,Chowdhury,kabir.chowdhury879@example.com,East,2027-07-15
CUST000880,Kabir,Joshi,kabir.joshi880@example.com,North,2026-02-16
CUST000881,Anika,Gupta,anika.gupta881@example.com,West,2026-04-20
CUST000882,Reyansh,Reddy,reyansh.reddy882@example.com,North,2027-02-07
CUST000883,Saanvi,Chowdhury,saanvi.chowdhury883@example.com,South,2026-12-13
CUST000884,Riya,Sharma,riya.sharma884@example.com,Central,2026-05-07
CUST000885,Saanvi,Kapoor,saanvi.kapoor885@example.com,Central,2027-06-01
CUST000886,Anika,Sharma,anika.sharma886@example.com,Central,2026-02-19
CUST000887,Riya,Chowdhury,riya.chowdhury887@example.com,Central,2027-05-10
CUST000888,Sai,Joshi,sai.joshi888@example.com,Central,2026-06-27
CUST000889,Vihaan,Patel,vihaan.patel889@example.com,Central,2027-09-13
CUST000890,Priya,Patel,priya.patel890@example.com,Central,2026-09-12
CUST000891,Priya,Nair,priya.nair891@example.com,East,2027-04-09
CUST000892,Arjun,Patel,arjun.patel892@example.com,Central,2027-06-09
CUST000893,Ishaan,Joshi,ishaan.joshi893@example.com,Central,2027-10-10
CUST000894,Reyansh,Reddy,reyansh.reddy894@example.com,Central,2026-10-25
CUST000895,Arjun,Joshi,arjun.joshi895@example.com,South,2027-05-31
CUST000896,Ishaan,Joshi,ishaan.joshi896@example.com,North,2026-12-27
CUST000897,Anika,Mehta,anika.mehta897@example.com,Central,2027-11-15
CUST000898,Diya,Bhat,diya.bhat898@example.com,West,2026-01-14
CUST000899,Vihaan,Sharma,vihaan.sharma899@example.com,West,2026-05-29
CUST000900,Vivaan,Reddy,vivaan.reddy900@example.com,East,2026-06-14
CUST000901,Ananya,Gupta,ananya.gupta901@example.com,North,2026-10-30
CUST000902,Vivaan,Nair,vivaan.nair902@example.com,West,2026-04-15
CUST000903,Ayaan,Joshi,ayaan.joshi903@example.com,Central,2027-02-03
CUST000904,Diya,Joshi,diya.joshi904@example.com,North,2027-01-26
CUST000905,Riya,Das,riya.das905@example.com,East,2027-07-20
CUST000906,Aarav,Joshi,aarav.joshi906@example.com,East,2026-07-27
CUST000907,Saanvi,Chowdhury,saanvi.chowdhury907@example.com,South,2027-10-11
CUST000908,Kabir,Das,kabir.das908@example.com,Central,2027-07-14
CUST000909,Reyansh,Das,reyansh.das909@example.com,South,2026-10-29
CUST000910,Sai,Kapoor,sai.kapoor910@example.com,North,2026-07-11
CUST000911,Vihaan,Patel,vihaan.patel911@example.com,North,2027-03-15
CUST000912,Ananya,Gupta,ananya.gupta912@example.com,South,2027-08-22
CUST000913,Aarav,Nair,aarav.nair913@example.com,West,2026-06-08
CUST000914,Arjun,Bhat,arjun.bhat914@example.com,East,2027-09-04
CUST000915,Diya,Singh,diya.singh915@example.com,Central,2027-07-18
CUST000916,Aditya,Das,aditya.das916@example.com,East,2027-06-23
CUST000917,Sai,Rao,sairaogmail.com,Central,2026-06-13
CUST000918,Priya,Verma,priya.verma918@example.com,East,2026-08-15
CUST000919,Ishaan,Nair,ishaan.nair919@example.com,East,2026-10-28
CUST000920,Anika,Rao,anika.rao920@example.com,North,2026-04-28
CUST000921,Saanvi,Reddy,saanvi.reddy921@example.com,Central,2027-09-29
CUST000922,Vivaan,Kapoor,vivaan.kapoor922@example.com,East,2027-01-26
CUST000923,Priya,Iyer,priya.iyer923@example.com,Central,2026-10-17
CUST000924,Kabir,Rao,kabir.rao924@example.com,Central,2027-04-02
CUST000925,Vivaan,Iyer,vivaan.iyer925@example.com,South,2026-11-25
CUST000926,Aditya,Verma,aditya.verma926@example.com,South,2027-07-05
CUST000927,Aarav,Kapoor,aarav.kapoor927@example.com,North,2026-08-04
CUST000928,Reyansh,Chowdhury,reyansh.chowdhury928@example.com,West,2026-04-17
CUST000929,Riya,Kapoor,riya.kapoor929@example.com,North,2026-06-07
CUST000930,Saanvi,Joshi,saanvi.joshi930@example.com,East,2026-02-08
CUST000931,Aditya,Sharma,aditya.sharma931@example.com,South,2026-09-15
CUST000932,Aditya,Mehta,aditya.mehta932@example.com,South,2026-09-22
CUST000933,Priya,Singh,priya.singh933@example.com,West,2027-03-20
CUST000934,Aarav,Patel,aarav.patel934@example.com,North,2027-07-02
CUST000935,Aditya,Das,aditya.das935@example.com,Central,2026-02-16
CUST000936,Kabir,Bhat,kabir.bhat936@example.com,Central,2026-04-19
CUST000937,Diya,Mehta,diya.mehta937@example.com,North,2026-10-16
CUST000938,Priya,Patel,priya.patel938@example.com,North,2027-05-01
CUST000939,Ayaan,Gupta,ayaan.gupta939@example.com,West,2027-07-13
CUST000940,Arjun,Iyer,arjun.iyer940@example.com,East,2026-01-12
CUST000941,Arjun,Verma,arjun.verma941@example.com,North,2026-01-06
CUST000942,Priya,Rao,priya.rao942@example.com,Central,2026-03-29
CUST000943,Reyansh,Joshi,reyansh.joshi943@example.com,East,2026-08-05
CUST000944,Arjun,Gupta,arjun.gupta944@example.com,South,2026-08-15
CUST000945,Ananya,Reddy,ananya.reddy945@example.com,North,2026-07-05
CUST000946,Vivaan,Chowdhury,vivaan.chowdhury946@example.com,Central,2027-04-18
CUST000947,Aditya,Iyer,aditya.iyer947@example.com,North,2026-09-14
CUST000948,Reyansh,Joshi,reyansh.joshi948@example.com,Central,2027-05-14
CUST000949,Kabir,Gupta,kabir.gupta949@example.com,South,2026-04-13
CUST000950,Aditya,Bhat,aditya.bhat@@mail,East,2027-05-13
CUST000951,Ishaan,Mehta,ishaan.mehta951@example.com,East,2027-08-22
CUST000952,Kabir,Das,kabir.das952@example.com,East,2027-03-15
CUST000953,Aarav,Nair,aarav.nair953@example.com,South,2026-08-15
CUST000954,Riya,Iyer,riya.iyer954@example.com,East,2026-05-18
CUST000955,Anika,Singh,anika.singh955@example.com,West,2027-01-03
CUST000956,Anika,Rao,anika.rao956@example.com,North,2026-06-29
CUST000957,Aditya,Chowdhury,aditya.chowdhury957@example.com,East,2026-05-24
CUST000958,Reyansh,Iyer,reyansh.iyer958@example.com,North,2026-03-19
CUST000959,Aarav,Chowdhury,aarav.chowdhury959@example.com,Central,2027-08-16
CUST000960,Reyansh,Bhat,reyansh.bhat960@example.com,North,2027-07-19
CUST000961,Anika,Kapoor,anika.kapoor961@example.com,South,2027-01-10
CUST000962,Ayaan,Bhat,ayaan.bhat962@example.com,Central,2026-10-25
CUST000963,Saanvi,Rao,saanvi.rao963@example.com,Central,2026-04-03
CUST000964,Kabir,Rao,kabir.rao964@example.com,North,2027-11-10
CUST000965,Sai,Das,,South,2027-04-02
CUST000966,Sai,Mehta,sai.mehta966@example.com,Central,2027-11-07
CUST000967,Anika,Nair,anika.nair967@example.com,North,2026-08-13
CUST000968,Ayaan,Verma,ayaan.verma968@example.com,East,2027-01-14
CUST000969,Vivaan,Kapoor,vivaan.kapoor969@example.com,South,2027-06-15
CUST000970,Priya,Singh,priya.singh970@example.com,West,2026-02-17
CUST000971,Ishaan,Verma,ishaan.verma971@example.com,Central,2027-10-11
CUST000972,Ananya,Mehta,ananya.mehta972@example.com,Central,2027-08-07
CUST000973,Priya,Kapoor,priya.kapoor973@example.com,West,2027-01-10
CUST000974,Aditya,Rao,aditya.rao974@example.com,East,2027-01-21
CUST000975,Priya,Nair,priya.nair975@example.com,East,2027-05-14
CUST000976,Aarav,Rao,aarav.rao976@example.com,South,2027-03-27
CUST000977,Ayaan,Verma,ayaan.verma977@example.com,Central,2027-10-21
CUST000978,Reyansh,Gupta,reyansh.gupta978@example.com,South,2026-06-11
CUST000979,Vihaan,Kapoor,vihaan.kapoor979@example.com,South,2027-03-01
CUST000980,Vihaan,Singh,vihaan.singh980@example.com,West,2027-05-06
CUST000981,Sai,Kapoor,sai.kapoor981@example.com,West,2026-01-23
CUST000982,Vivaan,Gupta,vivaan.gupta982@example.com,Central,2027-08-30
CUST000983,Arjun,Kapoor,arjun.kapoor983@example.com,Central,2026-02-10
CUST000984,Arjun,Sharma,arjun.sharma984@example.com,South,2026-09-22
CUST000985,Priya,Mehta,priya.mehta985@example.com,Central,2027-10-15
CUST000986,Diya,Verma,diya.verma986@example.com,South,2027-04-05
CUST000987,Anika,Chowdhury,anika.chowdhury987@example.com,West,2026-06-24
CUST000988,Riya,Mehta,riya.mehta988@example.com,South,2027-08-20
CUST000989,Ananya,Gupta,ananya.gupta989@example.com,East,2027-04-10
CUST000990,Aditya,Reddy,aditya.reddy990@example.com,West,2027-01-30
CUST000991,Vihaan,Sharma,vihaan.sharma991@example.com,South,2027-06-20
CUST000992,Riya,Chowdhury,riya.chowdhury992@example.com,South,2027-09-13
CUST000993,Sai,Singh,sai.singh993@example.com,Central,2027-09-07
CUST000994,Vihaan,Verma,vihaan.verma994@example.com,West,2027-11-07
CUST000995,Aarav,Bhat,aarav.bhat995@example.com,West,2027-06-19
CUST000996,Kabir,Chowdhury,kabir.chowdhury996@example.com,North,2027-06-27
CUST000997,Ayaan,Das,ayaan.das997@example.com,West,2027-01-26
CUST000998,Vihaan,Patel,vihaan.patel998@example.com,South,2026-09-18
CUST000999,Ayaan,Bhat,ayaan.bhat999@example.com,North,2026-10-18
CUST001000,Riya,Iyer,riya.iyer1000@example.com,South,2026-01-06
CUST001001,Vihaan,Rao,vihaan.rao1001@example.com,North,2027-01-20
CUST001002,Reyansh,Joshi,reyansh.joshi1002@example.com,East,2027-02-23
CUST001003,Vihaan,Gupta,vihaan.gupta1003@example.com,West,2027-10-30
CUST001004,Ananya,Iyer,ananya.iyer1004@example.com,Central,2027-03-10
CUST001005,Kabir,Mehta,kabir.mehta1005@example.com,East,2027-11-28
CUST001006,Reyansh,Patel,reyansh.patel1006@example.com,Central,2027-07-25
CUST001007,Sai,Nair,sai.nair1007@example.com,Central,2027-07-23
CUST001008,Ananya,Iyer,ananya.iyer1008@example.com,Central,2026-12-19
CUST001009,Arjun,Chowdhury,arjun.chowdhury1009@example.com,North,2026-08-24
CUST001010,Sai,Verma,sai.verma1010@example.com,South,2027-06-05
CUST001011,Ishaan,Das,ishaan.das1011@example.com,Central,2027-09-21
CUST001012,Sai,Patel,sai.patel1012@example.com,North,2026-04-04
CUST001013,Anika,Bhat,anika.bhat1013@example.com,Central,2027-03-22
CUST001014,Aditya,Iyer,aditya.iyer1014@example.com,South,2027-01-15
CUST001015,Vivaan,Joshi,vivaan.joshi1015@example.com,West,2027-02-15
CUST001016,Diya,Joshi,diya.joshi1016@example.com,Central,2026-02-28
CUST001017,Anika,Singh,anika.singh1017@example.com,North,2026-07-26
CUST001018,Diya,Reddy,diya.reddy1018@example.com,North,2027-09-06
CUST001019,Ayaan,Mehta,ayaan.mehta1019@example.com,South,2027-11-22
CUST001020,Kabir,Reddy,kabir.reddy1020@example.com,North,2026-06-11
CUST001021,Ananya,Das,ananya.das1021@example.com,West,2026-12-28
CUST001022,Priya,Mehta,priya.mehta1022@example.com,South,2027-06-15
CUST001023,Aditya,Bhat,aditya.bhat1023@example.com,North,2027-07-17
CUST001024,Kabir,Nair,kabir.nair1024@example.com,East,2026-08-20
CUST001025,Reyansh,Singh,reyansh.singh1025@example.com,West,2027-08-12
CUST001026,Ananya,Gupta,ananya.gupta1026@example.com,West,2027-06-03
CUST001027,Aditya,Rao,aditya.rao1027@example.com,East,2026-12-15
CUST001028,Ananya,Bhat,ananya.bhat1028@example.com,Central,2027-08-12
CUST001029,Saanvi,Patel,saanvi.patel1029@example.com,Central,2027-05-11
CUST001030,Ishaan,Das,ishaan.das1030@example.com,West,2027-11-29
CUST001031,Aarav,Singh,aarav.singh1031@example.com,North,2026-09-22
CUST001032,Priya,Kapoor,priya.kapoor1032@example.com,South,2027-11-25
CUST001033,Ishaan,Patel,ishaan.patel1033@example.com,East,2027-06-13
CUST001034,Aarav,Joshi,aarav.joshi1034@example.com,East,2026-09-12
CUST001035,Aditya,Patel,aditya.patel1035@example.com,East,2026-03-19
CUST001036,Sai,Singh,sai.singh1036@example.com,East,2026-12-29
CUST001037,Ananya,Gupta,ananya.gupta1037@example.com,South,2027-05-26
CUST001038,Ayaan,Joshi,ayaan.joshi1038@example.com,South,2026-09-29
CUST001039,Ayaan,Reddy,ayaan.reddy1039@example.com,South,2027-09-26
CUST001040,Arjun,Das,arjun.das1040@example.com,North,2026-05-03
CUST001041,Anika,Mehta,anikamehtagmail.com,Central,2026-02-13
CUST001042,Kabir,Mehta,kabir.mehta1042@example.com,East,2027-05-20
CUST001043,Ananya,Singh,ananya.singh1043@example.com,South,2027-06-08
CUST001044,Priya,Reddy,priya.reddy1044@example.com,Central,2026-05-12
CUST001045,Riya,Singh,riya.singh1045@example.com,Central,2026-02-03
CUST001046,Kabir,Patel,kabir.patel1046@example.com,South,2027-04-14
CUST001047,Saanvi,Nair,saanvi.nair1047@example.com,North,2026-01-13
CUST001048,Priya,Mehta,priya.mehta1048@example.com,North,2026-11-30
CUST001049,Ananya,Gupta,ananya.gupta1049@example.com,Central,2026-09-27
CUST001050,Ananya,Singh,,East,2027-01-10
CUST001051,Anika,Patel,anika.patel1051@example.com,South,2027-03-06
CUST001052,Kabir,Chowdhury,kabir.chowdhury1052@example.com,West,2026-10-14
CUST001053,Sai,Mehta,sai.mehta1053@example.com,South,2027-08-13
CUST001054,Vihaan,Joshi,vihaan.joshi1054@example.com,East,2026-08-30
CUST001055,Riya,Chowdhury,riya.chowdhury1055@example.com,West,2026-07-20
CUST001056,Arjun,Singh,arjun.singh1056@example.com,North,2026-06-30
CUST001057,Anika,Gupta,anika.gupta1057@example.com,Central,2027-07-01
CUST001058,Anika,Iyer,anika.iyer1058@example.com,East,2027-07-30
CUST001059,Vivaan,Patel,vivaan.patel1059@example.com,North,2026-06-17
CUST001060,Reyansh,Chowdhury,reyansh.chowdhury1060@example.com,East,2027-05-03
CUST001061,Vihaan,Singh,vihaan.singh1061@example.com,East,2026-09-24
CUST001062,Kabir,Rao,kabir.rao1062@example.com,Central,2026-09-21
CUST001063,Aarav,Patel,aarav.patel1063@example.com,North,2026-12-26
CUST001064,Reyansh,Mehta,reyansh.mehta1064@example.com,Central,2027-10-28
CUST001065,Sai,Das,sai.das1065@example.com,East,2026-12-30
CUST001066,Anika,Das,anika.das1066@example.com,West,2026-03-22
CUST001067,Diya,Singh,diya.singh1067@example.com,South,2026-06-21
CUST001068,Ishaan,Patel,ishaan.patel1068@example.com,Central,2027-08-09
CUST001069,Aditya,Verma,aditya.verma1069@example.com,South,2026-12-18
CUST001070,Ishaan,Nair,ishaan.nair1070@example.com,East,2026-10-01
CUST001071,Priya,Iyer,priya.iyer1071@example.com,West,2027-01-07
CUST001072,Saanvi,Patel,saanvi.patel1072@example.com,South,2026-07-08
CUST001073,Arjun,Joshi,arjun.joshi1073@example.com,South,2027-11-09
CUST001074,Aditya,Reddy,aditya.reddy1074@example.com,South,2027-02-11
CUST001075,Vihaan,Verma,vihaan.verma1075@example.com,West,2027-07-16
CUST001076,Aarav,Das,aarav.das1076@example.com,West,2027-06-21
CUST001077,Vihaan,Iyer,vihaan.iyer1077@example.com,Central,2026-06-09
CUST001078,Priya,Iyer,priya.iyer1078@example.com,South,2026-09-11
CUST001079,Saanvi,Kapoor,saanvi.kapoor1079@example.com,South,2026-05-15
CUST001080,Sai,Sharma,sai.sharma1080@example.com,North,2027-11-11
CUST001081,Ishaan,Chowdhury,ishaan.chowdhury1081@example.com,West,2027-04-24
CUST001082,Ananya,Rao,ananya.rao1082@example.com,West,2026-05-19
CUST001083,Sai,Mehta,sai.mehta1083@example.com,Central,2027-04-13
CUST001084,Riya,Rao,riya.rao1084@example.com,Central,2026-11-14
CUST001085,Anika,Rao,anika.rao@@mail,North,2027-03-29
CUST001086,Kabir,Patel,kabir.patel1086@example.com,East,2026-06-09
CUST001087,Aarav,Sharma,aarav.sharma1087@example.com,Central,2026-05-20
CUST001088,Diya,Singh,diya.singh1088@example.com,Central,2026-01-09
CUST001089,Anika,Iyer,anika.iyer1089@example.com,North,2027-03-17
CUST001090,Ayaan,Das,ayaan.das1090@example.com,North,2027-07-16
CUST001091,Reyansh,Patel,reyansh.patel1091@example.com,Central,2027-03-24
CUST001092,Ayaan,Gupta,ayaan.gupta1092@example.com,West,2027-01-23
CUST001093,Ananya,Verma,ananya.verma1093@example.com,West,2027-10-03
CUST001094,Ananya,Iyer,ananya.iyer1094@example.com,Central,2026-10-03
CUST001095,Reyansh,Chowdhury,reyansh.chowdhury1095@example.com,North,2026-07-06
CUST001096,Diya,Verma,diya.verma1096@example.com,West,2027-09-25
CUST001097,Ananya,Joshi,ananya.joshi1097@example.com,Central,2027-05-19
CUST001098,Ishaan,Sharma,ishaan.sharma1098@example.com,South,2026-02-20
CUST001099,Aarav,Gupta,aarav.gupta1099@example.com,North,2026-10-16
CUST001100,Arjun,Joshi,arjun.joshi1100@example.com,West,2026-01-09
CUST001101,Aditya,Gupta,aditya.gupta1101@example.com,North,2027-05-21
CUST001102,Ishaan,Patel,ishaan.patel1102@example.com,East,2027-05-26
CUST001103,Saanvi,Joshi,saanvi.joshi1103@example.com,North,2026-12-05
CUST001104,Arjun,Sharma,arjun.sharma1104@example.com,East,2027-02-06
CUST001105,Anika,Gupta,anika.gupta1105@example.com,South,2026-09-14
CUST001106,Aarav,Verma,aarav.verma1106@example.com,South,2027-01-30
CUST001107,Ayaan,Joshi,ayaan.joshi1107@example.com,North,2026-07-23
CUST001108,Vihaan,Rao,vihaan.rao1108@example.com,South,2027-04-30
CUST001109,Diya,Bhat,diya.bhat1109@example.com,East,2026-06-12
CUST001110,Vivaan,Joshi,vivaan.joshi1110@example.com,Central,2027-06-18
CUST001111,Ananya,Singh,ananya.singh1111@example.com,East,2026-07-23
CUST001112,Vivaan,Chowdhury,vivaan.chowdhury1112@example.com,South,2026-04-26
CUST001113,Riya,Nair,riya.nair1113@example.com,North,2026-06-21
CUST001114,Vihaan,Patel,vihaan.patel1114@example.com,South,2026-01-10
CUST001115,Anika,Joshi,anika.joshi1115@example.com,Central,2026-06-08
CUST001116,Aditya,Reddy,aditya.reddy1116@example.com,South,2027-05-27
CUST001117,Ishaan,Bhat,ishaan.bhat1117@example.com,North,2026-03-03
CUST001118,Arjun,Joshi,arjun.joshi1118@example.com,Central,2026-04-20
CUST001119,Anika,Reddy,anika.reddy1119@example.com,East,2027-07-26
CUST001120,Kabir,Das,kabir.das1120@example.com,West,2026-07-17
CUST001121,Priya,Nair,priya.nair1121@example.com,South,2026-09-14
CUST001122,Anika,Joshi,anika.joshi1122@example.com,West,2027-07-27
CUST001123,Anika,Reddy,anika.reddy1123@example.com,Central,2026-07-11
CUST001124,Kabir,Nair,kabir.nair1124@example.com,West,2026-10-09
CUST001125,Sai,Verma,sai.verma1125@example.com,Central,2026-06-08
CUST001126,Diya,Chowdhury,diya.chowdhury1126@example.com,East,2027-07-09
CUST001127,Saanvi,Sharma,saanvi.sharma1127@example.com,Central,2027-01-24
CUST001128,Aarav,Mehta,aarav.mehta1128@example.com,East,2027-09-28
CUST001129,Ishaan,Joshi,ishaan.joshi1129@example.com,North,2027-11-06
CUST001130,Priya,Reddy,priya.reddy1130@example.com,Central,2027-12-01
CUST001131,Arjun,Mehta,arjun.mehta1131@example.com,East,2026-11-27
CUST001132,Ishaan,Verma,ishaan.verma1132@example.com,North,2027-06-20
CUST001133,Aditya,Sharma,aditya.sharma1133@example.com,South,2026-07-02
CUST001134,Reyansh,Verma,  reyansh@mail.com,South,2026-04-12
CUST001135,Priya,Kapoor,priya.kapoor1135@example.com,West,2027-06-23
CUST001136,Ananya,Sharma,ananya.sharma1136@example.com,East,2026-08-15
CUST001137,Aditya,Sharma,aditya.sharma1137@example.com,South,2027-11-03
CUST001138,Aditya,Singh,aditya.singh1138@example.com,North,2027-01-05
CUST001139,Riya,Chowdhury,riya.chowdhury1139@example.com,East,2026-03-01
CUST001140,Ananya,Rao,ananyaraogmail.com,North,2026-11-08
CUST001141,Reyansh,Rao,reyansh.rao1141@example.com,North,2026-04-14
CUST001142,Priya,Reddy,priya.reddy1142@example.com,South,2027-06-23
CUST001143,Ayaan,Mehta,ayaan.mehta1143@example.com,South,2027-07-26
CUST001144,Riya,Joshi,riya.joshi1144@example.com,North,2027-10-16
CUST001145,Kabir,Kapoor,kabir.kapoor1145@example.com,West,2027-11-13
CUST001146,Vihaan,Gupta,vihaan.gupta1146@example.com,South,2027-07-18
CUST001147,Ishaan,Kapoor,ishaan.kapoor1147@example.com,South,2027-07-01
CUST001148,Saanvi,Bhat,saanvi.bhat1148@example.com,East,2026-11-19
CUST001149,Ishaan,Chowdhury,ishaan.chowdhury1149@example.com,East,2027-02-27
CUST001150,Riya,Chowdhury,riya.chowdhury1150@example.com,East,2027-09-16
CUST001151,Reyansh,Patel,reyansh.patel1151@example.com,Central,2026-09-18
CUST001152,Saanvi,Singh,saanvi.singh1152@example.com,West,2026-01-01
CUST001153,Diya,Mehta,diya.mehta1153@example.com,North,2027-06-15
CUST001154,Diya,Sharma,diya.sharma1154@example.com,East,2026-08-16
CUST001155,Ishaan,Sharma,ishaan.sharma1155@example.com,East,2027-07-21
CUST001156,Arjun,Verma,arjun.verma1156@example.com,North,2027-04-17
CUST001157,Arjun,Gupta,arjun.gupta1157@example.com,East,2027-01-11
CUST001158,Ayaan,Reddy,ayaan.reddy1158@example.com,East,2026-11-04
CUST001159,Priya,Mehta,priya.mehta1159@example.com,South,2026-03-21
CUST001160,Anika,Gupta,anika.gupta1160@example.com,West,2027-08-14
CUST001161,Diya,Sharma,diya.sharma1161@example.com,Central,2027-01-26
CUST001162,Vivaan,Bhat,vivaan.bhat1162@example.com,East,2026-12-23
CUST001163,Riya,Bhat,riya.bhat1163@example.com,North,2026-08-21
CUST001164,Aarav,Kapoor,  aarav@mail.com,North,2026-11-09
CUST001165,Vivaan,Nair,vivaan.nair1165@example.com,Central,2027-08-02
CUST001166,Ishaan,Rao,ishaan.rao1166@example.com,South,2026-06-06
CUST001167,Priya,Singh,priya.singh1167@example.com,Central,2027-08-13
CUST001168,Aditya,Reddy,aditya.reddy1168@example.com,West,2026-10-24
CUST001169,Arjun,Gupta,arjun.gupta1169@example.com,East,2026-03-26
CUST001170,Vivaan,Rao,  vivaan@mail.com,East,2026-03-29
CUST001171,Riya,Das,riya.das1171@example.com,South,2026-05-19
CUST001172,Reyansh,Singh,reyansh.singh1172@example.com,West,2027-10-30
CUST001173,Reyansh,Rao,reyansh.rao1173@example.com,Central,2027-06-21
CUST001174,Ayaan,Verma,ayaan.verma1174@example.com,East,2027-03-17
CUST001175,Aditya,Verma,aditya.verma1175@example.com,West,2027-03-10
CUST001176,Kabir,Reddy,kabir.reddy1176@example.com,East,2026-12-19
CUST001177,Aarav,Das,aarav.das1177@example.com,East,2026-06-23
CUST001178,Saanvi,Mehta,saanvi.mehta1178@example.com,South,2027-03-28
CUST001179,Ayaan,Reddy,ayaan.reddy1179@example.com,East,2026-06-09
CUST001180,Vihaan,Joshi,vihaan.joshi1180@example.com,North,2026-09-06
CUST001181,Arjun,Chowdhury,arjun.chowdhury1181@example.com,East,2026-01-15
CUST001182,Vihaan,Iyer,vihaan.iyer1182@example.com,West,2027-04-28
CUST001183,Ishaan,Reddy,ishaan.reddy1183@example.com,Central,2026-08-05
CUST001184,Ananya,Rao,ananya.rao1184@example.com,West,2027-09-30
CUST001185,Aarav,Patel,aarav.patel1185@example.com,Central,2027-11-11
CUST001186,Vivaan,Iyer,vivaan.iyer1186@example.com,South,2026-03-03
CUST001187,Reyansh,Das,reyansh.das1187@example.com,Central,2026-10-05
CUST001188,Saanvi,Kapoor,saanvi.kapoor1188@example.com,North,2026-03-10
CUST001189,Ananya,Kapoor,ananya.kapoor1189@example.com,East,2026-04-21
CUST001190,Diya,Chowdhury,diya.chowdhury1190@example.com,West,2026-08-25
CUST001191,Vihaan,Bhat,vihaan.bhat1191@example.com,East,2027-05-12
CUST001192,Aditya,Gupta,aditya.gupta1192@example.com,South,2027-05-28
CUST001193,Aarav,Sharma,aarav.sharma1193@example.com,South,2027-06-27
CUST001194,Ishaan,Singh,ishaan.singh1194@example.com,West,2026-06-10
CUST001195,Kabir,Kapoor,kabir.kapoor1195@example.com,East,2026-12-30
CUST001196,Diya,Reddy,diya.reddy1196@example.com,Central,2026-10-10
CUST001197,Ananya,Bhat,ananya.bhat1197@example.com,West,2026-01-31
CUST001198,Ananya,Reddy,ananya.reddy1198@example.com,South,2026-12-16
CUST001199,Arjun,Verma,arjun.verma1199@example.com,West,2027-06-18
CUST001200,Ayaan,Patel,ayaan.patel1200@example.com,South,2027-08-10
CUST001201,Riya,Iyer,riya.iyer1201@example.com,Central,2026-12-04
CUST001202,Arjun,Reddy,arjun.reddy1202@example.com,South,2027-08-18
CUST001203,Reyansh,Chowdhury,reyansh.chowdhury1203@example.com,South,2026-11-13
CUST001204,Arjun,Patel,arjun.patel1204@example.com,South,2027-11-03
CUST001205,Sai,Nair,sai.nair1205@example.com,North,2027-07-25
CUST001206,Vihaan,Gupta,vihaan.gupta1206@example.com,East,2026-05-30
CUST001207,Ishaan,Bhat,ishaan.bhat1207@example.com,West,2027-02-26
CUST001208,Saanvi,Joshi,saanvi.joshi1208@example.com,East,2026-06-05
CUST001209,Vihaan,Gupta,vihaan.gupta1209@example.com,South,2026-01-27
CUST001210,Ananya,Mehta,ananya.mehta1210@example.com,Central,2027-09-20
CUST001211,Ayaan,Reddy,ayaan.reddy1211@example.com,North,2027-01-03
CUST001212,Anika,Gupta,anika.gupta1212@example.com,Central,2027-09-12
CUST001213,Kabir,Gupta,kabir.gupta1213@example.com,West,2027-05-19
CUST001214,Arjun,Gupta,arjun.gupta1214@example.com,South,2026-08-20
CUST001215,Riya,Das,riya.das1215@example.com,North,2026-10-04
CUST001216,Ayaan,Joshi,ayaan.joshi1216@example.com,South,2026-07-29
CUST001217,Sai,Bhat,sai.bhat1217@example.com,West,2027-09-24
CUST001218,Ishaan,Chowdhury,ishaan.chowdhury1218@example.com,West,2026-09-10
CUST001219,Priya,Das,priya.das1219@example.com,North,2027-09-15
CUST001220,Ishaan,Patel,ishaan.patel1220@example.com,Central,2027-08-09
CUST001221,Vivaan,Rao,vivaan.rao1221@example.com,North,2027-04-08
CUST001222,Vivaan,Bhat,vivaan.bhat1222@example.com,South,2027-06-16
CUST001223,Priya,Joshi,priya.joshi1223@example.com,North,2027-07-26
CUST001224,Vivaan,Reddy,vivaan.reddy1224@example.com,East,2027-03-27
CUST001225,Diya,Das,diya.das1225@example.com,East,2027-04-18
CUST001226,Riya,Iyer,riya.iyer1226@example.com,Central,2026-02-25
CUST001227,Arjun,Singh,arjun.singh1227@example.com,West,2026-04-03
CUST001228,Vihaan,Gupta,vihaan.gupta1228@example.com,Central,2027-07-14
CUST001229,Priya,Patel,priya.patel1229@example.com,East,2027-04-07
CUST001230,Sai,Singh,sai.singh1230@example.com,Central,2026-07-26
CUST001231,Aditya,Iyer,aditya.iyer1231@example.com,East,2027-10-27
CUST001232,Vihaan,Verma,vihaan.verma1232@example.com,North,2027-04-06
CUST001233,Kabir,Verma,kabir.verma1233@example.com,Central,2027-01-29
CUST001234,Sai,Patel,sai.patel1234@example.com,Central,2027-01-25
CUST001235,Sai,Bhat,sai.bhat1235@example.com,East,2027-08-03
CUST001236,Sai,Chowdhury,sai.chowdhury1236@example.com,South,2026-07-03
CUST001237,Riya,Iyer,riya.iyer1237@example.com,East,2027-04-02
CUST001238,Sai,Verma,sai.verma1238@example.com,South,2026-07-27
CUST001239,Ananya,Sharma,ananya.sharma1239@example.com,West,2027-05-25
CUST001240,Aarav,Mehta,aarav.mehta1240@example.com,West,2026-09-01
CUST001241,Anika,Singh,anika.singh1241@example.com,West,2027-03-29
CUST001242,Aarav,Reddy,aarav.reddy1242@example.com,Central,2026-10-12
CUST001243,Reyansh,Sharma,reyansh.sharma1243@example.com,South,2026-06-01
CUST001244,Kabir,Sharma,kabir.sharma1244@example.com,South,2026-02-03
CUST001245,Diya,Nair,diya.nair1245@example.com,North,2026-02-20
CUST001246,Riya,Gupta,riya.gupta1246@example.com,South,2027-11-20
CUST001247,Sai,Singh,sai.singh1247@example.com,Central,2027-01-04
CUST001248,Aditya,Das,aditya.das1248@example.com,East,2026-11-27
CUST001249,Priya,Chowdhury,priya.chowdhury1249@example.com,North,2027-03-14
CUST001250,Aditya,Iyer,aditya.iyer1250@example.com,West,2026-05-18
CUST001251,Ananya,Nair,ananya.nair1251@example.com,Central,2027-02-28
CUST001252,Reyansh,Joshi,reyansh.joshi1252@example.com,South,2027-09-19
CUST001253,Vihaan,Mehta,vihaan.mehta1253@example.com,Central,2026-03-31
CUST001254,Diya,Patel,diya.patel1254@example.com,Central,2026-11-21
CUST001255,Kabir,Bhat,kabir.bhat1255@example.com,South,2027-09-22
CUST001256,Anika,Rao,anika.rao1256@example.com,West,2027-05-20
CUST001257,Ayaan,Joshi,ayaan.joshi1257@example.com,East,2026-07-18
CUST001258,Vihaan,Sharma,vihaan.sharma1258@example.com,West,2027-10-03
CUST001259,Reyansh,Das,reyansh.das1259@example.com,Central,2027-03-01
CUST001260,Vivaan,Nair,vivaan.nair1260@example.com,East,2027-07-28
CUST001261,Reyansh,Sharma,reyansh.sharma1261@example.com,South,2026-10-16
CUST001262,Aditya,Iyer,aditya.iyer1262@example.com,East,2027-06-03
CUST001263,Ishaan,Das,ishaan.das1263@example.com,North,2026-04-27
CUST001264,Ishaan,Patel,ishaan.patel1264@example.com,Central,2027-09-23
CUST001265,Sai,Reddy,sai.reddy1265@example.com,East,2026-12-13
CUST001266,Anika,Das,anika.das1266@example.com,North,2027-10-24
CUST001267,Anika,Gupta,anika.gupta1267@example.com,West,2027-07-04
CUST001268,Saanvi,Das,saanvi.das1268@example.com,West,2026-02-27
CUST001269,Diya,Mehta,diya.mehta1269@example.com,East,2027-07-23
CUST001270,Aarav,Reddy,aarav.reddy1270@example.com,Central,2026-12-06
CUST001271,Aditya,Gupta,aditya.gupta1271@example.com,East,2026-02-01
CUST001272,Priya,Kapoor,priya.kapoor1272@example.com,Central,2026-06-19
CUST001273,Priya,Gupta,priya.gupta1273@example.com,Central,2026-04-30
CUST001274,Ishaan,Joshi,ishaan.joshi1274@example.com,North,2026-10-06
CUST001275,Aditya,Singh,aditya.singh1275@example.com,South,2027-01-16
CUST001276,Diya,Reddy,diya.reddy1276@example.com,Central,2026-11-06
CUST001277,Vihaan,Nair,vihaan.nair1277@example.com,North,2026-07-26
CUST001278,Saanvi,Rao,saanvi.rao1278@example.com,North,2027-05-10
CUST001279,Arjun,Reddy,arjun.reddy1279@example.com,East,2027-05-11
CUST001280,Diya,Das,diya.das1280@example.com,East,2026-05-27
CUST001281,Arjun,Reddy,arjun.reddy1281@example.com,North,2027-04-16
CUST001282,Vihaan,Sharma,vihaan.sharma1282@example.com,East,2026-02-15
CUST001283,Aditya,Nair,aditya.nair1283@example.com,West,2026-02-17
CUST001284,Diya,Sharma,diya.sharma1284@example.com,Central,2026-11-16
CUST001285,Reyansh,Nair,reyansh.nair1285@example.com,South,2026-07-17
CUST001286,Ananya,Rao,ananya.rao1286@example.com,East,2027-03-28
CUST001287,Ananya,Gupta,ananya.gupta1287@example.com,South,2026-10-08
CUST001288,Aarav,Mehta,aarav.mehta1288@example.com,Central,2027-06-11
CUST001289,Reyansh,Rao,reyansh.rao1289@example.com,East,2027-07-17
CUST001290,Ananya,Gupta,ananya.gupta1290@example.com,East,2027-08-11
CUST001291,Sai,Verma,saiverma.com,Central,2026-12-13
CUST001292,Saanvi,Sharma,saanvi.sharma@@mail,North,2027-04-28
CUST001293,Vihaan,Patel,vihaan.patel1293@example.com,North,2026-03-30
CUST001294,Priya,Gupta,priya.gupta1294@example.com,Central,2027-08-30
CUST001295,Saanvi,Mehta,saanvi.mehta1295@example.com,East,2026-11-16
CUST001296,Reyansh,Joshi,reyansh.joshi1296@example.com,Central,2026-03-22
CUST001297,Arjun,Verma,arjun.verma1297@example.com,West,2026-04-10
CUST001298,Diya,Kapoor,diya.kapoor1298@example.com,West,2027-04-27
CUST001299,Ayaan,Gupta,ayaan.gupta1299@example.com,Central,2026-09-22
CUST001300,Priya,Gupta,priya.gupta1300@example.com,East,2026-11-29
CUST001301,Anika,Sharma,anika.sharma1301@example.com,North,2027-05-02
CUST001302,Kabir,Singh,kabir.singh1302@example.com,West,2026-06-24
CUST001303,Kabir,Mehta,kabir.mehta1303@example.com,Central,2026-05-11
CUST001304,Vihaan,Patel,vihaan.patel1304@example.com,North,2026-11-30
CUST001305,Aditya,Das,aditya.das1305@example.com,East,2027-06-30
CUST001306,Priya,Mehta,priya.mehta1306@example.com,West,2026-09-02
CUST001307,Ayaan,Rao,ayaan.rao1307@example.com,South,2027-05-09
CUST001308,Aditya,Nair,aditya.nair@@mail,Central,2027-03-18
CUST001309,Ishaan,Rao,ishaan.rao1309@example.com,South,2026-06-27
CUST001310,Anika,Verma,anika.verma1310@example.com,Central,2027-09-03
CUST001311,Ishaan,Rao,ishaan.rao1311@example.com,North,2027-04-01
CUST001312,Diya,Patel,diya.patel1312@example.com,North,2027-09-05
CUST001313,Priya,Nair,priya.nair1313@example.com,West,2027-10-23
CUST001314,Aditya,Reddy,aditya.reddy1314@example.com,South,2027-08-18
CUST001315,Aarav,Das,aarav.das1315@example.com,South,2027-11-08
CUST001316,Saanvi,Rao,saanvi.rao1316@example.com,East,2027-02-04
CUST001317,Saanvi,Reddy,saanvi.reddy1317@example.com,South,2027-11-29
CUST001318,Diya,Mehta,diya.mehta1318@example.com,East,2027-03-22
CUST001319,Aditya,Mehta,aditya.mehta1319@example.com,North,2027-09-19
CUST001320,Priya,Chowdhury,priya.chowdhury1320@example.com,South,2026-10-29
CUST001321,Kabir,Bhat,kabir.bhat1321@example.com,Central,2026-02-24
CUST001322,Kabir,Verma,kabir.verma1322@example.com,East,2026-02-01
CUST001323,Riya,Joshi,riya.joshi1323@example.com,Central,2027-02-08
CUST001324,Ishaan,Joshi,ishaan.joshi1324@example.com,West,2027-02-20
CUST001325,Riya,Rao,riya.rao1325@example.com,South,2027-11-10
CUST001326,Anika,Gupta,anika.gupta1326@example.com,South,2027-07-23
CUST001327,Kabir,Chowdhury,kabir.chowdhury1327@example.com,West,2026-06-07
CUST001328,Arjun,Gupta,arjun.gupta1328@example.com,North,2026-03-15
CUST001329,Aarav,Gupta,aarav.gupta1329@example.com,West,2027-11-05
CUST001330,Arjun,Verma,arjun.verma1330@example.com,South,2027-10-20
CUST001331,Saanvi,Bhat,saanvi.bhat1331@example.com,Central,2027-03-12
CUST001332,Sai,Singh,sai.singh1332@example.com,Central,2027-03-11
CUST001333,Saanvi,Patel,saanvi.patel1333@example.com,East,2026-08-20
CUST001334,Riya,Mehta,riya.mehta1334@example.com,North,2027-08-15
CUST001335,Ayaan,Joshi,ayaan.joshi1335@example.com,Central,2026-10-03
CUST001336,Kabir,Sharma,kabir.sharma1336@example.com,North,2027-08-05
CUST001337,Kabir,Verma,kabir.verma1337@example.com,Central,2027-05-09
CUST001338,Arjun,Joshi,arjun.joshi1338@example.com,Central,2026-10-14
CUST001339,Aditya,Rao,aditya.rao1339@example.com,Central,2026-04-01
CUST001340,Anika,Kapoor,anika.kapoor1340@example.com,North,2027-12-02
CUST001341,Diya,Mehta,diya.mehta1341@example.com,North,2026-12-18
CUST001342,Aarav,Singh,aarav.singh1342@example.com,West,2027-06-09
CUST001343,Ishaan,Patel,ishaan.patel1343@example.com,East,2026-10-29
CUST001344,Sai,Sharma,sai.sharma1344@example.com,Central,2026-11-08
CUST001345,Ananya,Sharma,ananya.sharma1345@example.com,West,2027-08-16
CUST001346,Vivaan,Kapoor,vivaan.kapoor1346@example.com,East,2027-10-02
CUST001347,Diya,Singh,diya.singh1347@example.com,North,2026-05-10
CUST001348,Aditya,Chowdhury,aditya.chowdhury1348@example.com,East,2026-09-16
CUST001349,Ananya,Iyer,ananya.iyer1349@example.com,East,2026-01-15
CUST001350,Sai,Bhat,sai.bhat1350@example.com,Central,2026-06-04
CUST001351,Saanvi,Nair,saanvi.nair1351@example.com,South,2026-09-25
CUST001352,Anika,Gupta,anika.gupta1352@example.com,Central,2026-02-03
CUST001353,Aditya,Gupta,aditya.gupta1353@example.com,Central,2026-06-07
CUST001354,Riya,Das,riya.das1354@example.com,West,2026-09-01
CUST001355,Sai,Reddy,sai.reddy1355@example.com,Central,2026-12-20
CUST001356,Ananya,Das,ananya.das1356@example.com,North,2026-02-23
CUST001357,Saanvi,Patel,saanvi.patel1357@example.com,West,2026-11-05
CUST001358,Ayaan,Patel,ayaan.patel1358@example.com,West,2027-05-01
CUST001359,Arjun,Rao,arjun.rao1359@example.com,West,2026-01-13
CUST001360,Saanvi,Patel,saanvi.patel1360@example.com,East,2027-06-27
CUST001361,Vihaan,Bhat,vihaan.bhat1361@example.com,Central,2027-10-15
CUST001362,Riya,Mehta,riya.mehta1362@example.com,East,2026-12-10
CUST001363,Ananya,Das,ananya.das1363@example.com,North,2026-09-19
CUST001364,Priya,Singh,priya.singh1364@example.com,South,2027-11-20
CUST001365,Reyansh,Rao,reyansh.rao1365@example.com,East,2027-11-25
CUST001366,Ishaan,Rao,ishaan.rao1366@example.com,North,2027-11-20
CUST001367,Aditya,Sharma,aditya.sharma1367@example.com,West,2026-04-11
CUST001368,Vihaan,Kapoor,vihaan.kapoor1368@example.com,West,2026-12-26
CUST001369,Diya,Iyer,diya.iyer1369@example.com,South,2026-02-04
CUST001370,Aditya,Sharma,aditya.sharma1370@example.com,Central,2027-11-04
CUST001371,Vihaan,Joshi,vihaan.joshi1371@example.com,North,2026-03-30
CUST001372,Arjun,Patel,arjun.patel1372@example.com,Central,2026-07-09
CUST001373,Sai,Iyer,sai.iyer1373@example.com,East,2027-04-24
CUST001374,Saanvi,Bhat,saanvi.bhat1374@example.com,East,2027-03-14
CUST001375,Ananya,Gupta,ananya.gupta1375@example.com,North,2026-10-11
CUST001376,Priya,Patel,priya.patel1376@example.com,East,2026-03-03
CUST001377,Ananya,Gupta,ananya.gupta1377@example.com,West,2026-03-13
CUST001378,Reyansh,Mehta,reyansh.mehta1378@example.com,West,2026-07-02
CUST001379,Anika,Verma,anika.verma1379@example.com,South,2027-07-08
CUST001380,Reyansh,Mehta,reyansh.mehta1380@example.com,North,2027-03-29
CUST001381,Vihaan,Sharma,vihaan.sharma1381@example.com,North,2026-03-14
CUST001382,Ananya,Das,ananya.das1382@example.com,West,2026-01-20
CUST001383,Arjun,Kapoor,arjun.kapoor1383@example.com,North,2026-02-08
CUST001384,Ananya,Gupta,ananya.gupta1384@example.com,East,2027-02-05
CUST001385,Aarav,Rao,aarav.rao1385@example.com,West,2027-05-05
CUST001386,Priya,Chowdhury,priya.chowdhury1386@example.com,North,2027-07-08
CUST001387,Aarav,Patel,aarav.patel1387@example.com,West,2026-05-05
CUST001388,Kabir,Nair,kabir.nair1388@example.com,East,2027-02-15
CUST001389,Aditya,Nair,aditya.nair1389@example.com,Central,2026-12-15
CUST001390,Saanvi,Das,saanvi.das1390@example.com,East,2027-10-26
CUST001391,Sai,Rao,sai.rao1391@example.com,North,2027-01-29
CUST001392,Diya,Joshi,diya.joshi1392@example.com,West,2026-04-20
CUST001393,Kabir,Singh,kabir.singh1393@example.com,North,2027-10-10
CUST001394,Reyansh,Gupta,reyansh.gupta1394@example.com,North,2026-07-17
CUST001395,Ayaan,Singh,ayaan.singh1395@example.com,West,2026-03-06
CUST001396,Diya,Singh,diya.singh1396@example.com,Central,2027-04-06
CUST001397,Vivaan,Nair,vivaan.nair1397@example.com,North,2026-12-12
CUST001398,Priya,Verma,priya.verma1398@example.com,South,2027-11-01
CUST001399,Saanvi,Kapoor,saanvi.kapoor1399@example.com,Central,2026-06-02
CUST001400,Ayaan,Bhat,ayaan.bhat1400@example.com,North,2026-02-07
CUST001401,Anika,Kapoor,anika.kapoor1401@example.com,North,2027-04-28
CUST001402,Vivaan,Reddy,vivaan.reddy1402@example.com,South,2026-01-15
CUST001403,Vivaan,Bhat,vivaan.bhat1403@example.com,East,2026-04-10
CUST001404,Sai,Chowdhury,,North,2026-04-19
CUST001405,Anika,Mehta,anika.mehta1405@example.com,Central,2026-08-14
CUST001406,Reyansh,Patel,reyansh.patel1406@example.com,East,2027-11-26
CUST001407,Ishaan,Verma,ishaan.verma1407@example.com,Central,2027-07-13
CUST001408,Ishaan,Chowdhury,ishaan.chowdhury1408@example.com,South,2026-02-16
CUST001409,Sai,Nair,sai.nair1409@example.com,North,2026-05-04
CUST001410,Arjun,Das,arjun.das1410@example.com,West,2026-06-22
CUST001411,Sai,Singh,sai.singh1411@example.com,South,2027-08-19
CUST001412,Arjun,Verma,arjun.verma1412@example.com,Central,2027-01-21
CUST001413,Aarav,Bhat,aarav.bhat1413@example.com,West,2026-03-24
CUST001414,Aarav,Gupta,aarav.gupta1414@example.com,North,2027-10-30
CUST001415,Diya,Patel,diya.patel1415@example.com,West,2026-05-10
CUST001416,Arjun,Kapoor,arjun.kapoor1416@example.com,East,2027-06-20
CUST001417,Riya,Reddy,riya.reddy1417@example.com,South,2027-09-18
CUST001418,Sai,Joshi,sai.joshi1418@example.com,West,2027-09-19
CUST001419,Diya,Nair,diya.nair1419@example.com,West,2026-01-05
CUST001420,Ayaan,Reddy,ayaan.reddy1420@example.com,North,2027-06-27
CUST001421,Kabir,Chowdhury,kabir.chowdhury1421@example.com,Central,2027-06-04
CUST001422,Saanvi,Das,saanvi.das1422@example.com,South,2026-10-11
CUST001423,Reyansh,Verma,reyansh.verma1423@example.com,South,2027-05-01
CUST001424,Sai,Gupta,sai.gupta1424@example.com,North,2026-02-25
CUST001425,Kabir,Iyer,kabir.iyer@@mail,West,2026-09-15
CUST001426,Saanvi,Sharma,saanvi.sharma1426@example.com,North,2026-02-23
CUST001427,Sai,Gupta,sai.gupta1427@example.com,North,2027-05-12
CUST001428,Vihaan,Verma,vihaan.verma1428@example.com,South,2027-04-01
CUST001429,Ishaan,Patel,ishaan.patel1429@example.com,South,2027-11-25
CUST001430,Ayaan,Das,ayaan.das1430@example.com,North,2026-11-30
CUST001431,Vihaan,Reddy,vihaan.reddy1431@example.com,West,2026-07-24
CUST001432,Ayaan,Verma,ayaan.verma1432@example.com,West,2027-08-23
CUST001433,Vivaan,Bhat,vivaan.bhat1433@example.com,West,2026-05-29
CUST001434,Saanvi,Gupta,saanvi.gupta1434@example.com,West,2027-01-18
CUST001435,Saanvi,Joshi,saanvi.joshi1435@example.com,South,2027-10-10
CUST001436,Ananya,Reddy,ananya.reddy1436@example.com,East,2026-05-11
CUST001437,Vivaan,Iyer,vivaan.iyer1437@example.com,South,2026-04-24
CUST001438,Saanvi,Patel,saanvi.patel1438@example.com,South,2026-12-18
CUST001439,Diya,Mehta,diya.mehta1439@example.com,South,2027-10-16
CUST001440,Sai,Mehta,sai.mehta1440@example.com,Central,2026-08-24
CUST001441,Riya,Chowdhury,riya.chowdhury1441@example.com,Central,2027-05-16
CUST001442,Anika,Chowdhury,anika.chowdhury1442@example.com,West,2026-10-13
CUST001443,Riya,Joshi,riya.joshi1443@example.com,South,2026-09-11
CUST001444,Riya,Mehta,riya.mehta1444@example.com,South,2027-08-29
CUST001445,Aarav,Patel,aarav.patel1445@example.com,North,2026-02-11
CUST001446,Vivaan,Patel,vivaan.patel1446@example.com,Central,2027-02-08
CUST001447,Vihaan,Singh,vihaan.singh1447@example.com,West,2026-09-04
CUST001448,Aarav,Joshi,aarav.joshi1448@example.com,West,2026-08-12
CUST001449,Kabir,Iyer,kabir.iyer1449@example.com,South,2027-10-26
CUST001450,Aarav,Singh,aarav.singh1450@example.com,East,2026-06-15
CUST001451,Aarav,Singh,aarav.singh1451@example.com,West,2026-05-22
CUST001452,Sai,Das,sai.das1452@example.com,East,2027-10-04
CUST001453,Aarav,Chowdhury,aarav.chowdhury1453@example.com,North,2027-01-30
CUST001454,Vivaan,Iyer,vivaan.iyer1454@example.com,West,2026-10-04
CUST001455,Reyansh,Das,reyansh.das1455@example.com,North,2027-09-28
CUST001456,Vivaan,Rao,vivaan.rao1456@example.com,East,2026-02-22
CUST001457,Priya,Nair,priya.nair1457@example.com,West,2027-09-26
CUST001458,Kabir,Nair,kabir.nair1458@example.com,South,2027-10-26
CUST001459,Aditya,Rao,aditya.rao1459@example.com,South,2026-05-22
CUST001460,Ayaan,Rao,ayaan.rao1460@example.com,North,2027-10-27
CUST001461,Reyansh,Das,reyansh.das1461@example.com,South,2026-11-25
CUST001462,Ananya,Rao,ananya.rao1462@example.com,West,2026-10-11
CUST001463,Aditya,Nair,aditya.nair1463@example.com,East,2027-04-09
CUST001464,Vihaan,Singh,vihaan.singh1464@example.com,Central,2027-11-26
CUST001465,Diya,Singh,diya.singh1465@example.com,Central,2027-01-12
CUST001466,Reyansh,Bhat,reyansh.bhat1466@example.com,West,2026-03-31
CUST001467,Priya,Bhat,priya.bhat1467@example.com,South,2026-10-23
CUST001468,Vihaan,Gupta,vihaan.gupta1468@example.com,East,2026-04-25
CUST001469,Anika,Gupta,anika.gupta1469@example.com,South,2027-06-18
CUST001470,Aarav,Iyer,aarav.iyer1470@example.com,West,2027-11-30
CUST001471,Arjun,Singh,arjun.singh1471@example.com,East,2027-03-07
CUST001472,Aarav,Iyer,aarav.iyer1472@example.com,South,2026-03-06
CUST001473,Ayaan,Chowdhury,ayaan.chowdhury1473@example.com,Central,2027-10-23
CUST001474,Riya,Mehta,riya.mehta1474@example.com,East,2027-11-03
CUST001475,Ishaan,Singh,ishaan.singh1475@example.com,Central,2027-11-13
CUST001476,Saanvi,Singh,saanvi.singh1476@example.com,East,2027-08-04
CUST001477,Diya,Gupta,diya.gupta1477@example.com,East,2026-08-21
CUST001478,Kabir,Iyer,kabir.iyer1478@example.com,North,2026-06-01
CUST001479,Diya,Singh,diya.singh1479@example.com,South,2027-09-26
CUST001480,Diya,Gupta,diya.gupta1480@example.com,South,2027-11-14
CUST001481,Sai,Reddy,sai.reddy1481@example.com,North,2026-02-12
CUST001482,Arjun,Singh,arjun.singh1482@example.com,East,2027-01-14
CUST001483,Reyansh,Rao,reyansh.rao1483@example.com,North,2027-11-13
CUST001484,Kabir,Gupta,kabir.gupta1484@example.com,East,2027-04-05
CUST001485,Sai,Rao,sai.rao1485@example.com,East,2026-05-05
CUST001486,Priya,Bhat,priya.bhat1486@example.com,West,2026-05-29
CUST001487,Ishaan,Gupta,ishaan.gupta1487@example.com,North,2027-07-14
CUST001488,Ishaan,Kapoor,ishaan.kapoor1488@example.com,East,2027-05-01
CUST001489,Arjun,Das,arjun.das1489@example.com,Central,2027-03-29
CUST001490,Vihaan,Joshi,  vihaan@mail.com,North,2026-05-23
CUST001491,Vihaan,Iyer,vihaan.iyer1491@example.com,North,2027-02-16
CUST001492,Ayaan,Singh,ayaan.singh1492@example.com,East,2026-04-05
CUST001493,Vivaan,Mehta,vivaan.mehta1493@example.com,South,2027-08-21
CUST001494,Ayaan,Das,ayaan.das1494@example.com,East,2026-07-20
CUST001495,Aditya,Rao,aditya.rao1495@example.com,West,2027-11-25
CUST001496,Priya,Reddy,priya.reddy1496@example.com,West,2026-11-22
CUST001497,Vivaan,Bhat,vivaan.bhat1497@example.com,East,2027-02-12
CUST001498,Riya,Nair,riya.nair1498@example.com,West,2027-01-17
CUST001499,Diya,Nair,diya.nair1499@example.com,East,2026-11-12
CUST001500,Aditya,Reddy,aditya.reddy1500@example.com,West,2027-03-02
CUST001501,Diya,Gupta,diya.gupta1501@example.com,West,2027-03-01
CUST001502,Aditya,Gupta,aditya.gupta1502@example.com,South,2026-11-07
CUST001503,Ishaan,Verma,ishaan.verma1503@example.com,Central,2027-01-20
CUST001504,Aarav,Patel,aarav.patel1504@example.com,East,2027-03-01
CUST001505,Saanvi,Joshi,saanvi.joshi1505@example.com,Central,2026-05-21
CUST001506,Sai,Chowdhury,sai.chowdhury1506@example.com,West,2026-10-24
CUST001507,Anika,Sharma,anika.sharma1507@example.com,East,2027-08-23
CUST001508,Anika,Rao,anika.rao1508@example.com,West,2026-08-18
CUST001509,Aarav,Gupta,aarav.gupta1509@example.com,East,2026-11-04
CUST001510,Anika,Verma,anika.verma1510@example.com,East,2027-03-04
CUST001511,Anika,Bhat,anika.bhat1511@example.com,South,2026-01-30
CUST001512,Ananya,Singh,ananya.singh1512@example.com,North,2027-09-06
CUST001513,Anika,Mehta,anika.mehta1513@example.com,West,2026-09-22
CUST001514,Anika,Joshi,anika.joshi1514@example.com,North,2027-01-18
CUST001515,Aarav,Chowdhury,aarav.chowdhury1515@example.com,East,2026-06-16
CUST001516,Vivaan,Gupta,vivaan.gupta1516@example.com,East,2027-04-18
CUST001517,Kabir,Gupta,kabir.gupta1517@example.com,North,2026-10-07
CUST001518,Riya,Kapoor,riya.kapoor1518@example.com,East,2026-02-19
CUST001519,Diya,Rao,diya.rao1519@example.com,North,2027-06-11
CUST001520,Sai,Das,saidasgmail.com,Central,2026-06-21
CUST001521,Ishaan,Chowdhury,ishaan.chowdhury1521@example.com,East,2026-11-05
CUST001522,Kabir,Verma,kabir.verma1522@example.com,Central,2027-08-17
CUST001523,Arjun,Sharma,arjun.sharma1523@example.com,South,2027-06-15
CUST001524,Kabir,Das,kabir.das1524@example.com,West,2027-02-26
CUST001525,Sai,Verma,sai.verma1525@example.com,South,2026-06-08
CUST001526,Ayaan,Chowdhury,ayaan.chowdhury1526@example.com,South,2027-07-27
CUST001527,Vihaan,Patel,vihaan.patel1527@example.com,West,2026-03-20
CUST001528,Arjun,Bhat,arjun.bhat1528@example.com,North,2027-05-07
CUST001529,Diya,Joshi,diya.joshi1529@example.com,East,2026-05-23
CUST001530,Ishaan,Gupta,ishaan.gupta1530@example.com,East,2026-01-30
CUST001531,Ayaan,Gupta,ayaan.gupta1531@example.com,South,2026-08-21
CUST001532,Arjun,Reddy,arjun.reddy1532@example.com,South,2026-03-22
CUST001533,Vihaan,Verma,vihaan.verma1533@example.com,North,2027-05-11
CUST001534,Vivaan,Reddy,vivaan.reddy1534@example.com,North,2026-02-03
CUST001535,Vivaan,Singh,vivaan.singh1535@example.com,North,2026-09-17
CUST001536,Aditya,Iyer,adityaiyergmail.com,North,2026-05-07
CUST001537,Reyansh,Mehta,reyansh.mehta1537@example.com,South,2026-07-09
CUST001538,Aarav,Verma,aarav.verma1538@example.com,South,2026-10-12
CUST001539,Kabir,Nair,kabir.nair1539@example.com,South,2027-05-28
CUST001540,Ayaan,Rao,ayaan.rao1540@example.com,Central,2026-03-11
CUST001541,Aarav,Rao,aarav.rao1541@example.com,South,2026-07-16
CUST001542,Sai,Bhat,sai.bhat1542@example.com,Central,2026-01-05
CUST001543,Reyansh,Bhat,reyansh.bhat1543@example.com,Central,2027-05-02
CUST001544,Sai,Singh,sai.singh1544@example.com,North,2026-07-05
CUST001545,Priya,Patel,priya.patel1545@example.com,South,2027-06-11
CUST001546,Riya,Verma,riya.verma1546@example.com,East,2026-05-07
CUST001547,Vihaan,Rao,vihaan.rao1547@example.com,South,2027-05-23
CUST001548,Diya,Rao,diya.rao1548@example.com,North,2026-03-26
CUST001549,Anika,Verma,anika.verma1549@example.com,West,2026-10-18
CUST001550,Diya,Kapoor,diya.kapoor1550@example.com,West,2026-08-20
CUST001551,Riya,Iyer,riya.iyer1551@example.com,West,2026-07-13
CUST001552,Anika,Kapoor,anika.kapoor1552@example.com,East,2026-07-03
CUST001553,Anika,Kapoor,anika.kapoor1553@example.com,North,2027-02-10
CUST001554,Aditya,Verma,aditya.verma1554@example.com,South,2027-02-09
CUST001555,Vihaan,Joshi,vihaan.joshi1555@example.com,South,2026-03-08
CUST001556,Reyansh,Nair,reyansh.nair1556@example.com,South,2027-09-02
CUST001557,Vihaan,Reddy,vihaan.reddy1557@example.com,West,2027-05-27
CUST001558,Ananya,Das,ananya.das1558@example.com,West,2026-12-31
CUST001559,Priya,Singh,priya.singh1559@example.com,Central,2026-10-13
CUST001560,Saanvi,Verma,saanvi.verma1560@example.com,North,2026-09-14
CUST001561,Anika,Reddy,anika.reddy1561@example.com,South,2026-01-31
CUST001562,Vivaan,Chowdhury,vivaan.chowdhury1562@example.com,North,2027-05-26
CUST001563,Sai,Patel,sai.patel1563@example.com,Central,2027-11-27
CUST001564,Arjun,Iyer,arjun.iyer1564@example.com,Central,2027-10-01
CUST001565,Aditya,Kapoor,aditya.kapoor1565@example.com,Central,2027-05-20
CUST001566,Reyansh,Iyer,reyansh.iyer1566@example.com,West,2027-05-18
CUST001567,Ananya,Rao,ananya.rao1567@example.com,East,2027-07-08
CUST001568,Aarav,Das,aarav.das1568@example.com,North,2027-03-17
CUST001569,Priya,Singh,priya.singh1569@example.com,East,2027-01-21
CUST001570,Saanvi,Sharma,saanvi.sharma1570@example.com,North,2026-07-01
CUST001571,Diya,Bhat,diya.bhat1571@example.com,South,2027-05-19
CUST001572,Arjun,Iyer,arjun.iyer1572@example.com,West,2027-05-15
CUST001573,Anika,Kapoor,anika.kapoor1573@example.com,Central,2027-07-07
CUST001574,Anika,Singh,anika.singh1574@example.com,Central,2026-06-10
CUST001575,Vivaan,Patel,vivaan.patel1575@example.com,East,2027-05-22
CUST001576,Priya,Mehta,priya.mehta1576@example.com,East,2026-10-19
CUST001577,Vivaan,Sharma,vivaan.sharma1577@example.com,Central,2026-02-16
CUST001578,Kabir,Nair,kabir.nair1578@example.com,Central,2026-01-28
CUST001579,Ishaan,Patel,ishaan.patel1579@example.com,North,2027-03-15
CUST001580,Kabir,Patel,kabir.patel1580@example.com,East,2026-02-27
CUST001581,Ayaan,Reddy,ayaan.reddy1581@example.com,East,2027-08-30
CUST001582,Aditya,Chowdhury,aditya.chowdhury1582@example.com,East,2026-04-28
CUST001583,Sai,Sharma,sai.sharma1583@example.com,Central,2026-11-30
CUST001584,Saanvi,Kapoor,saanvi.kapoor1584@example.com,West,2027-08-05
CUST001585,Riya,Iyer,riyaiyergmail.com,West,2027-08-26
CUST001586,Ishaan,Patel,ishaan.patel1586@example.com,Central,2027-02-04
CUST001587,Vihaan,Das,vihaan.das1587@example.com,West,2026-04-13
CUST001588,Ishaan,Singh,ishaan.singh1588@example.com,Central,2027-11-15
CUST001589,Sai,Mehta,sai.mehta1589@example.com,East,2027-01-08
CUST001590,Reyansh,Singh,reyansh.singh1590@example.com,North,2027-07-03
CUST001591,Diya,Iyer,diya.iyer1591@example.com,North,2026-11-01
CUST001592,Priya,Das,priya.das1592@example.com,South,2027-10-02
CUST001593,Vihaan,Mehta,vihaan.mehta1593@example.com,East,2026-10-07
CUST001594,Anika,Patel,anika.patel1594@example.com,South,2026-12-22
CUST001595,Diya,Rao,diya.rao1595@example.com,East,2027-03-20
CUST001596,Ishaan,Reddy,ishaan.reddy1596@example.com,West,2027-02-16
CUST001597,Saanvi,Kapoor,saanvi.kapoor1597@example.com,Central,2026-07-04
CUST001598,Sai,Mehta,sai.mehta1598@example.com,West,2026-08-07
CUST001599,Ananya,Bhat,ananya.bhat1599@example.com,Central,2027-09-22
CUST001600,Vivaan,Rao,vivaan.rao1600@example.com,South,2027-01-09
CUST001601,Arjun,Reddy,arjun.reddy1601@example.com,South,2026-11-04
CUST001602,Riya,Nair,riya.nair1602@example.com,North,2027-10-12
CUST001603,Riya,Iyer,riya.iyer1603@example.com,East,2027-10-24
CUST001604,Ananya,Kapoor,ananya.kapoor1604@example.com,Central,2026-08-30
CUST001605,Ayaan,Verma,ayaan.verma1605@example.com,South,2026-07-16
CUST001606,Ayaan,Das,ayaan.das1606@example.com,East,2027-04-21
CUST001607,Riya,Patel,riya.patel1607@example.com,North,2026-07-26
CUST001608,Ananya,Gupta,ananya.gupta1608@example.com,North,2026-09-22
CUST001609,Sai,Kapoor,sai.kapoor1609@example.com,North,2027-05-13
CUST001610,Vivaan,Chowdhury,vivaan.chowdhury1610@example.com,North,2026-11-18
CUST001611,Diya,Chowdhury,diya.chowdhury1611@example.com,North,2027-02-21
CUST001612,Aditya,Patel,aditya.patel1612@example.com,South,2026-08-30
CUST001613,Vihaan,Rao,vihaan.rao1613@example.com,Central,2027-06-22
CUST001614,Anika,Bhat,anika.bhat1614@example.com,North,2026-09-01
CUST001615,Vihaan,Das,vihaan.das1615@example.com,East,2026-12-04
CUST001616,Priya,Das,priya.das1616@example.com,South,2027-03-10
CUST001617,Arjun,Verma,arjun.verma1617@example.com,South,2026-08-08
CUST001618,Saanvi,Patel,saanvi.patel1618@example.com,East,2027-08-27
CUST001619,Anika,Rao,anika.rao1619@example.com,East,2026-04-26
CUST001620,Riya,Singh,riya.singh1620@example.com,South,2026-10-12
CUST001621,Kabir,Singh,kabir.singh1621@example.com,East,2026-11-12
CUST001622,Vivaan,Chowdhury,vivaan.chowdhury1622@example.com,North,2027-11-19
CUST001623,Ananya,Rao,ananya.rao1623@example.com,West,2026-11-13
CUST001624,Kabir,Bhat,kabir.bhat1624@example.com,North,2027-07-02
CUST001625,Saanvi,Patel,saanvi.patel1625@example.com,North,2027-02-07
CUST001626,Diya,Verma,diya.verma1626@example.com,South,2026-11-01
CUST001627,Sai,Bhat,sai.bhat1627@example.com,West,2027-10-09
CUST001628,Riya,Das,riya.das1628@example.com,North,2026-10-08
CUST001629,Anika,Singh,anika.singh1629@example.com,West,2026-12-07
CUST001630,Vihaan,Chowdhury,vihaan.chowdhury1630@example.com,South,2026-09-25
CUST001631,Aditya,Nair,aditya.nair1631@example.com,West,2027-09-09
CUST001632,Ishaan,Singh,ishaan.singh1632@example.com,North,2026-02-23
CUST001633,Sai,Kapoor,sai.kapoor1633@example.com,West,2027-10-19
CUST001634,Aarav,Patel,aarav.patel1634@example.com,South,2027-10-06
CUST001635,Ishaan,Mehta,ishaan.mehta1635@example.com,North,2026-04-24
CUST001636,Ayaan,Rao,ayaan.rao1636@example.com,South,2027-09-01
CUST001637,Ishaan,Singh,ishaan.singh1637@example.com,West,2026-05-17
CUST001638,Sai,Kapoor,sai.kapoor1638@example.com,Central,2026-12-02
CUST001639,Reyansh,Verma,reyansh.verma1639@example.com,West,2027-01-12
CUST001640,Priya,Bhat,priya.bhat1640@example.com,West,2027-08-08
CUST001641,Aarav,Sharma,aarav.sharma1641@example.com,Central,2027-10-25
CUST001642,Ayaan,Bhat,ayaan.bhat1642@example.com,North,2027-04-19
CUST001643,Ananya,Joshi,ananya.joshi1643@example.com,South,2026-02-20
CUST001644,Riya,Mehta,riya.mehta1644@example.com,East,2026-06-02
CUST001645,Kabir,Gupta,kabir.gupta1645@example.com,Central,2026-05-01
CUST001646,Riya,Das,riya.das1646@example.com,West,2027-11-21
CUST001647,Vihaan,Reddy,vihaan.reddy1647@example.com,South,2026-07-15
CUST001648,Diya,Joshi,diya.joshi1648@example.com,West,2027-01-27
CUST001649,Riya,Chowdhury,riya.chowdhury1649@example.com,South,2027-09-07
CUST001650,Diya,Joshi,diya.joshi1650@example.com,South,2027-03-05
CUST001651,Riya,Das,riya.das1651@example.com,South,2026-01-30
CUST001652,Ananya,Reddy,ananya.reddy1652@example.com,Central,2027-04-07
CUST001653,Kabir,Mehta,kabir.mehta1653@example.com,West,2026-03-29
CUST001654,Anika,Gupta,anika.gupta1654@example.com,East,2027-02-12
CUST001655,Priya,Joshi,  priya@mail.com,Central,2026-09-20
CUST001656,Vihaan,Rao,vihaan.rao1656@example.com,North,2026-02-23
CUST001657,Ayaan,Singh,ayaan.singh1657@example.com,East,2027-09-13
CUST001658,Vivaan,Sharma,vivaan.sharma1658@example.com,East,2027-06-01
CUST001659,Priya,Iyer,priya.iyer1659@example.com,West,2027-11-19
CUST001660,Arjun,Bhat,arjun.bhat1660@example.com,Central,2026-02-12
CUST001661,Sai,Iyer,sai.iyer1661@example.com,South,2027-05-31
CUST001662,Ishaan,Bhat,ishaan.bhat1662@example.com,West,2026-05-16
CUST001663,Ishaan,Joshi,ishaan.joshi1663@example.com,Central,2027-03-20
CUST001664,Ananya,Verma,ananya.verma1664@example.com,East,2026-02-15
CUST001665,Anika,Chowdhury,anika.chowdhury1665@example.com,East,2027-01-05
CUST001666,Diya,Bhat,diya.bhat1666@example.com,East,2027-09-20
CUST001667,Ishaan,Patel,ishaan.patel1667@example.com,South,2026-11-20
CUST001668,Arjun,Rao,arjun.rao1668@example.com,West,2026-02-24
CUST001669,Arjun,Sharma,arjun.sharma1669@example.com,South,2026-07-07
CUST001670,Anika,Iyer,anika.iyer1670@example.com,South,2027-04-24
CUST001671,Vihaan,Bhat,vihaan.bhat1671@example.com,West,2026-02-11
CUST001672,Kabir,Joshi,kabir.joshi1672@example.com,Central,2027-05-12
CUST001673,Anika,Verma,anika.verma1673@example.com,South,2026-05-07
CUST001674,Aditya,Reddy,aditya.reddy1674@example.com,East,2026-07-04
CUST001675,Ananya,Mehta,,South,2027-08-21
CUST001676,Sai,Patel,sai.patel1676@example.com,North,2026-09-10
CUST001677,Vihaan,Bhat,vihaan.bhat1677@example.com,East,2026-01-27
CUST001678,Vihaan,Patel,vihaan.patel1678@example.com,East,2027-08-28
CUST001679,Ishaan,Gupta,ishaan.gupta1679@example.com,North,2026-03-25
CUST001680,Anika,Singh,anikasingh.com,Central,2027-11-05
CUST001681,Ishaan,Sharma,ishaan.sharma1681@example.com,Central,2027-04-09
CUST001682,Arjun,Reddy,arjun.reddy1682@example.com,North,2027-10-22
CUST001683,Ishaan,Das,ishaan.das1683@example.com,North,2026-03-14
CUST001684,Priya,Verma,priya.verma1684@example.com,West,2026-09-19
CUST001685,Ayaan,Das,ayaan.das1685@example.com,West,2026-04-02
CUST001686,Reyansh,Gupta,reyansh.gupta1686@example.com,West,2027-02-17
CUST001687,Arjun,Verma,arjun.verma1687@example.com,East,2027-05-18
CUST001688,Diya,Bhat,diya.bhat1688@example.com,Central,2026-05-15
CUST001689,Vihaan,Chowdhury,vihaan.chowdhury1689@example.com,East,2027-06-09
CUST001690,Anika,Singh,anika.singh1690@example.com,West,2027-05-03
CUST001691,Riya,Verma,riya.verma1691@example.com,West,2027-01-13
CUST001692,Sai,Patel,sai.patel1692@example.com,West,2026-04-06
CUST001693,Ishaan,Singh,ishaan.singh1693@example.com,South,2027-10-26
CUST001694,Anika,Rao,anika.rao1694@example.com,Central,2026-03-27
CUST001695,Saanvi,Patel,saanvi.patel1695@example.com,North,2027-05-05
CUST001696,Arjun,Gupta,arjun.gupta1696@example.com,East,2026-09-12
CUST001697,Riya,Iyer,riya.iyer1697@example.com,Central,2026-02-18
CUST001698,Aditya,Bhat,aditya.bhat1698@example.com,North,2027-06-10
CUST001699,Riya,Patel,riya.patel1699@example.com,North,2027-04-21
CUST001700,Ananya,Nair,ananya.nair1700@example.com,East,2027-08-23
CUST001701,Aarav,Verma,aarav.verma1701@example.com,West,2026-07-03
CUST001702,Priya,Sharma,priya.sharma1702@example.com,North,2027-03-03
CUST001703,Ishaan,Mehta,ishaan.mehta1703@example.com,West,2027-11-18
CUST001704,Ananya,Nair,ananya.nair1704@example.com,South,2026-08-05
CUST001705,Aditya,Joshi,aditya.joshi1705@example.com,Central,2026-09-23
CUST001706,Riya,Rao,riya.rao1706@example.com,North,2026-01-06
CUST001707,Vihaan,Sharma,vihaan.sharma1707@example.com,South,2027-11-03
CUST001708,Saanvi,Joshi,saanvi.joshi1708@example.com,West,2027-11-05
CUST001709,Anika,Iyer,anika.iyer1709@example.com,Central,2027-09-24
CUST001710,Priya,Das,priya.das1710@example.com,East,2026-03-31
CUST001711,Arjun,Sharma,arjun.sharma1711@example.com,South,2026-04-25
CUST001712,Reyansh,Chowdhury,reyansh.chowdhury1712@example.com,North,2026-08-03
CUST001713,Arjun,Kapoor,arjun.kapoor1713@example.com,South,2027-03-23
CUST001714,Reyansh,Verma,reyansh.verma1714@example.com,East,2027-04-20
CUST001715,Anika,Patel,anika.patel1715@example.com,North,2026-04-30
CUST001716,Arjun,Joshi,arjun.joshi1716@example.com,West,2027-05-12
CUST001717,Aarav,Chowdhury,aarav.chowdhury1717@example.com,West,2027-08-23
CUST001718,Reyansh,Iyer,reyansh.iyer1718@example.com,Central,2027-02-06
CUST001719,Ishaan,Sharma,ishaan.sharma1719@example.com,North,2027-10-08
CUST001720,Riya,Chowdhury,riya.chowdhury1720@example.com,West,2027-08-16
CUST001721,Diya,Sharma,diya.sharma1721@example.com,West,2027-02-14
CUST001722,Anika,Reddy,anika.reddy1722@example.com,North,2027-06-25
CUST001723,Riya,Mehta,riya.mehta1723@example.com,East,2027-07-21
CUST001724,Ananya,Bhat,ananya.bhat1724@example.com,West,2027-04-30
CUST001725,Anika,Mehta,anika.mehta1725@example.com,East,2027-04-05
CUST001726,Aarav,Gupta,aarav.gupta1726@example.com,East,2026-07-16
CUST001727,Kabir,Singh,kabir.singh1727@example.com,South,2027-06-04
CUST001728,Ishaan,Bhat,ishaan.bhat1728@example.com,Central,2027-11-04
CUST001729,Arjun,Bhat,arjun.bhat1729@example.com,East,2027-02-04
CUST001730,Kabir,Das,kabir.das1730@example.com,West,2026-06-15
CUST001731,Reyansh,Iyer,reyansh.iyer1731@example.com,North,2027-11-15
CUST001732,Arjun,Gupta,arjun.gupta1732@example.com,South,2026-06-10
CUST001733,Anika,Verma,anika.verma1733@example.com,West,2027-05-21
CUST001734,Ayaan,Reddy,ayaan.reddy1734@example.com,Central,2026-02-18
CUST001735,Kabir,Bhat,kabir.bhat1735@example.com,East,2027-01-01
CUST001736,Sai,Chowdhury,sai.chowdhury1736@example.com,Central,2026-02-02
CUST001737,Ishaan,Patel,ishaan.patel1737@example.com,North,2027-09-25
CUST001738,Vihaan,Rao,vihaan.rao1738@example.com,South,2027-05-14
CUST001739,Ishaan,Das,ishaan.das1739@example.com,East,2026-02-17
CUST001740,Ananya,Bhat,ananya.bhat1740@example.com,South,2027-06-12
CUST001741,Vihaan,Joshi,vihaan.joshi1741@example.com,North,2027-03-25
CUST001742,Vihaan,Verma,vihaan.verma1742@example.com,Central,2027-09-17
CUST001743,Vivaan,Rao,vivaan.rao1743@example.com,North,2026-06-21
CUST001744,Vihaan,Chowdhury,vihaan.chowdhury@@mail,East,2026-06-10
CUST001745,Saanvi,Das,saanvi.das1745@example.com,Central,2027-05-26
CUST001746,Arjun,Kapoor,arjun.kapoor1746@example.com,East,2026-12-09
CUST001747,Vihaan,Chowdhury,vihaan.chowdhury1747@example.com,South,2027-03-26
CUST001748,Aarav,Reddy,aarav.reddy1748@example.com,West,2026-12-16
CUST001749,Sai,Verma,sai.verma1749@example.com,East,2027-01-17
CUST001750,Kabir,Kapoor,kabir.kapoor1750@example.com,South,2026-06-05
CUST001751,Riya,Das,riya.das1751@example.com,South,2026-05-22
CUST001752,Riya,Bhat,riya.bhat1752@example.com,West,2027-04-15
CUST001753,Kabir,Sharma,kabir.sharma1753@example.com,West,2026-05-30
CUST001754,Aditya,Verma,aditya.verma1754@example.com,East,2026-11-19
CUST001755,Sai,Patel,sai.patel1755@example.com,North,2027-02-07
CUST001756,Arjun,Bhat,arjun.bhat1756@example.com,Central,2026-03-01
CUST001757,Diya,Patel,diya.patel1757@example.com,West,2027-11-29
CUST001758,Diya,Joshi,diya.joshi1758@example.com,East,2026-12-19
CUST001759,Ananya,Bhat,ananya.bhat1759@example.com,Central,2027-09-18
CUST001760,Priya,Singh,priya.singh1760@example.com,South,2027-07-12
CUST001761,Saanvi,Joshi,saanvi.joshi1761@example.com,East,2027-10-27
CUST001762,Reyansh,Bhat,reyansh.bhat1762@example.com,East,2026-03-28
CUST001763,Ishaan,Patel,ishaan.patel1763@example.com,South,2027-06-17
CUST001764,Diya,Reddy,diya.reddy1764@example.com,North,2027-06-08
CUST001765,Diya,Rao,diya.rao1765@example.com,East,2027-10-13
CUST001766,Aarav,Sharma,aarav.sharma1766@example.com,Central,2027-08-30
CUST001767,Ayaan,Chowdhury,ayaan.chowdhury1767@example.com,East,2027-03-09
CUST001768,Vihaan,Joshi,vihaan.joshi1768@example.com,North,2027-01-17
CUST001769,Kabir,Verma,kabir.verma1769@example.com,North,2027-10-29
CUST001770,Saanvi,Iyer,saanvi.iyer1770@example.com,Central,2026-01-06
CUST001771,Ishaan,Reddy,ishaan.reddy1771@example.com,Central,2027-08-03
CUST001772,Ayaan,Nair,ayaan.nair1772@example.com,East,2026-10-19
CUST001773,Arjun,Joshi,arjun.joshi1773@example.com,West,2027-06-17
CUST001774,Vihaan,Nair,vihaan.nair1774@example.com,Central,2027-08-20
CUST001775,Kabir,Singh,kabir.singh1775@example.com,North,2026-05-31
CUST001776,Riya,Verma,riya.verma1776@example.com,North,2026-03-05
CUST001777,Arjun,Singh,arjun.singh1777@example.com,South,2027-04-02
CUST001778,Kabir,Kapoor,kabir.kapoor1778@example.com,Central,2027-02-17
CUST001779,Priya,Chowdhury,priya.chowdhury1779@example.com,East,2027-08-22
CUST001780,Riya,Singh,riya.singh1780@example.com,West,2027-03-03
CUST001781,Arjun,Rao,arjun.rao1781@example.com,South,2027-05-12
CUST001782,Arjun,Joshi,arjun.joshi1782@example.com,Central,2027-06-26
CUST001783,Reyansh,Singh,reyansh.singh1783@example.com,West,2026-02-03
CUST001784,Kabir,Bhat,kabir.bhat1784@example.com,North,2027-09-09
CUST001785,Vihaan,Verma,vihaan.verma1785@example.com,East,2027-08-09
CUST001786,Vivaan,Rao,vivaan.rao1786@example.com,South,2026-05-01
CUST001787,Diya,Nair,diya.nair1787@example.com,East,2026-10-29
CUST001788,Aarav,Das,aarav.das1788@example.com,South,2026-05-26
CUST001789,Riya,Sharma,riya.sharma1789@example.com,East,2026-10-18
CUST001790,Sai,Chowdhury,sai.chowdhury1790@example.com,West,2026-01-03
CUST001791,Kabir,Verma,kabir.verma1791@example.com,North,2027-03-04
CUST001792,Diya,Mehta,diya.mehta1792@example.com,West,2026-12-12
CUST001793,Anika,Chowdhury,anika.chowdhury1793@example.com,Central,2026-05-16
CUST001794,Saanvi,Das,saanvi.das1794@example.com,West,2027-11-15
CUST001795,Arjun,Chowdhury,arjun.chowdhury1795@example.com,East,2026-04-02
CUST001796,Riya,Patel,riya.patel1796@example.com,South,2027-02-09
CUST001797,Vivaan,Kapoor,  vivaan@mail.com,East,2027-10-24
CUST001798,Sai,Joshi,sai.joshi1798@example.com,North,2027-08-09
CUST001799,Diya,Rao,diya.rao1799@example.com,North,2027-10-22
CUST001800,Aditya,Reddy,aditya.reddy1800@example.com,Central,2027-07-09
CUST001801,Vivaan,Mehta,vivaan.mehta1801@example.com,Central,2026-07-13
CUST001802,Aarav,Verma,aarav.verma1802@example.com,Central,2026-07-04
CUST001803,Ananya,Das,ananya.das1803@example.com,South,2026-09-09
CUST001804,Saanvi,Verma,saanvi.verma1804@example.com,Central,2027-09-14
CUST001805,Priya,Mehta,priya.mehta1805@example.com,North,2027-05-19
CUST001806,Ishaan,Patel,ishaan.patel1806@example.com,South,2027-03-01
CUST001807,Ishaan,Patel,ishaan.patel1807@example.com,East,2026-04-04
CUST001808,Vihaan,Rao,vihaan.rao1808@example.com,South,2026-10-20
CUST001809,Sai,Iyer,sai.iyer1809@example.com,North,2026-06-07
CUST001810,Riya,Kapoor,riya.kapoor1810@example.com,South,2026-03-02
CUST001811,Ishaan,Gupta,ishaan.gupta1811@example.com,North,2026-03-01
CUST001812,Priya,Verma,priya.verma1812@example.com,East,2026-05-26
CUST001813,Ishaan,Iyer,ishaan.iyer1813@example.com,West,2026-05-04
CUST001814,Reyansh,Reddy,reyansh.reddy1814@example.com,Central,2027-08-24
CUST001815,Anika,Rao,anika.rao1815@example.com,Central,2027-01-30
CUST001816,Ananya,Sharma,ananya.sharma1816@example.com,East,2027-04-21
CUST001817,Riya,Verma,riya.verma1817@example.com,West,2026-01-30
CUST001818,Ayaan,Bhat,ayaan.bhat1818@example.com,North,2026-10-03
CUST001819,Vihaan,Reddy,vihaan.reddy1819@example.com,Central,2027-10-30
CUST001820,Diya,Mehta,diya.mehta1820@example.com,West,2027-04-02
CUST001821,Reyansh,Das,reyansh.das1821@example.com,South,2027-01-18
CUST001822,Sai,Das,sai.das1822@example.com,South,2027-07-05
CUST001823,Saanvi,Sharma,saanvi.sharma1823@example.com,North,2027-04-21
CUST001824,Diya,Kapoor,diya.kapoor1824@example.com,South,2026-01-01
CUST001825,Anika,Iyer,,East,2027-11-28
CUST001826,Kabir,Chowdhury,kabir.chowdhury1826@example.com,South,2027-08-23
CUST001827,Diya,Sharma,diya.sharma1827@example.com,South,2027-07-01
CUST001828,Aditya,Iyer,adityaiyergmail.com,West,2026-05-06
CUST001829,Ananya,Bhat,ananya.bhat1829@example.com,West,2026-08-04
CUST001830,Ishaan,Bhat,ishaan.bhat1830@example.com,East,2027-10-13
CUST001831,Saanvi,Iyer,saanvi.iyer1831@example.com,South,2027-11-10
CUST001832,Ishaan,Reddy,ishaan.reddy1832@example.com,West,2027-09-06
CUST001833,Aarav,Bhat,aarav.bhat@@mail,North,2027-09-16
CUST001834,Aarav,Bhat,aarav.bhat1834@example.com,North,2027-11-20
CUST001835,Riya,Rao,riya.rao1835@example.com,West,2027-02-07
CUST001836,Aditya,Das,aditya.das1836@example.com,North,2027-07-06
CUST001837,Saanvi,Kapoor,saanvi.kapoor1837@example.com,North,2026-12-28
CUST001838,Kabir,Patel,kabir.patel1838@example.com,South,2026-01-09
CUST001839,Saanvi,Nair,saanvi.nair1839@example.com,South,2027-04-01
CUST001840,Ayaan,Joshi,ayaan.joshi1840@example.com,North,2026-10-15
CUST001841,Reyansh,Verma,reyansh.verma1841@example.com,Central,2027-10-03
CUST001842,Ayaan,Reddy,ayaan.reddy1842@example.com,West,2027-01-07
CUST001843,Ananya,Singh,ananya.singh1843@example.com,Central,2026-08-03
CUST001844,Reyansh,Chowdhury,reyansh.chowdhury1844@example.com,West,2026-04-24
CUST001845,Anika,Gupta,anika.gupta1845@example.com,Central,2026-07-18
CUST001846,Sai,Verma,sai.verma1846@example.com,Central,2026-05-12
CUST001847,Arjun,Iyer,arjun.iyer1847@example.com,Central,2026-08-22
CUST001848,Ananya,Reddy,ananya.reddy1848@example.com,North,2027-11-26
CUST001849,Ananya,Kapoor,ananya.kapoor1849@example.com,Central,2027-04-10
CUST001850,Riya,Kapoor,riya.kapoor1850@example.com,North,2026-11-27
CUST001851,Riya,Iyer,riya.iyer1851@example.com,North,2027-11-28
CUST001852,Saanvi,Singh,saanvi.singh1852@example.com,East,2027-06-14
CUST001853,Ayaan,Sharma,ayaan.sharma1853@example.com,East,2027-03-07
CUST001854,Saanvi,Nair,saanvi.nair1854@example.com,North,2027-02-06
CUST001855,Ishaan,Verma,ishaan.verma1855@example.com,Central,2026-01-26
CUST001856,Riya,Verma,riya.verma1856@example.com,South,2026-07-21
CUST001857,Ishaan,Iyer,ishaan.iyer1857@example.com,North,2027-10-04
CUST001858,Vihaan,Sharma,vihaan.sharma1858@example.com,West,2027-03-19
CUST001859,Ishaan,Chowdhury,ishaan.chowdhury1859@example.com,East,2026-09-11
CUST001860,Anika,Reddy,anika.reddy1860@example.com,East,2026-02-25
CUST001861,Ayaan,Verma,ayaan.verma1861@example.com,Central,2027-09-27
CUST001862,Vihaan,Kapoor,vihaan.kapoor1862@example.com,West,2027-08-16
CUST001863,Aditya,Sharma,aditya.sharma1863@example.com,North,2027-01-22
CUST001864,Aditya,Das,aditya.das1864@example.com,South,2026-03-05
CUST001865,Vivaan,Iyer,vivaan.iyer1865@example.com,Central,2027-10-04
CUST001866,Aditya,Verma,aditya.verma1866@example.com,North,2027-07-27
CUST001867,Diya,Chowdhury,diya.chowdhury1867@example.com,West,2027-02-16
CUST001868,Riya,Reddy,riya.reddy1868@example.com,Central,2027-11-07
CUST001869,Aarav,Singh,aarav.singh1869@example.com,West,2027-04-21
CUST001870,Vihaan,Nair,vihaan.nair1870@example.com,North,2027-04-10
CUST001871,Ishaan,Mehta,ishaan.mehta1871@example.com,South,2026-04-21
CUST001872,Aarav,Mehta,aarav.mehta1872@example.com,North,2027-08-31
CUST001873,Arjun,Kapoor,arjun.kapoor1873@example.com,Central,2026-09-20
CUST001874,Riya,Singh,riya.singh1874@example.com,Central,2027-04-01
CUST001875,Ayaan,Gupta,ayaan.gupta1875@example.com,North,2026-03-03
CUST001876,Diya,Mehta,diya.mehta1876@example.com,West,2027-06-10
CUST001877,Kabir,Iyer,,Central,2026-05-30
CUST001878,Anika,Iyer,anika.iyer1878@example.com,Central,2026-12-18
CUST001879,Kabir,Sharma,kabir.sharma1879@example.com,Central,2027-08-24
CUST001880,Arjun,Sharma,arjun.sharma1880@example.com,South,2027-06-04
CUST001881,Vivaan,Patel,vivaan.patel1881@example.com,East,2026-07-20
CUST001882,Reyansh,Das,reyansh.das1882@example.com,North,2026-12-16
CUST001883,Anika,Joshi,anika.joshi1883@example.com,West,2027-09-07
CUST001884,Ishaan,Mehta,ishaan.mehta1884@example.com,East,2027-03-05
CUST001885,Sai,Verma,sai.verma1885@example.com,West,2026-02-13
CUST001886,Ayaan,Bhat,ayaan.bhat1886@example.com,North,2027-10-17
CUST001887,Ayaan,Singh,ayaan.singh1887@example.com,Central,2026-08-07
CUST001888,Anika,Joshi,anika.joshi1888@example.com,East,2027-01-20
CUST001889,Priya,Gupta,priya.gupta1889@example.com,North,2027-01-07
CUST001890,Aditya,Nair,aditya.nair1890@example.com,North,2027-07-23
CUST001891,Arjun,Iyer,arjun.iyer1891@example.com,West,2026-07-19
CUST001892,Kabir,Sharma,kabir.sharma1892@example.com,North,2026-07-23
CUST001893,Diya,Gupta,diya.gupta1893@example.com,South,2026-09-26
CUST001894,Ishaan,Chowdhury,ishaan.chowdhury1894@example.com,Central,2026-09-09
CUST001895,Reyansh,Sharma,reyansh.sharma1895@example.com,South,2026-09-26
CUST001896,Aarav,Chowdhury,aarav.chowdhury1896@example.com,South,2027-01-24
CUST001897,Vihaan,Nair,vihaan.nair1897@example.com,South,2026-11-09
CUST001898,Ayaan,Nair,ayaan.nair1898@example.com,East,2027-11-08
CUST001899,Riya,Bhat,riya.bhat1899@example.com,North,2026-05-02
CUST001900,Arjun,Das,arjun.das1900@example.com,South,2026-07-16
CUST001901,Priya,Joshi,priya.joshi1901@example.com,East,2026-11-22
CUST001902,Riya,Kapoor,riya.kapoor1902@example.com,South,2026-02-17
CUST001903,Reyansh,Chowdhury,reyansh.chowdhury1903@example.com,Central,2026-10-29
CUST001904,Ishaan,Reddy,ishaan.reddy1904@example.com,North,2027-10-07
CUST001905,Arjun,Chowdhury,arjun.chowdhury1905@example.com,Central,2027-08-22
CUST001906,Reyansh,Joshi,reyansh.joshi1906@example.com,North,2027-04-27
CUST001907,Aditya,Gupta,aditya.gupta1907@example.com,Central,2027-02-02
CUST001908,Kabir,Singh,kabir.singh1908@example.com,Central,2027-04-21
CUST001909,Ishaan,Joshi,ishaan.joshi1909@example.com,East,2027-06-23
CUST001910,Anika,Singh,anika.singh1910@example.com,East,2027-08-19
CUST001911,Vivaan,Reddy,vivaan.reddy1911@example.com,South,2026-07-27
CUST001912,Ayaan,Patel,ayaan.patel1912@example.com,South,2026-11-10
CUST001913,Priya,Mehta,priya.mehta1913@example.com,South,2027-01-19
CUST001914,Aditya,Gupta,aditya.gupta1914@example.com,North,2026-10-30
CUST001915,Kabir,Reddy,kabir.reddy1915@example.com,Central,2026-02-12
CUST001916,Ishaan,Patel,ishaan.patel1916@example.com,West,2027-04-24
CUST001917,Riya,Nair,riya.nair1917@example.com,West,2026-11-21
CUST001918,Priya,Sharma,priya.sharma1918@example.com,South,2027-03-29
CUST001919,Ananya,Kapoor,ananya.kapoor1919@example.com,North,2027-01-03
CUST001920,Diya,Chowdhury,diya.chowdhury1920@example.com,Central,2027-06-10
CUST001921,Aditya,Das,aditya.das1921@example.com,East,2026-08-22
CUST001922,Vihaan,Verma,vihaan.verma1922@example.com,East,2026-02-09
CUST001923,Reyansh,Nair,reyansh.nair1923@example.com,South,2027-11-23
CUST001924,Ananya,Iyer,ananya.iyer1924@example.com,East,2026-07-15
CUST001925,Arjun,Chowdhury,arjun.chowdhury1925@example.com,Central,2026-09-25
CUST001926,Diya,Iyer,diya.iyer1926@example.com,East,2027-02-18
CUST001927,Aarav,Singh,aarav.singh1927@example.com,Central,2026-06-02
CUST001928,Ayaan,Reddy,ayaan.reddy1928@example.com,South,2027-05-01
CUST001929,Saanvi,Joshi,saanvi.joshi1929@example.com,West,2026-12-15
CUST001930,Ishaan,Chowdhury,ishaan.chowdhury1930@example.com,South,2027-03-16
CUST001931,Reyansh,Singh,reyansh.singh1931@example.com,West,2027-07-26
CUST001932,Kabir,Gupta,kabir.gupta1932@example.com,Central,2026-05-12
CUST001933,Aarav,Singh,aarav.singh1933@example.com,East,2026-12-14
CUST001934,Riya,Patel,riya.patel1934@example.com,West,2027-07-05
CUST001935,Ishaan,Mehta,ishaan.mehta1935@example.com,North,2027-08-05
CUST001936,Arjun,Gupta,arjun.gupta1936@example.com,East,2027-08-05
CUST001937,Priya,Patel,priya.patel1937@example.com,South,2027-02-05
CUST001938,Priya,Reddy,priya.reddy1938@example.com,West,2026-04-22
CUST001939,Saanvi,Kapoor,saanvi.kapoor1939@example.com,East,2026-04-06
CUST001940,Vihaan,Kapoor,vihaan.kapoor1940@example.com,Central,2026-07-01
CUST001941,Anika,Sharma,anika.sharma1941@example.com,South,2026-07-23
CUST001942,Priya,Iyer,priya.iyer1942@example.com,South,2026-08-27
CUST001943,Aditya,Singh,aditya.singh1943@example.com,North,2027-01-13
CUST001944,Aarav,Gupta,aarav.gupta1944@example.com,East,2027-02-25
CUST001945,Sai,Verma,sai.verma1945@example.com,South,2027-07-04
CUST001946,Anika,Joshi,anika.joshi1946@example.com,North,2027-02-03
CUST001947,Arjun,Chowdhury,arjun.chowdhury1947@example.com,South,2026-11-14
CUST001948,Anika,Gupta,anika.gupta1948@example.com,Central,2027-08-12
CUST001949,Reyansh,Rao,reyansh.rao1949@example.com,West,2026-10-10
CUST001950,Aarav,Gupta,aarav.gupta1950@example.com,West,2026-03-07
CUST001951,Ayaan,Rao,ayaan.rao1951@example.com,East,2027-08-06
CUST001952,Saanvi,Singh,saanvi.singh1952@example.com,Central,2026-02-10
CUST001953,Diya,Kapoor,diya.kapoor1953@example.com,West,2026-12-22
CUST001954,Priya,Mehta,priya.mehta1954@example.com,South,2027-03-02
CUST001955,Sai,Bhat,sai.bhat1955@example.com,Central,2027-03-19
CUST001956,Priya,Bhat,priya.bhat1956@example.com,South,2027-08-06
CUST001957,Priya,Joshi,priya.joshi1957@example.com,North,2026-09-03
CUST001958,Ananya,Bhat,ananya.bhat1958@example.com,Central,2026-10-26
CUST001959,Reyansh,Bhat,reyansh.bhat1959@example.com,West,2027-02-26
CUST001960,Vihaan,Nair,vihaan.nair1960@example.com,North,2026-04-18
CUST001961,Ishaan,Patel,ishaan.patel1961@example.com,West,2026-06-18
CUST001962,Reyansh,Rao,reyansh.rao1962@example.com,North,2027-04-19
CUST001963,Aditya,Kapoor,aditya.kapoor1963@example.com,West,2027-01-26
CUST001964,Priya,Chowdhury,priya.chowdhury1964@example.com,South,2027-02-11
CUST001965,Aarav,Iyer,aarav.iyer1965@example.com,North,2026-05-20
CUST001966,Saanvi,Singh,saanvi.singh1966@example.com,West,2026-03-11
CUST001967,Ayaan,Joshi,ayaan.joshi1967@example.com,West,2026-05-24
CUST001968,Ananya,Chowdhury,ananya.chowdhury1968@example.com,South,2026-06-24
CUST001969,Vihaan,Gupta,vihaan.gupta1969@example.com,East,2026-05-08
CUST001970,Priya,Gupta,priya.gupta1970@example.com,North,2027-11-19
CUST001971,Ananya,Gupta,ananya.gupta1971@example.com,West,2027-01-02
CUST001972,Reyansh,Joshi,reyansh.joshi1972@example.com,North,2027-11-23
CUST001973,Reyansh,Singh,reyansh.singh1973@example.com,North,2027-10-13
CUST001974,Vihaan,Patel,vihaan.patel1974@example.com,East,2027-03-31
CUST001975,Aarav,Sharma,aarav.sharma1975@example.com,West,2026-07-26
CUST001976,Kabir,Bhat,kabir.bhat1976@example.com,South,2026-07-24
CUST001977,Aarav,Patel,aarav.patel1977@example.com,North,2026-01-15
CUST001978,Reyansh,Kapoor,reyansh.kapoor1978@example.com,North,2026-08-14
CUST001979,Sai,Joshi,sai.joshi1979@example.com,South,2026-02-15
CUST001980,Vihaan,Chowdhury,vihaan.chowdhury1980@example.com,East,2026-11-27
CUST001981,Reyansh,Mehta,reyansh.mehta1981@example.com,South,2027-07-09
CUST001982,Riya,Verma,riya.verma1982@example.com,South,2026-08-07
CUST001983,Kabir,Nair,kabir.nair@@mail,North,2027-02-16
CUST001984,Ishaan,Sharma,ishaan.sharma1984@example.com,West,2026-08-06
CUST001985,Ayaan,Verma,ayaan.verma1985@example.com,East,2027-10-28
CUST001986,Kabir,Sharma,kabir.sharma1986@example.com,North,2026-08-12
CUST001987,Diya,Das,diya.das1987@example.com,Central,2027-05-27
CUST001988,Sai,Iyer,sai.iyer1988@example.com,North,2027-09-07
CUST001989,Priya,Kapoor,priya.kapoor1989@example.com,South,2026-12-07
CUST001990,Ishaan,Chowdhury,ishaan.chowdhury1990@example.com,West,2026-03-11
CUST001991,Aarav,Mehta,aarav.mehta1991@example.com,Central,2027-04-05
CUST001992,Ayaan,Rao,ayaan.rao1992@example.com,Central,2026-01-14
CUST001993,Aarav,Mehta,aarav.mehta1993@example.com,North,2026-11-13
CUST001994,Riya,Das,riya.das1994@example.com,South,2027-09-27
CUST001995,Vivaan,Gupta,vivaan.gupta1995@example.com,East,2027-05-26
CUST001996,Reyansh,Gupta,reyansh.gupta1996@example.com,West,2026-07-29
CUST001997,Vivaan,Reddy,vivaan.reddy1997@example.com,Central,2027-03-31
CUST001998,Arjun,Iyer,arjun.iyer1998@example.com,East,2027-10-22
CUST001999,Riya,Kapoor,riya.kapoor1999@example.com,East,2026-01-25
CUST002000,Ishaan,Nair,ishaan.nair2000@example.com,South,2026-07-30
CUST002001,Vivaan,Bhat,vivaan.bhat2001@example.com,South,2026-08-16
CUST002002,Priya,Rao,priya.rao2002@example.com,East,2026-07-07
CUST002003,Aarav,Verma,aarav.verma2003@example.com,West,2026-03-13
CUST002004,Vivaan,Kapoor,vivaan.kapoor2004@example.com,South,2026-07-29
CUST002005,Aditya,Gupta,aditya.gupta2005@example.com,Central,2027-07-17
CUST002006,Ayaan,Rao,ayaan.rao2006@example.com,North,2027-03-13
CUST002007,Diya,Gupta,diya.gupta2007@example.com,South,2026-09-08
CUST002008,Sai,Mehta,sai.mehta2008@example.com,South,2026-11-07
CUST002009,Saanvi,Kapoor,saanvi.kapoor2009@example.com,South,2026-10-06
CUST002010,Aditya,Nair,aditya.nair2010@example.com,West,2027-01-22
CUST002011,Anika,Singh,anika.singh2011@example.com,West,2027-06-02
CUST002012,Riya,Das,riya.das2012@example.com,South,2027-05-09
CUST002013,Priya,Patel,priya.patel2013@example.com,North,2026-11-04
CUST002014,Arjun,Rao,arjun.rao2014@example.com,South,2026-09-21
CUST002015,Saanvi,Iyer,saanvi.iyer2015@example.com,West,2026-10-18
CUST002016,Anika,Verma,anika.verma2016@example.com,East,2026-05-20
CUST002017,Reyansh,Gupta,reyansh.gupta2017@example.com,South,2026-01-05
CUST002018,Kabir,Singh,kabir.singh2018@example.com,West,2027-03-02
CUST002019,Kabir,Patel,kabir.patel2019@example.com,West,2026-11-12
CUST002020,Aditya,Patel,aditya.patel2020@example.com,North,2026-05-08
CUST002021,Sai,Reddy,sai.reddy2021@example.com,West,2026-09-19
CUST002022,Anika,Kapoor,anika.kapoor2022@example.com,East,2026-03-01
CUST002023,Priya,Bhat,priya.bhat2023@example.com,West,2026-09-10
CUST002024,Anika,Sharma,anika.sharma2024@example.com,East,2027-10-09
CUST002025,Arjun,Iyer,arjun.iyer2025@example.com,Central,2027-04-12
CUST002026,Ananya,Reddy,ananya.reddy2026@example.com,Central,2027-08-16
CUST002027,Aarav,Verma,aarav.verma2027@example.com,North,2027-10-22
CUST002028,Priya,Joshi,priya.joshi2028@example.com,Central,2026-03-24
CUST002029,Reyansh,Bhat,reyansh.bhat2029@example.com,West,2026-06-19
CUST002030,Ananya,Joshi,ananya.joshi2030@example.com,East,2027-05-28
CUST002031,Priya,Mehta,priya.mehta2031@example.com,East,2027-02-26
CUST002032,Vihaan,Kapoor,vihaan.kapoor2032@example.com,Central,2026-12-19
CUST002033,Ananya,Joshi,ananya.joshi2033@example.com,South,2027-02-12
CUST002034,Aarav,Gupta,aarav.gupta2034@example.com,West,2026-01-02
CUST002035,Aditya,Das,aditya.das2035@example.com,West,2027-06-22
CUST002036,Diya,Joshi,diya.joshi2036@example.com,West,2026-06-24
CUST002037,Kabir,Gupta,kabir.gupta2037@example.com,South,2026-07-22
CUST002038,Sai,Rao,sai.rao2038@example.com,North,2027-04-07
CUST002039,Reyansh,Gupta,reyansh.gupta2039@example.com,South,2026-03-02
CUST002040,Reyansh,Iyer,reyansh.iyer2040@example.com,West,2027-03-28
CUST002041,Vihaan,Chowdhury,vihaan.chowdhury2041@example.com,South,2026-03-23
CUST002042,Aditya,Patel,aditya.patel2042@example.com,North,2026-10-11
CUST002043,Ishaan,Sharma,ishaan.sharma2043@example.com,Central,2026-08-29
CUST002044,Anika,Kapoor,anika.kapoor2044@example.com,North,2026-01-10
CUST002045,Ananya,Das,ananya.das2045@example.com,North,2027-11-13
CUST002046,Vivaan,Verma,vivaan.verma@@mail,Central,2026-01-08
CUST002047,Ananya,Bhat,ananya.bhat2047@example.com,West,2027-04-30
CUST002048,Riya,Nair,riya.nair2048@example.com,East,2027-11-30
CUST002049,Ishaan,Chowdhury,ishaan.chowdhury2049@example.com,South,2027-01-05
CUST002050,Priya,Mehta,priya.mehta2050@example.com,North,2026-12-31
CUST002051,Vihaan,Sharma,vihaan.sharma2051@example.com,West,2027-02-16
CUST002052,Aarav,Mehta,aarav.mehta2052@example.com,North,2027-06-28
CUST002053,Ayaan,Nair,ayaan.nair2053@example.com,West,2027-09-26
CUST002054,Anika,Rao,anika.rao2054@example.com,West,2027-11-08
CUST002055,Aarav,Kapoor,aarav.kapoor2055@example.com,East,2026-01-18
CUST002056,Kabir,Chowdhury,kabir.chowdhury2056@example.com,North,2026-11-30
CUST002057,Ayaan,Mehta,ayaan.mehta2057@example.com,West,2027-02-14
CUST002058,Aditya,Nair,aditya.nair2058@example.com,West,2027-05-03
CUST002059,Vihaan,Joshi,vihaan.joshi2059@example.com,West,2026-10-28
CUST002060,Reyansh,Joshi,reyansh.joshi2060@example.com,South,2027-06-17
CUST002061,Vivaan,Gupta,  vivaan@mail.com,North,2026-11-05
CUST002062,Saanvi,Gupta,saanvi.gupta2062@example.com,West,2026-04-29
CUST002063,Ayaan,Reddy,ayaan.reddy2063@example.com,South,2026-06-24
CUST002064,Vihaan,Patel,vihaan.patel2064@example.com,North,2026-06-14
CUST002065,Priya,Das,priya.das2065@example.com,East,2026-08-14
CUST002066,Anika,Bhat,anika.bhat2066@example.com,North,2027-11-13
CUST002067,Anika,Verma,anika.verma2067@example.com,East,2026-08-18
CUST002068,Aditya,Kapoor,aditya.kapoor2068@example.com,East,2027-01-22
CUST002069,Riya,Das,riya.das2069@example.com,South,2026-08-17
CUST002070,Vihaan,Iyer,vihaan.iyer2070@example.com,North,2026-04-25
CUST002071,Ishaan,Joshi,ishaan.joshi2071@example.com,Central,2026-07-12
CUST002072,Kabir,Gupta,kabir.gupta2072@example.com,East,2027-01-25
CUST002073,Aarav,Iyer,aarav.iyer2073@example.com,North,2027-08-28
CUST002074,Reyansh,Chowdhury,reyansh.chowdhury2074@example.com,West,2027-03-10
CUST002075,Kabir,Das,kabir.das2075@example.com,South,2027-06-17
CUST002076,Ayaan,Verma,ayaan.verma2076@example.com,West,2026-01-10
CUST002077,Saanvi,Nair,saanvi.nair2077@example.com,South,2026-10-31
CUST002078,Anika,Kapoor,anika.kapoor2078@example.com,West,2026-05-31
CUST002079,Diya,Gupta,diya.gupta2079@example.com,North,2027-09-06
CUST002080,Diya,Rao,diya.rao2080@example.com,North,2026-10-08
CUST002081,Anika,Kapoor,anika.kapoor2081@example.com,South,2027-05-22
CUST002082,Priya,Sharma,priya.sharma2082@example.com,East,2026-06-06
CUST002083,Ayaan,Joshi,ayaan.joshi2083@example.com,North,2026-07-03
CUST002084,Priya,Iyer,priya.iyer2084@example.com,South,2026-01-23
CUST002085,Priya,Nair,priya.nair2085@example.com,West,2027-11-26
CUST002086,Kabir,Das,kabir.das2086@example.com,West,2027-02-05
CUST002087,Diya,Iyer,diya.iyer2087@example.com,South,2027-07-16
CUST002088,Vihaan,Gupta,vihaan.gupta2088@example.com,East,2027-08-18
CUST002089,Diya,Singh,diya.singh2089@example.com,South,2027-08-15
CUST002090,Saanvi,Joshi,saanvi.joshi2090@example.com,West,2026-10-26
CUST002091,Reyansh,Reddy,reyansh.reddy2091@example.com,South,2027-10-29
CUST002092,Kabir,Joshi,kabir.joshi2092@example.com,Central,2026-04-15
CUST002093,Priya,Patel,priya.patel2093@example.com,South,2026-02-27
CUST002094,Kabir,Singh,kabir.singh2094@example.com,South,2026-02-23
CUST002095,Ishaan,Mehta,ishaan.mehta2095@example.com,West,2026-06-02
CUST002096,Priya,Reddy,priya.reddy2096@example.com,North,2026-05-02
CUST002097,Priya,Singh,priya.singh2097@example.com,East,2027-09-03
CUST002098,Priya,Das,priya.das2098@example.com,North,2027-04-20
CUST002099,Priya,Iyer,priya.iyer2099@example.com,West,2027-01-12
CUST002100,Vihaan,Verma,vihaan.verma2100@example.com,North,2026-05-05
CUST002101,Ayaan,Sharma,ayaan.sharma2101@example.com,Central,2027-08-10
CUST002102,Anika,Iyer,anika.iyer2102@example.com,North,2027-08-31
CUST002103,Priya,Singh,priya.singh2103@example.com,West,2026-11-02
CUST002104,Arjun,Verma,arjunverma.com,North,2027-07-05
CUST002105,Priya,Chowdhury,priya.chowdhury2105@example.com,North,2027-02-08
CUST002106,Anika,Verma,anika.verma2106@example.com,Central,2027-08-22
CUST002107,Vihaan,Das,vihaan.das2107@example.com,South,2027-11-06
CUST002108,Sai,Chowdhury,sai.chowdhury2108@example.com,Central,2026-07-04
CUST002109,Saanvi,Das,saanvi.das2109@example.com,East,2026-05-06
CUST002110,Arjun,Mehta,arjun.mehta2110@example.com,South,2027-10-31
CUST002111,Aditya,Rao,aditya.rao2111@example.com,East,2026-02-05
CUST002112,Vihaan,Rao,vihaan.rao2112@example.com,East,2027-01-08
CUST002113,Sai,Patel,sai.patel2113@example.com,North,2026-09-12
CUST002114,Vivaan,Rao,vivaan.rao2114@example.com,East,2027-11-06
CUST002115,Saanvi,Gupta,saanvi.gupta2115@example.com,Central,2027-05-18
CUST002116,Kabir,Mehta,kabir.mehta2116@example.com,Central,2027-06-07
CUST002117,Vihaan,Kapoor,vihaan.kapoor2117@example.com,North,2026-08-31
CUST002118,Reyansh,Gupta,reyansh.gupta2118@example.com,East,2026-08-09
CUST002119,Reyansh,Mehta,reyansh.mehta2119@example.com,East,2026-10-12
CUST002120,Riya,Verma,riya.verma2120@example.com,Central,2026-09-19
CUST002121,Priya,Kapoor,priya.kapoor2121@example.com,South,2027-02-14
CUST002122,Aditya,Iyer,aditya.iyer2122@example.com,West,2026-05-27
CUST002123,Reyansh,Verma,reyansh.verma2123@example.com,East,2027-10-11
CUST002124,Reyansh,Joshi,reyansh.joshi2124@example.com,East,2027-08-01
CUST002125,Sai,Patel,sai.patel2125@example.com,South,2026-11-20
CUST002126,Priya,Sharma,priya.sharma2126@example.com,Central,2026-09-11
CUST002127,Ananya,Verma,ananya.verma2127@example.com,Central,2026-04-23
CUST002128,Riya,Verma,riya.verma2128@example.com,East,2027-10-18
CUST002129,Kabir,Bhat,kabir.bhat2129@example.com,East,2026-10-07
CUST002130,Ayaan,Iyer,ayaan.iyer2130@example.com,North,2026-04-11
CUST002131,Ayaan,Patel,ayaan.patel2131@example.com,North,2026-05-07
CUST002132,Diya,Mehta,diya.mehta2132@example.com,West,2026-04-08
CUST002133,Kabir,Joshi,kabir.joshi2133@example.com,Central,2026-10-16
CUST002134,Ananya,Mehta,ananya.mehta2134@example.com,North,2026-02-19
CUST002135,Ishaan,Das,ishaan.das2135@example.com,West,2026-07-05
CUST002136,Priya,Singh,priya.singh2136@example.com,Central,2026-05-11
CUST002137,Aarav,Kapoor,aarav.kapoor2137@example.com,Central,2026-06-09
CUST002138,Arjun,Gupta,arjun.gupta2138@example.com,West,2027-08-05
CUST002139,Vivaan,Bhat,vivaan.bhat2139@example.com,East,2026-09-13
CUST002140,Riya,Joshi,riya.joshi2140@example.com,West,2026-07-07
CUST002141,Kabir,Das,kabir.das2141@example.com,West,2027-05-30
CUST002142,Ananya,Patel,ananya.patel2142@example.com,Central,2026-08-23
CUST002143,Aditya,Iyer,aditya.iyer2143@example.com,West,2026-11-17
CUST002144,Aditya,Verma,aditya.verma2144@example.com,South,2026-04-06
CUST002145,Vivaan,Verma,vivaan.verma2145@example.com,East,2027-07-22
CUST002146,Aarav,Patel,aarav.patel2146@example.com,Central,2026-05-20
CUST002147,Anika,Rao,anika.rao2147@example.com,Central,2026-05-08
CUST002148,Aarav,Mehta,aarav.mehta2148@example.com,South,2026-01-08
CUST002149,Kabir,Reddy,kabir.reddy2149@example.com,Central,2027-12-02
CUST002150,Vivaan,Mehta,vivaan.mehta2150@example.com,West,2026-06-22
CUST002151,Ayaan,Gupta,ayaan.gupta2151@example.com,North,2027-01-11
CUST002152,Kabir,Sharma,kabir.sharma2152@example.com,West,2027-05-23
CUST002153,Sai,Nair,sai.nair2153@example.com,North,2026-12-13
CUST002154,Vihaan,Iyer,vihaan.iyer2154@example.com,East,2027-05-10
CUST002155,Ananya,Reddy,ananya.reddy2155@example.com,North,2027-10-09
CUST002156,Priya,Reddy,priya.reddy2156@example.com,East,2027-10-21
CUST002157,Vivaan,Bhat,vivaan.bhat2157@example.com,West,2027-09-25
CUST002158,Vivaan,Nair,vivaan.nair2158@example.com,North,2027-09-23
CUST002159,Ishaan,Iyer,ishaan.iyer2159@example.com,East,2026-04-20
CUST002160,Kabir,Bhat,kabir.bhat2160@example.com,South,2027-02-16
CUST002161,Aarav,Verma,aarav.verma2161@example.com,West,2027-05-19
CUST002162,Aditya,Rao,aditya.rao2162@example.com,Central,2026-06-07
CUST002163,Vihaan,Bhat,vihaan.bhat2163@example.com,West,2026-01-08
CUST002164,Ananya,Reddy,ananya.reddy2164@example.com,West,2027-02-09
CUST002165,Diya,Nair,diya.nair2165@example.com,West,2026-07-06
CUST002166,Ananya,Verma,ananya.verma2166@example.com,West,2027-11-04
CUST002167,Sai,Gupta,sai.gupta2167@example.com,East,2027-03-21
CUST002168,Kabir,Bhat,kabir.bhat2168@example.com,South,2026-04-24
CUST002169,Diya,Sharma,diya.sharma2169@example.com,South,2027-02-09
CUST002170,Ishaan,Bhat,ishaan.bhat2170@example.com,North,2026-06-14
CUST002171,Anika,Kapoor,anika.kapoor2171@example.com,East,2026-05-02
CUST002172,Anika,Rao,anika.rao2172@example.com,West,2027-11-30
CUST002173,Ishaan,Das,ishaan.das2173@example.com,West,2027-05-29
CUST002174,Arjun,Verma,arjun.verma2174@example.com,North,2026-01-22
CUST002175,Arjun,Nair,arjun.nair2175@example.com,Central,2026-01-14
CUST002176,Vivaan,Kapoor,vivaan.kapoor2176@example.com,East,2027-03-16
CUST002177,Aarav,Patel,aarav.patel2177@example.com,West,2026-10-24
CUST002178,Anika,Verma,anika.verma2178@example.com,West,2026-09-11
CUST002179,Arjun,Joshi,arjun.joshi2179@example.com,Central,2026-07-11
CUST002180,Ananya,Das,ananya.das2180@example.com,North,2026-09-27
CUST002181,Riya,Reddy,riya.reddy2181@example.com,West,2026-04-16
CUST002182,Sai,Reddy,sai.reddy2182@example.com,Central,2027-10-07
CUST002183,Arjun,Reddy,arjun.reddy2183@example.com,North,2026-05-16
CUST002184,Vivaan,Iyer,vivaan.iyer2184@example.com,South,2026-05-30
CUST002185,Aarav,Mehta,aarav.mehta2185@example.com,South,2026-04-04
CUST002186,Priya,Patel,priya.patel2186@example.com,Central,2026-11-10
CUST002187,Ayaan,Reddy,ayaan.reddy2187@example.com,East,2027-03-13
CUST002188,Vivaan,Rao,vivaan.rao2188@example.com,West,2027-10-22
CUST002189,Diya,Verma,diya.verma2189@example.com,East,2027-01-08
CUST002190,Kabir,Joshi,kabir.joshi2190@example.com,West,2026-09-10
CUST002191,Vivaan,Gupta,vivaan.gupta2191@example.com,North,2026-01-01
CUST002192,Ishaan,Reddy,ishaan.reddy2192@example.com,East,2027-04-29
CUST002193,Vihaan,Patel,vihaan.patel2193@example.com,South,2026-09-16
CUST002194,Kabir,Nair,kabir.nair2194@example.com,East,2026-04-25
CUST002195,Aarav,Kapoor,aarav.kapoor2195@example.com,Central,2026-05-14
CUST002196,Kabir,Joshi,kabir.joshi2196@example.com,East,2027-08-27
CUST002197,Kabir,Reddy,kabir.reddy2197@example.com,East,2026-08-04
CUST002198,Priya,Verma,priya.verma2198@example.com,North,2026-05-14
CUST002199,Vihaan,Sharma,vihaan.sharma2199@example.com,Central,2027-11-02
CUST002200,Reyansh,Joshi,reyansh.joshi2200@example.com,West,2026-04-12
CUST002201,Ishaan,Iyer,ishaan.iyer2201@example.com,West,2026-07-26
CUST002202,Arjun,Sharma,arjun.sharma2202@example.com,South,2026-07-16
CUST002203,Ananya,Bhat,ananya.bhat2203@example.com,Central,2026-12-22
CUST002204,Saanvi,Kapoor,saanvi.kapoor2204@example.com,North,2027-03-23
CUST002205,Anika,Patel,anika.patel2205@example.com,Central,2027-05-31
CUST002206,Sai,Mehta,sai.mehta2206@example.com,East,2026-05-13
CUST002207,Vivaan,Mehta,vivaan.mehta2207@example.com,North,2026-07-14
CUST002208,Anika,Kapoor,anika.kapoor2208@example.com,Central,2027-06-10
CUST002209,Sai,Singh,sai.singh2209@example.com,Central,2027-01-29
CUST002210,Priya,Patel,priya.patel2210@example.com,Central,2026-10-06
CUST002211,Sai,Sharma,sai.sharma2211@example.com,South,2027-08-09
CUST002212,Aarav,Bhat,aarav.bhat2212@example.com,Central,2027-04-12
CUST002213,Ananya,Iyer,ananya.iyer2213@example.com,South,2026-10-31
CUST002214,Vihaan,Gupta,vihaan.gupta2214@example.com,South,2026-02-16
CUST002215,Ayaan,Iyer,ayaan.iyer2215@example.com,North,2027-10-17
CUST002216,Ananya,Bhat,ananya.bhat2216@example.com,South,2026-10-04
CUST002217,Ayaan,Chowdhury,ayaan.chowdhury2217@example.com,South,2027-07-02
CUST002218,Aarav,Kapoor,aarav.kapoor2218@example.com,East,2027-10-10
CUST002219,Kabir,Nair,kabir.nair2219@example.com,North,2027-07-17
CUST002220,Arjun,Patel,arjun.patel2220@example.com,Central,2026-10-29
CUST002221,Vivaan,Kapoor,vivaan.kapoor2221@example.com,North,2026-12-31
CUST002222,Ananya,Gupta,ananya.gupta2222@example.com,East,2026-01-17
CUST002223,Vihaan,Joshi,vihaan.joshi2223@example.com,West,2027-11-01
CUST002224,Reyansh,Chowdhury,reyansh.chowdhury2224@example.com,West,2026-08-14
CUST002225,Ananya,Reddy,ananya.reddy2225@example.com,Central,2027-10-07
CUST002226,Arjun,Singh,arjun.singh2226@example.com,South,2027-03-21
CUST002227,Arjun,Bhat,arjun.bhat2227@example.com,West,2026-04-06
CUST002228,Sai,Singh,sai.singh2228@example.com,South,2026-06-30
CUST002229,Anika,Joshi,anika.joshi2229@example.com,South,2027-10-26
CUST002230,Aarav,Iyer,aarav.iyer2230@example.com,South,2026-07-01
CUST002231,Reyansh,Verma,reyansh.verma2231@example.com,South,2026-03-15
CUST002232,Ayaan,Singh,ayaan.singh2232@example.com,West,2026-04-13
CUST002233,Arjun,Joshi,arjun.joshi2233@example.com,North,2027-09-10
CUST002234,Priya,Patel,priya.patel2234@example.com,North,2026-04-23
CUST002235,Vivaan,Gupta,vivaan.gupta2235@example.com,South,2026-03-27
CUST002236,Arjun,Kapoor,arjun.kapoor2236@example.com,Central,2026-01-14
CUST002237,Vihaan,Rao,vihaan.rao2237@example.com,East,2026-03-29
CUST002238,Arjun,Singh,arjun.singh2238@example.com,Central,2027-03-31
CUST002239,Diya,Nair,diya.nair2239@example.com,West,2026-06-08
CUST002240,Vivaan,Rao,vivaan.rao2240@example.com,East,2027-10-05
CUST002241,Vihaan,Sharma,vihaan.sharma2241@example.com,North,2026-04-16
CUST002242,Diya,Verma,diya.verma2242@example.com,Central,2027-03-02
CUST002243,Aarav,Bhat,aarav.bhat2243@example.com,South,2026-01-25
CUST002244,Riya,Patel,riya.patel2244@example.com,South,2026-12-28
CUST002245,Diya,Reddy,diya.reddy2245@example.com,West,2026-04-26
CUST002246,Sai,Verma,sai.verma2246@example.com,South,2026-04-15
CUST002247,Kabir,Verma,kabir.verma2247@example.com,Central,2026-12-08
CUST002248,Kabir,Bhat,kabir.bhat2248@example.com,North,2026-02-14
CUST002249,Arjun,Gupta,arjun.gupta2249@example.com,West,2027-06-28
CUST002250,Sai,Kapoor,sai.kapoor2250@example.com,West,2026-06-03
CUST002251,Diya,Nair,diya.nair2251@example.com,North,2026-10-05
CUST002252,Kabir,Bhat,kabir.bhat2252@example.com,East,2026-03-20
CUST002253,Arjun,Das,arjun.das2253@example.com,South,2026-11-24
CUST002254,Priya,Singh,priya.singh2254@example.com,West,2026-03-10
CUST002255,Riya,Joshi,riya.joshi2255@example.com,East,2026-05-29
CUST002256,Ishaan,Gupta,ishaan.gupta2256@example.com,South,2027-01-30
CUST002257,Ishaan,Singh,ishaan.singh2257@example.com,West,2027-05-08
CUST002258,Ishaan,Gupta,ishaan.gupta2258@example.com,South,2027-01-28
CUST002259,Anika,Rao,anika.rao2259@example.com,Central,2027-05-20
CUST002260,Ayaan,Patel,ayaan.patel2260@example.com,North,2027-08-18
CUST002261,Ayaan,Joshi,ayaan.joshi2261@example.com,North,2026-08-29
CUST002262,Aarav,Reddy,aarav.reddy2262@example.com,North,2027-01-07
CUST002263,Anika,Gupta,anika.gupta2263@example.com,North,2026-03-03
CUST002264,Kabir,Chowdhury,kabir.chowdhury2264@example.com,South,2026-10-29
CUST002265,Arjun,Chowdhury,arjun.chowdhury2265@example.com,Central,2027-03-08
CUST002266,Reyansh,Chowdhury,reyansh.chowdhury2266@example.com,South,2026-02-27
CUST002267,Vihaan,Joshi,vihaan.joshi@@mail,West,2026-01-27
CUST002268,Kabir,Sharma,kabir.sharma2268@example.com,North,2027-11-10
CUST002269,Aditya,Singh,aditya.singh2269@example.com,Central,2026-06-11
CUST002270,Arjun,Nair,arjun.nair2270@example.com,South,2026-03-22
CUST002271,Aditya,Sharma,aditya.sharma2271@example.com,Central,2027-03-03
CUST002272,Sai,Singh,sai.singh2272@example.com,South,2027-06-25
CUST002273,Anika,Patel,anika.patel2273@example.com,East,2027-03-31
CUST002274,Aarav,Iyer,aarav.iyer2274@example.com,North,2026-06-09
CUST002275,Vivaan,Mehta,vivaan.mehta2275@example.com,South,2027-05-31
CUST002276,Aarav,Patel,aarav.patel2276@example.com,West,2027-11-28
CUST002277,Ananya,Bhat,ananya.bhat2277@example.com,Central,2027-05-29
CUST002278,Ayaan,Patel,ayaan.patel2278@example.com,South,2026-10-06
CUST002279,Priya,Gupta,priya.gupta2279@example.com,South,2027-02-15
CUST002280,Vivaan,Reddy,vivaan.reddy2280@example.com,West,2026-07-08
CUST002281,Aditya,Chowdhury,aditya.chowdhury2281@example.com,West,2027-05-04
CUST002282,Priya,Chowdhury,priya.chowdhury2282@example.com,West,2026-06-18
CUST002283,Kabir,Kapoor,kabir.kapoor2283@example.com,West,2026-07-19
CUST002284,Vihaan,Verma,vihaan.verma2284@example.com,North,2027-01-07
CUST002285,Ishaan,Sharma,ishaan.sharma2285@example.com,South,2026-10-16
CUST002286,Vihaan,Verma,vihaan.verma2286@example.com,South,2027-09-04
CUST002287,Diya,Reddy,,South,2027-10-16
CUST002288,Ayaan,Iyer,ayaaniyergmail.com,Central,2027-08-02
CUST002289,Anika,Sharma,anika.sharma2289@example.com,North,2026-11-19
CUST002290,Diya,Sharma,diya.sharma2290@example.com,East,2026-10-17
CUST002291,Reyansh,Nair,reyansh.nair2291@example.com,West,2026-12-31
CUST002292,Vihaan,Nair,vihaan.nair2292@example.com,West,2027-05-31
CUST002293,Arjun,Sharma,arjun.sharma2293@example.com,Central,2027-01-27
CUST002294,Vivaan,Iyer,vivaan.iyer2294@example.com,South,2026-06-05
CUST002295,Aditya,Bhat,aditya.bhat2295@example.com,North,2026-08-26
CUST002296,Arjun,Das,arjun.das2296@example.com,South,2027-05-29
CUST002297,Ishaan,Singh,ishaan.singh2297@example.com,South,2026-12-14
CUST002298,Kabir,Mehta,kabir.mehta2298@example.com,West,2026-02-10
CUST002299,Ayaan,Reddy,ayaan.reddy2299@example.com,Central,2027-09-14
CUST002300,Arjun,Mehta,arjun.mehta2300@example.com,West,2026-04-10
CUST002301,Arjun,Das,arjun.das2301@example.com,East,2027-07-15
CUST002302,Anika,Verma,anika.verma2302@example.com,West,2026-11-18
CUST002303,Diya,Gupta,diya.gupta2303@example.com,North,2026-10-14
CUST002304,Kabir,Nair,kabir.nair2304@example.com,North,2026-03-14
CUST002305,Saanvi,Iyer,saanvi.iyer2305@example.com,West,2026-09-20
CUST002306,Arjun,Verma,arjun.verma2306@example.com,Central,2027-05-15
CUST002307,Kabir,Chowdhury,kabir.chowdhury2307@example.com,East,2027-02-15
CUST002308,Arjun,Singh,arjun.singh2308@example.com,East,2027-06-09
CUST002309,Ishaan,Nair,ishaan.nair2309@example.com,North,2027-11-30
CUST002310,Saanvi,Iyer,saanvi.iyer2310@example.com,North,2027-09-28
CUST002311,Vivaan,Joshi,vivaan.joshi2311@example.com,South,2027-07-29
CUST002312,Arjun,Chowdhury,arjun.chowdhury2312@example.com,North,2026-10-25
CUST002313,Sai,Mehta,sai.mehta2313@example.com,West,2026-03-16
CUST002314,Priya,Chowdhury,priya.chowdhury2314@example.com,West,2027-11-17
CUST002315,Kabir,Singh,kabir.singh2315@example.com,West,2027-10-20
CUST002316,Saanvi,Verma,saanvi.verma2316@example.com,North,2026-07-04
CUST002317,Priya,Das,priya.das2317@example.com,West,2026-07-24
CUST002318,Ishaan,Verma,ishaan.verma2318@example.com,East,2026-12-17
CUST002319,Anika,Reddy,anika.reddy2319@example.com,West,2026-04-28
CUST002320,Saanvi,Sharma,saanvi.sharma2320@example.com,Central,2026-06-09
CUST002321,Arjun,Kapoor,arjun.kapoor2321@example.com,South,2026-11-24
CUST002322,Vivaan,Mehta,vivaan.mehta2322@example.com,West,2026-03-05
CUST002323,Riya,Singh,riya.singh2323@example.com,South,2026-02-25
CUST002324,Aarav,Das,aarav.das2324@example.com,West,2026-10-04
CUST002325,Sai,Verma,sai.verma2325@example.com,South,2026-03-12
CUST002326,Priya,Verma,priya.verma2326@example.com,East,2027-04-08
CUST002327,Reyansh,Kapoor,reyansh.kapoor2327@example.com,East,2026-07-08
CUST002328,Aditya,Bhat,aditya.bhat2328@example.com,West,2026-12-17
CUST002329,Sai,Reddy,sai.reddy2329@example.com,East,2027-03-06
CUST002330,Anika,Rao,anika.rao2330@example.com,South,2027-03-24
CUST002331,Priya,Chowdhury,priya.chowdhury2331@example.com,North,2027-07-29
CUST002332,Reyansh,Verma,reyansh.verma2332@example.com,Central,2027-09-24
CUST002333,Ishaan,Kapoor,ishaan.kapoor2333@example.com,East,2026-01-15
CUST002334,Saanvi,Bhat,saanvi.bhat2334@example.com,South,2027-05-27
CUST002335,Vihaan,Das,vihaan.das2335@example.com,West,2026-09-27
CUST002336,Aarav,Singh,aarav.singh2336@example.com,South,2027-10-12
CUST002337,Vihaan,Sharma,vihaan.sharma2337@example.com,South,2026-07-12
CUST002338,Sai,Mehta,sai.mehta2338@example.com,West,2026-08-10
CUST002339,Reyansh,Reddy,reyansh.reddy2339@example.com,Central,2026-01-15
CUST002340,Kabir,Sharma,kabir.sharma2340@example.com,East,2026-11-11
CUST002341,Vihaan,Joshi,  vihaan@mail.com,West,2027-02-28
CUST002342,Kabir,Nair,kabir.nair2342@example.com,Central,2027-03-13
CUST002343,Ishaan,Verma,ishaan.verma2343@example.com,South,2027-04-15
CUST002344,Kabir,Gupta,kabir.gupta2344@example.com,Central,2027-09-02
CUST002345,Riya,Patel,riya.patel2345@example.com,East,2027-11-07
CUST002346,Diya,Joshi,diya.joshi2346@example.com,Central,2026-04-12
CUST002347,Vihaan,Verma,vihaan.verma2347@example.com,North,2027-09-24
CUST002348,Vihaan,Singh,vihaan.singh2348@example.com,Central,2027-07-12
CUST002349,Saanvi,Rao,saanvi.rao2349@example.com,Central,2026-02-03
CUST002350,Riya,Reddy,riya.reddy2350@example.com,South,2027-04-11
CUST002351,Priya,Verma,priya.verma2351@example.com,South,2027-04-26
CUST002352,Kabir,Das,kabir.das2352@example.com,West,2027-02-27
CUST002353,Priya,Sharma,priya.sharma2353@example.com,East,2026-08-18
CUST002354,Diya,Iyer,diya.iyer2354@example.com,East,2026-11-11
CUST002355,Ayaan,Sharma,ayaan.sharma2355@example.com,West,2026-02-03
CUST002356,Aarav,Gupta,aarav.gupta2356@example.com,East,2027-06-16
CUST002357,Ishaan,Nair,ishaan.nair2357@example.com,South,2027-08-09
CUST002358,Ayaan,Rao,ayaan.rao2358@example.com,West,2026-07-17
CUST002359,Priya,Chowdhury,priya.chowdhury2359@example.com,North,2027-08-15
CUST002360,Arjun,Kapoor,arjun.kapoor2360@example.com,West,2026-06-27
CUST002361,Ishaan,Rao,ishaan.rao2361@example.com,South,2027-03-24
CUST002362,Vihaan,Joshi,vihaan.joshi2362@example.com,South,2027-06-01
CUST002363,Priya,Chowdhury,priya.chowdhury2363@example.com,East,2027-07-21
CUST002364,Ishaan,Reddy,ishaan.reddy2364@example.com,North,2026-04-06
CUST002365,Riya,Sharma,riya.sharma2365@example.com,Central,2026-06-06
CUST002366,Aditya,Mehta,aditya.mehta2366@example.com,West,2026-01-26
CUST002367,Saanvi,Kapoor,saanvi.kapoor2367@example.com,East,2026-07-11
CUST002368,Ayaan,Iyer,ayaan.iyer2368@example.com,South,2027-07-03
CUST002369,Priya,Das,priya.das2369@example.com,East,2027-11-07
CUST002370,Ananya,Verma,ananya.verma2370@example.com,South,2027-10-05
CUST002371,Vihaan,Verma,vihaan.verma2371@example.com,West,2027-09-03
CUST002372,Vihaan,Gupta,vihaan.gupta2372@example.com,East,2026-09-26
CUST002373,Aditya,Verma,aditya.verma2373@example.com,West,2027-01-06
CUST002374,Priya,Verma,priya.verma2374@example.com,West,2026-01-23
CUST002375,Aditya,Singh,aditya.singh2375@example.com,North,2026-08-04
CUST002376,Priya,Bhat,priya.bhat2376@example.com,East,2027-10-11
CUST002377,Sai,Gupta,sai.gupta2377@example.com,East,2026-01-11
CUST002378,Vivaan,Verma,vivaan.verma2378@example.com,East,2026-12-22
CUST002379,Aarav,Gupta,aarav.gupta2379@example.com,Central,2026-09-18
CUST002380,Reyansh,Mehta,reyansh.mehta2380@example.com,North,2027-07-03
CUST002381,Arjun,Reddy,arjun.reddy2381@example.com,East,2026-04-28
CUST002382,Aarav,Nair,aarav.nair2382@example.com,South,2026-08-14
CUST002383,Arjun,Iyer,arjun.iyer2383@example.com,East,2027-05-09
CUST002384,Aditya,Nair,aditya.nair2384@example.com,Central,2027-10-30
CUST002385,Saanvi,Joshi,saanvi.joshi2385@example.com,West,2027-03-23
CUST002386,Priya,Bhat,priya.bhat2386@example.com,South,2026-09-14
CUST002387,Reyansh,Kapoor,reyansh.kapoor2387@example.com,East,2027-02-07
CUST002388,Diya,Gupta,diya.gupta2388@example.com,South,2027-05-15
CUST002389,Saanvi,Patel,saanvi.patel2389@example.com,Central,2026-10-06
CUST002390,Vihaan,Mehta,vihaan.mehta2390@example.com,West,2027-03-16
CUST002391,Kabir,Nair,kabir.nair2391@example.com,North,2027-04-06
CUST002392,Vivaan,Rao,vivaan.rao2392@example.com,East,2027-08-24
CUST002393,Diya,Mehta,diya.mehta2393@example.com,Central,2026-12-27
CUST002394,Aarav,Verma,aarav.verma2394@example.com,South,2026-11-27
CUST002395,Sai,Nair,sai.nair2395@example.com,South,2026-03-16
CUST002396,Kabir,Nair,kabir.nair2396@example.com,South,2026-11-18
CUST002397,Aarav,Nair,aarav.nair2397@example.com,North,2026-12-03
CUST002398,Saanvi,Mehta,saanvi.mehta2398@example.com,East,2026-08-27
CUST002399,Aditya,Patel,aditya.patel2399@example.com,East,2027-09-09
CUST002400,Reyansh,Verma,reyansh.verma2400@example.com,Central,2026-10-12
CUST002401,Aditya,Mehta,aditya.mehta2401@example.com,West,2027-11-30
CUST002402,Ishaan,Chowdhury,ishaan.chowdhury2402@example.com,East,2026-07-22
CUST002403,Vivaan,Das,vivaan.das2403@example.com,West,2027-05-26
CUST002404,Ananya,Patel,ananya.patel2404@example.com,North,2026-05-08
CUST002405,Sai,Mehta,sai.mehta2405@example.com,East,2027-08-29
CUST002406,Ayaan,Mehta,ayaan.mehta2406@example.com,North,2026-10-19
CUST002407,Aarav,Bhat,aarav.bhat2407@example.com,West,2026-10-19
CUST002408,Priya,Sharma,priya.sharma2408@example.com,Central,2027-06-25
CUST002409,Ishaan,Kapoor,ishaan.kapoor2409@example.com,North,2026-03-13
CUST002410,Vihaan,Chowdhury,vihaan.chowdhury2410@example.com,West,2026-11-05
CUST002411,Ishaan,Das,ishaan.das2411@example.com,East,2027-02-14
CUST002412,Ishaan,Singh,ishaan.singh2412@example.com,Central,2026-02-18
CUST002413,Diya,Joshi,diya.joshi2413@example.com,West,2027-05-21
CUST002414,Vihaan,Chowdhury,vihaan.chowdhury2414@example.com,East,2027-09-25
CUST002415,Aarav,Reddy,aarav.reddy2415@example.com,North,2026-01-11
CUST002416,Vihaan,Nair,vihaan.nair2416@example.com,West,2026-08-20
CUST002417,Aditya,Reddy,aditya.reddy2417@example.com,East,2027-07-05
CUST002418,Vivaan,Iyer,vivaan.iyer2418@example.com,North,2026-04-24
CUST002419,Diya,Verma,diya.verma2419@example.com,East,2026-12-04
CUST002420,Priya,Iyer,priya.iyer2420@example.com,South,2026-05-22
CUST002421,Saanvi,Verma,saanvi.verma2421@example.com,South,2026-11-23
CUST002422,Riya,Kapoor,riya.kapoor2422@example.com,West,2027-11-16
CUST002423,Ayaan,Mehta,ayaan.mehta2423@example.com,West,2027-11-09
CUST002424,Ananya,Nair,ananya.nair2424@example.com,West,2026-08-20
CUST002425,Ananya,Das,ananya.das2425@example.com,East,2026-03-26
CUST002426,Ayaan,Kapoor,ayaan.kapoor2426@example.com,South,2026-03-21
CUST002427,Anika,Sharma,anika.sharma2427@example.com,South,2026-01-14
CUST002428,Saanvi,Chowdhury,saanvi.chowdhury2428@example.com,West,2026-07-12
CUST002429,Vihaan,Nair,vihaan.nair2429@example.com,South,2027-08-28
CUST002430,Ishaan,Das,ishaan.das2430@example.com,East,2027-04-10
CUST002431,Arjun,Chowdhury,arjun.chowdhury2431@example.com,Central,2026-04-19
CUST002432,Ayaan,Bhat,ayaan.bhat2432@example.com,East,2027-01-30
CUST002433,Reyansh,Das,reyansh.das2433@example.com,West,2026-07-12
CUST002434,Ananya,Patel,ananya.patel2434@example.com,South,2026-11-11
CUST002435,Vihaan,Gupta,vihaan.gupta2435@example.com,West,2026-04-20
CUST002436,Ayaan,Sharma,ayaan.sharma2436@example.com,West,2026-07-11
CUST002437,Aarav,Singh,aarav.singh2437@example.com,Central,2027-04-09
CUST002438,Ananya,Verma,ananya.verma2438@example.com,Central,2026-03-28
CUST002439,Riya,Reddy,riya.reddy2439@example.com,South,2027-02-11
CUST002440,Riya,Rao,riya.rao2440@example.com,East,2026-02-24
CUST002441,Ananya,Nair,ananya.nair2441@example.com,North,2026-02-20
CUST002442,Priya,Joshi,priya.joshi2442@example.com,West,2026-07-18
CUST002443,Reyansh,Patel,reyansh.patel2443@example.com,South,2027-09-01
CUST002444,Anika,Rao,anika.rao2444@example.com,West,2026-04-22
CUST002445,Ayaan,Verma,ayaan.verma2445@example.com,South,2026-04-28
CUST002446,Vivaan,Mehta,vivaan.mehta2446@example.com,East,2026-09-02
CUST002447,Vihaan,Iyer,vihaan.iyer2447@example.com,South,2027-09-28
CUST002448,Priya,Patel,priya.patel2448@example.com,North,2026-08-14
CUST002449,Anika,Reddy,anika.reddy2449@example.com,South,2026-07-28
CUST002450,Diya,Joshi,diya.joshi2450@example.com,Central,2026-10-22
CUST002451,Vihaan,Gupta,vihaan.gupta2451@example.com,Central,2027-09-30
CUST002452,Diya,Chowdhury,diya.chowdhury2452@example.com,South,2026-06-24
CUST002453,Aditya,Gupta,aditya.gupta2453@example.com,South,2026-12-07
CUST002454,Arjun,Sharma,arjun.sharma2454@example.com,West,2027-03-15
CUST002455,Aarav,Gupta,aarav.gupta2455@example.com,East,2026-03-20
CUST002456,Aarav,Mehta,aarav.mehta2456@example.com,East,2027-05-01
CUST002457,Aarav,Singh,aarav.singh2457@example.com,South,2027-04-29
CUST002458,Vivaan,Chowdhury,vivaan.chowdhury2458@example.com,North,2027-08-04
CUST002459,Ayaan,Rao,ayaan.rao2459@example.com,Central,2026-06-21
CUST002460,Vihaan,Verma,vihaan.verma2460@example.com,East,2026-12-10
CUST002461,Anika,Joshi,anika.joshi2461@example.com,East,2027-07-13
CUST002462,Anika,Iyer,anika.iyer2462@example.com,East,2027-04-15
CUST002463,Kabir,Iyer,kabir.iyer2463@example.com,East,2027-06-15
CUST002464,Anika,Verma,anika.verma2464@example.com,East,2027-06-16
CUST002465,Aarav,Gupta,aarav.gupta2465@example.com,West,2026-08-14
CUST002466,Kabir,Singh,kabir.singh2466@example.com,North,2026-09-08
CUST002467,Riya,Nair,riya.nair2467@example.com,South,2026-04-02
CUST002468,Priya,Kapoor,priya.kapoor2468@example.com,North,2026-10-08
CUST002469,Saanvi,Bhat,saanvi.bhat2469@example.com,Central,2026-06-29
CUST002470,Kabir,Bhat,kabir.bhat2470@example.com,East,2027-02-05
CUST002471,Riya,Iyer,riya.iyer2471@example.com,East,2026-07-15
CUST002472,Ishaan,Chowdhury,ishaan.chowdhury2472@example.com,Central,2026-05-06
CUST002473,Saanvi,Mehta,saanvi.mehta2473@example.com,East,2026-10-23
CUST002474,Aarav,Singh,aarav.singh2474@example.com,South,2027-04-23
CUST002475,Diya,Mehta,diya.mehta2475@example.com,Central,2027-11-12
CUST002476,Diya,Singh,diya.singh2476@example.com,East,2026-03-08
CUST002477,Aarav,Singh,aarav.singh2477@example.com,North,2026-08-11
CUST002478,Vihaan,Sharma,vihaan.sharma2478@example.com,West,2026-11-10
CUST002479,Riya,Nair,riya.nair2479@example.com,North,2026-02-21
CUST002480,Arjun,Nair,arjun.nair2480@example.com,East,2027-05-30
CUST002481,Arjun,Verma,arjun.verma2481@example.com,East,2026-05-27
CUST002482,Riya,Mehta,riya.mehta2482@example.com,North,2026-10-25
CUST002483,Vivaan,Singh,vivaan.singh2483@example.com,East,2026-09-12
CUST002484,Priya,Patel,priya.patel2484@example.com,West,2026-04-11
CUST002485,Diya,Mehta,diya.mehta2485@example.com,East,2026-06-27
CUST002486,Riya,Kapoor,riya.kapoor2486@example.com,East,2027-08-16
CUST002487,Reyansh,Iyer,reyansh.iyer2487@example.com,South,2027-03-03
CUST002488,Reyansh,Iyer,reyansh.iyer2488@example.com,East,2026-03-29
CUST002489,Saanvi,Rao,saanvi.rao2489@example.com,South,2027-01-20
CUST002490,Vihaan,Gupta,vihaan.gupta2490@example.com,Central,2027-03-29
CUST002491,Kabir,Singh,kabir.singh2491@example.com,East,2027-03-14
CUST002492,Riya,Patel,riya.patel2492@example.com,West,2026-01-29
CUST002493,Aarav,Das,aarav.das2493@example.com,West,2026-04-01
CUST002494,Diya,Das,diya.das2494@example.com,South,2027-08-18
CUST002495,Kabir,Gupta,kabir.gupta2495@example.com,Central,2027-07-11
CUST002496,Diya,Sharma,diya.sharma2496@example.com,West,2026-05-09
CUST002497,Aarav,Singh,aarav.singh2497@example.com,Central,2027-04-17
CUST002498,Aditya,Sharma,aditya.sharma2498@example.com,East,2027-10-28
CUST002499,Ishaan,Mehta,ishaan.mehta2499@example.com,North,2026-10-25
CUST002500,Anika,Joshi,anika.joshi2500@example.com,East,2026-03-04
CUST002501,Vivaan,Joshi,vivaan.joshi2501@example.com,South,2027-06-13
CUST002502,Anika,Gupta,anika.gupta2502@example.com,South,2027-11-23
CUST002503,Arjun,Iyer,arjun.iyer2503@example.com,East,2026-01-07
CUST002504,Reyansh,Verma,reyansh.verma2504@example.com,North,2026-01-01
CUST002505,Vihaan,Rao,vihaanraogmail.com,South,2026-07-29
CUST002506,Anika,Sharma,anika.sharma2506@example.com,Central,2027-03-31
CUST002507,Vivaan,Bhat,vivaan.bhat2507@example.com,North,2026-11-04
CUST002508,Anika,Gupta,anika.gupta2508@example.com,South,2027-07-14
CUST002509,Saanvi,Chowdhury,saanvi.chowdhury2509@example.com,Central,2026-05-07
CUST002510,Arjun,Kapoor,arjun.kapoor2510@example.com,North,2026-07-09
CUST002511,Ayaan,Gupta,ayaan.gupta2511@example.com,Central,2027-07-14
CUST002512,Anika,Singh,anika.singh2512@example.com,East,2026-10-24
CUST002513,Anika,Nair,anika.nair2513@example.com,East,2027-02-05
CUST002514,Vihaan,Singh,vihaan.singh2514@example.com,West,2027-03-12
CUST002515,Aarav,Iyer,aarav.iyer2515@example.com,West,2026-05-04
CUST002516,Priya,Sharma,priya.sharma2516@example.com,Central,2026-11-07
CUST002517,Saanvi,Sharma,saanvi.sharma2517@example.com,East,2026-05-23
CUST002518,Saanvi,Iyer,saanvi.iyer2518@example.com,North,2026-06-12
CUST002519,Reyansh,Nair,reyansh.nair2519@example.com,Central,2027-02-04
CUST002520,Aditya,Gupta,aditya.gupta2520@example.com,South,2026-12-27
CUST002521,Ishaan,Singh,ishaan.singh2521@example.com,South,2026-10-13
CUST002522,Diya,Bhat,diya.bhat2522@example.com,West,2026-03-11
CUST002523,Anika,Patel,anika.patel2523@example.com,West,2027-09-13
CUST002524,Sai,Mehta,sai.mehta2524@example.com,Central,2027-11-06
CUST002525,Ananya,Gupta,ananya.gupta2525@example.com,East,2027-08-26
CUST002526,Kabir,Mehta,kabir.mehta2526@example.com,Central,2027-02-18
CUST002527,Vivaan,Sharma,vivaan.sharma2527@example.com,South,2026-08-26
CUST002528,Vihaan,Singh,vihaan.singh2528@example.com,West,2026-11-28
CUST002529,Ayaan,Verma,ayaan.verma2529@example.com,South,2027-01-29
CUST002530,Aditya,Sharma,aditya.sharma2530@example.com,Central,2026-09-14
CUST002531,Vivaan,Chowdhury,vivaan.chowdhury2531@example.com,North,2027-03-29
CUST002532,Aarav,Bhat,aarav.bhat2532@example.com,South,2026-11-25
CUST002533,Saanvi,Patel,saanvi.patel2533@example.com,South,2027-10-15
CUST002534,Reyansh,Reddy,reyansh.reddy2534@example.com,East,2027-05-18
CUST002535,Diya,Reddy,diya.reddy2535@example.com,South,2026-06-15
CUST002536,Reyansh,Verma,reyansh.verma2536@example.com,Central,2026-01-25
CUST002537,Vihaan,Reddy,vihaan.reddy2537@example.com,North,2026-05-24
CUST002538,Kabir,Das,kabir.das2538@example.com,West,2027-08-05
CUST002539,Aditya,Nair,aditya.nair2539@example.com,South,2027-11-30
CUST002540,Anika,Reddy,anika.reddy2540@example.com,South,2027-08-08
CUST002541,Kabir,Nair,kabir.nair2541@example.com,Central,2027-07-27
CUST002542,Aditya,Singh,aditya.singh2542@example.com,West,2027-10-03
CUST002543,Aditya,Mehta,aditya.mehta2543@example.com,North,2026-05-11
CUST002544,Diya,Verma,diya.verma2544@example.com,North,2027-05-26
CUST002545,Vivaan,Mehta,vivaan.mehta2545@example.com,Central,2026-12-05
CUST002546,Ayaan,Chowdhury,ayaan.chowdhury2546@example.com,East,2026-09-15
CUST002547,Kabir,Verma,kabir.verma2547@example.com,South,2026-10-22
CUST002548,Ayaan,Chowdhury,,Central,2027-05-28
CUST002549,Priya,Mehta,priya.mehta2549@example.com,North,2027-07-14
CUST002550,Anika,Bhat,anika.bhat2550@example.com,East,2027-10-31
CUST002551,Vivaan,Nair,vivaan.nair2551@example.com,West,2026-09-25
CUST002552,Ishaan,Bhat,ishaan.bhat2552@example.com,North,2026-05-23
CUST002553,Ishaan,Bhat,ishaan.bhat2553@example.com,North,2026-08-30
CUST002554,Aditya,Das,aditya.das2554@example.com,Central,2027-09-17
CUST002555,Kabir,Verma,kabir.verma2555@example.com,West,2027-09-05
CUST002556,Aditya,Bhat,aditya.bhat2556@example.com,Central,2027-05-06
CUST002557,Ananya,Joshi,ananya.joshi2557@example.com,North,2026-04-17
CUST002558,Anika,Rao,anika.rao2558@example.com,South,2027-10-28
CUST002559,Riya,Singh,riya.singh2559@example.com,East,2026-08-22
CUST002560,Vivaan,Sharma,vivaan.sharma2560@example.com,South,2027-07-02
CUST002561,Priya,Kapoor,priya.kapoor2561@example.com,North,2027-07-20
CUST002562,Vivaan,Patel,vivaan.patel2562@example.com,West,2026-05-09
CUST002563,Riya,Rao,riya.rao2563@example.com,South,2026-04-29
CUST002564,Vihaan,Bhat,vihaan.bhat2564@example.com,Central,2027-01-12
CUST002565,Reyansh,Nair,reyansh.nair2565@example.com,West,2026-03-01
CUST002566,Ayaan,Verma,ayaan.verma2566@example.com,Central,2026-01-11
CUST002567,Riya,Joshi,riya.joshi2567@example.com,Central,2027-08-05
CUST002568,Aarav,Chowdhury,aarav.chowdhury2568@example.com,South,2026-02-28
CUST002569,Vivaan,Gupta,vivaan.gupta2569@example.com,West,2026-07-04
CUST002570,Vivaan,Nair,vivaan.nair2570@example.com,East,2027-09-09
CUST002571,Ayaan,Iyer,ayaan.iyer2571@example.com,South,2027-09-13
CUST002572,Anika,Kapoor,anika.kapoor2572@example.com,North,2027-11-04
CUST002573,Aditya,Iyer,aditya.iyer2573@example.com,Central,2026-07-30
CUST002574,Kabir,Bhat,kabir.bhat2574@example.com,South,2027-03-31
CUST002575,Kabir,Das,kabir.das2575@example.com,Central,2026-10-27
CUST002576,Ayaan,Rao,ayaan.rao2576@example.com,East,2026-11-23
CUST002577,Vihaan,Sharma,vihaan.sharma2577@example.com,East,2027-02-25
CUST002578,Anika,Iyer,anika.iyer2578@example.com,North,2026-07-28
CUST002579,Ayaan,Iyer,ayaan.iyer2579@example.com,Central,2026-08-04
CUST002580,Kabir,Joshi,kabir.joshi2580@example.com,South,2026-02-06
CUST002581,Saanvi,Kapoor,saanvi.kapoor2581@example.com,West,2026-04-27
CUST002582,Anika,Chowdhury,anika.chowdhury2582@example.com,North,2026-10-04
CUST002583,Priya,Iyer,priya.iyer2583@example.com,North,2026-03-03
CUST002584,Priya,Singh,priya.singh2584@example.com,North,2027-01-27
CUST002585,Saanvi,Sharma,saanvi.sharma2585@example.com,South,2026-07-30
CUST002586,Sai,Kapoor,sai.kapoor2586@example.com,West,2027-06-30
CUST002587,Diya,Sharma,diya.sharma2587@example.com,Central,2026-12-23
CUST002588,Ishaan,Bhat,ishaan.bhat2588@example.com,East,2027-08-29
CUST002589,Aarav,Nair,aarav.nair2589@example.com,Central,2027-03-21
CUST002590,Vivaan,Das,vivaan.das2590@example.com,North,2027-07-21
CUST002591,Diya,Chowdhury,diya.chowdhury2591@example.com,Central,2027-04-20
CUST002592,Ananya,Gupta,  ananya@mail.com,West,2026-09-01
CUST002593,Aarav,Iyer,aarav.iyer2593@example.com,East,2026-03-29
CUST002594,Diya,Nair,diya.nair2594@example.com,Central,2027-02-09
CUST002595,Ananya,Nair,ananya.nair2595@example.com,East,2027-11-07
CUST002596,Aarav,Verma,aarav.verma2596@example.com,East,2027-08-06
CUST002597,Ananya,Chowdhury,ananya.chowdhury2597@example.com,South,2027-03-31
CUST002598,Aarav,Singh,aarav.singh2598@example.com,North,2027-04-23
CUST002599,Kabir,Singh,kabir.singh2599@example.com,Central,2026-08-12
CUST002600,Vivaan,Mehta,vivaan.mehta2600@example.com,North,2026-10-11
CUST002601,Ishaan,Verma,ishaan.verma2601@example.com,West,2026-07-04
CUST002602,Ananya,Iyer,ananya.iyer2602@example.com,West,2026-05-11
CUST002603,Sai,Gupta,sai.gupta2603@example.com,Central,2027-11-03
CUST002604,Ayaan,Verma,ayaan.verma2604@example.com,North,2026-07-08
CUST002605,Saanvi,Mehta,saanvi.mehta2605@example.com,East,2026-02-12
CUST002606,Ayaan,Sharma,ayaan.sharma2606@example.com,East,2026-09-21
CUST002607,Kabir,Rao,kabir.rao2607@example.com,North,2027-09-07
CUST002608,Kabir,Verma,kabir.verma2608@example.com,North,2027-06-04
CUST002609,Vihaan,Rao,vihaan.rao2609@example.com,North,2026-08-31
CUST002610,Ishaan,Mehta,ishaan.mehta2610@example.com,East,2027-11-29
CUST002611,Aditya,Kapoor,aditya.kapoor2611@example.com,West,2026-10-17
CUST002612,Aarav,Nair,aarav.nair2612@example.com,Central,2027-01-04
CUST002613,Riya,Bhat,riya.bhat2613@example.com,East,2027-04-27
CUST002614,Aarav,Gupta,aarav.gupta2614@example.com,East,2026-02-15
CUST002615,Arjun,Bhat,arjun.bhat2615@example.com,Central,2026-01-27
CUST002616,Reyansh,Das,reyanshdas.com,Central,2027-06-05
CUST002617,Kabir,Reddy,kabir.reddy2617@example.com,West,2027-08-20
CUST002618,Arjun,Patel,arjun.patel2618@example.com,North,2026-03-21
CUST002619,Riya,Rao,riya.rao2619@example.com,North,2027-06-25
CUST002620,Anika,Kapoor,anika.kapoor2620@example.com,Central,2027-06-17
CUST002621,Ishaan,Iyer,ishaan.iyer2621@example.com,South,2027-08-13
CUST002622,Ayaan,Nair,ayaan.nair@@mail,East,2026-08-25
CUST002623,Ishaan,Joshi,ishaan.joshi2623@example.com,North,2026-09-04
CUST002624,Riya,Nair,riya.nair2624@example.com,North,2026-12-27
CUST002625,Aditya,Bhat,aditya.bhat2625@example.com,East,2027-11-01
CUST002626,Ayaan,Singh,ayaan.singh2626@example.com,West,2026-08-24
CUST002627,Arjun,Bhat,arjun.bhat2627@example.com,Central,2026-09-08
CUST002628,Arjun,Mehta,arjun.mehta2628@example.com,East,2026-10-21
CUST002629,Ishaan,Verma,ishaan.verma2629@example.com,North,2027-02-23
CUST002630,Arjun,Mehta,arjun.mehta2630@example.com,West,2027-10-10
CUST002631,Sai,Bhat,sai.bhat2631@example.com,West,2026-01-16
CUST002632,Vihaan,Patel,vihaan.patel2632@example.com,East,2027-07-22
CUST002633,Vihaan,Gupta,vihaan.gupta2633@example.com,North,2027-03-18
CUST002634,Sai,Verma,sai.verma2634@example.com,South,2027-06-12
CUST002635,Priya,Bhat,priya.bhat2635@example.com,West,2026-12-29
CUST002636,Priya,Joshi,priya.joshi2636@example.com,Central,2026-09-05
CUST002637,Vihaan,Nair,vihaan.nair2637@example.com,East,2027-08-29
CUST002638,Vihaan,Joshi,vihaan.joshi2638@example.com,North,2026-03-17
CUST002639,Saanvi,Bhat,saanvi.bhat2639@example.com,West,2027-10-08
CUST002640,Riya,Iyer,riya.iyer2640@example.com,West,2026-05-18
CUST002641,Aditya,Gupta,aditya.gupta2641@example.com,North,2027-08-31
CUST002642,Kabir,Kapoor,kabir.kapoor2642@example.com,West,2027-01-24
CUST002643,Saanvi,Gupta,saanvi.gupta2643@example.com,Central,2027-08-26
CUST002644,Vihaan,Reddy,vihaan.reddy2644@example.com,East,2027-05-21
CUST002645,Vivaan,Mehta,vivaan.mehta2645@example.com,Central,2027-06-22
CUST002646,Riya,Iyer,riya.iyer2646@example.com,East,2027-01-29
CUST002647,Sai,Gupta,saiguptagmail.com,South,2027-03-17
CUST002648,Ananya,Mehta,ananya.mehta2648@example.com,Central,2026-11-18
CUST002649,Kabir,Iyer,kabir.iyer2649@example.com,South,2026-05-02
CUST002650,Ananya,Singh,ananya.singh2650@example.com,West,2026-08-18
CUST002651,Diya,Bhat,diya.bhat2651@example.com,East,2027-09-13
CUST002652,Ayaan,Kapoor,ayaan.kapoor2652@example.com,East,2026-05-25
CUST002653,Reyansh,Rao,reyansh.rao2653@example.com,Central,2026-06-22
CUST002654,Vivaan,Bhat,vivaan.bhat2654@example.com,Central,2027-07-05
CUST002655,Aarav,Singh,aarav.singh2655@example.com,North,2027-01-14
CUST002656,Diya,Mehta,diya.mehta2656@example.com,West,2027-04-01
CUST002657,Arjun,Chowdhury,arjun.chowdhury2657@example.com,West,2026-10-30
CUST002658,Vihaan,Singh,vihaan.singh2658@example.com,West,2027-05-21
CUST002659,Aditya,Chowdhury,aditya.chowdhury2659@example.com,South,2026-10-13
CUST002660,Kabir,Das,kabir.das2660@example.com,North,2026-08-16
CUST002661,Ishaan,Gupta,ishaan.gupta2661@example.com,Central,2026-12-10
CUST002662,Saanvi,Kapoor,saanvi.kapoor2662@example.com,Central,2027-11-20
CUST002663,Ishaan,Bhat,ishaan.bhat2663@example.com,North,2027-03-20
CUST002664,Ishaan,Reddy,ishaan.reddy2664@example.com,Central,2027-11-08
CUST002665,Vivaan,Kapoor,vivaankapoorgmail.com,South,2026-05-21
CUST002666,Priya,Chowdhury,priya.chowdhury2666@example.com,South,2027-11-21
CUST002667,Ananya,Singh,ananya.singh2667@example.com,South,2027-05-12
CUST002668,Anika,Iyer,anika.iyer2668@example.com,South,2026-07-23
CUST002669,Aditya,Rao,aditya.rao2669@example.com,South,2026-01-04
CUST002670,Aditya,Singh,aditya.singh2670@example.com,Central,2027-09-18
CUST002671,Sai,Sharma,sai.sharma2671@example.com,West,2026-09-27
CUST002672,Priya,Kapoor,priya.kapoor2672@example.com,Central,2026-08-29
CUST002673,Kabir,Singh,kabir.singh2673@example.com,Central,2027-11-04
CUST002674,Diya,Chowdhury,diya.chowdhury2674@example.com,South,2026-10-27
CUST002675,Anika,Das,anika.das2675@example.com,West,2027-09-05
CUST002676,Anika,Iyer,anika.iyer2676@example.com,North,2026-08-13
CUST002677,Diya,Patel,diya.patel2677@example.com,West,2026-11-30
CUST002678,Riya,Verma,riya.verma@@mail,West,2026-11-23
CUST002679,Kabir,Joshi,kabir.joshi2679@example.com,West,2026-05-12
CUST002680,Anika,Mehta,anika.mehta2680@example.com,West,2026-08-29
CUST002681,Diya,Iyer,diya.iyer2681@example.com,Central,2026-08-09
CUST002682,Vivaan,Rao,vivaan.rao2682@example.com,East,2026-09-25
CUST002683,Riya,Patel,riya.patel2683@example.com,West,2027-03-12
CUST002684,Ananya,Bhat,ananya.bhat2684@example.com,North,2026-10-02
CUST002685,Ayaan,Nair,ayaan.nair2685@example.com,North,2026-11-12
CUST002686,Riya,Reddy,riya.reddy2686@example.com,Central,2026-06-20
CUST002687,Reyansh,Das,reyansh.das2687@example.com,North,2027-09-21
CUST002688,Ishaan,Gupta,ishaan.gupta2688@example.com,Central,2027-07-07
CUST002689,Aarav,Das,aarav.das2689@example.com,West,2026-04-03
CUST002690,Kabir,Das,kabir.das2690@example.com,Central,2026-03-06
CUST002691,Vivaan,Rao,vivaan.rao2691@example.com,South,2027-01-06
CUST002692,Reyansh,Gupta,reyansh.gupta2692@example.com,Central,2027-02-10
CUST002693,Diya,Das,diya.das2693@example.com,South,2027-01-18
CUST002694,Riya,Reddy,riya.reddy2694@example.com,Central,2026-09-12
CUST002695,Vivaan,Chowdhury,vivaan.chowdhury2695@example.com,North,2027-06-24
CUST002696,Priya,Das,priya.das2696@example.com,West,2026-02-13
CUST002697,Diya,Iyer,diya.iyer2697@example.com,North,2026-08-24
CUST002698,Ayaan,Sharma,ayaan.sharma2698@example.com,East,2026-05-07
CUST002699,Priya,Gupta,priya.gupta2699@example.com,East,2026-03-28
CUST002700,Aditya,Rao,aditya.rao2700@example.com,West,2026-01-21
CUST002701,Arjun,Verma,arjun.verma2701@example.com,Central,2027-02-05
CUST002702,Diya,Das,diya.das2702@example.com,East,2027-03-12
CUST002703,Aarav,Iyer,aarav.iyer2703@example.com,East,2027-04-15
CUST002704,Vihaan,Iyer,vihaan.iyer2704@example.com,Central,2027-04-28
CUST002705,Diya,Patel,diya.patel2705@example.com,North,2026-08-16
CUST002706,Ananya,Singh,ananyasingh.com,Central,2027-06-03
CUST002707,Priya,Sharma,priya.sharma2707@example.com,West,2027-02-08
CUST002708,Vihaan,Singh,vihaan.singh2708@example.com,South,2027-08-15
CUST002709,Priya,Das,priya.das2709@example.com,South,2027-04-03
CUST002710,Anika,Mehta,anika.mehta2710@example.com,North,2027-10-21
CUST002711,Ishaan,Gupta,ishaan.gupta2711@example.com,North,2026-04-08
CUST002712,Sai,Reddy,sai.reddy2712@example.com,West,2027-08-31
CUST002713,Aditya,Gupta,aditya.gupta2713@example.com,West,2027-09-24
CUST002714,Ayaan,Sharma,ayaan.sharma2714@example.com,West,2026-09-16
CUST002715,Diya,Joshi,diya.joshi2715@example.com,East,2026-06-04
CUST002716,Ishaan,Joshi,ishaan.joshi2716@example.com,Central,2027-09-06
CUST002717,Aarav,Iyer,aarav.iyer2717@example.com,South,2027-07-30
CUST002718,Anika,Nair,anika.nair2718@example.com,South,2026-11-26
CUST002719,Anika,Rao,anika.rao2719@example.com,Central,2026-03-25
CUST002720,Riya,Joshi,riya.joshi2720@example.com,North,2027-01-20
CUST002721,Aarav,Gupta,aarav.gupta2721@example.com,Central,2026-05-05
CUST002722,Reyansh,Singh,reyansh.singh2722@example.com,North,2026-02-09
CUST002723,Anika,Gupta,anika.gupta2723@example.com,Central,2027-05-14
CUST002724,Riya,Patel,riya.patel2724@example.com,North,2026-10-31
CUST002725,Riya,Iyer,riya.iyer2725@example.com,East,2027-06-20
CUST002726,Kabir,Mehta,kabir.mehta2726@example.com,South,2026-05-25
CUST002727,Reyansh,Das,reyansh.das2727@example.com,Central,2027-01-16
CUST002728,Ananya,Singh,ananya.singh2728@example.com,West,2026-08-04
CUST002729,Arjun,Gupta,arjun.gupta2729@example.com,Central,2027-05-01
CUST002730,Ishaan,Patel,ishaan.patel2730@example.com,South,2026-06-03
CUST002731,Aditya,Sharma,aditya.sharma2731@example.com,East,2026-07-12
CUST002732,Vihaan,Rao,vihaan.rao2732@example.com,West,2026-12-05
CUST002733,Vivaan,Mehta,vivaan.mehta2733@example.com,West,2027-09-01
CUST002734,Aditya,Nair,aditya.nair2734@example.com,Central,2026-08-20
CUST002735,Aarav,Bhat,aarav.bhat2735@example.com,South,2026-10-09
CUST002736,Riya,Mehta,riya.mehta2736@example.com,East,2027-01-12
CUST002737,Priya,Bhat,priya.bhat2737@example.com,East,2027-07-29
CUST002738,Reyansh,Verma,reyansh.verma2738@example.com,Central,2026-06-06
CUST002739,Reyansh,Iyer,reyansh.iyer2739@example.com,South,2026-09-27
CUST002740,Vihaan,Gupta,vihaan.gupta2740@example.com,Central,2027-08-25
CUST002741,Priya,Nair,priya.nair2741@example.com,Central,2027-08-30
CUST002742,Ananya,Das,ananya.das2742@example.com,Central,2027-11-16
CUST002743,Reyansh,Gupta,reyansh.gupta2743@example.com,North,2026-08-26
CUST002744,Aditya,Bhat,aditya.bhat2744@example.com,Central,2026-05-31
CUST002745,Sai,Singh,sai.singh2745@example.com,North,2026-11-28
CUST002746,Vivaan,Gupta,vivaan.gupta2746@example.com,Central,2027-03-27
CUST002747,Anika,Nair,anika.nair2747@example.com,East,2027-05-28
CUST002748,Ayaan,Rao,ayaan.rao2748@example.com,West,2027-01-22
CUST002749,Anika,Nair,anika.nair2749@example.com,East,2027-06-19
CUST002750,Aditya,Bhat,aditya.bhat2750@example.com,Central,2026-08-08
CUST002751,Ananya,Joshi,ananya.joshi2751@example.com,South,2027-03-24
CUST002752,Saanvi,Singh,saanvi.singh2752@example.com,East,2026-05-04
CUST002753,Riya,Kapoor,riya.kapoor2753@example.com,East,2026-07-02
CUST002754,Kabir,Chowdhury,kabir.chowdhury2754@example.com,West,2027-11-18
CUST002755,Riya,Reddy,riya.reddy2755@example.com,Central,2027-07-28
CUST002756,Priya,Nair,priya.nair2756@example.com,South,2026-01-11
CUST002757,Saanvi,Nair,saanvi.nair2757@example.com,Central,2026-07-19
CUST002758,Diya,Nair,diya.nair2758@example.com,North,2027-01-13
CUST002759,Aarav,Mehta,aarav.mehta2759@example.com,East,2026-02-04
CUST002760,Ananya,Kapoor,ananya.kapoor2760@example.com,West,2027-02-12
CUST002761,Ananya,Iyer,ananya.iyer2761@example.com,North,2027-08-09
CUST002762,Anika,Mehta,anika.mehta2762@example.com,West,2027-05-18
CUST002763,Anika,Joshi,anika.joshi2763@example.com,Central,2026-04-17
CUST002764,Kabir,Sharma,kabir.sharma2764@example.com,Central,2026-06-06
CUST002765,Arjun,Verma,arjun.verma2765@example.com,West,2026-05-03
CUST002766,Saanvi,Kapoor,saanvi.kapoor2766@example.com,North,2026-11-18
CUST002767,Ananya,Chowdhury,ananya.chowdhury2767@example.com,South,2027-11-02
CUST002768,Aarav,Nair,aarav.nair2768@example.com,East,2026-06-23
CUST002769,Kabir,Rao,kabir.rao2769@example.com,North,2027-11-12
CUST002770,Riya,Chowdhury,riya.chowdhury2770@example.com,North,2026-03-08
CUST002771,Arjun,Joshi,arjun.joshi2771@example.com,East,2026-03-27
CUST002772,Saanvi,Sharma,saanvi.sharma2772@example.com,East,2027-09-16
CUST002773,Riya,Gupta,riya.gupta2773@example.com,North,2026-11-15
CUST002774,Kabir,Verma,kabir.verma2774@example.com,East,2027-04-23
CUST002775,Aditya,Mehta,aditya.mehta2775@example.com,West,2026-04-01
CUST002776,Aditya,Gupta,aditya.gupta2776@example.com,North,2026-07-10
CUST002777,Aarav,Das,aarav.das2777@example.com,South,2026-01-11
CUST002778,Kabir,Singh,kabir.singh2778@example.com,North,2026-09-10
CUST002779,Reyansh,Joshi,reyansh.joshi2779@example.com,South,2026-11-14
CUST002780,Priya,Joshi,priya.joshi2780@example.com,East,2026-07-02
CUST002781,Arjun,Mehta,arjun.mehta2781@example.com,East,2027-02-28
CUST002782,Reyansh,Iyer,reyansh.iyer2782@example.com,South,2026-07-01
CUST002783,Ananya,Joshi,ananya.joshi2783@example.com,West,2026-09-28
CUST002784,Anika,Nair,anika.nair2784@example.com,Central,2027-01-08
CUST002785,Saanvi,Chowdhury,saanvi.chowdhury2785@example.com,South,2026-02-07
CUST002786,Priya,Gupta,priya.gupta2786@example.com,Central,2027-08-06
CUST002787,Riya,Nair,riya.nair2787@example.com,East,2026-08-01
CUST002788,Ananya,Verma,ananya.verma2788@example.com,Central,2026-08-04
CUST002789,Reyansh,Singh,reyansh.singh2789@example.com,East,2026-02-02
CUST002790,Sai,Singh,sai.singh2790@example.com,South,2027-04-24
CUST002791,Ishaan,Nair,ishaan.nair2791@example.com,Central,2027-01-22
CUST002792,Vivaan,Nair,vivaan.nair2792@example.com,North,2027-10-07
CUST002793,Aarav,Gupta,aarav.gupta2793@example.com,West,2027-05-02
CUST002794,Ishaan,Kapoor,ishaan.kapoor2794@example.com,North,2026-07-11
CUST002795,Diya,Gupta,diya.gupta2795@example.com,West,2027-07-14
CUST002796,Aarav,Singh,aarav.singh2796@example.com,Central,2027-04-13
CUST002797,Riya,Joshi,riya.joshi2797@example.com,West,2027-04-30
CUST002798,Ananya,Joshi,ananya.joshi2798@example.com,East,2027-09-08
CUST002799,Anika,Kapoor,anika.kapoor2799@example.com,West,2026-11-04
CUST002800,Ayaan,Das,ayaan.das2800@example.com,Central,2026-04-21
CUST002801,Riya,Das,riya.das2801@example.com,East,2027-08-15
CUST002802,Aarav,Gupta,aarav.gupta2802@example.com,Central,2026-06-20
CUST002803,Reyansh,Mehta,reyansh.mehta2803@example.com,South,2026-05-14
CUST002804,Vivaan,Verma,vivaanverma.com,South,2026-12-21
CUST002805,Priya,Gupta,priya.gupta2805@example.com,West,2026-01-01
CUST002806,Arjun,Reddy,arjun.reddy2806@example.com,South,2026-11-05
CUST002807,Aditya,Gupta,aditya.gupta2807@example.com,South,2026-07-28
CUST002808,Aditya,Joshi,aditya.joshi2808@example.com,South,2026-06-07
CUST002809,Kabir,Sharma,kabir.sharma2809@example.com,West,2026-06-13
CUST002810,Vihaan,Singh,vihaan.singh2810@example.com,Central,2027-02-08
CUST002811,Anika,Kapoor,anika.kapoor2811@example.com,West,2027-04-20
CUST002812,Vihaan,Patel,vihaan.patel2812@example.com,South,2026-11-22
CUST002813,Priya,Das,priya.das2813@example.com,East,2026-10-17
CUST002814,Priya,Rao,priya.rao2814@example.com,North,2026-12-22
CUST002815,Aarav,Reddy,aarav.reddy2815@example.com,Central,2026-07-02
CUST002816,Kabir,Nair,kabir.nair2816@example.com,East,2027-05-29
CUST002817,Priya,Bhat,priya.bhat2817@example.com,North,2027-10-24
CUST002818,Arjun,Singh,arjun.singh2818@example.com,South,2026-02-15
CUST002819,Diya,Patel,diya.patel2819@example.com,North,2026-12-14
CUST002820,Sai,Patel,sai.patel2820@example.com,South,2026-10-19
CUST002821,Priya,Kapoor,priya.kapoor2821@example.com,West,2026-02-05
CUST002822,Riya,Gupta,riya.gupta2822@example.com,South,2027-02-12
CUST002823,Vihaan,Singh,vihaan.singh2823@example.com,North,2026-12-21
CUST002824,Priya,Das,priya.das2824@example.com,North,2026-06-14
CUST002825,Arjun,Mehta,arjun.mehta2825@example.com,Central,2027-01-29
CUST002826,Aarav,Singh,aarav.singh2826@example.com,West,2027-03-09
CUST002827,Diya,Patel,diya.patel2827@example.com,East,2027-10-12
CUST002828,Saanvi,Rao,saanvi.rao2828@example.com,East,2027-04-30
CUST002829,Kabir,Verma,kabir.verma2829@example.com,South,2027-03-11
CUST002830,Priya,Chowdhury,priya.chowdhury2830@example.com,North,2026-06-03
CUST002831,Ishaan,Bhat,ishaan.bhat2831@example.com,Central,2026-09-22
CUST002832,Saanvi,Patel,saanvi.patel2832@example.com,North,2027-04-21
CUST002833,Vivaan,Verma,vivaan.verma2833@example.com,West,2027-04-17
CUST002834,Vivaan,Bhat,vivaan.bhat2834@example.com,Central,2027-01-14
CUST002835,Riya,Nair,riya.nair2835@example.com,East,2026-01-25
CUST002836,Ananya,Gupta,ananya.gupta2836@example.com,East,2027-01-01
CUST002837,Aarav,Singh,aarav.singh2837@example.com,East,2026-11-01
CUST002838,Vivaan,Mehta,vivaan.mehta2838@example.com,North,2027-01-01
CUST002839,Priya,Reddy,priya.reddy2839@example.com,South,2026-03-28
CUST002840,Vihaan,Gupta,vihaan.gupta2840@example.com,South,2027-10-11
CUST002841,Riya,Bhat,riya.bhat2841@example.com,East,2026-12-20
CUST002842,Ayaan,Bhat,ayaan.bhat2842@example.com,Central,2027-08-06
CUST002843,Vivaan,Verma,vivaan.verma2843@example.com,East,2027-01-17
CUST002844,Arjun,Mehta,arjun.mehta2844@example.com,North,2027-01-27
CUST002845,Aditya,Nair,aditya.nair2845@example.com,East,2027-03-09
CUST002846,Aarav,Gupta,aarav.gupta2846@example.com,East,2027-10-31
CUST002847,Riya,Verma,riya.verma2847@example.com,South,2027-08-08
CUST002848,Diya,Mehta,diya.mehta2848@example.com,Central,2027-07-07
CUST002849,Vivaan,Nair,vivaan.nair2849@example.com,Central,2027-04-30
CUST002850,Riya,Iyer,riya.iyer2850@example.com,South,2026-10-11
CUST002851,Vivaan,Mehta,vivaan.mehta2851@example.com,West,2026-07-05
CUST002852,Ananya,Sharma,ananya.sharma2852@example.com,West,2026-08-01
CUST002853,Riya,Kapoor,riya.kapoor2853@example.com,South,2026-10-09
CUST002854,Saanvi,Mehta,saanvi.mehta2854@example.com,East,2026-04-10
CUST002855,Ayaan,Sharma,ayaan.sharma2855@example.com,East,2026-08-15
CUST002856,Diya,Joshi,diya.joshi2856@example.com,Central,2027-04-17
CUST002857,Riya,Kapoor,riya.kapoor2857@example.com,Central,2026-12-03
CUST002858,Priya,Singh,priya.singh2858@example.com,Central,2026-01-13
CUST002859,Ishaan,Nair,ishaan.nair2859@example.com,East,2027-04-01
CUST002860,Saanvi,Chowdhury,saanvi.chowdhury2860@example.com,West,2026-08-04
CUST002861,Sai,Kapoor,sai.kapoor2861@example.com,West,2026-09-19
CUST002862,Vivaan,Kapoor,vivaan.kapoor2862@example.com,Central,2026-03-22
CUST002863,Anika,Rao,anika.rao2863@example.com,East,2026-03-27
CUST002864,Kabir,Iyer,kabir.iyer2864@example.com,East,2026-11-19
CUST002865,Saanvi,Sharma,saanvi.sharma2865@example.com,South,2027-10-02
CUST002866,Sai,Mehta,sai.mehta2866@example.com,East,2027-08-02
CUST002867,Riya,Das,riya.das2867@example.com,North,2026-10-18
CUST002868,Anika,Reddy,anika.reddy2868@example.com,West,2027-07-05
CUST002869,Priya,Mehta,priya.mehta2869@example.com,North,2026-04-10
CUST002870,Reyansh,Reddy,reyansh.reddy2870@example.com,North,2027-08-08
CUST002871,Sai,Chowdhury,sai.chowdhury2871@example.com,South,2027-02-15
CUST002872,Riya,Nair,riya.nair2872@example.com,South,2027-03-05
CUST002873,Ananya,Nair,ananya.nair2873@example.com,East,2027-10-08
CUST002874,Ishaan,Rao,ishaan.rao2874@example.com,Central,2027-06-30
CUST002875,Ayaan,Chowdhury,ayaan.chowdhury2875@example.com,West,2027-05-22
CUST002876,Diya,Chowdhury,diya.chowdhury2876@example.com,West,2026-06-10
CUST002877,Priya,Iyer,priya.iyer2877@example.com,North,2027-06-30
CUST002878,Saanvi,Kapoor,saanvi.kapoor2878@example.com,South,2027-12-01
CUST002879,Priya,Mehta,priya.mehta2879@example.com,West,2027-03-05
CUST002880,Reyansh,Kapoor,reyansh.kapoor2880@example.com,North,2027-09-26
CUST002881,Arjun,Mehta,arjun.mehta2881@example.com,Central,2027-05-31
CUST002882,Riya,Sharma,riya.sharma2882@example.com,East,2027-09-17
CUST002883,Sai,Mehta,sai.mehta2883@example.com,West,2027-12-02
CUST002884,Kabir,Sharma,kabir.sharma2884@example.com,Central,2027-11-01
CUST002885,Reyansh,Chowdhury,reyansh.chowdhury2885@example.com,South,2027-04-14
CUST002886,Ayaan,Gupta,ayaan.gupta2886@example.com,West,2026-07-24
CUST002887,Arjun,Iyer,arjun.iyer2887@example.com,North,2026-02-01
CUST002888,Saanvi,Singh,saanvi.singh2888@example.com,South,2027-12-02
CUST002889,Saanvi,Reddy,saanvi.reddy2889@example.com,South,2027-04-18
CUST002890,Vihaan,Das,vihaan.das2890@example.com,Central,2026-12-06
CUST002891,Ayaan,Singh,ayaan.singh2891@example.com,North,2026-01-08
CUST002892,Riya,Chowdhury,riya.chowdhury2892@example.com,Central,2027-04-27
CUST002893,Aditya,Das,aditya.das2893@example.com,West,2026-09-24
CUST002894,Vihaan,Joshi,vihaan.joshi2894@example.com,Central,2027-10-25
CUST002895,Aarav,Singh,aarav.singh2895@example.com,West,2026-03-03
CUST002896,Priya,Chowdhury,priya.chowdhury2896@example.com,North,2027-01-08
CUST002897,Saanvi,Patel,saanvi.patel2897@example.com,North,2026-04-17
CUST002898,Ananya,Das,ananya.das2898@example.com,Central,2026-04-25
CUST002899,Kabir,Patel,kabir.patel2899@example.com,East,2026-05-26
CUST002900,Anika,Reddy,anika.reddy2900@example.com,East,2026-04-10
CUST002901,Aditya,Singh,aditya.singh2901@example.com,West,2026-09-08
CUST002902,Ishaan,Iyer,ishaan.iyer2902@example.com,West,2026-12-05
CUST002903,Ananya,Mehta,ananya.mehta2903@example.com,East,2027-09-01
CUST002904,Arjun,Gupta,arjun.gupta2904@example.com,Central,2026-10-23
CUST002905,Ayaan,Bhat,ayaan.bhat2905@example.com,East,2027-08-01
CUST002906,Diya,Iyer,diya.iyer2906@example.com,South,2027-08-05
CUST002907,Diya,Singh,diya.singh2907@example.com,West,2027-11-21
CUST002908,Arjun,Joshi,arjun.joshi2908@example.com,South,2026-05-31
CUST002909,Diya,Chowdhury,diya.chowdhury2909@example.com,West,2026-09-21
CUST002910,Ayaan,Sharma,ayaan.sharma2910@example.com,South,2027-08-21
CUST002911,Arjun,Mehta,arjun.mehta2911@example.com,North,2026-09-23
CUST002912,Priya,Singh,priya.singh2912@example.com,Central,2026-06-24
CUST002913,Arjun,Mehta,arjun.mehta2913@example.com,Central,2026-11-18
CUST002914,Kabir,Patel,kabir.patel2914@example.com,West,2027-10-26
CUST002915,Anika,Gupta,anika.gupta2915@example.com,West,2027-01-24
CUST002916,Aditya,Nair,aditya.nair2916@example.com,South,2026-11-13
CUST002917,Ayaan,Gupta,ayaan.gupta2917@example.com,East,2027-09-16
CUST002918,Reyansh,Nair,reyansh.nair2918@example.com,West,2027-04-16
CUST002919,Aarav,Chowdhury,aarav.chowdhury2919@example.com,Central,2026-08-22
CUST002920,Kabir,Kapoor,kabir.kapoor2920@example.com,North,2027-02-13
CUST002921,Vihaan,Nair,vihaan.nair2921@example.com,Central,2026-03-10
CUST002922,Aditya,Das,aditya.das2922@example.com,North,2027-04-03
CUST002923,Ayaan,Reddy,ayaan.reddy2923@example.com,East,2026-07-07
CUST002924,Ayaan,Reddy,ayaan.reddy2924@example.com,West,2026-07-01
CUST002925,Ananya,Rao,ananya.rao2925@example.com,East,2026-04-04
CUST002926,Aditya,Bhat,aditya.bhat2926@example.com,South,2027-06-20
CUST002927,Vivaan,Reddy,vivaan.reddy2927@example.com,South,2026-09-07
CUST002928,Anika,Singh,anikasinghgmail.com,Central,2026-02-22
CUST002929,Aditya,Reddy,aditya.reddy2929@example.com,West,2026-04-30
CUST002930,Aditya,Singh,aditya.singh2930@example.com,South,2026-04-13
CUST002931,Reyansh,Mehta,reyansh.mehta2931@example.com,West,2026-11-04
CUST002932,Aarav,Mehta,aarav.mehta2932@example.com,West,2026-04-25
CUST002933,Reyansh,Mehta,reyansh.mehta2933@example.com,Central,2027-04-13
CUST002934,Ananya,Das,ananya.das2934@example.com,West,2027-09-08
CUST002935,Anika,Kapoor,anika.kapoor2935@example.com,South,2026-12-03
CUST002936,Anika,Rao,anika.rao2936@example.com,East,2027-10-23
CUST002937,Ananya,Chowdhury,ananya.chowdhury2937@example.com,Central,2026-09-12
CUST002938,Ananya,Kapoor,ananya.kapoor2938@example.com,Central,2027-05-31
CUST002939,Saanvi,Verma,saanvi.verma2939@example.com,South,2027-05-15
CUST002940,Ishaan,Bhat,ishaan.bhat2940@example.com,Central,2027-04-27
CUST002941,Sai,Gupta,sai.gupta2941@example.com,North,2027-03-19
CUST002942,Vihaan,Bhat,vihaan.bhat2942@example.com,West,2026-12-17
CUST002943,Sai,Reddy,sai.reddy2943@example.com,North,2026-08-26
CUST002944,Diya,Rao,diya.rao2944@example.com,East,2026-11-24
CUST002945,Anika,Verma,anika.verma2945@example.com,East,2027-09-17
CUST002946,Arjun,Nair,arjun.nair2946@example.com,South,2026-07-16
CUST002947,Sai,Chowdhury,sai.chowdhury2947@example.com,South,2027-09-17
CUST002948,Ishaan,Rao,ishaan.rao2948@example.com,West,2027-11-01
CUST002949,Riya,Das,riya.das2949@example.com,East,2026-08-23
CUST002950,Anika,Bhat,anika.bhat2950@example.com,East,2027-01-15
CUST002951,Diya,Nair,diya.nair2951@example.com,East,2026-11-19
CUST002952,Diya,Patel,diya.patel2952@example.com,Central,2027-02-07
CUST002953,Aarav,Das,aarav.das2953@example.com,West,2026-02-26
CUST002954,Kabir,Kapoor,kabir.kapoor2954@example.com,South,2027-04-13
CUST002955,Aarav,Chowdhury,aarav.chowdhury2955@example.com,South,2026-08-02
CUST002956,Diya,Chowdhury,diya.chowdhury2956@example.com,East,2026-01-25
CUST002957,Riya,Das,riya.das2957@example.com,West,2026-11-30
CUST002958,Reyansh,Das,reyansh.das2958@example.com,South,2027-09-25
CUST002959,Saanvi,Chowdhury,saanvi.chowdhury2959@example.com,East,2026-04-20
CUST002960,Ayaan,Gupta,ayaan.gupta2960@example.com,East,2027-05-07
CUST002961,Anika,Sharma,anika.sharma2961@example.com,West,2027-05-14
CUST002962,Ananya,Mehta,ananya.mehta2962@example.com,Central,2027-01-20
CUST002963,Vihaan,Sharma,vihaan.sharma2963@example.com,East,2026-10-10
CUST002964,Kabir,Singh,kabir.singh2964@example.com,East,2026-04-24
CUST002965,Arjun,Bhat,arjun.bhat2965@example.com,North,2026-11-29
CUST002966,Arjun,Chowdhury,arjun.chowdhury2966@example.com,South,2027-08-27
CUST002967,Reyansh,Rao,reyansh.rao2967@example.com,North,2027-03-25
CUST002968,Ishaan,Mehta,ishaan.mehta2968@example.com,Central,2027-11-08
CUST002969,Diya,Joshi,diya.joshi2969@example.com,North,2026-05-24
CUST002970,Ishaan,Chowdhury,ishaan.chowdhury2970@example.com,East,2027-04-02
CUST002971,Sai,Nair,sai.nair2971@example.com,West,2026-08-22
CUST002972,Kabir,Nair,kabir.nair2972@example.com,South,2027-11-25
CUST002973,Ananya,Mehta,ananya.mehta2973@example.com,North,2026-05-24
CUST002974,Riya,Patel,riya.patel2974@example.com,West,2027-05-14
CUST002975,Vivaan,Bhat,vivaan.bhat2975@example.com,Central,2027-01-18
CUST002976,Riya,Sharma,riya.sharma2976@example.com,Central,2026-12-01
CUST002977,Anika,Iyer,anika.iyer2977@example.com,Central,2026-12-08
CUST002978,Aditya,Joshi,aditya.joshi2978@example.com,North,2027-08-02
CUST002979,Vihaan,Rao,vihaan.rao2979@example.com,South,2027-06-10
CUST002980,Saanvi,Mehta,saanvi.mehta2980@example.com,South,2026-03-16
CUST002981,Ananya,Singh,ananya.singh2981@example.com,West,2026-06-05
CUST002982,Ishaan,Verma,ishaan.verma2982@example.com,South,2027-10-26
CUST002983,Ishaan,Singh,ishaan.singh2983@example.com,Central,2027-03-19
CUST002984,Priya,Mehta,priya.mehta2984@example.com,East,2026-01-07
CUST002985,Priya,Sharma,priya.sharma2985@example.com,North,2026-08-19
CUST002986,Riya,Gupta,riya.gupta2986@example.com,East,2026-08-17
CUST002987,Ishaan,Rao,ishaan.rao2987@example.com,West,2027-11-01
CUST002988,Kabir,Bhat,kabir.bhat2988@example.com,Central,2026-06-06
CUST002989,Arjun,Reddy,arjun.reddy2989@example.com,East,2026-07-05
CUST002990,Aarav,Rao,aarav.rao2990@example.com,Central,2026-02-10
CUST002991,Kabir,Verma,kabir.verma2991@example.com,East,2026-11-19
CUST002992,Reyansh,Reddy,reyansh.reddy2992@example.com,East,2026-06-17
CUST002993,Ananya,Reddy,ananya.reddy2993@example.com,South,2026-12-30
CUST002994,Arjun,Bhat,arjun.bhat2994@example.com,West,2026-05-07
CUST002995,Aarav,Singh,aarav.singh2995@example.com,South,2027-01-25
CUST002996,Saanvi,Singh,saanvi.singh2996@example.com,West,2026-07-23
CUST002997,Priya,Mehta,priya.mehta2997@example.com,North,2026-04-06
CUST002998,Vihaan,Gupta,vihaan.gupta2998@example.com,South,2026-05-04
CUST002999,Kabir,Joshi,kabir.joshi2999@example.com,East,2027-03-02
CUST003000,Reyansh,Verma,reyansh.verma3000@example.com,Central,2027-01-04
CUST003001,Ananya,Rao,ananya.rao3001@example.com,North,2027-04-13
CUST003002,Aarav,Patel,aarav.patel3002@example.com,West,2027-02-14
CUST003003,Kabir,Nair,kabir.nair3003@example.com,East,2026-03-08
CUST003004,Diya,Reddy,diya.reddy3004@example.com,North,2027-10-29
CUST003005,Priya,Bhat,priya.bhat3005@example.com,West,2026-01-17
CUST003006,Ishaan,Sharma,ishaan.sharma3006@example.com,South,2026-09-12
CUST003007,Aarav,Gupta,aarav.gupta3007@example.com,Central,2026-06-09
CUST003008,Anika,Das,anika.das3008@example.com,North,2026-03-04
CUST003009,Reyansh,Chowdhury,reyansh.chowdhury3009@example.com,East,2027-01-16
CUST003010,Riya,Chowdhury,riya.chowdhury3010@example.com,South,2027-03-06
CUST003011,Sai,Bhat,sai.bhat3011@example.com,Central,2026-06-05
CUST003012,Kabir,Bhat,kabir.bhat3012@example.com,North,2026-06-16
CUST003013,Anika,Reddy,anika.reddy3013@example.com,East,2027-02-18
CUST003014,Kabir,Bhat,kabir.bhat3014@example.com,East,2027-09-29
CUST003015,Aarav,Das,aarav.das3015@example.com,North,2026-12-06
CUST003016,Anika,Sharma,anika.sharma3016@example.com,South,2027-02-22
CUST003017,Priya,Das,priya.das3017@example.com,Central,2027-06-22
CUST003018,Sai,Verma,sai.verma3018@example.com,North,2026-12-24
CUST003019,Aditya,Patel,aditya.patel3019@example.com,North,2026-04-26
CUST003020,Saanvi,Patel,saanvi.patel3020@example.com,Central,2027-03-27
CUST003021,Aarav,Iyer,aarav.iyer3021@example.com,West,2027-04-26
CUST003022,Arjun,Nair,arjun.nair3022@example.com,Central,2027-01-10
CUST003023,Vihaan,Singh,vihaan.singh3023@example.com,West,2027-08-08
CUST003024,Arjun,Reddy,arjun.reddy3024@example.com,Central,2026-05-13
CUST003025,Ayaan,Kapoor,ayaan.kapoor3025@example.com,North,2026-04-08
CUST003026,Diya,Bhat,diya.bhat3026@example.com,Central,2026-04-18
CUST003027,Ayaan,Iyer,ayaan.iyer3027@example.com,South,2027-11-07
CUST003028,Ishaan,Joshi,ishaan.joshi3028@example.com,West,2027-11-16
CUST003029,Ananya,Das,ananya.das3029@example.com,South,2026-12-02
CUST003030,Kabir,Kapoor,kabir.kapoor3030@example.com,South,2027-08-17
CUST003031,Priya,Kapoor,priya.kapoor3031@example.com,North,2026-07-22
CUST003032,Aarav,Gupta,aarav.gupta3032@example.com,North,2026-09-01
CUST003033,Priya,Nair,priya.nair3033@example.com,North,2027-08-09
CUST003034,Anika,Chowdhury,anika.chowdhury3034@example.com,East,2026-07-12
CUST003035,Priya,Singh,priya.singh3035@example.com,South,2027-04-10
CUST003036,Ananya,Rao,ananya.rao3036@example.com,West,2026-05-01
CUST003037,Ishaan,Nair,ishaan.nair3037@example.com,South,2026-09-19
CUST003038,Anika,Das,anika.das3038@example.com,Central,2027-04-13
CUST003039,Ishaan,Das,ishaan.das3039@example.com,Central,2026-09-27
CUST003040,Kabir,Patel,kabir.patel3040@example.com,North,2027-07-11
CUST003041,Vihaan,Reddy,vihaan.reddy3041@example.com,West,2026-04-24
CUST003042,Diya,Gupta,diya.gupta3042@example.com,East,2026-11-11
CUST003043,Riya,Rao,riya.rao3043@example.com,North,2027-06-01
CUST003044,Priya,Chowdhury,priya.chowdhury3044@example.com,Central,2026-07-19
CUST003045,Ayaan,Das,ayaan.das3045@example.com,North,2026-07-23
CUST003046,Arjun,Mehta,arjun.mehta3046@example.com,Central,2027-06-22
CUST003047,Kabir,Rao,kabir.rao3047@example.com,South,2027-06-28
CUST003048,Kabir,Gupta,kabir.gupta3048@example.com,North,2027-11-28
CUST003049,Ayaan,Chowdhury,ayaan.chowdhury3049@example.com,South,2027-07-08
CUST003050,Riya,Chowdhury,riya.chowdhury3050@example.com,South,2026-10-13
CUST003051,Priya,Iyer,priya.iyer3051@example.com,West,2027-06-19
CUST003052,Anika,Singh,anika.singh3052@example.com,East,2026-05-20
CUST003053,Aarav,Verma,aarav.verma3053@example.com,East,2027-07-24
CUST003054,Reyansh,Bhat,reyansh.bhat3054@example.com,Central,2027-09-01
CUST003055,Vivaan,Das,vivaan.das3055@example.com,West,2026-05-24
CUST003056,Anika,Chowdhury,anika.chowdhury3056@example.com,South,2026-09-06
CUST003057,Sai,Kapoor,sai.kapoor3057@example.com,West,2027-02-05
CUST003058,Reyansh,Reddy,reyansh.reddy3058@example.com,East,2026-03-14
CUST003059,Ananya,Gupta,ananya.gupta3059@example.com,West,2026-05-07
CUST003060,Arjun,Reddy,arjun.reddy3060@example.com,West,2026-05-26
CUST003061,Ishaan,Sharma,ishaan.sharma3061@example.com,North,2027-06-18
CUST003062,Vihaan,Das,vihaan.das3062@example.com,Central,2027-04-28
CUST003063,Saanvi,Iyer,saanvi.iyer3063@example.com,North,2027-07-09
CUST003064,Saanvi,Gupta,saanvi.gupta3064@example.com,North,2026-12-16
CUST003065,Vivaan,Patel,vivaan.patel3065@example.com,East,2026-04-26
CUST003066,Saanvi,Patel,saanvi.patel3066@example.com,Central,2026-06-22
CUST003067,Diya,Reddy,diya.reddy3067@example.com,Central,2026-04-16
CUST003068,Kabir,Reddy,kabir.reddy3068@example.com,West,2027-03-19
CUST003069,Vivaan,Kapoor,vivaan.kapoor3069@example.com,North,2026-10-14
CUST003070,Ananya,Kapoor,ananya.kapoor3070@example.com,Central,2026-12-03
CUST003071,Ananya,Nair,ananya.nair3071@example.com,North,2026-01-14
CUST003072,Anika,Reddy,anika.reddy3072@example.com,Central,2027-05-22
CUST003073,Riya,Kapoor,riya.kapoor3073@example.com,East,2026-04-17
CUST003074,Priya,Mehta,priya.mehta3074@example.com,Central,2027-11-15
CUST003075,Vivaan,Mehta,vivaan.mehta3075@example.com,North,2027-08-28
CUST003076,Vihaan,Mehta,vihaan.mehta3076@example.com,North,2026-05-01
CUST003077,Kabir,Mehta,kabir.mehta3077@example.com,Central,2027-03-08
CUST003078,Vivaan,Nair,vivaan.nair3078@example.com,West,2027-04-17
CUST003079,Vivaan,Patel,vivaan.patel3079@example.com,West,2027-11-17
CUST003080,Reyansh,Mehta,reyansh.mehta3080@example.com,South,2026-01-25
CUST003081,Ishaan,Verma,ishaan.verma3081@example.com,East,2027-02-27
CUST003082,Saanvi,Chowdhury,saanvi.chowdhury3082@example.com,East,2027-01-03
CUST003083,Kabir,Reddy,kabir.reddy3083@example.com,East,2027-04-02
CUST003084,Ishaan,Singh,ishaan.singh3084@example.com,East,2026-06-14
CUST003085,Ishaan,Joshi,ishaan.joshi3085@example.com,West,2026-12-23
CUST003086,Anika,Chowdhury,anika.chowdhury3086@example.com,North,2026-12-08
CUST003087,Ayaan,Nair,ayaan.nair3087@example.com,East,2026-04-14
CUST003088,Priya,Nair,priya.nair3088@example.com,Central,2027-05-25
CUST003089,Sai,Das,sai.das3089@example.com,West,2026-07-27
CUST003090,Anika,Nair,anika.nair3090@example.com,East,2027-03-25
CUST003091,Sai,Gupta,sai.gupta3091@example.com,East,2026-01-17
CUST003092,Reyansh,Mehta,reyansh.mehta3092@example.com,East,2027-06-03
CUST003093,Diya,Das,diya.das3093@example.com,Central,2027-07-06
CUST003094,Priya,Mehta,priya.mehta3094@example.com,North,2026-07-23
CUST003095,Aditya,Joshi,aditya.joshi3095@example.com,Central,2027-11-11
CUST003096,Ananya,Gupta,ananya.gupta3096@example.com,East,2027-06-30
CUST003097,Priya,Gupta,priya.gupta3097@example.com,West,2026-04-17
CUST003098,Aditya,Nair,aditya.nair3098@example.com,South,2027-03-30
CUST003099,Ayaan,Rao,ayaan.rao3099@example.com,South,2027-11-15
CUST003100,Aarav,Singh,aarav.singh3100@example.com,South,2026-08-13
CUST003101,Ayaan,Singh,ayaan.singh3101@example.com,South,2026-05-29
CUST003102,Diya,Reddy,diya.reddy3102@example.com,North,2027-09-19
CUST003103,Saanvi,Patel,saanvi.patel3103@example.com,Central,2027-07-19
CUST003104,Reyansh,Patel,reyansh.patel3104@example.com,South,2027-06-16
CUST003105,Priya,Kapoor,priya.kapoor3105@example.com,Central,2027-02-01
CUST003106,Kabir,Das,kabir.das3106@example.com,East,2027-03-18
CUST003107,Kabir,Bhat,kabir.bhat3107@example.com,South,2026-11-24
CUST003108,Kabir,Verma,kabir.verma3108@example.com,South,2026-11-26
CUST003109,Arjun,Verma,arjun.verma3109@example.com,Central,2027-05-03
CUST003110,Ishaan,Verma,ishaan.verma3110@example.com,Central,2026-08-22
CUST003111,Ayaan,Singh,ayaan.singh3111@example.com,East,2027-08-12
CUST003112,Saanvi,Mehta,saanvi.mehta3112@example.com,West,2027-05-25
CUST003113,Riya,Verma,riya.verma3113@example.com,South,2026-01-23
CUST003114,Saanvi,Rao,saanvi.rao3114@example.com,North,2026-12-22
CUST003115,Arjun,Verma,arjun.verma3115@example.com,East,2026-03-08
CUST003116,Ananya,Bhat,ananya.bhat3116@example.com,North,2027-09-05
CUST003117,Riya,Joshi,riya.joshi3117@example.com,South,2027-02-10
CUST003118,Saanvi,Iyer,saanvi.iyer3118@example.com,Central,2027-11-22
CUST003119,Ishaan,Reddy,ishaan.reddy3119@example.com,Central,2027-06-05
CUST003120,Arjun,Das,arjun.das3120@example.com,Central,2027-11-29
CUST003121,Ishaan,Chowdhury,ishaan.chowdhury3121@example.com,North,2027-09-17
CUST003122,Kabir,Mehta,kabir.mehta3122@example.com,North,2026-03-14
CUST003123,Aditya,Rao,aditya.rao3123@example.com,West,2026-06-15
CUST003124,Ayaan,Mehta,ayaan.mehta3124@example.com,South,2026-07-05
CUST003125,Anika,Joshi,anika.joshi3125@example.com,North,2026-12-06
CUST003126,Vihaan,Patel,vihaan.patel3126@example.com,Central,2027-02-01
CUST003127,Priya,Joshi,priya.joshi3127@example.com,West,2026-05-22
CUST003128,Sai,Verma,sai.verma3128@example.com,East,2026-12-30
CUST003129,Riya,Bhat,riya.bhat3129@example.com,East,2027-05-27
CUST003130,Sai,Iyer,sai.iyer3130@example.com,West,2026-07-25
CUST003131,Kabir,Kapoor,kabir.kapoor3131@example.com,North,2026-12-14
CUST003132,Vihaan,Rao,vihaan.rao3132@example.com,East,2026-01-21
CUST003133,Vivaan,Rao,vivaan.rao3133@example.com,North,2027-12-01
CUST003134,Vihaan,Gupta,vihaan.gupta3134@example.com,North,2027-06-26
CUST003135,Aarav,Nair,aarav.nair3135@example.com,West,2026-11-10
CUST003136,Kabir,Chowdhury,kabir.chowdhury3136@example.com,North,2026-06-26
CUST003137,Anika,Gupta,anika.gupta3137@example.com,Central,2026-08-12
CUST003138,Vihaan,Chowdhury,vihaan.chowdhury3138@example.com,South,2027-09-07
CUST003139,Sai,Bhat,sai.bhat3139@example.com,West,2026-07-01
CUST003140,Arjun,Chowdhury,arjun.chowdhury3140@example.com,West,2026-02-01
CUST003141,Vivaan,Bhat,vivaan.bhat3141@example.com,Central,2026-05-04
CUST003142,Diya,Verma,diya.verma3142@example.com,East,2027-12-01
CUST003143,Sai,Bhat,sai.bhat3143@example.com,North,2027-05-25
CUST003144,Arjun,Mehta,arjun.mehta3144@example.com,East,2027-04-11
CUST003145,Priya,Das,priya.das3145@example.com,West,2026-04-30
CUST003146,Aditya,Nair,aditya.nair3146@example.com,South,2027-01-10
CUST003147,Ayaan,Chowdhury,ayaan.chowdhury3147@example.com,West,2026-07-12
CUST003148,Vivaan,Nair,vivaan.nair3148@example.com,North,2027-05-07
CUST003149,Vihaan,Chowdhury,vihaan.chowdhury3149@example.com,Central,2026-04-04
CUST003150,Ishaan,Bhat,ishaan.bhat3150@example.com,Central,2027-07-31
CUST003151,Priya,Das,,South,2026-10-17
CUST003152,Arjun,Singh,arjun.singh3152@example.com,South,2026-10-27
CUST003153,Riya,Patel,riya.patel3153@example.com,West,2027-01-22
CUST003154,Anika,Sharma,anika.sharma3154@example.com,West,2026-04-17
CUST003155,Anika,Mehta,anika.mehta3155@example.com,West,2026-11-10
CUST003156,Diya,Das,diya.das3156@example.com,North,2027-06-25
CUST003157,Reyansh,Verma,reyansh.verma3157@example.com,East,2027-08-25
CUST003158,Sai,Kapoor,sai.kapoor3158@example.com,East,2026-02-19
CUST003159,Aarav,Sharma,aarav.sharma3159@example.com,East,2027-01-30
CUST003160,Kabir,Rao,kabir.rao3160@example.com,North,2027-12-02
CUST003161,Sai,Rao,sai.rao3161@example.com,East,2027-11-29
CUST003162,Reyansh,Verma,reyansh.verma3162@example.com,West,2026-07-10
CUST003163,Ishaan,Verma,ishaan.verma3163@example.com,South,2027-05-23
CUST003164,Aarav,Sharma,aarav.sharma3164@example.com,West,2026-07-30
CUST003165,Diya,Sharma,diya.sharma3165@example.com,South,2027-11-07
CUST003166,Sai,Patel,sai.patel3166@example.com,South,2027-01-16
CUST003167,Vivaan,Gupta,vivaan.gupta3167@example.com,South,2027-09-06
CUST003168,Ananya,Bhat,ananya.bhat3168@example.com,West,2027-11-28
CUST003169,Diya,Reddy,diya.reddy3169@example.com,East,2027-02-24
CUST003170,Riya,Chowdhury,riya.chowdhury3170@example.com,West,2027-01-22
CUST003171,Reyansh,Chowdhury,reyansh.chowdhury3171@example.com,West,2026-09-17
CUST003172,Aarav,Kapoor,aarav.kapoor3172@example.com,West,2026-02-12
CUST003173,Arjun,Kapoor,arjun.kapoor3173@example.com,South,2026-03-14
CUST003174,Vihaan,Verma,vihaan.verma3174@example.com,South,2027-05-16
CUST003175,Sai,Rao,sai.rao3175@example.com,East,2026-06-21
CUST003176,Priya,Iyer,priya.iyer3176@example.com,Central,2026-10-21
CUST003177,Ananya,Verma,ananya.verma3177@example.com,North,2027-02-09
CUST003178,Aditya,Rao,aditya.rao3178@example.com,West,2026-07-25
CUST003179,Vivaan,Singh,vivaan.singh3179@example.com,West,2026-04-22
CUST003180,Ayaan,Sharma,ayaan.sharma3180@example.com,West,2026-07-08
CUST003181,Aditya,Reddy,aditya.reddy3181@example.com,West,2027-09-23
CUST003182,Saanvi,Joshi,saanvi.joshi3182@example.com,South,2027-03-29
CUST003183,Vivaan,Kapoor,vivaan.kapoor3183@example.com,Central,2026-07-13
CUST003184,Ishaan,Sharma,ishaan.sharma3184@example.com,Central,2026-01-15
CUST003185,Ishaan,Chowdhury,ishaan.chowdhury3185@example.com,East,2026-06-29
CUST003186,Saanvi,Reddy,saanvi.reddy3186@example.com,North,2027-02-05
CUST003187,Arjun,Iyer,arjun.iyer3187@example.com,Central,2026-03-07
CUST003188,Sai,Kapoor,sai.kapoor3188@example.com,South,2026-12-10
CUST003189,Saanvi,Sharma,saanvi.sharma3189@example.com,West,2026-03-13
CUST003190,Diya,Rao,diya.rao3190@example.com,South,2026-05-27
CUST003191,Ishaan,Sharma,ishaan.sharma3191@example.com,North,2026-03-08
CUST003192,Aarav,Mehta,aarav.mehta3192@example.com,South,2026-11-26
CUST003193,Vivaan,Gupta,vivaan.gupta3193@example.com,North,2027-12-02
CUST003194,Aarav,Patel,aarav.patel3194@example.com,North,2027-07-31
CUST003195,Priya,Das,priya.das3195@example.com,Central,2026-05-03
CUST003196,Vivaan,Mehta,vivaan.mehta3196@example.com,Central,2026-03-17
CUST003197,Anika,Bhat,anika.bhat3197@example.com,Central,2027-10-23
CUST003198,Diya,Kapoor,diya.kapoor3198@example.com,Central,2027-02-01
CUST003199,Ayaan,Kapoor,ayaan.kapoor3199@example.com,West,2027-09-20
CUST003200,Kabir,Kapoor,kabir.kapoor3200@example.com,West,2027-05-06
CUST003201,Saanvi,Rao,saanvi.rao3201@example.com,East,2026-08-18
CUST003202,Diya,Kapoor,diya.kapoor3202@example.com,South,2027-02-02
CUST003203,Sai,Nair,sai.nair3203@example.com,North,2027-03-19
CUST003204,Arjun,Sharma,arjun.sharma3204@example.com,West,2027-02-25
CUST003205,Ayaan,Patel,ayaan.patel3205@example.com,South,2027-10-04
CUST003206,Reyansh,Patel,reyansh.patel3206@example.com,West,2027-03-04
CUST003207,Saanvi,Singh,saanvi.singh3207@example.com,West,2027-04-20
CUST003208,Ishaan,Nair,ishaan.nair3208@example.com,West,2026-05-17
CUST003209,Reyansh,Reddy,reyansh.reddy3209@example.com,South,2026-07-15
CUST003210,Reyansh,Chowdhury,reyansh.chowdhury3210@example.com,Central,2027-01-08
CUST003211,Riya,Nair,riya.nair3211@example.com,East,2026-08-07
CUST003212,Arjun,Singh,arjun.singh3212@example.com,North,2027-07-10
CUST003213,Saanvi,Iyer,saanvi.iyer3213@example.com,Central,2027-02-27
CUST003214,Reyansh,Reddy,reyansh.reddy3214@example.com,East,2027-07-19
CUST003215,Priya,Bhat,priya.bhat3215@example.com,Central,2027-03-19
CUST003216,Saanvi,Sharma,saanvi.sharma3216@example.com,South,2027-01-31
CUST003217,Sai,Iyer,sai.iyer3217@example.com,Central,2026-06-09
CUST003218,Priya,Mehta,priya.mehta3218@example.com,South,2026-06-04
CUST003219,Ishaan,Singh,ishaan.singh3219@example.com,South,2026-05-14
CUST003220,Ishaan,Mehta,ishaan.mehta3220@example.com,Central,2027-06-28
CUST003221,Vivaan,Kapoor,vivaan.kapoor3221@example.com,North,2026-03-08
CUST003222,Aarav,Sharma,aarav.sharma3222@example.com,North,2026-12-06
CUST003223,Ishaan,Bhat,ishaan.bhat3223@example.com,East,2026-07-27
CUST003224,Reyansh,Iyer,reyansh.iyer3224@example.com,North,2027-01-07
CUST003225,Ishaan,Mehta,ishaan.mehta3225@example.com,West,2027-05-02
CUST003226,Sai,Iyer,sai.iyer3226@example.com,East,2026-04-14
CUST003227,Sai,Bhat,sai.bhat3227@example.com,South,2026-06-17
CUST003228,Vihaan,Rao,vihaan.rao3228@example.com,Central,2027-02-24
CUST003229,Anika,Joshi,anika.joshi3229@example.com,East,2026-09-13
CUST003230,Arjun,Bhat,arjun.bhat3230@example.com,West,2026-04-10
CUST003231,Arjun,Bhat,arjun.bhat3231@example.com,West,2027-04-30
CUST003232,Anika,Gupta,anika.gupta3232@example.com,North,2027-08-24
CUST003233,Saanvi,Mehta,saanvi.mehta3233@example.com,Central,2026-07-06
CUST003234,Aarav,Singh,aarav.singh3234@example.com,Central,2026-12-19
CUST003235,Aditya,Bhat,aditya.bhat3235@example.com,East,2026-03-12
CUST003236,Arjun,Mehta,arjun.mehta3236@example.com,East,2027-11-25
CUST003237,Arjun,Verma,arjun.verma3237@example.com,South,2027-10-12
CUST003238,Diya,Joshi,diya.joshi3238@example.com,North,2026-12-30
CUST003239,Anika,Sharma,anika.sharma3239@example.com,Central,2027-08-28
CUST003240,Sai,Nair,sai.nair3240@example.com,East,2026-07-16
CUST003241,Ananya,Rao,ananya.rao3241@example.com,North,2027-05-17
CUST003242,Sai,Sharma,sai.sharma3242@example.com,South,2026-11-10
CUST003243,Saanvi,Patel,saanvi.patel3243@example.com,East,2026-02-11
CUST003244,Saanvi,Kapoor,saanvi.kapoor3244@example.com,North,2026-12-07
CUST003245,Vivaan,Gupta,vivaan.gupta3245@example.com,Central,2026-01-11
CUST003246,Aarav,Iyer,aarav.iyer3246@example.com,West,2026-07-24
CUST003247,Priya,Patel,priya.patel3247@example.com,North,2027-11-20
CUST003248,Priya,Nair,priya.nair3248@example.com,East,2027-06-09
CUST003249,Riya,Joshi,riya.joshi3249@example.com,East,2026-05-16
CUST003250,Ananya,Rao,ananya.rao3250@example.com,South,2027-05-16
CUST003251,Ananya,Verma,ananya.verma3251@example.com,West,2027-11-19
CUST003252,Ishaan,Chowdhury,ishaan.chowdhury3252@example.com,Central,2026-04-27
CUST003253,Arjun,Das,arjun.das3253@example.com,North,2026-09-06
CUST003254,Sai,Nair,sai.nair3254@example.com,North,2026-06-07
CUST003255,Ayaan,Das,ayaan.das3255@example.com,North,2026-03-19
CUST003256,Aarav,Joshi,aarav.joshi3256@example.com,East,2027-09-25
CUST003257,Arjun,Mehta,arjun.mehta3257@example.com,West,2027-10-09
CUST003258,Vihaan,Mehta,vihaanmehtagmail.com,North,2026-05-23
CUST003259,Aditya,Gupta,adityaguptagmail.com,North,2026-01-04
CUST003260,Ayaan,Reddy,ayaan.reddy3260@example.com,North,2026-03-23
CUST003261,Ishaan,Kapoor,ishaan.kapoor3261@example.com,Central,2026-07-17
CUST003262,Reyansh,Joshi,reyansh.joshi3262@example.com,West,2027-09-12
CUST003263,Anika,Iyer,anika.iyer3263@example.com,Central,2026-03-04
CUST003264,Sai,Rao,sai.rao3264@example.com,North,2026-03-23
CUST003265,Reyansh,Iyer,reyansh.iyer3265@example.com,South,2027-07-10
CUST003266,Reyansh,Joshi,reyansh.joshi3266@example.com,North,2026-03-19
CUST003267,Sai,Chowdhury,sai.chowdhury3267@example.com,East,2026-08-22
CUST003268,Priya,Kapoor,priya.kapoor3268@example.com,Central,2026-10-31
CUST003269,Riya,Rao,riya.rao3269@example.com,East,2026-08-12
CUST003270,Ananya,Chowdhury,ananya.chowdhury3270@example.com,East,2026-09-04
CUST003271,Aarav,Kapoor,aarav.kapoor3271@example.com,East,2026-10-16
CUST003272,Aditya,Sharma,aditya.sharma3272@example.com,North,2027-05-21
CUST003273,Vivaan,Mehta,vivaan.mehta3273@example.com,West,2026-03-23
CUST003274,Aarav,Joshi,aarav.joshi3274@example.com,North,2026-11-23
CUST003275,Kabir,Joshi,kabir.joshi3275@example.com,Central,2027-11-26
CUST003276,Ananya,Joshi,ananya.joshi3276@example.com,East,2027-04-07
CUST003277,Anika,Nair,anika.nair3277@example.com,West,2026-11-04
CUST003278,Ishaan,Rao,ishaan.rao3278@example.com,South,2026-08-22
CUST003279,Sai,Sharma,sai.sharma3279@example.com,East,2027-02-24
CUST003280,Saanvi,Nair,saanvi.nair3280@example.com,West,2027-04-20
CUST003281,Saanvi,Gupta,saanvi.gupta3281@example.com,South,2027-01-30
CUST003282,Aarav,Chowdhury,aarav.chowdhury3282@example.com,South,2026-11-21
CUST003283,Arjun,Patel,arjun.patel3283@example.com,East,2026-01-15
CUST003284,Sai,Gupta,sai.gupta3284@example.com,Central,2026-07-08
CUST003285,Vihaan,Sharma,vihaan.sharma3285@example.com,West,2027-04-29
CUST003286,Ananya,Nair,ananya.nair3286@example.com,South,2026-01-23
CUST003287,Priya,Gupta,priya.gupta3287@example.com,East,2027-07-17
CUST003288,Ayaan,Reddy,ayaan.reddy3288@example.com,West,2027-09-14
CUST003289,Riya,Patel,riya.patel3289@example.com,South,2027-05-15
CUST003290,Kabir,Verma,kabir.verma3290@example.com,North,2026-11-28
CUST003291,Diya,Gupta,diya.gupta3291@example.com,South,2027-06-16
CUST003292,Reyansh,Patel,reyansh.patel3292@example.com,West,2026-01-14
CUST003293,Sai,Nair,sai.nair3293@example.com,East,2027-12-02
CUST003294,Riya,Mehta,riya.mehta3294@example.com,North,2027-09-06
CUST003295,Diya,Nair,diya.nair3295@example.com,East,2026-05-12
CUST003296,Anika,Verma,anikavermagmail.com,West,2027-01-14
CUST003297,Ayaan,Reddy,ayaan.reddy3297@example.com,East,2026-08-28
CUST003298,Anika,Das,anika.das3298@example.com,East,2027-07-23
CUST003299,Ishaan,Joshi,ishaan.joshi3299@example.com,South,2026-05-11
CUST003300,Ayaan,Joshi,ayaan.joshi3300@example.com,Central,2027-09-17
CUST003301,Ayaan,Singh,ayaan.singh3301@example.com,Central,2027-04-27
CUST003302,Ishaan,Rao,ishaan.rao3302@example.com,North,2027-01-29
CUST003303,Ishaan,Verma,ishaan.verma3303@example.com,Central,2027-05-18
CUST003304,Ananya,Verma,ananya.verma3304@example.com,West,2027-02-03
CUST003305,Ananya,Joshi,ananya.joshi3305@example.com,South,2027-01-08
CUST003306,Anika,Reddy,anika.reddy3306@example.com,South,2027-10-11
CUST003307,Ishaan,Nair,ishaan.nair3307@example.com,Central,2027-05-10
CUST003308,Arjun,Das,arjun.das3308@example.com,East,2026-11-24
CUST003309,Ishaan,Mehta,ishaan.mehta3309@example.com,Central,2026-07-24
CUST003310,Reyansh,Bhat,reyansh.bhat3310@example.com,Central,2027-09-12
CUST003311,Diya,Joshi,diya.joshi3311@example.com,North,2026-07-19
CUST003312,Diya,Reddy,diya.reddy3312@example.com,West,2027-03-10
CUST003313,Diya,Iyer,diya.iyer3313@example.com,South,2026-05-28
CUST003314,Aarav,Sharma,aarav.sharma3314@example.com,West,2026-03-22
CUST003315,Saanvi,Das,saanvi.das3315@example.com,South,2027-04-03
CUST003316,Priya,Rao,priya.rao3316@example.com,South,2027-09-01
CUST003317,Ishaan,Verma,ishaan.verma3317@example.com,East,2027-04-12
CUST003318,Reyansh,Joshi,reyansh.joshi3318@example.com,Central,2027-04-10
CUST003319,Sai,Mehta,sai.mehta3319@example.com,South,2026-11-27
CUST003320,Vihaan,Sharma,vihaan.sharma3320@example.com,East,2027-07-20
CUST003321,Kabir,Gupta,kabir.gupta3321@example.com,East,2027-01-20
CUST003322,Aarav,Kapoor,aarav.kapoor3322@example.com,West,2027-10-24
CUST003323,Priya,Gupta,priya.gupta3323@example.com,East,2027-09-20
CUST003324,Diya,Nair,diya.nair3324@example.com,Central,2027-08-06
CUST003325,Vivaan,Joshi,vivaan.joshi3325@example.com,South,2027-05-24
CUST003326,Aditya,Gupta,aditya.gupta3326@example.com,South,2026-04-15
CUST003327,Sai,Joshi,sai.joshi3327@example.com,South,2026-04-05
CUST003328,Kabir,Nair,kabir.nair3328@example.com,North,2027-02-27
CUST003329,Aditya,Singh,aditya.singh3329@example.com,West,2027-07-13
CUST003330,Riya,Kapoor,riya.kapoor3330@example.com,West,2026-06-08
CUST003331,Aditya,Chowdhury,aditya.chowdhury3331@example.com,South,2027-04-05
CUST003332,Vihaan,Das,vihaan.das3332@example.com,East,2026-08-21
CUST003333,Vivaan,Kapoor,vivaan.kapoor3333@example.com,Central,2026-01-25
CUST003334,Ayaan,Singh,ayaan.singh3334@example.com,North,2026-02-13
CUST003335,Ayaan,Gupta,ayaan.gupta3335@example.com,South,2027-05-28
CUST003336,Ishaan,Patel,ishaan.patel3336@example.com,West,2026-01-20
CUST003337,Diya,Singh,diya.singh3337@example.com,North,2027-11-17
CUST003338,Aditya,Sharma,aditya.sharma3338@example.com,South,2027-08-27
CUST003339,Reyansh,Reddy,reyansh.reddy3339@example.com,Central,2027-05-19
CUST003340,Kabir,Joshi,kabir.joshi3340@example.com,North,2027-08-19
CUST003341,Sai,Patel,sai.patel3341@example.com,South,2026-06-05
CUST003342,Aarav,Bhat,aarav.bhat3342@example.com,Central,2026-10-16
CUST003343,Kabir,Rao,kabir.rao3343@example.com,West,2026-06-13
CUST003344,Ananya,Nair,ananya.nair3344@example.com,South,2026-12-01
CUST003345,Priya,Verma,priya.verma3345@example.com,East,2027-04-08
CUST003346,Saanvi,Mehta,saanvi.mehta3346@example.com,Central,2027-02-20
CUST003347,Sai,Verma,sai.verma3347@example.com,North,2027-02-01
CUST003348,Reyansh,Reddy,reyansh.reddy3348@example.com,Central,2026-11-02
CUST003349,Diya,Nair,diya.nair3349@example.com,West,2026-02-25
CUST003350,Ayaan,Mehta,ayaan.mehta3350@example.com,East,2026-08-11
CUST003351,Aarav,Iyer,aarav.iyer3351@example.com,North,2026-08-10
CUST003352,Ishaan,Reddy,ishaan.reddy3352@example.com,West,2027-02-02
CUST003353,Saanvi,Patel,saanvi.patel3353@example.com,Central,2026-06-19
CUST003354,Anika,Rao,anika.rao3354@example.com,Central,2026-10-20
CUST003355,Aditya,Mehta,aditya.mehta3355@example.com,North,2026-01-01
CUST003356,Vivaan,Chowdhury,vivaan.chowdhury3356@example.com,North,2026-10-08
CUST003357,Diya,Singh,diya.singh3357@example.com,West,2027-08-05
CUST003358,Vihaan,Sharma,vihaan.sharma3358@example.com,East,2026-08-09
CUST003359,Reyansh,Patel,reyansh.patel3359@example.com,East,2026-03-19
CUST003360,Riya,Kapoor,riya.kapoor3360@example.com,North,2026-11-01
CUST003361,Vihaan,Iyer,vihaan.iyer3361@example.com,South,2026-09-27
CUST003362,Reyansh,Verma,reyansh.verma3362@example.com,North,2027-05-03
CUST003363,Aarav,Verma,aarav.verma3363@example.com,North,2026-08-29
CUST003364,Ananya,Iyer,ananya.iyer3364@example.com,North,2027-07-31
CUST003365,Aditya,Joshi,aditya.joshi3365@example.com,South,2026-08-09
CUST003366,Priya,Kapoor,priya.kapoor3366@example.com,West,2026-01-31
CUST003367,Anika,Patel,anika.patel3367@example.com,West,2027-02-27
CUST003368,Aarav,Mehta,aarav.mehta3368@example.com,North,2027-11-04
CUST003369,Ananya,Joshi,ananya.joshi3369@example.com,East,2027-05-06
CUST003370,Ananya,Sharma,ananya.sharma3370@example.com,East,2026-07-12
CUST003371,Saanvi,Das,saanvi.das3371@example.com,North,2027-10-28
CUST003372,Riya,Rao,riya.rao3372@example.com,West,2026-08-26
CUST003373,Diya,Nair,diya.nair3373@example.com,North,2027-09-05
CUST003374,Saanvi,Chowdhury,saanvi.chowdhury3374@example.com,West,2027-07-12
CUST003375,Kabir,Kapoor,kabir.kapoor3375@example.com,East,2027-07-19
CUST003376,Arjun,Nair,arjun.nair3376@example.com,East,2027-02-21
CUST003377,Priya,Nair,priya.nair3377@example.com,West,2026-12-22
CUST003378,Arjun,Chowdhury,arjun.chowdhury3378@example.com,West,2027-11-23
CUST003379,Riya,Nair,riya.nair3379@example.com,West,2026-03-30
CUST003380,Ananya,Bhat,ananya.bhat3380@example.com,South,2026-12-07
CUST003381,Saanvi,Singh,saanvi.singh3381@example.com,Central,2027-11-28
CUST003382,Vivaan,Nair,vivaan.nair3382@example.com,Central,2027-10-03
CUST003383,Ishaan,Rao,ishaan.rao3383@example.com,South,2027-08-11
CUST003384,Reyansh,Chowdhury,reyansh.chowdhury3384@example.com,West,2026-03-25
CUST003385,Vihaan,Rao,vihaan.rao3385@example.com,Central,2026-02-12
CUST003386,Vihaan,Mehta,vihaan.mehta3386@example.com,North,2026-09-18
CUST003387,Sai,Joshi,sai.joshi3387@example.com,South,2027-12-02
CUST003388,Anika,Verma,anika.verma3388@example.com,East,2027-01-18
CUST003389,Priya,Rao,priya.rao3389@example.com,West,2026-08-13
CUST003390,Kabir,Joshi,kabir.joshi3390@example.com,West,2026-04-19
CUST003391,Saanvi,Gupta,saanvi.gupta3391@example.com,South,2026-01-01
CUST003392,Vihaan,Singh,vihaan.singh3392@example.com,South,2026-03-15
CUST003393,Ayaan,Das,ayaan.das3393@example.com,West,2026-11-07
CUST003394,Vihaan,Chowdhury,vihaan.chowdhury3394@example.com,South,2026-01-25
CUST003395,Aarav,Iyer,aarav.iyer3395@example.com,North,2026-08-01
CUST003396,Aditya,Verma,aditya.verma3396@example.com,East,2027-04-09
CUST003397,Riya,Nair,riya.nair3397@example.com,West,2026-01-11
CUST003398,Diya,Nair,diya.nair3398@example.com,West,2027-01-19
CUST003399,Diya,Patel,diya.patel3399@example.com,Central,2027-08-27
CUST003400,Vivaan,Kapoor,vivaan.kapoor3400@example.com,West,2026-02-02
CUST003401,Ishaan,Nair,ishaan.nair3401@example.com,North,2026-09-19
CUST003402,Priya,Das,priya.das3402@example.com,Central,2026-04-11
CUST003403,Kabir,Kapoor,kabir.kapoor3403@example.com,West,2026-01-28
CUST003404,Vivaan,Singh,vivaan.singh3404@example.com,North,2027-05-02
CUST003405,Aditya,Verma,aditya.verma3405@example.com,South,2027-10-09
CUST003406,Saanvi,Patel,saanvi.patel3406@example.com,East,2026-09-05
CUST003407,Anika,Sharma,anika.sharma3407@example.com,East,2026-11-14
CUST003408,Saanvi,Reddy,saanvi.reddy3408@example.com,Central,2027-02-25
CUST003409,Aarav,Kapoor,aarav.kapoor3409@example.com,South,2027-08-31
CUST003410,Saanvi,Verma,saanvi.verma3410@example.com,Central,2026-07-05
CUST003411,Ananya,Joshi,ananya.joshi3411@example.com,Central,2027-02-02
CUST003412,Vivaan,Iyer,vivaan.iyer3412@example.com,Central,2026-05-01
CUST003413,Anika,Gupta,anika.gupta3413@example.com,West,2026-10-28
CUST003414,Vivaan,Iyer,vivaan.iyer3414@example.com,Central,2026-12-06
CUST003415,Vihaan,Kapoor,vihaan.kapoor3415@example.com,South,2026-03-20
CUST003416,Anika,Singh,anika.singh3416@example.com,South,2026-01-06
CUST003417,Sai,Das,sai.das3417@example.com,West,2026-02-14
CUST003418,Sai,Reddy,sai.reddy3418@example.com,East,2027-12-01
CUST003419,Anika,Reddy,anika.reddy3419@example.com,West,2026-04-29
CUST003420,Sai,Gupta,sai.gupta3420@example.com,South,2027-09-12
CUST003421,Aarav,Singh,aarav.singh3421@example.com,West,2027-01-11
CUST003422,Aarav,Joshi,aarav.joshi3422@example.com,Central,2027-01-13
CUST003423,Vihaan,Patel,vihaan.patel3423@example.com,West,2026-02-04
CUST003424,Riya,Rao,riya.rao3424@example.com,West,2026-03-10
CUST003425,Aditya,Iyer,aditya.iyer3425@example.com,East,2027-05-02
CUST003426,Ayaan,Bhat,ayaan.bhat3426@example.com,South,2026-05-04
CUST003427,Sai,Verma,sai.verma3427@example.com,Central,2026-07-11
CUST003428,Saanvi,Kapoor,saanvi.kapoor3428@example.com,Central,2027-01-18
CUST003429,Ananya,Singh,ananya.singh3429@example.com,North,2027-11-04
CUST003430,Riya,Verma,riya.verma3430@example.com,Central,2026-02-10
CUST003431,Reyansh,Gupta,reyansh.gupta3431@example.com,East,2026-05-17
CUST003432,Aarav,Nair,aarav.nair3432@example.com,North,2027-06-07
CUST003433,Vihaan,Rao,vihaanrao.com,Central,2027-06-28
CUST003434,Diya,Bhat,diya.bhat3434@example.com,South,2026-11-24
CUST003435,Anika,Das,anika.das3435@example.com,South,2026-07-13
CUST003436,Anika,Singh,anika.singh3436@example.com,South,2026-04-12
CUST003437,Priya,Rao,priya.rao3437@example.com,Central,2026-03-14
CUST003438,Arjun,Chowdhury,arjun.chowdhury3438@example.com,Central,2026-05-29
CUST003439,Anika,Rao,anika.rao3439@example.com,North,2027-08-03
CUST003440,Ayaan,Kapoor,ayaan.kapoor3440@example.com,West,2027-10-03
CUST003441,Ayaan,Chowdhury,ayaan.chowdhury3441@example.com,East,2027-02-21
CUST003442,Riya,Sharma,riya.sharma3442@example.com,East,2027-02-09
CUST003443,Reyansh,Kapoor,reyansh.kapoor3443@example.com,East,2027-02-05
CUST003444,Ayaan,Joshi,ayaan.joshi3444@example.com,South,2027-05-06
CUST003445,Riya,Kapoor,riya.kapoor3445@example.com,South,2026-09-05
CUST003446,Diya,Singh,diya.singh3446@example.com,North,2027-03-20
CUST003447,Aarav,Patel,aarav.patel3447@example.com,North,2027-07-30
CUST003448,Arjun,Das,arjun.das3448@example.com,North,2027-01-14
CUST003449,Priya,Iyer,priya.iyer3449@example.com,West,2027-10-28
CUST003450,Diya,Chowdhury,diya.chowdhury3450@example.com,Central,2027-09-12
CUST003451,Diya,Chowdhury,diya.chowdhury3451@example.com,West,2027-06-08
CUST003452,Priya,Das,priya.das3452@example.com,Central,2027-07-28
CUST003453,Arjun,Singh,arjun.singh3453@example.com,East,2026-04-04
CUST003454,Ishaan,Rao,ishaan.rao3454@example.com,Central,2027-09-24
CUST003455,Aditya,Iyer,aditya.iyer3455@example.com,East,2026-10-05
CUST003456,Ayaan,Nair,ayaan.nair3456@example.com,East,2026-09-03
CUST003457,Reyansh,Nair,reyanshnair.com,South,2026-12-10
CUST003458,Riya,Iyer,riya.iyer3458@example.com,East,2027-09-05
CUST003459,Reyansh,Das,reyansh.das3459@example.com,Central,2026-05-23
CUST003460,Reyansh,Kapoor,reyansh.kapoor3460@example.com,East,2027-07-10
CUST003461,Ishaan,Reddy,ishaan.reddy3461@example.com,West,2027-08-19
CUST003462,Sai,Verma,sai.verma3462@example.com,East,2027-10-16
CUST003463,Reyansh,Mehta,reyansh.mehta3463@example.com,East,2026-07-07
CUST003464,Anika,Nair,anika.nair3464@example.com,South,2027-02-06
CUST003465,Ananya,Bhat,ananya.bhat3465@example.com,Central,2027-04-16
CUST003466,Ishaan,Gupta,ishaan.gupta3466@example.com,East,2027-09-13
CUST003467,Ananya,Verma,ananya.verma3467@example.com,West,2027-07-18
CUST003468,Aarav,Verma,aarav.verma3468@example.com,South,2026-09-18
CUST003469,Saanvi,Bhat,saanvi.bhat3469@example.com,Central,2027-08-21
CUST003470,Riya,Reddy,riya.reddy3470@example.com,East,2026-02-22
CUST003471,Anika,Mehta,anikamehtagmail.com,West,2027-03-24
CUST003472,Ishaan,Verma,ishaan.verma3472@example.com,South,2026-07-05
CUST003473,Kabir,Das,kabir.das3473@example.com,North,2026-02-12
CUST003474,Ananya,Verma,ananya.verma3474@example.com,Central,2027-07-03
CUST003475,Arjun,Das,arjun.das3475@example.com,North,2027-03-10
CUST003476,Vivaan,Bhat,vivaan.bhat3476@example.com,Central,2026-03-03
CUST003477,Vihaan,Nair,vihaan.nair3477@example.com,Central,2026-10-11
CUST003478,Riya,Reddy,riya.reddy3478@example.com,South,2026-08-14
CUST003479,Ananya,Bhat,ananya.bhat3479@example.com,Central,2026-12-29
CUST003480,Arjun,Sharma,arjun.sharma3480@example.com,Central,2027-08-22
CUST003481,Ayaan,Gupta,ayaan.gupta3481@example.com,West,2026-07-28
CUST003482,Aarav,Gupta,aarav.gupta3482@example.com,North,2027-08-08
CUST003483,Ananya,Das,ananya.das3483@example.com,West,2026-05-08
CUST003484,Ayaan,Chowdhury,  ayaan@mail.com,South,2026-09-05
CUST003485,Sai,Bhat,sai.bhat3485@example.com,South,2026-08-14
CUST003486,Vihaan,Sharma,vihaan.sharma3486@example.com,South,2027-11-19
CUST003487,Riya,Mehta,riya.mehta3487@example.com,Central,2027-01-31
CUST003488,Reyansh,Reddy,reyansh.reddy3488@example.com,North,2026-03-25
CUST003489,Saanvi,Singh,saanvi.singh3489@example.com,South,2027-01-29
CUST003490,Priya,Sharma,priya.sharma3490@example.com,Central,2026-10-06
CUST003491,Anika,Patel,anika.patel3491@example.com,Central,2026-12-17
CUST003492,Aarav,Singh,aarav.singh3492@example.com,Central,2027-09-23
CUST003493,Saanvi,Mehta,saanvi.mehta3493@example.com,South,2027-01-17
CUST003494,Aditya,Mehta,aditya.mehta3494@example.com,West,2026-06-22
CUST003495,Reyansh,Reddy,reyansh.reddy3495@example.com,East,2026-12-28
CUST003496,Ananya,Reddy,ananya.reddy3496@example.com,East,2026-08-25
CUST003497,Anika,Sharma,anika.sharma3497@example.com,Central,2026-09-07
CUST003498,Aditya,Singh,aditya.singh3498@example.com,North,2027-02-03
CUST003499,Kabir,Nair,kabir.nair3499@example.com,West,2026-01-21
CUST003500,Riya,Joshi,riya.joshi3500@example.com,West,2027-03-11
CUST003501,Riya,Iyer,riya.iyer3501@example.com,East,2026-08-23
CUST003502,Kabir,Bhat,kabir.bhat3502@example.com,East,2027-05-06
CUST003503,Sai,Reddy,sai.reddy3503@example.com,Central,2027-10-23
CUST003504,Reyansh,Chowdhury,reyansh.chowdhury3504@example.com,North,2027-01-26
CUST003505,Vivaan,Das,vivaan.das3505@example.com,South,2026-04-03
CUST003506,Aditya,Mehta,aditya.mehta3506@example.com,Central,2026-02-21
CUST003507,Aditya,Rao,aditya.rao3507@example.com,East,2027-04-09
CUST003508,Diya,Gupta,diya.gupta3508@example.com,West,2026-10-13
CUST003509,Ayaan,Patel,ayaan.patel3509@example.com,East,2026-06-20
CUST003510,Aditya,Reddy,aditya.reddy3510@example.com,North,2027-09-28
CUST003511,Sai,Iyer,sai.iyer3511@example.com,Central,2027-04-27
CUST003512,Sai,Reddy,sai.reddy3512@example.com,North,2026-07-20
CUST003513,Aditya,Verma,aditya.verma3513@example.com,North,2026-10-03
CUST003514,Vihaan,Das,vihaan.das3514@example.com,West,2027-07-21
CUST003515,Sai,Gupta,sai.gupta3515@example.com,Central,2026-07-11
CUST003516,Aarav,Nair,aarav.nair3516@example.com,South,2026-10-06
CUST003517,Aarav,Rao,aarav.rao3517@example.com,Central,2026-02-28
CUST003518,Arjun,Gupta,arjun.gupta3518@example.com,North,2027-04-26
CUST003519,Arjun,Reddy,arjun.reddy3519@example.com,Central,2027-01-12
CUST003520,Ananya,Singh,ananya.singh3520@example.com,South,2027-04-11
CUST003521,Vihaan,Joshi,vihaan.joshi3521@example.com,South,2026-06-15
CUST003522,Vivaan,Verma,vivaan.verma3522@example.com,West,2026-05-20
CUST003523,Diya,Singh,diya.singh3523@example.com,Central,2027-05-17
CUST003524,Priya,Bhat,priya.bhat3524@example.com,Central,2027-04-23
CUST003525,Kabir,Das,kabir.das3525@example.com,Central,2027-08-15
CUST003526,Ananya,Rao,ananya.rao3526@example.com,West,2026-06-20
CUST003527,Anika,Gupta,anika.gupta3527@example.com,North,2026-07-31
CUST003528,Kabir,Chowdhury,kabirchowdhury.com,North,2027-09-11
CUST003529,Priya,Patel,priya.patel3529@example.com,East,2027-01-18
CUST003530,Ishaan,Singh,ishaan.singh3530@example.com,South,2026-01-17
CUST003531,Riya,Das,riya.das3531@example.com,South,2027-04-06
CUST003532,Arjun,Kapoor,arjun.kapoor3532@example.com,East,2027-02-10
CUST003533,Arjun,Sharma,arjun.sharma3533@example.com,South,2027-03-26
CUST003534,Anika,Patel,anika.patel3534@example.com,West,2027-04-22
CUST003535,Reyansh,Singh,reyansh.singh3535@example.com,South,2027-03-02
CUST003536,Ayaan,Gupta,ayaan.gupta3536@example.com,North,2026-10-30
CUST003537,Vivaan,Nair,vivaan.nair3537@example.com,West,2027-01-31
CUST003538,Riya,Verma,riya.verma3538@example.com,Central,2026-10-29
CUST003539,Anika,Sharma,anika.sharma3539@example.com,West,2026-03-11
CUST003540,Ishaan,Reddy,ishaan.reddy3540@example.com,East,2027-06-03
CUST003541,Aarav,Verma,aarav.verma3541@example.com,South,2027-07-30
CUST003542,Vivaan,Sharma,vivaan.sharma3542@example.com,Central,2026-08-12
CUST003543,Kabir,Sharma,kabir.sharma3543@example.com,West,2027-02-18
CUST003544,Saanvi,Nair,saanvi.nair3544@example.com,Central,2026-12-01
CUST003545,Kabir,Sharma,kabir.sharma3545@example.com,Central,2027-08-23
CUST003546,Saanvi,Das,saanvi.das3546@example.com,West,2027-03-20
CUST003547,Vivaan,Kapoor,vivaan.kapoor3547@example.com,Central,2027-08-03
CUST003548,Aditya,Gupta,aditya.gupta3548@example.com,West,2026-12-05
CUST003549,Ananya,Gupta,ananya.gupta3549@example.com,South,2026-07-21
CUST003550,Priya,Iyer,priya.iyer3550@example.com,West,2026-08-14
CUST003551,Vivaan,Iyer,vivaan.iyer3551@example.com,North,2026-05-17
CUST003552,Riya,Mehta,riya.mehta3552@example.com,South,2027-03-04
CUST003553,Riya,Rao,riya.rao3553@example.com,Central,2026-09-19
CUST003554,Aarav,Verma,aarav.verma3554@example.com,South,2026-02-08
CUST003555,Anika,Das,anika.das3555@example.com,North,2026-08-13
CUST003556,Sai,Bhat,sai.bhat3556@example.com,West,2026-04-27
CUST003557,Saanvi,Das,saanvi.das3557@example.com,East,2027-09-24
CUST003558,Anika,Iyer,anika.iyer3558@example.com,Central,2027-07-26
CUST003559,Ishaan,Kapoor,ishaan.kapoor3559@example.com,East,2027-06-24
CUST003560,Ananya,Das,ananya.das3560@example.com,Central,2026-09-09
CUST003561,Aarav,Patel,aarav.patel3561@example.com,West,2026-10-06
CUST003562,Diya,Singh,diya.singh3562@example.com,West,2026-02-22
CUST003563,Diya,Das,diya.das3563@example.com,East,2026-04-20
CUST003564,Ayaan,Chowdhury,ayaan.chowdhury3564@example.com,South,2026-09-12
CUST003565,Arjun,Bhat,arjun.bhat3565@example.com,North,2027-07-10
CUST003566,Kabir,Patel,kabir.patel3566@example.com,West,2027-03-06
CUST003567,Ishaan,Iyer,ishaan.iyer3567@example.com,North,2026-09-06
CUST003568,Anika,Bhat,anika.bhat3568@example.com,North,2026-11-18
CUST003569,Riya,Patel,riya.patel3569@example.com,West,2026-06-07
CUST003570,Anika,Sharma,anika.sharma3570@example.com,East,2027-01-15
CUST003571,Diya,Reddy,diya.reddy3571@example.com,West,2027-05-19
CUST003572,Reyansh,Patel,reyansh.patel3572@example.com,West,2026-08-29
CUST003573,Ayaan,Mehta,ayaan.mehta3573@example.com,South,2026-12-11
CUST003574,Ishaan,Mehta,ishaan.mehta3574@example.com,West,2026-03-26
CUST003575,Aditya,Verma,aditya.verma3575@example.com,North,2026-06-03
CUST003576,Riya,Singh,riya.singh3576@example.com,North,2027-10-26
CUST003577,Vivaan,Sharma,vivaan.sharma3577@example.com,West,2026-07-01
CUST003578,Arjun,Iyer,arjun.iyer3578@example.com,East,2027-11-27
CUST003579,Aditya,Sharma,aditya.sharma3579@example.com,South,2026-11-14
CUST003580,Vihaan,Sharma,vihaan.sharma3580@example.com,Central,2026-03-26
CUST003581,Aarav,Chowdhury,aarav.chowdhury3581@example.com,South,2026-06-24
CUST003582,Anika,Verma,anika.verma3582@example.com,East,2027-08-31
CUST003583,Aditya,Chowdhury,,East,2026-05-22
CUST003584,Saanvi,Mehta,saanvi.mehta3584@example.com,East,2026-06-11
CUST003585,Vihaan,Singh,vihaan.singh3585@example.com,Central,2026-08-18
CUST003586,Vivaan,Patel,vivaan.patel3586@example.com,East,2027-11-12
CUST003587,Anika,Das,anika.das3587@example.com,West,2027-01-03
CUST003588,Diya,Iyer,diya.iyer3588@example.com,West,2027-03-05
CUST003589,Diya,Kapoor,diya.kapoor3589@example.com,East,2026-08-04
CUST003590,Saanvi,Gupta,saanvi.gupta3590@example.com,South,2026-02-07
CUST003591,Vivaan,Mehta,vivaan.mehta3591@example.com,North,2026-06-01
CUST003592,Saanvi,Gupta,saanvi.gupta3592@example.com,South,2026-03-17
CUST003593,Ishaan,Joshi,ishaan.joshi3593@example.com,East,2027-08-17
CUST003594,Anika,Patel,  anika@mail.com,North,2027-10-22
CUST003595,Diya,Bhat,diya.bhat3595@example.com,South,2027-04-30
CUST003596,Vivaan,Nair,vivaan.nair3596@example.com,South,2027-02-05
CUST003597,Kabir,Verma,kabir.verma3597@example.com,North,2026-02-02
CUST003598,Priya,Gupta,priya.gupta3598@example.com,West,2027-04-20
CUST003599,Priya,Das,priyadas.com,West,2026-05-17
CUST003600,Riya,Kapoor,riya.kapoor3600@example.com,East,2027-08-04
CUST003601,Aarav,Chowdhury,aarav.chowdhury3601@example.com,South,2026-09-14
CUST003602,Aditya,Singh,aditya.singh3602@example.com,East,2026-06-01
CUST003603,Arjun,Reddy,arjun.reddy3603@example.com,Central,2027-09-11
CUST003604,Ananya,Bhat,ananya.bhat3604@example.com,South,2026-07-04
CUST003605,Vivaan,Das,vivaan.das3605@example.com,North,2027-10-09
CUST003606,Ishaan,Das,ishaan.das3606@example.com,Central,2027-01-17
CUST003607,Aarav,Verma,aarav.verma3607@example.com,West,2027-05-29
CUST003608,Reyansh,Gupta,reyansh.gupta3608@example.com,East,2027-11-28
CUST003609,Ananya,Rao,  ananya@mail.com,Central,2027-08-28
CUST003610,Reyansh,Patel,reyansh.patel3610@example.com,North,2027-04-11
CUST003611,Diya,Rao,diya.rao3611@example.com,West,2026-02-15
CUST003612,Ishaan,Sharma,  ishaan@mail.com,Central,2027-10-05
CUST003613,Anika,Chowdhury,anika.chowdhury3613@example.com,West,2027-04-20
CUST003614,Ayaan,Bhat,ayaan.bhat3614@example.com,East,2027-08-29
CUST003615,Saanvi,Iyer,saanvi.iyer3615@example.com,East,2027-10-30
CUST003616,Ayaan,Kapoor,ayaan.kapoor3616@example.com,Central,2026-09-18
CUST003617,Ananya,Sharma,ananya.sharma3617@example.com,Central,2026-08-23
CUST003618,Ayaan,Chowdhury,ayaan.chowdhury3618@example.com,West,2026-09-02
CUST003619,Aarav,Patel,aarav.patel3619@example.com,North,2026-03-19
CUST003620,Riya,Sharma,riya.sharma3620@example.com,Central,2027-10-18
CUST003621,Vivaan,Singh,vivaan.singh3621@example.com,Central,2026-08-07
CUST003622,Diya,Das,diya.das3622@example.com,North,2026-08-29
CUST003623,Ishaan,Gupta,ishaan.gupta3623@example.com,Central,2027-11-03
CUST003624,Aarav,Kapoor,aarav.kapoor3624@example.com,West,2026-03-23
CUST003625,Ayaan,Singh,ayaan.singh3625@example.com,North,2026-04-12
CUST003626,Ananya,Gupta,ananya.gupta3626@example.com,East,2027-11-19
CUST003627,Riya,Gupta,riya.gupta3627@example.com,West,2026-07-28
CUST003628,Kabir,Verma,kabir.verma3628@example.com,East,2026-11-13
CUST003629,Aditya,Verma,aditya.verma3629@example.com,South,2026-05-05
CUST003630,Ayaan,Verma,ayaan.verma3630@example.com,East,2026-07-03
CUST003631,Saanvi,Nair,saanvi.nair3631@example.com,North,2027-05-28
CUST003632,Saanvi,Rao,saanvi.rao3632@example.com,North,2027-05-08
CUST003633,Ananya,Das,ananya.das3633@example.com,North,2026-12-31
CUST003634,Kabir,Gupta,kabir.gupta3634@example.com,West,2026-07-13
CUST003635,Ananya,Joshi,ananya.joshi3635@example.com,North,2027-09-28
CUST003636,Aditya,Gupta,aditya.gupta3636@example.com,South,2026-12-17
CUST003637,Reyansh,Singh,reyansh.singh3637@example.com,East,2026-01-31
CUST003638,Priya,Das,priya.das3638@example.com,West,2026-04-17
CUST003639,Priya,Reddy,priya.reddy3639@example.com,South,2026-07-14
CUST003640,Anika,Das,anika.das3640@example.com,Central,2026-03-10
CUST003641,Anika,Rao,anika.rao3641@example.com,West,2027-02-01
CUST003642,Kabir,Reddy,kabir.reddy3642@example.com,North,2026-02-07
CUST003643,Reyansh,Sharma,reyansh.sharma3643@example.com,Central,2026-12-30
CUST003644,Kabir,Kapoor,kabir.kapoor3644@example.com,East,2027-03-02
CUST003645,Ishaan,Chowdhury,ishaan.chowdhury3645@example.com,West,2026-03-29
CUST003646,Vihaan,Mehta,vihaan.mehta3646@example.com,Central,2027-07-29
CUST003647,Arjun,Singh,arjun.singh3647@example.com,West,2027-07-21
CUST003648,Ishaan,Verma,ishaan.verma3648@example.com,Central,2026-02-03
CUST003649,Ishaan,Reddy,ishaan.reddy3649@example.com,East,2027-07-04
CUST003650,Diya,Sharma,diya.sharma3650@example.com,North,2026-02-26
CUST003651,Arjun,Joshi,arjun.joshi3651@example.com,East,2027-01-24
CUST003652,Ananya,Nair,ananya.nair3652@example.com,West,2026-03-18
CUST003653,Kabir,Verma,kabir.verma3653@example.com,West,2026-11-12
CUST003654,Riya,Sharma,riya.sharma3654@example.com,North,2026-10-19
CUST003655,Sai,Joshi,sai.joshi3655@example.com,North,2026-05-21
CUST003656,Vihaan,Nair,vihaan.nair3656@example.com,North,2026-04-08
CUST003657,Ishaan,Nair,ishaan.nair3657@example.com,North,2026-07-07
CUST003658,Reyansh,Mehta,reyanshmehtagmail.com,South,2026-02-20
CUST003659,Diya,Chowdhury,diya.chowdhury3659@example.com,Central,2027-07-09
CUST003660,Diya,Bhat,diya.bhat3660@example.com,Central,2027-11-05
CUST003661,Vihaan,Bhat,vihaan.bhat3661@example.com,West,2026-02-11
CUST003662,Riya,Verma,riya.verma3662@example.com,East,2026-10-03
CUST003663,Arjun,Verma,arjun.verma3663@example.com,North,2027-08-26
CUST003664,Vihaan,Bhat,vihaan.bhat3664@example.com,West,2026-02-13
CUST003665,Kabir,Patel,kabir.patel3665@example.com,Central,2026-04-20
CUST003666,Sai,Mehta,sai.mehta3666@example.com,Central,2026-09-11
CUST003667,Ishaan,Gupta,ishaan.gupta3667@example.com,South,2027-10-27
CUST003668,Vihaan,Kapoor,vihaan.kapoor3668@example.com,North,2027-04-27
CUST003669,Arjun,Gupta,arjun.gupta3669@example.com,Central,2026-09-02
CUST003670,Aarav,Kapoor,aarav.kapoor3670@example.com,Central,2026-10-07
CUST003671,Reyansh,Singh,reyansh.singh3671@example.com,Central,2026-09-01
CUST003672,Riya,Reddy,riya.reddy3672@example.com,Central,2027-11-14
CUST003673,Reyansh,Chowdhury,reyansh.chowdhury3673@example.com,Central,2026-10-27
CUST003674,Arjun,Patel,arjun.patel3674@example.com,Central,2027-02-26
CUST003675,Diya,Iyer,diya.iyer3675@example.com,South,2027-09-24
CUST003676,Riya,Iyer,riya.iyer3676@example.com,Central,2027-05-25
CUST003677,Vihaan,Patel,vihaan.patel3677@example.com,Central,2026-07-15
CUST003678,Arjun,Mehta,arjun.mehta3678@example.com,South,2027-10-19
CUST003679,Vihaan,Kapoor,vihaan.kapoor3679@example.com,South,2026-05-16
CUST003680,Ayaan,Reddy,ayaan.reddy3680@example.com,North,2026-03-15
CUST003681,Arjun,Reddy,arjun.reddy3681@example.com,East,2026-04-26
CUST003682,Aarav,Kapoor,aarav.kapoor@@mail,North,2026-01-15
CUST003683,Vihaan,Nair,vihaan.nair3683@example.com,South,2027-04-03
CUST003684,Arjun,Joshi,arjun.joshi3684@example.com,North,2027-01-13
CUST003685,Riya,Patel,riya.patel3685@example.com,Central,2027-11-28
CUST003686,Saanvi,Kapoor,saanvi.kapoor3686@example.com,South,2027-10-13
CUST003687,Reyansh,Patel,reyansh.patel3687@example.com,East,2026-07-12
CUST003688,Anika,Singh,anika.singh3688@example.com,East,2027-03-24
CUST003689,Ananya,Sharma,ananya.sharma3689@example.com,West,2027-04-20
CUST003690,Vivaan,Das,vivaan.das3690@example.com,North,2027-04-15
CUST003691,Diya,Reddy,diya.reddy3691@example.com,West,2026-04-24
CUST003692,Arjun,Iyer,arjun.iyer3692@example.com,East,2026-07-01
CUST003693,Aarav,Singh,aarav.singh3693@example.com,Central,2026-03-08
CUST003694,Saanvi,Nair,saanvi.nair3694@example.com,East,2027-10-22
CUST003695,Saanvi,Reddy,saanvi.reddy3695@example.com,East,2027-05-04
CUST003696,Ananya,Gupta,ananya.gupta3696@example.com,West,2026-08-14
CUST003697,Arjun,Sharma,arjun.sharma3697@example.com,South,2027-10-23
CUST003698,Priya,Reddy,priya.reddy3698@example.com,Central,2027-06-06
CUST003699,Arjun,Verma,arjun.verma3699@example.com,East,2027-01-15
CUST003700,Ananya,Joshi,ananya.joshi3700@example.com,North,2026-10-06
CUST003701,Diya,Joshi,diya.joshi3701@example.com,West,2026-01-21
CUST003702,Vihaan,Reddy,vihaan.reddy3702@example.com,East,2026-09-16
CUST003703,Sai,Kapoor,sai.kapoor3703@example.com,West,2027-06-26
CUST003704,Arjun,Sharma,arjun.sharma3704@example.com,East,2027-07-22
CUST003705,Ishaan,Sharma,ishaan.sharma3705@example.com,West,2026-07-18
CUST003706,Vihaan,Joshi,vihaan.joshi3706@example.com,East,2027-03-12
CUST003707,Ananya,Mehta,ananya.mehta3707@example.com,South,2027-10-06
CUST003708,Kabir,Verma,kabir.verma3708@example.com,West,2027-04-29
CUST003709,Reyansh,Bhat,reyansh.bhat3709@example.com,South,2026-11-29
CUST003710,Ishaan,Nair,ishaan.nair3710@example.com,West,2026-09-04
CUST003711,Ishaan,Singh,ishaan.singh3711@example.com,South,2027-03-18
CUST003712,Aarav,Joshi,aarav.joshi3712@example.com,North,2026-04-16
CUST003713,Arjun,Reddy,arjun.reddy3713@example.com,West,2026-02-14
CUST003714,Saanvi,Patel,saanvi.patel3714@example.com,Central,2026-03-16
CUST003715,Saanvi,Joshi,saanvi.joshi3715@example.com,South,2026-08-15
CUST003716,Reyansh,Nair,reyansh.nair3716@example.com,North,2026-02-07
CUST003717,Aarav,Bhat,aarav.bhat3717@example.com,Central,2027-02-23
CUST003718,Ananya,Kapoor,ananya.kapoor3718@example.com,Central,2027-04-06
CUST003719,Aditya,Nair,aditya.nair3719@example.com,South,2027-09-19
CUST003720,Aditya,Das,aditya.das3720@example.com,East,2027-09-05
CUST003721,Ayaan,Sharma,ayaan.sharma3721@example.com,West,2026-10-11
CUST003722,Sai,Kapoor,sai.kapoor3722@example.com,North,2027-05-17
CUST003723,Riya,Bhat,riya.bhat3723@example.com,East,2026-04-13
CUST003724,Ayaan,Bhat,ayaan.bhat3724@example.com,Central,2026-10-12
CUST003725,Riya,Joshi,riya.joshi3725@example.com,East,2027-01-01
CUST003726,Sai,Sharma,sai.sharma3726@example.com,North,2027-10-05
CUST003727,Aarav,Kapoor,aarav.kapoor3727@example.com,East,2026-07-17
CUST003728,Sai,Reddy,sai.reddy3728@example.com,North,2026-07-03
CUST003729,Reyansh,Reddy,reyansh.reddy3729@example.com,South,2026-10-30
CUST003730,Vivaan,Kapoor,vivaan.kapoor3730@example.com,West,2026-08-20
CUST003731,Arjun,Sharma,arjun.sharma3731@example.com,North,2026-07-29
CUST003732,Diya,Chowdhury,diya.chowdhury3732@example.com,West,2026-06-07
CUST003733,Sai,Singh,sai.singh3733@example.com,West,2026-01-08
CUST003734,Kabir,Sharma,,South,2027-12-02
CUST003735,Vihaan,Verma,vihaan.verma3735@example.com,South,2026-08-05
CUST003736,Arjun,Patel,arjun.patel3736@example.com,North,2027-03-22
CUST003737,Sai,Iyer,sai.iyer3737@example.com,Central,2027-07-23
CUST003738,Ishaan,Bhat,ishaan.bhat3738@example.com,West,2026-06-11
CUST003739,Reyansh,Singh,reyansh.singh3739@example.com,West,2026-06-26
CUST003740,Saanvi,Iyer,saanvi.iyer3740@example.com,East,2026-09-24
CUST003741,Reyansh,Bhat,reyansh.bhat3741@example.com,North,2026-07-20
CUST003742,Diya,Patel,diya.patel3742@example.com,Central,2027-04-22
CUST003743,Vihaan,Das,vihaan.das3743@example.com,South,2026-02-25
CUST003744,Vihaan,Rao,vihaan.rao3744@example.com,West,2027-02-09
CUST003745,Arjun,Sharma,arjun.sharma3745@example.com,Central,2026-07-04
CUST003746,Ayaan,Das,ayaan.das3746@example.com,South,2026-09-04
CUST003747,Aditya,Reddy,aditya.reddy3747@example.com,Central,2027-07-20
CUST003748,Ishaan,Rao,ishaan.rao3748@example.com,Central,2026-04-06
CUST003749,Ananya,Nair,ananya.nair3749@example.com,Central,2026-05-20
CUST003750,Vivaan,Patel,vivaan.patel3750@example.com,West,2026-07-30
CUST003751,Ayaan,Joshi,ayaanjoshigmail.com,Central,2026-06-01
CUST003752,Saanvi,Verma,saanvi.verma3752@example.com,West,2027-10-12
CUST003753,Aditya,Joshi,adityajoshi.com,West,2026-06-18
CUST003754,Ishaan,Sharma,ishaan.sharma3754@example.com,North,2026-01-12
CUST003755,Aarav,Chowdhury,aarav.chowdhury3755@example.com,North,2026-03-27
CUST003756,Sai,Das,sai.das3756@example.com,Central,2026-03-25
CUST003757,Reyansh,Singh,reyansh.singh3757@example.com,North,2027-03-26
CUST003758,Kabir,Sharma,kabir.sharma3758@example.com,Central,2026-01-27
CUST003759,Kabir,Nair,kabir.nair3759@example.com,West,2027-11-20
CUST003760,Diya,Das,diya.das3760@example.com,East,2026-09-25
CUST003761,Aditya,Rao,aditya.rao3761@example.com,South,2027-09-07
CUST003762,Anika,Iyer,anika.iyer3762@example.com,West,2027-06-19
CUST003763,Arjun,Gupta,arjun.gupta3763@example.com,East,2027-05-29
CUST003764,Vivaan,Nair,vivaan.nair3764@example.com,West,2027-04-26
CUST003765,Riya,Singh,riya.singh3765@example.com,North,2026-02-15
CUST003766,Vivaan,Sharma,vivaan.sharma3766@example.com,East,2026-09-09
CUST003767,Kabir,Kapoor,kabir.kapoor3767@example.com,East,2026-04-01
CUST003768,Ananya,Rao,ananya.rao3768@example.com,South,2027-02-19
CUST003769,Vihaan,Reddy,vihaan.reddy3769@example.com,West,2026-06-02
CUST003770,Ayaan,Nair,ayaan.nair3770@example.com,East,2027-11-09
CUST003771,Kabir,Iyer,kabir.iyer@@mail,Central,2027-01-20
CUST003772,Vivaan,Kapoor,vivaan.kapoor3772@example.com,West,2026-02-24
CUST003773,Reyansh,Reddy,reyansh.reddy3773@example.com,West,2027-09-09
CUST003774,Saanvi,Mehta,saanvi.mehta3774@example.com,East,2026-01-18
CUST003775,Sai,Gupta,sai.gupta3775@example.com,North,2026-03-04
CUST003776,Vivaan,Bhat,vivaan.bhat3776@example.com,North,2027-02-06
CUST003777,Vihaan,Bhat,vihaan.bhat3777@example.com,Central,2027-06-26
CUST003778,Ananya,Kapoor,ananya.kapoor3778@example.com,East,2027-10-22
CUST003779,Anika,Singh,anika.singh3779@example.com,South,2027-06-13
CUST003780,Priya,Joshi,priya.joshi3780@example.com,South,2027-06-26
CUST003781,Aditya,Patel,aditya.patel3781@example.com,East,2026-09-06
CUST003782,Aditya,Gupta,aditya.gupta3782@example.com,West,2027-09-26
CUST003783,Sai,Rao,sai.rao3783@example.com,Central,2027-10-23
CUST003784,Riya,Iyer,riya.iyer3784@example.com,South,2026-01-22
CUST003785,Riya,Das,riya.das3785@example.com,South,2027-01-13
CUST003786,Riya,Reddy,riya.reddy3786@example.com,North,2026-11-14
CUST003787,Aditya,Singh,aditya.singh3787@example.com,North,2027-02-04
CUST003788,Priya,Gupta,priya.gupta3788@example.com,East,2027-01-18
CUST003789,Vivaan,Gupta,vivaan.gupta3789@example.com,West,2026-08-23
CUST003790,Ishaan,Rao,ishaan.rao3790@example.com,South,2026-10-28
CUST003791,Aarav,Kapoor,aarav.kapoor3791@example.com,North,2027-04-27
CUST003792,Diya,Patel,diya.patel3792@example.com,East,2026-10-25
CUST003793,Aarav,Das,aarav.das3793@example.com,South,2026-04-22
CUST003794,Ayaan,Rao,ayaan.rao3794@example.com,Central,2027-06-16
CUST003795,Ananya,Nair,ananya.nair3795@example.com,South,2027-04-22
CUST003796,Vivaan,Kapoor,vivaan.kapoor3796@example.com,East,2026-02-08
CUST003797,Vivaan,Chowdhury,vivaan.chowdhury3797@example.com,East,2026-09-02
CUST003798,Reyansh,Reddy,reyansh.reddy3798@example.com,East,2026-07-18
CUST003799,Ananya,Mehta,ananya.mehta3799@example.com,East,2026-05-06
CUST003800,Ayaan,Das,ayaan.das3800@example.com,South,2026-04-15
CUST003801,Vihaan,Joshi,vihaan.joshi3801@example.com,Central,2027-04-11
CUST003802,Saanvi,Joshi,saanvi.joshi3802@example.com,North,2027-07-12
CUST003803,Reyansh,Reddy,reyansh.reddy3803@example.com,Central,2026-04-04
CUST003804,Reyansh,Singh,reyansh.singh3804@example.com,South,2026-05-18
CUST003805,Ishaan,Reddy,ishaan.reddy3805@example.com,North,2027-02-21
CUST003806,Aditya,Verma,aditya.verma3806@example.com,Central,2027-06-02
CUST003807,Ishaan,Patel,ishaan.patel3807@example.com,North,2027-04-18
CUST003808,Riya,Das,riya.das3808@example.com,Central,2027-06-22
CUST003809,Aarav,Bhat,aarav.bhat3809@example.com,South,2026-08-02
CUST003810,Aarav,Mehta,aarav.mehta3810@example.com,North,2026-12-09
CUST003811,Vihaan,Rao,vihaan.rao3811@example.com,South,2027-09-04
CUST003812,Aarav,Reddy,  aarav@mail.com,East,2027-04-29
CUST003813,Anika,Iyer,anika.iyer3813@example.com,East,2027-09-03
CUST003814,Riya,Bhat,riya.bhat3814@example.com,North,2027-09-28
CUST003815,Priya,Nair,,East,2026-05-18
CUST003816,Aditya,Iyer,aditya.iyer3816@example.com,Central,2026-03-14
CUST003817,Diya,Verma,diya.verma3817@example.com,Central,2026-10-27
CUST003818,Ayaan,Patel,ayaan.patel3818@example.com,Central,2027-05-04
CUST003819,Aarav,Mehta,aarav.mehta3819@example.com,South,2027-02-22
CUST003820,Sai,Chowdhury,sai.chowdhury3820@example.com,South,2026-08-09
CUST003821,Arjun,Verma,arjun.verma3821@example.com,South,2027-04-08
CUST003822,Ishaan,Nair,ishaan.nair3822@example.com,West,2026-03-20
CUST003823,Ananya,Bhat,ananya.bhat3823@example.com,North,2026-10-29
CUST003824,Riya,Joshi,riya.joshi3824@example.com,North,2027-01-11
CUST003825,Aarav,Das,aarav.das3825@example.com,East,2026-09-01
CUST003826,Priya,Patel,priya.patel3826@example.com,West,2026-02-17
CUST003827,Vihaan,Verma,vihaan.verma3827@example.com,South,2027-03-13
CUST003828,Vivaan,Reddy,vivaan.reddy3828@example.com,North,2027-06-17
CUST003829,Kabir,Patel,kabir.patel3829@example.com,West,2027-09-15
CUST003830,Aarav,Patel,aarav.patel3830@example.com,South,2027-04-12
CUST003831,Ishaan,Joshi,ishaan.joshi3831@example.com,South,2026-04-13
CUST003832,Reyansh,Iyer,reyansh.iyer3832@example.com,East,2026-12-31
CUST003833,Riya,Rao,riya.rao3833@example.com,Central,2026-07-07
CUST003834,Vihaan,Singh,vihaan.singh3834@example.com,West,2027-03-11
CUST003835,Arjun,Mehta,arjun.mehta3835@example.com,South,2027-06-22
CUST003836,Diya,Joshi,diya.joshi3836@example.com,North,2026-04-29
CUST003837,Diya,Bhat,diya.bhat3837@example.com,Central,2026-01-06
CUST003838,Saanvi,Das,saanvi.das3838@example.com,South,2026-12-17
CUST003839,Ayaan,Singh,ayaan.singh3839@example.com,Central,2027-06-26
CUST003840,Riya,Sharma,riya.sharma3840@example.com,South,2026-08-28
CUST003841,Kabir,Mehta,kabir.mehta3841@example.com,North,2026-02-24
CUST003842,Kabir,Singh,kabir.singh3842@example.com,North,2027-09-13
CUST003843,Kabir,Mehta,kabir.mehta3843@example.com,Central,2026-03-08
CUST003844,Diya,Mehta,diya.mehta3844@example.com,South,2026-01-17
CUST003845,Ananya,Mehta,ananya.mehta3845@example.com,South,2027-02-17
CUST003846,Riya,Das,riya.das3846@example.com,Central,2027-08-10
CUST003847,Diya,Chowdhury,diya.chowdhury3847@example.com,Central,2027-10-20
CUST003848,Saanvi,Verma,saanvi.verma3848@example.com,Central,2026-10-30
CUST003849,Kabir,Mehta,kabir.mehta3849@example.com,West,2027-10-15
CUST003850,Ayaan,Gupta,ayaan.gupta3850@example.com,East,2027-08-02
CUST003851,Diya,Sharma,diya.sharma3851@example.com,Central,2026-11-14
CUST003852,Reyansh,Gupta,reyansh.gupta3852@example.com,South,2026-04-21
CUST003853,Ayaan,Iyer,ayaan.iyer3853@example.com,South,2027-03-17
CUST003854,Vivaan,Patel,vivaan.patel3854@example.com,Central,2026-01-24
CUST003855,Anika,Gupta,anika.gupta3855@example.com,West,2027-10-18
CUST003856,Saanvi,Das,saanvi.das3856@example.com,West,2026-02-01
CUST003857,Saanvi,Gupta,saanvi.gupta3857@example.com,South,2026-11-13
CUST003858,Ayaan,Rao,ayaan.rao3858@example.com,Central,2026-08-14
CUST003859,Kabir,Kapoor,kabir.kapoor3859@example.com,South,2027-06-17
CUST003860,Aarav,Chowdhury,aarav.chowdhury3860@example.com,East,2026-01-04
CUST003861,Riya,Bhat,riya.bhat3861@example.com,North,2026-05-26
CUST003862,Riya,Nair,riya.nair3862@example.com,North,2027-07-17
CUST003863,Priya,Mehta,priya.mehta3863@example.com,East,2027-07-12
CUST003864,Riya,Kapoor,riya.kapoor3864@example.com,East,2026-04-06
CUST003865,Priya,Mehta,priya.mehta3865@example.com,West,2026-12-19
CUST003866,Aditya,Bhat,aditya.bhat3866@example.com,South,2026-01-16
CUST003867,Anika,Das,anika.das3867@example.com,West,2026-04-11
CUST003868,Reyansh,Das,reyansh.das3868@example.com,Central,2026-11-18
CUST003869,Ishaan,Bhat,ishaan.bhat3869@example.com,North,2026-09-15
CUST003870,Ananya,Patel,ananya.patel3870@example.com,Central,2026-06-02
CUST003871,Diya,Chowdhury,diya.chowdhury3871@example.com,Central,2026-10-06
CUST003872,Vivaan,Chowdhury,vivaan.chowdhury3872@example.com,North,2026-06-18
CUST003873,Ayaan,Sharma,ayaan.sharma3873@example.com,North,2027-11-15
CUST003874,Riya,Mehta,riya.mehta3874@example.com,West,2027-02-03
CUST003875,Vivaan,Verma,vivaan.verma3875@example.com,West,2027-05-31
CUST003876,Aditya,Verma,aditya.verma3876@example.com,South,2027-09-19
CUST003877,Aarav,Sharma,aarav.sharma3877@example.com,North,2027-01-20
CUST003878,Vivaan,Mehta,vivaan.mehta3878@example.com,East,2026-03-24
CUST003879,Aditya,Chowdhury,aditya.chowdhury3879@example.com,East,2026-02-25
CUST003880,Riya,Das,riya.das3880@example.com,South,2027-10-07
CUST003881,Reyansh,Chowdhury,reyansh.chowdhury3881@example.com,Central,2027-03-30
CUST003882,Riya,Kapoor,riya.kapoor3882@example.com,South,2026-02-21
CUST003883,Ayaan,Kapoor,ayaan.kapoor3883@example.com,East,2026-10-04
CUST003884,Anika,Singh,anika.singh3884@example.com,West,2027-09-06
CUST003885,Priya,Gupta,priya.gupta3885@example.com,North,2027-04-05
CUST003886,Priya,Das,priya.das3886@example.com,West,2027-11-19
CUST003887,Arjun,Nair,arjun.nair3887@example.com,North,2027-07-23
CUST003888,Anika,Joshi,anika.joshi3888@example.com,West,2027-01-29
CUST003889,Sai,Mehta,sai.mehta3889@example.com,Central,2026-03-10
CUST003890,Aarav,Patel,aarav.patel3890@example.com,Central,2027-11-22
CUST003891,Ananya,Verma,ananya.verma3891@example.com,South,2026-07-23
CUST003892,Saanvi,Reddy,saanvi.reddy3892@example.com,North,2026-05-16
CUST003893,Kabir,Joshi,kabir.joshi3893@example.com,South,2026-07-27
CUST003894,Priya,Verma,priya.verma3894@example.com,West,2027-07-12
CUST003895,Saanvi,Sharma,saanvi.sharma3895@example.com,South,2026-06-18
CUST003896,Aditya,Mehta,aditya.mehta3896@example.com,South,2026-01-01
CUST003897,Vihaan,Reddy,vihaan.reddy3897@example.com,West,2026-09-01
CUST003898,Ishaan,Gupta,ishaan.gupta3898@example.com,West,2027-05-23
CUST003899,Kabir,Patel,kabir.patel3899@example.com,North,2026-07-14
CUST003900,Saanvi,Verma,saanvi.verma3900@example.com,Central,2026-10-31
CUST003901,Ananya,Mehta,ananya.mehta3901@example.com,North,2026-06-22
CUST003902,Ishaan,Sharma,ishaan.sharma3902@example.com,South,2027-02-10
CUST003903,Vivaan,Chowdhury,vivaan.chowdhury3903@example.com,North,2027-03-18
CUST003904,Diya,Sharma,diya.sharma3904@example.com,South,2027-04-08
CUST003905,Ananya,Chowdhury,ananya.chowdhury3905@example.com,North,2027-02-12
CUST003906,Vihaan,Bhat,vihaan.bhat3906@example.com,South,2027-04-20
CUST003907,Sai,Bhat,sai.bhat3907@example.com,South,2026-03-18
CUST003908,Sai,Kapoor,sai.kapoor3908@example.com,North,2027-05-19
CUST003909,Sai,Verma,sai.verma3909@example.com,South,2026-09-25
CUST003910,Riya,Gupta,riya.gupta3910@example.com,Central,2027-07-14
CUST003911,Anika,Das,anika.das3911@example.com,Central,2027-03-25
CUST003912,Riya,Chowdhury,riya.chowdhury3912@example.com,South,2027-07-07
CUST003913,Vihaan,Chowdhury,vihaan.chowdhury3913@example.com,Central,2026-07-01
CUST003914,Ishaan,Patel,ishaan.patel3914@example.com,North,2026-12-13
CUST003915,Saanvi,Joshi,saanvi.joshi3915@example.com,North,2027-05-20
CUST003916,Riya,Patel,riya.patel3916@example.com,North,2027-04-10
CUST003917,Vivaan,Patel,vivaan.patel3917@example.com,West,2026-08-30
CUST003918,Arjun,Chowdhury,arjun.chowdhury3918@example.com,North,2027-01-09
CUST003919,Priya,Rao,priya.rao3919@example.com,South,2026-03-28
CUST003920,Sai,Gupta,sai.gupta3920@example.com,South,2027-10-07
CUST003921,Ishaan,Kapoor,ishaan.kapoor3921@example.com,South,2026-03-30
CUST003922,Kabir,Sharma,kabir.sharma3922@example.com,East,2027-07-07
CUST003923,Vihaan,Kapoor,vihaan.kapoor3923@example.com,East,2027-02-19
CUST003924,Arjun,Joshi,arjunjoshigmail.com,Central,2027-10-29
CUST003925,Aditya,Mehta,aditya.mehta3925@example.com,South,2026-12-02
CUST003926,Priya,Singh,priya.singh3926@example.com,Central,2026-02-10
CUST003927,Ananya,Reddy,ananya.reddy3927@example.com,West,2027-10-01
CUST003928,Diya,Das,diya.das3928@example.com,Central,2026-01-17
CUST003929,Arjun,Bhat,arjun.bhat3929@example.com,North,2026-12-05
CUST003930,Ayaan,Kapoor,ayaan.kapoor3930@example.com,Central,2027-03-20
CUST003931,Ananya,Rao,ananya.rao3931@example.com,East,2027-10-26
CUST003932,Diya,Bhat,diya.bhat3932@example.com,Central,2026-12-12
CUST003933,Aditya,Kapoor,aditya.kapoor3933@example.com,North,2026-10-18
CUST003934,Saanvi,Kapoor,saanvi.kapoor3934@example.com,Central,2027-06-04
CUST003935,Vivaan,Joshi,vivaan.joshi3935@example.com,West,2026-04-04
CUST003936,Sai,Reddy,sai.reddy3936@example.com,Central,2027-02-16
CUST003937,Priya,Singh,priya.singh3937@example.com,South,2027-07-07
CUST003938,Sai,Sharma,sai.sharma3938@example.com,Central,2027-04-08
CUST003939,Priya,Das,priya.das3939@example.com,North,2027-09-21
CUST003940,Saanvi,Singh,saanvi.singh3940@example.com,Central,2027-06-29
CUST003941,Priya,Rao,priya.rao3941@example.com,South,2027-10-01
CUST003942,Riya,Rao,riya.rao3942@example.com,West,2026-06-07
CUST003943,Ishaan,Rao,ishaan.rao3943@example.com,Central,2026-07-20
CUST003944,Vivaan,Das,vivaan.das3944@example.com,Central,2026-11-22
CUST003945,Aarav,Patel,aarav.patel3945@example.com,South,2027-11-30
CUST003946,Ayaan,Nair,ayaan.nair3946@example.com,North,2026-10-03
CUST003947,Kabir,Das,  kabir@mail.com,West,2027-09-27
CUST003948,Saanvi,Mehta,saanvi.mehta3948@example.com,North,2026-02-01
CUST003949,Sai,Iyer,sai.iyer3949@example.com,Central,2026-06-30
CUST003950,Kabir,Iyer,kabir.iyer3950@example.com,East,2026-07-06
CUST003951,Priya,Singh,priya.singh3951@example.com,Central,2027-02-08
CUST003952,Arjun,Nair,arjun.nair3952@example.com,Central,2026-10-29
CUST003953,Ayaan,Kapoor,ayaan.kapoor3953@example.com,South,2027-12-01
CUST003954,Ananya,Das,ananya.das3954@example.com,West,2026-08-16
CUST003955,Vihaan,Nair,vihaan.nair3955@example.com,West,2026-06-18
CUST003956,Aditya,Kapoor,aditya.kapoor3956@example.com,East,2026-07-11
CUST003957,Ishaan,Joshi,ishaan.joshi3957@example.com,West,2026-07-02
CUST003958,Priya,Gupta,priya.gupta3958@example.com,Central,2026-06-25
CUST003959,Ayaan,Chowdhury,ayaan.chowdhury3959@example.com,South,2026-12-18
CUST003960,Kabir,Verma,kabir.verma3960@example.com,South,2027-06-01
CUST003961,Priya,Nair,priya.nair3961@example.com,East,2026-01-27
CUST003962,Anika,Rao,anika.rao3962@example.com,East,2027-01-31
CUST003963,Ishaan,Sharma,ishaan.sharma3963@example.com,Central,2026-11-25
CUST003964,Diya,Chowdhury,diya.chowdhury3964@example.com,East,2026-08-18
CUST003965,Reyansh,Iyer,reyansh.iyer3965@example.com,Central,2026-05-03
CUST003966,Aditya,Bhat,aditya.bhat3966@example.com,North,2027-05-08
CUST003967,Anika,Gupta,anika.gupta3967@example.com,North,2026-07-23
CUST003968,Ishaan,Mehta,ishaan.mehta3968@example.com,South,2026-10-03
CUST003969,Aditya,Chowdhury,aditya.chowdhury3969@example.com,East,2026-08-04
CUST003970,Diya,Verma,diya.verma3970@example.com,East,2026-10-28
CUST003971,Vihaan,Nair,vihaan.nair3971@example.com,East,2026-07-27
CUST003972,Reyansh,Joshi,reyansh.joshi3972@example.com,South,2027-01-10
CUST003973,Reyansh,Chowdhury,reyansh.chowdhury3973@example.com,West,2027-05-03
CUST003974,Vihaan,Reddy,vihaan.reddy3974@example.com,West,2027-04-04
CUST003975,Vivaan,Sharma,vivaan.sharma3975@example.com,Central,2026-09-30
CUST003976,Vihaan,Iyer,vihaan.iyer3976@example.com,North,2026-02-06
CUST003977,Sai,Singh,sai.singh3977@example.com,West,2027-09-23
CUST003978,Vihaan,Joshi,vihaan.joshi3978@example.com,Central,2027-06-21
CUST003979,Vivaan,Mehta,vivaan.mehta3979@example.com,South,2027-05-05
CUST003980,Ananya,Nair,ananya.nair3980@example.com,South,2026-08-29
CUST003981,Kabir,Patel,kabir.patel3981@example.com,South,2026-05-21
CUST003982,Riya,Patel,riya.patel3982@example.com,North,2026-11-29
CUST003983,Riya,Das,riya.das3983@example.com,West,2027-07-06
CUST003984,Ananya,Iyer,ananya.iyer3984@example.com,South,2026-05-22
CUST003985,Ishaan,Rao,ishaan.rao3985@example.com,East,2027-11-17
CUST003986,Ishaan,Joshi,ishaan.joshi3986@example.com,Central,2027-03-09
CUST003987,Ishaan,Das,ishaan.das3987@example.com,Central,2026-10-22
CUST003988,Arjun,Iyer,arjun.iyer3988@example.com,Central,2026-05-02
CUST003989,Riya,Nair,riya.nair3989@example.com,North,2026-05-20
CUST003990,Vivaan,Sharma,vivaan.sharma3990@example.com,South,2026-11-11
CUST003991,Ayaan,Mehta,ayaan.mehta3991@example.com,South,2026-03-16
CUST003992,Arjun,Kapoor,arjun.kapoor3992@example.com,North,2026-11-30
CUST003993,Aditya,Reddy,aditya.reddy3993@example.com,North,2026-11-28
CUST003994,Anika,Sharma,anika.sharma3994@example.com,Central,2026-07-28
CUST003995,Riya,Rao,riya.rao3995@example.com,South,2027-11-30
CUST003996,Diya,Iyer,diya.iyer3996@example.com,East,2027-06-17
CUST003997,Priya,Patel,priya.patel3997@example.com,Central,2027-09-27
CUST003998,Arjun,Singh,arjun.singh3998@example.com,South,2027-03-10
CUST003999,Saanvi,Joshi,saanvi.joshi3999@example.com,East,2027-10-21
CUST004000,Arjun,Joshi,arjun.joshi4000@example.com,North,2026-05-13
CUST004001,Sai,Bhat,sai.bhat4001@example.com,East,2026-10-22
CUST004002,Aditya,Rao,aditya.rao4002@example.com,South,2026-06-27
CUST004003,Vihaan,Joshi,vihaan.joshi4003@example.com,South,2026-07-14
CUST004004,Arjun,Reddy,arjun.reddy4004@example.com,Central,2026-05-27
CUST004005,Aarav,Kapoor,aarav.kapoor4005@example.com,East,2027-10-02
CUST004006,Vivaan,Patel,vivaan.patel4006@example.com,North,2026-04-03
CUST004007,Ayaan,Patel,ayaan.patel4007@example.com,East,2027-05-17
CUST004008,Reyansh,Joshi,reyansh.joshi4008@example.com,Central,2027-04-20
CUST004009,Aarav,Rao,aarav.rao4009@example.com,South,2027-04-28
CUST004010,Aditya,Kapoor,aditya.kapoor4010@example.com,West,2026-07-01
CUST004011,Kabir,Singh,  kabir@mail.com,East,2026-09-24
CUST004012,Ananya,Singh,ananya.singh4012@example.com,South,2027-01-24
CUST004013,Vivaan,Nair,vivaan.nair@@mail,Central,2026-04-03
CUST004014,Saanvi,Patel,saanvi.patel4014@example.com,Central,2026-09-04
CUST004015,Priya,Sharma,priya.sharma4015@example.com,Central,2026-07-06
CUST004016,Vihaan,Kapoor,vihaan.kapoor4016@example.com,West,2026-06-29
CUST004017,Saanvi,Kapoor,saanvi.kapoor4017@example.com,South,2026-07-23
CUST004018,Reyansh,Bhat,reyansh.bhat4018@example.com,Central,2027-11-03
CUST004019,Sai,Chowdhury,sai.chowdhury4019@example.com,North,2026-11-30
CUST004020,Sai,Gupta,sai.gupta4020@example.com,Central,2027-08-04
CUST004021,Reyansh,Joshi,reyansh.joshi4021@example.com,West,2026-06-25
CUST004022,Riya,Das,riya.das4022@example.com,East,2027-11-05
CUST004023,Aditya,Kapoor,aditya.kapoor4023@example.com,East,2026-08-30
CUST004024,Arjun,Reddy,arjun.reddy4024@example.com,South,2026-11-29
CUST004025,Kabir,Joshi,kabir.joshi4025@example.com,South,2027-08-15
CUST004026,Reyansh,Nair,reyansh.nair4026@example.com,Central,2026-11-12
CUST004027,Riya,Verma,riya.verma4027@example.com,West,2027-10-23
CUST004028,Anika,Reddy,anika.reddy4028@example.com,South,2027-02-07
CUST004029,Ayaan,Sharma,ayaan.sharma4029@example.com,Central,2026-12-07
CUST004030,Ananya,Mehta,ananya.mehta4030@example.com,West,2027-09-18
CUST004031,Sai,Bhat,sai.bhat4031@example.com,West,2027-09-11
CUST004032,Saanvi,Sharma,saanvi.sharma4032@example.com,South,2027-08-08
CUST004033,Saanvi,Verma,saanvi.verma4033@example.com,South,2026-02-26
CUST004034,Ayaan,Kapoor,ayaan.kapoor4034@example.com,Central,2027-04-25
CUST004035,Anika,Joshi,anika.joshi4035@example.com,North,2026-08-08
CUST004036,Ishaan,Gupta,ishaan.gupta4036@example.com,Central,2027-07-26
CUST004037,Ayaan,Gupta,ayaan.gupta4037@example.com,South,2026-01-29
CUST004038,Arjun,Das,arjun.das4038@example.com,East,2027-02-11
CUST004039,Reyansh,Gupta,reyansh.gupta4039@example.com,North,2026-02-15
CUST004040,Anika,Mehta,anika.mehta4040@example.com,West,2027-06-16
CUST004041,Saanvi,Nair,saanvi.nair@@mail,East,2027-11-15
CUST004042,Kabir,Gupta,kabir.gupta4042@example.com,South,2027-10-15
CUST004043,Priya,Bhat,priya.bhat4043@example.com,North,2026-02-11
CUST004044,Aarav,Iyer,aarav.iyer4044@example.com,East,2026-08-30
CUST004045,Aditya,Chowdhury,aditya.chowdhury4045@example.com,Central,2027-08-11
CUST004046,Vihaan,Singh,vihaan.singh4046@example.com,North,2026-12-22
CUST004047,Reyansh,Chowdhury,reyansh.chowdhury4047@example.com,Central,2026-04-06
CUST004048,Arjun,Kapoor,arjun.kapoor4048@example.com,Central,2026-06-21
CUST004049,Kabir,Kapoor,kabir.kapoor4049@example.com,North,2026-04-05
CUST004050,Reyansh,Singh,reyansh.singh4050@example.com,East,2027-11-01
CUST004051,Reyansh,Sharma,reyansh.sharma4051@example.com,Central,2026-07-21
CUST004052,Riya,Singh,riya.singh4052@example.com,North,2026-08-04
CUST004053,Anika,Verma,anika.verma4053@example.com,Central,2026-04-28
CUST004054,Priya,Sharma,priya.sharma4054@example.com,South,2026-06-05
CUST004055,Reyansh,Gupta,reyansh.gupta4055@example.com,North,2027-04-17
CUST004056,Saanvi,Das,saanvi.das4056@example.com,South,2026-02-24
CUST004057,Aditya,Verma,aditya.verma4057@example.com,North,2027-01-27
CUST004058,Vihaan,Gupta,vihaan.gupta4058@example.com,South,2026-02-12
CUST004059,Vivaan,Singh,vivaan.singh4059@example.com,South,2026-12-18
CUST004060,Saanvi,Bhat,saanvi.bhat4060@example.com,South,2026-07-22
CUST004061,Reyansh,Sharma,reyansh.sharma4061@example.com,East,2027-08-09
CUST004062,Riya,Patel,riyapatel.com,South,2027-07-04
CUST004063,Sai,Singh,sai.singh4063@example.com,East,2027-06-18
CUST004064,Arjun,Das,arjun.das4064@example.com,East,2026-06-30
CUST004065,Aditya,Iyer,aditya.iyer4065@example.com,North,2027-07-26
CUST004066,Arjun,Bhat,arjun.bhat4066@example.com,East,2026-01-09
CUST004067,Ishaan,Gupta,ishaan.gupta4067@example.com,South,2027-09-03
CUST004068,Priya,Gupta,priya.gupta4068@example.com,North,2027-08-29
CUST004069,Kabir,Nair,kabir.nair4069@example.com,West,2026-03-09
CUST004070,Aarav,Das,aarav.das4070@example.com,South,2027-11-14
CUST004071,Kabir,Gupta,kabir.gupta4071@example.com,Central,2027-05-24
CUST004072,Vihaan,Reddy,vihaan.reddy4072@example.com,West,2026-05-02
CUST004073,Ananya,Reddy,ananya.reddy4073@example.com,West,2027-01-03
CUST004074,Ishaan,Rao,ishaan.rao4074@example.com,East,2027-02-01
CUST004075,Arjun,Reddy,arjun.reddy4075@example.com,North,2026-09-23
CUST004076,Arjun,Sharma,arjun.sharma4076@example.com,South,2027-05-09
CUST004077,Riya,Verma,riya.verma4077@example.com,East,2027-09-21
CUST004078,Anika,Reddy,anika.reddy4078@example.com,Central,2027-05-22
CUST004079,Vivaan,Gupta,vivaan.gupta4079@example.com,Central,2027-09-27
CUST004080,Saanvi,Joshi,saanvi.joshi4080@example.com,North,2027-03-18
CUST004081,Aarav,Patel,aarav.patel4081@example.com,South,2026-05-14
CUST004082,Diya,Rao,diya.rao4082@example.com,North,2026-12-17
CUST004083,Ananya,Chowdhury,ananya.chowdhury4083@example.com,South,2027-12-02
CUST004084,Aarav,Reddy,aarav.reddy4084@example.com,East,2026-02-03
CUST004085,Vivaan,Verma,vivaan.verma4085@example.com,North,2027-09-23
CUST004086,Priya,Singh,priya.singh4086@example.com,Central,2027-10-18
CUST004087,Kabir,Patel,kabir.patel4087@example.com,East,2027-09-30
CUST004088,Kabir,Singh,kabir.singh4088@example.com,Central,2027-11-25
CUST004089,Kabir,Iyer,kabir.iyer4089@example.com,West,2026-06-26
CUST004090,Ananya,Singh,ananya.singh4090@example.com,North,2026-05-21
CUST004091,Saanvi,Patel,saanvi.patel4091@example.com,North,2026-04-24
CUST004092,Vivaan,Das,vivaan.das4092@example.com,North,2027-06-11
CUST004093,Vivaan,Reddy,vivaan.reddy4093@example.com,North,2027-02-27
CUST004094,Ayaan,Verma,ayaan.verma4094@example.com,West,2027-02-13
CUST004095,Aditya,Singh,aditya.singh4095@example.com,South,2027-03-10
CUST004096,Vivaan,Rao,vivaan.rao4096@example.com,North,2027-06-14
CUST004097,Kabir,Singh,kabir.singh4097@example.com,North,2026-06-01
CUST004098,Aarav,Chowdhury,aarav.chowdhury4098@example.com,North,2026-12-17
CUST004099,Saanvi,Verma,saanvi.verma4099@example.com,South,2027-06-05
CUST004100,Riya,Singh,riya.singh4100@example.com,North,2026-09-10
CUST004101,Saanvi,Joshi,saanvi.joshi4101@example.com,South,2026-12-07
CUST004102,Vivaan,Chowdhury,vivaan.chowdhury4102@example.com,East,2027-01-05
CUST004103,Ananya,Singh,ananya.singh4103@example.com,East,2026-07-24
CUST004104,Sai,Verma,sai.verma4104@example.com,South,2026-01-26
CUST004105,Riya,Gupta,riya.gupta4105@example.com,East,2027-06-29
CUST004106,Kabir,Singh,kabir.singh4106@example.com,West,2027-03-16
CUST004107,Ananya,Singh,ananya.singh4107@example.com,North,2026-07-29
CUST004108,Aarav,Nair,aarav.nair4108@example.com,South,2027-11-19
CUST004109,Priya,Gupta,priya.gupta4109@example.com,West,2026-09-18
CUST004110,Priya,Patel,priya.patel4110@example.com,South,2026-03-22
CUST004111,Aditya,Rao,aditya.rao4111@example.com,South,2026-05-22
CUST004112,Aarav,Sharma,aarav.sharma4112@example.com,North,2026-09-30
CUST004113,Riya,Patel,riya.patel4113@example.com,North,2026-11-15
CUST004114,Aarav,Das,aarav.das4114@example.com,North,2026-04-30
CUST004115,Saanvi,Mehta,saanvi.mehta4115@example.com,West,2027-11-14
CUST004116,Vihaan,Bhat,vihaan.bhat4116@example.com,East,2026-02-08
CUST004117,Ananya,Mehta,ananya.mehta4117@example.com,South,2027-07-11
CUST004118,Aditya,Chowdhury,aditya.chowdhury4118@example.com,Central,2027-10-09
CUST004119,Aarav,Nair,aarav.nair4119@example.com,South,2027-11-15
CUST004120,Ishaan,Das,ishaan.das@@mail,North,2026-09-19
CUST004121,Vivaan,Das,vivaan.das4121@example.com,Central,2026-11-01
CUST004122,Anika,Bhat,anika.bhat4122@example.com,West,2027-09-13
CUST004123,Anika,Kapoor,anika.kapoor4123@example.com,South,2027-10-26
CUST004124,Reyansh,Singh,reyansh.singh4124@example.com,Central,2027-03-26
CUST004125,Riya,Patel,riya.patel4125@example.com,Central,2027-07-24
CUST004126,Vihaan,Patel,vihaan.patel4126@example.com,West,2026-04-12
CUST004127,Reyansh,Singh,reyansh.singh4127@example.com,East,2026-02-20
CUST004128,Anika,Mehta,anika.mehta4128@example.com,East,2026-09-12
CUST004129,Sai,Das,sai.das4129@example.com,East,2027-03-24
CUST004130,Reyansh,Joshi,reyansh.joshi4130@example.com,Central,2027-11-17
CUST004131,Diya,Mehta,diya.mehta4131@example.com,Central,2026-04-27
CUST004132,Saanvi,Das,saanvi.das4132@example.com,North,2026-03-10
CUST004133,Sai,Bhat,sai.bhat4133@example.com,West,2027-11-08
CUST004134,Aarav,Reddy,aarav.reddy4134@example.com,West,2026-02-22
CUST004135,Saanvi,Chowdhury,saanvi.chowdhury4135@example.com,Central,2026-06-25
CUST004136,Aditya,Patel,aditya.patel4136@example.com,North,2026-06-12
CUST004137,Ananya,Verma,ananya.verma4137@example.com,Central,2026-03-27
CUST004138,Kabir,Kapoor,kabir.kapoor4138@example.com,Central,2027-08-09
CUST004139,Saanvi,Bhat,saanvi.bhat4139@example.com,South,2026-04-25
CUST004140,Saanvi,Sharma,saanvi.sharma4140@example.com,Central,2027-05-31
CUST004141,Diya,Bhat,diya.bhat4141@example.com,Central,2026-02-01
CUST004142,Priya,Bhat,priya.bhat4142@example.com,East,2026-11-08
CUST004143,Arjun,Gupta,arjun.gupta4143@example.com,North,2027-04-08
CUST004144,Ayaan,Mehta,ayaan.mehta4144@example.com,West,2027-06-04
CUST004145,Saanvi,Bhat,saanvi.bhat4145@example.com,North,2027-07-07
CUST004146,Vivaan,Das,vivaan.das4146@example.com,North,2026-09-23
CUST004147,Vivaan,Patel,vivaan.patel4147@example.com,West,2026-11-24
CUST004148,Aditya,Chowdhury,aditya.chowdhury4148@example.com,South,2026-07-13
CUST004149,Aditya,Iyer,aditya.iyer4149@example.com,Central,2027-02-17
CUST004150,Aditya,Bhat,aditya.bhat4150@example.com,South,2027-06-08
CUST004151,Ananya,Das,ananya.das4151@example.com,South,2027-09-07
CUST004152,Arjun,Singh,arjun.singh4152@example.com,West,2027-08-16
CUST004153,Vivaan,Iyer,vivaan.iyer4153@example.com,North,2027-08-26
CUST004154,Ayaan,Joshi,ayaan.joshi4154@example.com,North,2026-09-22
CUST004155,Riya,Verma,riya.verma4155@example.com,East,2027-03-14
CUST004156,Anika,Bhat,anika.bhat4156@example.com,Central,2027-10-20
CUST004157,Sai,Singh,sai.singh4157@example.com,East,2027-11-22
CUST004158,Ayaan,Nair,ayaan.nair4158@example.com,West,2026-12-29
CUST004159,Saanvi,Mehta,saanvi.mehta4159@example.com,West,2026-07-06
CUST004160,Vivaan,Bhat,vivaan.bhat4160@example.com,Central,2027-03-08
CUST004161,Diya,Chowdhury,diya.chowdhury4161@example.com,Central,2027-01-21
CUST004162,Ayaan,Joshi,ayaan.joshi4162@example.com,East,2027-09-19
CUST004163,Aarav,Iyer,aarav.iyer4163@example.com,West,2027-06-08
CUST004164,Arjun,Verma,arjun.verma4164@example.com,West,2026-01-12
CUST004165,Ishaan,Verma,ishaan.verma4165@example.com,West,2026-05-26
CUST004166,Kabir,Mehta,kabir.mehta4166@example.com,South,2027-10-08
CUST004167,Ananya,Rao,ananya.rao4167@example.com,Central,2026-05-09
CUST004168,Ayaan,Iyer,ayaan.iyer4168@example.com,Central,2027-02-14
CUST004169,Ayaan,Mehta,ayaan.mehta4169@example.com,North,2027-03-23
CUST004170,Ananya,Patel,ananya.patel4170@example.com,West,2026-06-04
CUST004171,Saanvi,Mehta,saanvi.mehta4171@example.com,Central,2026-03-11
CUST004172,Aarav,Mehta,aarav.mehta4172@example.com,North,2026-04-02
CUST004173,Aditya,Reddy,aditya.reddy4173@example.com,North,2027-08-24
CUST004174,Kabir,Kapoor,kabir.kapoor4174@example.com,Central,2027-10-18
CUST004175,Reyansh,Joshi,reyansh.joshi4175@example.com,West,2026-04-21
CUST004176,Reyansh,Singh,reyansh.singh4176@example.com,West,2026-01-01
CUST004177,Sai,Reddy,sai.reddy4177@example.com,North,2026-09-18
CUST004178,Vihaan,Patel,vihaan.patel4178@example.com,East,2026-01-23
CUST004179,Kabir,Bhat,kabir.bhat4179@example.com,East,2026-11-06
CUST004180,Arjun,Iyer,arjun.iyer4180@example.com,North,2027-09-24
CUST004181,Riya,Nair,riya.nair4181@example.com,North,2026-07-17
CUST004182,Ananya,Sharma,ananya.sharma4182@example.com,Central,2027-03-03
CUST004183,Aditya,Singh,aditya.singh4183@example.com,West,2026-03-08
CUST004184,Arjun,Joshi,arjun.joshi4184@example.com,East,2027-09-01
CUST004185,Vivaan,Rao,vivaan.rao4185@example.com,Central,2026-01-03
CUST004186,Saanvi,Chowdhury,saanvi.chowdhury4186@example.com,Central,2026-05-29
CUST004187,Ananya,Verma,ananya.verma4187@example.com,West,2026-10-05
CUST004188,Vihaan,Das,vihaan.das4188@example.com,South,2026-12-01
CUST004189,Sai,Bhat,sai.bhat4189@example.com,West,2027-10-04
CUST004190,Ananya,Rao,ananya.rao4190@example.com,West,2027-09-24
CUST004191,Ayaan,Joshi,ayaan.joshi4191@example.com,Central,2027-02-10
CUST004192,Saanvi,Iyer,saanvi.iyer4192@example.com,Central,2027-01-26
CUST004193,Diya,Joshi,diya.joshi4193@example.com,North,2026-12-02
CUST004194,Ananya,Nair,ananya.nair4194@example.com,North,2026-04-24
CUST004195,Arjun,Joshi,arjun.joshi4195@example.com,Central,2027-11-27
CUST004196,Vivaan,Chowdhury,vivaan.chowdhury4196@example.com,West,2027-01-05
CUST004197,Priya,Bhat,priya.bhat4197@example.com,North,2026-12-26
CUST004198,Aditya,Singh,aditya.singh4198@example.com,North,2027-03-09
CUST004199,Ayaan,Chowdhury,ayaan.chowdhury4199@example.com,Central,2027-07-05
CUST004200,Priya,Reddy,priya.reddy4200@example.com,West,2026-11-18
CUST004201,Riya,Joshi,riya.joshi4201@example.com,South,2026-04-13
CUST004202,Ananya,Nair,ananya.nair4202@example.com,East,2027-09-06
CUST004203,Priya,Singh,priya.singh4203@example.com,North,2026-02-20
CUST004204,Diya,Das,diya.das4204@example.com,South,2026-11-02
CUST004205,Ananya,Gupta,ananya.gupta4205@example.com,North,2026-10-28
CUST004206,Priya,Kapoor,priya.kapoor4206@example.com,East,2027-07-25
CUST004207,Riya,Patel,riya.patel4207@example.com,West,2027-02-25
CUST004208,Ishaan,Das,ishaan.das4208@example.com,West,2026-09-26
CUST004209,Aarav,Chowdhury,aarav.chowdhury4209@example.com,East,2026-11-19
CUST004210,Kabir,Singh,kabir.singh4210@example.com,West,2026-12-15
CUST004211,Aarav,Mehta,aarav.mehta4211@example.com,West,2026-11-12
CUST004212,Ayaan,Reddy,ayaan.reddy4212@example.com,Central,2027-09-16
CUST004213,Riya,Gupta,riya.gupta4213@example.com,South,2027-01-14
CUST004214,Priya,Bhat,priya.bhat4214@example.com,West,2026-05-14
CUST004215,Sai,Das,sai.das4215@example.com,West,2026-12-11
CUST004216,Vivaan,Verma,vivaan.verma4216@example.com,West,2027-10-10
CUST004217,Kabir,Reddy,kabir.reddy4217@example.com,North,2026-01-10
CUST004218,Sai,Chowdhury,sai.chowdhury4218@example.com,South,2026-05-02
CUST004219,Arjun,Iyer,arjun.iyer4219@example.com,South,2027-04-08
CUST004220,Anika,Joshi,anika.joshi4220@example.com,West,2026-11-15
CUST004221,Arjun,Das,arjun.das4221@example.com,East,2027-09-20
CUST004222,Priya,Sharma,priya.sharma4222@example.com,North,2026-03-22
CUST004223,Ananya,Joshi,ananya.joshi4223@example.com,North,2026-04-05
CUST004224,Ananya,Rao,ananya.rao4224@example.com,Central,2027-10-17
CUST004225,Vivaan,Sharma,vivaan.sharma4225@example.com,Central,2026-01-16
CUST004226,Anika,Mehta,anika.mehta4226@example.com,Central,2027-02-10
CUST004227,Anika,Rao,anika.rao4227@example.com,South,2026-07-20
CUST004228,Sai,Mehta,sai.mehta4228@example.com,Central,2027-01-02
CUST004229,Aarav,Bhat,aarav.bhat4229@example.com,East,2027-04-02
CUST004230,Riya,Das,riya.das4230@example.com,East,2026-06-18
CUST004231,Riya,Verma,riya.verma4231@example.com,South,2026-04-24
CUST004232,Vivaan,Reddy,vivaan.reddy4232@example.com,Central,2026-09-15
CUST004233,Anika,Nair,anika.nair4233@example.com,South,2027-03-17
CUST004234,Priya,Chowdhury,priya.chowdhury4234@example.com,Central,2026-02-19
CUST004235,Kabir,Chowdhury,kabir.chowdhury4235@example.com,South,2027-01-13
CUST004236,Sai,Iyer,sai.iyer4236@example.com,South,2026-05-07
CUST004237,Ayaan,Rao,ayaan.rao4237@example.com,East,2026-09-17
CUST004238,Ananya,Sharma,ananya.sharma4238@example.com,North,2027-11-24
CUST004239,Ananya,Iyer,ananya.iyer4239@example.com,East,2026-10-20
CUST004240,Saanvi,Nair,saanvi.nair4240@example.com,South,2026-07-21
CUST004241,Vihaan,Gupta,vihaan.gupta4241@example.com,South,2026-06-07
CUST004242,Diya,Das,diya.das4242@example.com,Central,2027-09-22
CUST004243,Aditya,Singh,aditya.singh4243@example.com,West,2027-02-12
CUST004244,Ayaan,Kapoor,ayaan.kapoor4244@example.com,East,2027-10-23
CUST004245,Sai,Singh,sai.singh4245@example.com,South,2026-02-01
CUST004246,Priya,Kapoor,priya.kapoor4246@example.com,South,2026-03-16
CUST004247,Kabir,Joshi,kabir.joshi4247@example.com,North,2027-11-02
CUST004248,Vivaan,Das,vivaan.das4248@example.com,North,2027-09-14
CUST004249,Ayaan,Chowdhury,ayaan.chowdhury4249@example.com,North,2026-09-19
CUST004250,Reyansh,Sharma,reyansh.sharma4250@example.com,West,2027-09-16
CUST004251,Ishaan,Joshi,ishaan.joshi4251@example.com,Central,2027-05-31
CUST004252,Ananya,Mehta,ananya.mehta4252@example.com,South,2026-12-05
CUST004253,Diya,Sharma,diya.sharma4253@example.com,North,2027-10-12
CUST004254,Aditya,Joshi,aditya.joshi4254@example.com,West,2027-03-28
CUST004255,Diya,Rao,diya.rao4255@example.com,North,2027-03-12
CUST004256,Sai,Iyer,sai.iyer4256@example.com,East,2026-09-18
CUST004257,Ananya,Iyer,ananya.iyer4257@example.com,West,2026-02-24
CUST004258,Reyansh,Chowdhury,reyansh.chowdhury4258@example.com,Central,2027-01-06
CUST004259,Anika,Mehta,anika.mehta4259@example.com,Central,2026-08-11
CUST004260,Vihaan,Sharma,vihaan.sharma4260@example.com,East,2026-09-04
CUST004261,Vihaan,Gupta,vihaan.gupta4261@example.com,Central,2027-04-13
CUST004262,Ananya,Chowdhury,ananya.chowdhury4262@example.com,Central,2027-01-31
CUST004263,Riya,Mehta,riya.mehta4263@example.com,Central,2027-06-11
CUST004264,Vivaan,Iyer,vivaan.iyer4264@example.com,East,2027-05-08
CUST004265,Arjun,Chowdhury,arjun.chowdhury4265@example.com,West,2026-04-18
CUST004266,Saanvi,Kapoor,saanvi.kapoor4266@example.com,South,2026-09-17
CUST004267,Ayaan,Sharma,ayaan.sharma4267@example.com,North,2027-09-05
CUST004268,Priya,Joshi,priya.joshi4268@example.com,East,2026-06-29
CUST004269,Arjun,Bhat,arjun.bhat4269@example.com,South,2027-07-25
CUST004270,Ayaan,Mehta,ayaan.mehta4270@example.com,West,2026-06-16
CUST004271,Ayaan,Reddy,ayaan.reddy4271@example.com,Central,2026-04-16
CUST004272,Vihaan,Kapoor,vihaan.kapoor4272@example.com,Central,2027-05-27
CUST004273,Priya,Bhat,priya.bhat4273@example.com,South,2027-08-04
CUST004274,Sai,Rao,sai.rao4274@example.com,Central,2026-02-20
CUST004275,Reyansh,Gupta,reyansh.gupta4275@example.com,South,2026-05-05
CUST004276,Vihaan,Sharma,vihaan.sharma4276@example.com,South,2026-08-24
CUST004277,Aarav,Sharma,aarav.sharma4277@example.com,North,2027-06-19
CUST004278,Saanvi,Patel,saanvi.patel4278@example.com,West,2026-04-28
CUST004279,Aarav,Rao,aarav.rao4279@example.com,Central,2027-11-19
CUST004280,Anika,Joshi,anika.joshi4280@example.com,West,2026-05-05
CUST004281,Aditya,Chowdhury,aditya.chowdhury4281@example.com,East,2026-07-13
CUST004282,Priya,Das,priya.das4282@example.com,North,2026-10-23
CUST004283,Ayaan,Bhat,ayaan.bhat4283@example.com,Central,2026-10-24
CUST004284,Ayaan,Kapoor,ayaan.kapoor4284@example.com,North,2027-08-27
CUST004285,Vivaan,Das,vivaan.das4285@example.com,West,2026-10-10
CUST004286,Arjun,Reddy,arjun.reddy4286@example.com,East,2026-11-13
CUST004287,Ishaan,Chowdhury,ishaan.chowdhury4287@example.com,North,2026-02-05
CUST004288,Reyansh,Joshi,reyansh.joshi4288@example.com,North,2027-04-14
CUST004289,Sai,Sharma,sai.sharma4289@example.com,East,2026-10-13
CUST004290,Priya,Singh,priya.singh4290@example.com,North,2026-12-06
CUST004291,Vivaan,Patel,vivaan.patel4291@example.com,West,2027-11-16
CUST004292,Riya,Iyer,riya.iyer4292@example.com,North,2026-03-17
CUST004293,Priya,Bhat,priya.bhat4293@example.com,East,2026-11-03
CUST004294,Aditya,Joshi,aditya.joshi4294@example.com,South,2026-10-16
CUST004295,Saanvi,Rao,saanvi.rao4295@example.com,East,2026-04-13
CUST004296,Ananya,Das,ananya.das4296@example.com,Central,2027-04-26
CUST004297,Aarav,Nair,aarav.nair4297@example.com,Central,2026-07-19
CUST004298,Riya,Rao,riya.rao4298@example.com,South,2026-10-29
CUST004299,Arjun,Patel,arjun.patel4299@example.com,Central,2027-08-05
CUST004300,Priya,Gupta,priya.gupta4300@example.com,West,2027-09-14
CUST004301,Aarav,Rao,aarav.rao4301@example.com,South,2027-07-07
CUST004302,Vihaan,Singh,vihaan.singh4302@example.com,Central,2027-11-30
CUST004303,Anika,Das,anika.das4303@example.com,Central,2026-03-16
CUST004304,Aarav,Nair,aarav.nair4304@example.com,Central,2027-03-16
CUST004305,Kabir,Singh,kabirsinghgmail.com,Central,2027-04-11
CUST004306,Aarav,Joshi,aarav.joshi4306@example.com,Central,2026-08-31
CUST004307,Aarav,Verma,aarav.verma4307@example.com,South,2027-03-18
CUST004308,Saanvi,Chowdhury,saanvi.chowdhury4308@example.com,Central,2027-08-15
CUST004309,Sai,Patel,sai.patel4309@example.com,North,2026-11-06
CUST004310,Aarav,Das,aarav.das4310@example.com,Central,2027-01-13
CUST004311,Aditya,Das,aditya.das4311@example.com,West,2027-01-05
CUST004312,Ishaan,Verma,ishaan.verma4312@example.com,West,2027-05-14
CUST004313,Diya,Joshi,diya.joshi4313@example.com,North,2027-11-19
CUST004314,Anika,Iyer,anika.iyer4314@example.com,West,2027-09-09
CUST004315,Aditya,Verma,aditya.verma4315@example.com,Central,2027-11-21
CUST004316,Arjun,Iyer,arjuniyergmail.com,Central,2027-08-30
CUST004317,Arjun,Patel,arjun.patel4317@example.com,East,2026-07-01
CUST004318,Arjun,Mehta,arjun.mehta4318@example.com,West,2026-12-09
CUST004319,Aditya,Singh,aditya.singh4319@example.com,North,2026-09-28
CUST004320,Ananya,Bhat,ananya.bhat4320@example.com,South,2026-04-18
CUST004321,Kabir,Kapoor,kabir.kapoor4321@example.com,East,2027-01-17
CUST004322,Vivaan,Nair,vivaan.nair4322@example.com,West,2027-06-02
CUST004323,Aarav,Chowdhury,aarav.chowdhury4323@example.com,Central,2026-05-25
CUST004324,Kabir,Singh,kabir.singh4324@example.com,North,2027-08-12
CUST004325,Vivaan,Verma,vivaan.verma4325@example.com,West,2026-08-13
CUST004326,Riya,Iyer,riya.iyer4326@example.com,North,2027-04-16
CUST004327,Reyansh,Chowdhury,reyansh.chowdhury4327@example.com,South,2026-10-13
CUST004328,Sai,Rao,sai.rao4328@example.com,South,2027-07-28
CUST004329,Ishaan,Bhat,ishaan.bhat4329@example.com,East,2026-01-06
CUST004330,Aditya,Singh,aditya.singh4330@example.com,Central,2027-10-30
CUST004331,Sai,Gupta,sai.gupta4331@example.com,East,2027-04-09
CUST004332,Aditya,Gupta,aditya.gupta4332@example.com,West,2026-03-16
CUST004333,Kabir,Sharma,kabir.sharma4333@example.com,West,2026-03-09
CUST004334,Kabir,Rao,kabirraogmail.com,North,2026-04-29
CUST004335,Kabir,Sharma,kabir.sharma4335@example.com,Central,2026-07-02
CUST004336,Vihaan,Chowdhury,vihaan.chowdhury4336@example.com,North,2026-11-19
CUST004337,Riya,Verma,riya.verma4337@example.com,North,2027-01-07
CUST004338,Saanvi,Sharma,saanvi.sharma4338@example.com,Central,2026-05-20
CUST004339,Vivaan,Sharma,vivaan.sharma4339@example.com,West,2026-03-14
CUST004340,Ishaan,Kapoor,ishaankapoorgmail.com,North,2027-05-11
CUST004341,Aditya,Bhat,aditya.bhat4341@example.com,Central,2027-08-11
CUST004342,Ishaan,Joshi,ishaan.joshi4342@example.com,East,2026-08-21
CUST004343,Arjun,Das,,Central,2027-04-25
CUST004344,Reyansh,Chowdhury,reyansh.chowdhury4344@example.com,West,2026-12-19
CUST004345,Ananya,Iyer,ananya.iyer4345@example.com,West,2026-04-29
CUST004346,Aditya,Mehta,aditya.mehta4346@example.com,Central,2026-05-25
CUST004347,Reyansh,Das,reyansh.das4347@example.com,East,2027-07-06
CUST004348,Reyansh,Bhat,reyansh.bhat4348@example.com,North,2026-02-06
CUST004349,Ishaan,Sharma,ishaan.sharma4349@example.com,South,2026-12-27
CUST004350,Priya,Reddy,priya.reddy4350@example.com,South,2026-03-12
CUST004351,Diya,Reddy,diya.reddy4351@example.com,East,2027-03-25
CUST004352,Ayaan,Nair,ayaan.nair4352@example.com,South,2027-03-07
CUST004353,Vivaan,Patel,vivaan.patel4353@example.com,East,2027-07-13
CUST004354,Vivaan,Joshi,vivaan.joshi4354@example.com,West,2027-04-04
CUST004355,Ayaan,Joshi,ayaan.joshi4355@example.com,East,2026-11-03
CUST004356,Reyansh,Rao,reyansh.rao4356@example.com,East,2026-07-01
CUST004357,Ayaan,Patel,ayaan.patel4357@example.com,East,2027-02-20
CUST004358,Vivaan,Nair,vivaan.nair4358@example.com,East,2026-02-24
CUST004359,Saanvi,Bhat,saanvi.bhat4359@example.com,East,2026-02-21
CUST004360,Kabir,Singh,kabir.singh4360@example.com,Central,2026-12-10
CUST004361,Aditya,Nair,aditya.nair4361@example.com,West,2026-06-13
CUST004362,Sai,Joshi,sai.joshi4362@example.com,North,2027-09-01
CUST004363,Ishaan,Bhat,ishaan.bhat4363@example.com,East,2026-04-20
CUST004364,Anika,Kapoor,anika.kapoor4364@example.com,East,2026-01-29
CUST004365,Vihaan,Bhat,vihaan.bhat4365@example.com,South,2026-04-13
CUST004366,Vihaan,Singh,vihaan.singh4366@example.com,Central,2027-02-02
CUST004367,Aarav,Gupta,aarav.gupta4367@example.com,East,2026-10-30
CUST004368,Priya,Sharma,priya.sharma4368@example.com,South,2026-06-22
CUST004369,Aarav,Patel,aarav.patel4369@example.com,Central,2027-01-15
CUST004370,Ishaan,Chowdhury,ishaan.chowdhury4370@example.com,East,2026-03-27
CUST004371,Aarav,Bhat,aarav.bhat4371@example.com,North,2027-11-14
CUST004372,Sai,Singh,saisingh.com,Central,2027-01-01
CUST004373,Aarav,Gupta,aarav.gupta4373@example.com,West,2026-02-21
CUST004374,Ishaan,Verma,ishaan.verma4374@example.com,East,2026-08-08
CUST004375,Kabir,Das,,East,2027-03-27
CUST004376,Ishaan,Sharma,ishaan.sharma4376@example.com,West,2026-10-17
CUST004377,Anika,Verma,anika.verma4377@example.com,West,2026-07-15
CUST004378,Saanvi,Mehta,saanvi.mehta4378@example.com,Central,2026-02-20
CUST004379,Kabir,Kapoor,kabir.kapoor4379@example.com,North,2026-08-25
CUST004380,Vivaan,Sharma,vivaan.sharma4380@example.com,West,2026-10-22
CUST004381,Reyansh,Iyer,reyansh.iyer4381@example.com,North,2026-07-28
CUST004382,Vihaan,Sharma,vihaan.sharma4382@example.com,East,2026-12-23
CUST004383,Vivaan,Bhat,vivaan.bhat4383@example.com,South,2027-03-15
CUST004384,Diya,Verma,diya.verma4384@example.com,North,2027-07-10
CUST004385,Vihaan,Reddy,vihaan.reddy4385@example.com,East,2027-09-23
CUST004386,Sai,Rao,sai.rao4386@example.com,East,2026-12-21
CUST004387,Kabir,Kapoor,,East,2026-05-31
CUST004388,Kabir,Patel,kabir.patel4388@example.com,North,2026-02-04
CUST004389,Riya,Singh,riya.singh4389@example.com,Central,2027-08-15
CUST004390,Aarav,Patel,aarav.patel4390@example.com,Central,2027-03-15
CUST004391,Vivaan,Verma,vivaan.verma4391@example.com,Central,2027-02-01
CUST004392,Anika,Iyer,anika.iyer4392@example.com,North,2026-09-05
CUST004393,Ananya,Joshi,ananya.joshi4393@example.com,South,2026-08-12
CUST004394,Diya,Iyer,diya.iyer4394@example.com,Central,2027-01-19
CUST004395,Aarav,Sharma,aarav.sharma4395@example.com,West,2027-05-18
CUST004396,Priya,Das,priya.das4396@example.com,South,2026-12-09
CUST004397,Aarav,Reddy,aarav.reddy4397@example.com,South,2027-10-11
CUST004398,Aarav,Verma,aarav.verma4398@example.com,West,2026-08-06
CUST004399,Ishaan,Iyer,ishaan.iyer4399@example.com,South,2027-02-05
CUST004400,Diya,Verma,diya.verma4400@example.com,West,2027-07-05
CUST004401,Sai,Mehta,sai.mehta4401@example.com,North,2027-10-05
CUST004402,Arjun,Reddy,arjun.reddy4402@example.com,South,2026-11-12
CUST004403,Vihaan,Verma,vihaan.verma4403@example.com,North,2026-02-02
CUST004404,Vivaan,Kapoor,vivaan.kapoor4404@example.com,West,2027-11-25
CUST004405,Kabir,Reddy,kabir.reddy4405@example.com,North,2027-10-15
CUST004406,Riya,Rao,riya.rao4406@example.com,East,2026-09-06
CUST004407,Arjun,Bhat,arjun.bhat4407@example.com,North,2026-04-01
CUST004408,Priya,Singh,priya.singh4408@example.com,South,2026-05-20
CUST004409,Aarav,Iyer,aarav.iyer4409@example.com,East,2027-04-13
CUST004410,Saanvi,Nair,saanvi.nair4410@example.com,Central,2026-07-10
CUST004411,Sai,Mehta,sai.mehta4411@example.com,Central,2027-03-10
CUST004412,Sai,Patel,sai.patel4412@example.com,North,2026-08-25
CUST004413,Riya,Kapoor,riya.kapoor4413@example.com,South,2026-01-09
CUST004414,Saanvi,Nair,saanvi.nair4414@example.com,East,2027-06-18
CUST004415,Aditya,Iyer,aditya.iyer4415@example.com,West,2027-04-20
CUST004416,Arjun,Sharma,arjun.sharma4416@example.com,West,2026-04-28
CUST004417,Kabir,Chowdhury,kabir.chowdhury4417@example.com,South,2026-08-20
CUST004418,Aarav,Gupta,aarav.gupta4418@example.com,South,2027-03-18
CUST004419,Vihaan,Kapoor,vihaan.kapoor4419@example.com,Central,2027-11-08
CUST004420,Aditya,Nair,aditya.nair4420@example.com,Central,2026-05-08
CUST004421,Anika,Joshi,anika.joshi4421@example.com,North,2027-01-10
CUST004422,Vihaan,Patel,vihaan.patel4422@example.com,North,2026-04-25
CUST004423,Riya,Reddy,,East,2026-12-07
CUST004424,Aditya,Joshi,aditya.joshi4424@example.com,Central,2026-11-17
CUST004425,Saanvi,Joshi,saanvi.joshi4425@example.com,West,2026-06-21
CUST004426,Priya,Rao,priya.rao4426@example.com,Central,2026-02-15
CUST004427,Ishaan,Bhat,ishaan.bhat4427@example.com,South,2027-05-06
CUST004428,Reyansh,Verma,reyansh.verma4428@example.com,Central,2027-01-20
CUST004429,Arjun,Rao,arjun.rao4429@example.com,Central,2027-05-07
CUST004430,Ananya,Nair,ananya.nair4430@example.com,East,2026-02-24
CUST004431,Vihaan,Rao,vihaan.rao4431@example.com,South,2026-06-22
CUST004432,Sai,Sharma,sai.sharma4432@example.com,North,2026-07-01
CUST004433,Reyansh,Mehta,reyansh.mehta4433@example.com,East,2027-07-04
CUST004434,Ayaan,Gupta,ayaan.gupta4434@example.com,South,2026-03-02
CUST004435,Aditya,Iyer,aditya.iyer4435@example.com,East,2027-05-14
CUST004436,Reyansh,Joshi,reyansh.joshi4436@example.com,South,2027-06-22
CUST004437,Aditya,Patel,aditya.patel4437@example.com,East,2027-08-15
CUST004438,Reyansh,Joshi,reyansh.joshi4438@example.com,North,2027-11-21
CUST004439,Aarav,Gupta,aarav.gupta4439@example.com,North,2027-10-12
CUST004440,Vivaan,Iyer,vivaan.iyer4440@example.com,South,2026-08-13
CUST004441,Arjun,Joshi,arjun.joshi4441@example.com,West,2027-05-25
CUST004442,Arjun,Joshi,arjun.joshi4442@example.com,North,2026-09-07
CUST004443,Reyansh,Sharma,reyansh.sharma4443@example.com,South,2027-05-31
CUST004444,Riya,Nair,riya.nair4444@example.com,North,2027-02-21
CUST004445,Priya,Reddy,priya.reddy4445@example.com,North,2027-11-30
CUST004446,Kabir,Joshi,kabir.joshi4446@example.com,Central,2026-08-25
CUST004447,Saanvi,Singh,saanvi.singh4447@example.com,East,2027-02-12
CUST004448,Vihaan,Mehta,vihaan.mehta4448@example.com,Central,2026-08-18
CUST004449,Aditya,Kapoor,aditya.kapoor4449@example.com,North,2027-10-30
CUST004450,Aditya,Patel,aditya.patel4450@example.com,North,2027-04-26
CUST004451,Priya,Chowdhury,priya.chowdhury4451@example.com,Central,2026-02-11
CUST004452,Reyansh,Verma,reyansh.verma4452@example.com,North,2026-09-27
CUST004453,Ananya,Verma,ananya.verma4453@example.com,Central,2027-02-01
CUST004454,Sai,Gupta,sai.gupta4454@example.com,Central,2026-03-25
CUST004455,Vihaan,Patel,vihaan.patel4455@example.com,West,2026-01-15
CUST004456,Vivaan,Nair,vivaan.nair4456@example.com,West,2027-07-25
CUST004457,Riya,Chowdhury,riya.chowdhury4457@example.com,West,2027-04-17
CUST004458,Priya,Reddy,priya.reddy4458@example.com,West,2026-06-06
CUST004459,Priya,Nair,priya.nair4459@example.com,East,2026-03-03
CUST004460,Diya,Das,diya.das4460@example.com,East,2026-11-04
CUST004461,Vivaan,Singh,vivaan.singh4461@example.com,West,2027-02-05
CUST004462,Diya,Mehta,diya.mehta4462@example.com,South,2026-08-19
CUST004463,Riya,Nair,riya.nair4463@example.com,North,2026-11-06
CUST004464,Priya,Gupta,priya.gupta4464@example.com,West,2026-07-14
CUST004465,Sai,Patel,sai.patel4465@example.com,South,2027-03-21
CUST004466,Aditya,Iyer,aditya.iyer4466@example.com,South,2026-09-19
CUST004467,Riya,Kapoor,riya.kapoor4467@example.com,South,2026-12-18
CUST004468,Ishaan,Iyer,ishaan.iyer4468@example.com,South,2026-04-14
CUST004469,Vivaan,Rao,vivaan.rao4469@example.com,West,2027-09-01
CUST004470,Vihaan,Joshi,vihaan.joshi4470@example.com,Central,2027-02-22
CUST004471,Ayaan,Joshi,ayaan.joshi4471@example.com,East,2026-03-28
CUST004472,Priya,Iyer,priya.iyer4472@example.com,South,2026-07-25
CUST004473,Ishaan,Das,ishaan.das4473@example.com,South,2026-05-18
CUST004474,Saanvi,Gupta,saanvi.gupta4474@example.com,East,2027-11-14
CUST004475,Kabir,Rao,kabir.rao4475@example.com,South,2026-08-19
CUST004476,Ananya,Reddy,ananya.reddy4476@example.com,North,2026-09-04
CUST004477,Aditya,Joshi,aditya.joshi4477@example.com,East,2027-11-16
CUST004478,Anika,Patel,anika.patel4478@example.com,North,2027-01-18
CUST004479,Kabir,Chowdhury,kabir.chowdhury4479@example.com,West,2027-02-04
CUST004480,Ananya,Singh,ananya.singh4480@example.com,East,2027-04-10
CUST004481,Ananya,Joshi,ananya.joshi4481@example.com,East,2026-07-24
CUST004482,Ayaan,Patel,ayaan.patel4482@example.com,East,2027-08-01
CUST004483,Ananya,Patel,ananya.patel4483@example.com,West,2027-09-01
CUST004484,Priya,Das,priya.das4484@example.com,North,2027-03-18
CUST004485,Ananya,Gupta,ananya.gupta4485@example.com,North,2026-07-01
CUST004486,Diya,Nair,diya.nair4486@example.com,North,2027-07-03
CUST004487,Ishaan,Bhat,ishaan.bhat4487@example.com,Central,2026-11-10
CUST004488,Aditya,Chowdhury,aditya.chowdhury4488@example.com,East,2026-07-09
CUST004489,Arjun,Nair,arjun.nair4489@example.com,East,2027-08-13
CUST004490,Priya,Iyer,priya.iyer4490@example.com,West,2026-07-06
CUST004491,Ayaan,Sharma,ayaan.sharma4491@example.com,West,2026-10-10
CUST004492,Ayaan,Nair,ayaan.nair4492@example.com,Central,2026-05-02
CUST004493,Sai,Patel,sai.patel4493@example.com,North,2026-10-20
CUST004494,Ananya,Kapoor,ananya.kapoor4494@example.com,Central,2027-08-21
CUST004495,Ayaan,Das,ayaan.das4495@example.com,South,2027-03-02
CUST004496,Diya,Das,diya.das4496@example.com,East,2026-11-13
CUST004497,Vivaan,Singh,vivaan.singh4497@example.com,Central,2027-02-27
CUST004498,Saanvi,Reddy,saanvi.reddy4498@example.com,North,2027-11-29
CUST004499,Aarav,Rao,aarav.rao4499@example.com,North,2027-05-23
CUST004500,Kabir,Bhat,kabir.bhat4500@example.com,South,2026-05-26
CUST004501,Aditya,Nair,aditya.nair4501@example.com,Central,2027-04-03
CUST004502,Ananya,Nair,ananya.nair4502@example.com,South,2026-08-03
CUST004503,Ananya,Joshi,ananya.joshi4503@example.com,South,2027-03-20
CUST004504,Saanvi,Iyer,saanvi.iyer4504@example.com,East,2027-11-28
CUST004505,Anika,Sharma,anika.sharma4505@example.com,North,2027-05-25
CUST004506,Sai,Chowdhury,sai.chowdhury4506@example.com,North,2027-06-26
CUST004507,Ishaan,Bhat,ishaan.bhat@@mail,South,2027-04-01
CUST004508,Saanvi,Gupta,saanvi.gupta4508@example.com,Central,2027-03-17
CUST004509,Ishaan,Patel,ishaan.patel4509@example.com,South,2026-07-19
CUST004510,Aarav,Verma,aarav.verma4510@example.com,East,2026-03-05
CUST004511,Vivaan,Bhat,vivaan.bhat4511@example.com,East,2026-06-06
CUST004512,Aditya,Sharma,aditya.sharma4512@example.com,East,2026-11-30
CUST004513,Vivaan,Sharma,vivaan.sharma4513@example.com,North,2026-06-05
CUST004514,Sai,Joshi,sai.joshi4514@example.com,South,2026-03-09
CUST004515,Sai,Nair,sai.nair4515@example.com,West,2027-11-10
CUST004516,Vihaan,Patel,vihaan.patel4516@example.com,North,2027-09-11
CUST004517,Ayaan,Mehta,ayaan.mehta4517@example.com,North,2026-08-11
CUST004518,Aditya,Singh,aditya.singh4518@example.com,South,2026-02-05
CUST004519,Vihaan,Reddy,vihaan.reddy4519@example.com,West,2027-09-30
CUST004520,Kabir,Joshi,kabir.joshi4520@example.com,South,2027-06-15
CUST004521,Sai,Bhat,sai.bhat4521@example.com,North,2027-09-08
CUST004522,Sai,Mehta,sai.mehta4522@example.com,West,2026-09-10
CUST004523,Arjun,Joshi,arjun.joshi4523@example.com,East,2027-09-23
CUST004524,Reyansh,Bhat,reyansh.bhat4524@example.com,South,2026-06-01
CUST004525,Arjun,Kapoor,arjun.kapoor4525@example.com,West,2026-08-21
CUST004526,Reyansh,Bhat,reyansh.bhat4526@example.com,Central,2027-09-10
CUST004527,Sai,Sharma,sai.sharma4527@example.com,East,2027-01-08
CUST004528,Ayaan,Das,ayaan.das4528@example.com,East,2026-08-19
CUST004529,Ayaan,Patel,ayaan.patel4529@example.com,West,2026-03-31
CUST004530,Kabir,Sharma,kabir.sharma4530@example.com,West,2027-02-11
CUST004531,Vivaan,Rao,vivaan.rao4531@example.com,West,2026-02-16
CUST004532,Sai,Patel,sai.patel4532@example.com,Central,2027-05-25
CUST004533,Sai,Chowdhury,sai.chowdhury4533@example.com,South,2027-01-26
CUST004534,Vihaan,Sharma,vihaan.sharma4534@example.com,West,2026-05-08
CUST004535,Priya,Verma,priya.verma4535@example.com,East,2027-10-23
CUST004536,Ayaan,Bhat,ayaan.bhat4536@example.com,Central,2027-11-26
CUST004537,Sai,Joshi,sai.joshi4537@example.com,North,2027-05-20
CUST004538,Riya,Bhat,riya.bhat4538@example.com,East,2027-07-01
CUST004539,Priya,Singh,priya.singh4539@example.com,South,2026-11-29
CUST004540,Ananya,Gupta,ananya.gupta4540@example.com,South,2026-08-03
CUST004541,Arjun,Gupta,arjun.gupta4541@example.com,South,2027-06-05
CUST004542,Vihaan,Das,vihaan.das4542@example.com,Central,2026-10-27
CUST004543,Arjun,Nair,arjun.nair4543@example.com,Central,2027-11-18
CUST004544,Arjun,Joshi,arjun.joshi4544@example.com,South,2026-07-02
CUST004545,Priya,Sharma,priya.sharma4545@example.com,West,2026-07-07
CUST004546,Ishaan,Reddy,ishaan.reddy4546@example.com,East,2027-11-03
CUST004547,Priya,Reddy,priya.reddy4547@example.com,West,2026-09-08
CUST004548,Vihaan,Rao,vihaan.rao4548@example.com,North,2026-10-06
CUST004549,Anika,Iyer,anika.iyer4549@example.com,North,2026-08-30
CUST004550,Anika,Kapoor,anika.kapoor4550@example.com,East,2026-08-23
CUST004551,Diya,Das,diya.das4551@example.com,North,2027-10-31
CUST004552,Ishaan,Gupta,ishaan.gupta4552@example.com,North,2027-11-07
CUST004553,Ayaan,Das,  ayaan@mail.com,South,2027-02-15
CUST004554,Diya,Kapoor,diya.kapoor4554@example.com,West,2026-08-23
CUST004555,Anika,Kapoor,anikakapoor.com,West,2026-03-06
CUST004556,Ananya,Das,ananya.das4556@example.com,West,2026-02-16
CUST004557,Ishaan,Iyer,ishaan.iyer4557@example.com,Central,2026-03-16
CUST004558,Aditya,Nair,adityanairgmail.com,West,2026-10-02
CUST004559,Aditya,Mehta,aditya.mehta4559@example.com,East,2026-12-04
CUST004560,Ananya,Sharma,ananya.sharma4560@example.com,Central,2027-11-18
CUST004561,Priya,Mehta,priya.mehta4561@example.com,South,2027-08-29
CUST004562,Saanvi,Rao,saanvi.rao4562@example.com,West,2027-01-02
CUST004563,Vivaan,Singh,vivaan.singh4563@example.com,North,2026-05-21
CUST004564,Ananya,Gupta,ananya.gupta4564@example.com,West,2026-06-12
CUST004565,Aditya,Mehta,aditya.mehta4565@example.com,West,2026-04-09
CUST004566,Aditya,Gupta,aditya.gupta4566@example.com,East,2026-03-17
CUST004567,Ayaan,Das,ayaan.das4567@example.com,West,2027-09-28
CUST004568,Saanvi,Rao,saanvi.rao4568@example.com,Central,2027-10-25
CUST004569,Priya,Sharma,priya.sharma4569@example.com,Central,2027-06-20
CUST004570,Reyansh,Verma,reyansh.verma4570@example.com,South,2027-03-13
CUST004571,Anika,Reddy,anika.reddy4571@example.com,North,2027-09-09
CUST004572,Arjun,Singh,arjun.singh4572@example.com,West,2027-11-23
CUST004573,Saanvi,Nair,saanvi.nair4573@example.com,Central,2027-06-28
CUST004574,Anika,Kapoor,anika.kapoor4574@example.com,Central,2027-03-07
CUST004575,Ayaan,Chowdhury,ayaan.chowdhury4575@example.com,South,2027-10-09
CUST004576,Diya,Reddy,diya.reddy4576@example.com,North,2027-09-10
CUST004577,Priya,Nair,priya.nair4577@example.com,East,2026-07-12
CUST004578,Ishaan,Gupta,ishaan.gupta4578@example.com,South,2026-05-08
CUST004579,Vivaan,Gupta,vivaan.gupta4579@example.com,North,2027-08-24
CUST004580,Kabir,Chowdhury,kabir.chowdhury4580@example.com,North,2026-12-24
CUST004581,Priya,Iyer,priya.iyer4581@example.com,East,2027-07-31
CUST004582,Saanvi,Das,saanvi.das4582@example.com,East,2027-05-07
CUST004583,Vivaan,Sharma,vivaan.sharma4583@example.com,South,2027-03-07
CUST004584,Saanvi,Patel,saanvi.patel4584@example.com,East,2026-11-13
CUST004585,Riya,Singh,riya.singh4585@example.com,West,2026-11-01
CUST004586,Saanvi,Mehta,saanvi.mehta4586@example.com,West,2026-11-13
CUST004587,Riya,Chowdhury,riya.chowdhury4587@example.com,South,2027-01-30
CUST004588,Riya,Joshi,riya.joshi4588@example.com,North,2026-09-21
CUST004589,Vivaan,Sharma,vivaan.sharma4589@example.com,West,2026-09-08
CUST004590,Ishaan,Joshi,ishaan.joshi4590@example.com,South,2027-04-27
CUST004591,Vivaan,Mehta,vivaan.mehta4591@example.com,West,2026-10-06
CUST004592,Riya,Mehta,riya.mehta4592@example.com,South,2027-04-21
CUST004593,Aditya,Verma,aditya.verma4593@example.com,Central,2027-10-28
CUST004594,Arjun,Mehta,arjun.mehta4594@example.com,West,2026-08-17
CUST004595,Reyansh,Sharma,reyansh.sharma4595@example.com,East,2027-08-31
CUST004596,Aarav,Gupta,aarav.gupta4596@example.com,East,2026-12-25
CUST004597,Sai,Rao,sai.rao4597@example.com,South,2027-04-19
CUST004598,Reyansh,Patel,reyansh.patel4598@example.com,East,2026-08-29
CUST004599,Ishaan,Mehta,ishaan.mehta4599@example.com,East,2027-06-22
CUST004600,Ishaan,Mehta,ishaan.mehta4600@example.com,West,2026-12-24
CUST004601,Riya,Kapoor,riya.kapoor4601@example.com,West,2026-09-11
CUST004602,Ishaan,Das,ishaan.das4602@example.com,East,2026-10-27
CUST004603,Diya,Joshi,diya.joshi4603@example.com,East,2026-03-16
CUST004604,Vihaan,Patel,vihaan.patel4604@example.com,Central,2027-09-10
CUST004605,Ayaan,Das,ayaan.das4605@example.com,Central,2026-09-06
CUST004606,Ananya,Mehta,ananya.mehta4606@example.com,West,2026-10-19
CUST004607,Ananya,Bhat,ananya.bhat4607@example.com,West,2026-09-28
CUST004608,Sai,Gupta,sai.gupta4608@example.com,South,2026-02-18
CUST004609,Ishaan,Rao,ishaan.rao4609@example.com,West,2026-05-12
CUST004610,Anika,Joshi,anika.joshi4610@example.com,South,2027-08-13
CUST004611,Ananya,Verma,ananya.verma4611@example.com,South,2026-06-11
CUST004612,Aarav,Bhat,aarav.bhat4612@example.com,Central,2027-04-02
CUST004613,Vivaan,Joshi,vivaan.joshi4613@example.com,South,2026-04-28
CUST004614,Vivaan,Singh,vivaan.singh4614@example.com,East,2026-11-05
CUST004615,Kabir,Reddy,kabir.reddy4615@example.com,East,2027-10-08
CUST004616,Kabir,Nair,kabir.nair4616@example.com,West,2027-08-23
CUST004617,Arjun,Sharma,arjun.sharma4617@example.com,South,2026-01-11
CUST004618,Diya,Iyer,diya.iyer4618@example.com,Central,2027-03-20
CUST004619,Priya,Bhat,priya.bhat4619@example.com,North,2026-06-01
CUST004620,Ayaan,Mehta,ayaan.mehta4620@example.com,North,2026-01-29
CUST004621,Kabir,Verma,kabir.verma4621@example.com,South,2026-04-28
CUST004622,Saanvi,Nair,saanvi.nair4622@example.com,West,2026-12-31
CUST004623,Priya,Reddy,priya.reddy4623@example.com,East,2027-08-20
CUST004624,Anika,Sharma,anika.sharma4624@example.com,Central,2027-03-17
CUST004625,Reyansh,Verma,reyansh.verma4625@example.com,East,2027-01-05
CUST004626,Diya,Reddy,diya.reddy4626@example.com,East,2026-12-02
CUST004627,Priya,Reddy,priya.reddy4627@example.com,North,2026-03-16
CUST004628,Kabir,Sharma,kabir.sharma4628@example.com,South,2026-10-31
CUST004629,Reyansh,Chowdhury,reyansh.chowdhury4629@example.com,West,2026-06-11
CUST004630,Vivaan,Chowdhury,vivaan.chowdhury4630@example.com,South,2026-07-19
CUST004631,Saanvi,Iyer,saanvi.iyer4631@example.com,South,2026-09-29
CUST004632,Reyansh,Kapoor,reyansh.kapoor4632@example.com,North,2026-01-20
CUST004633,Ayaan,Kapoor,ayaan.kapoor4633@example.com,West,2027-08-17
CUST004634,Priya,Das,priya.das4634@example.com,Central,2026-01-29
CUST004635,Ishaan,Joshi,ishaan.joshi4635@example.com,South,2027-08-06
CUST004636,Priya,Das,priya.das4636@example.com,Central,2026-02-21
CUST004637,Aditya,Kapoor,aditya.kapoor4637@example.com,West,2027-03-25
CUST004638,Aditya,Singh,aditya.singh4638@example.com,East,2026-07-12
CUST004639,Diya,Reddy,diya.reddy4639@example.com,East,2026-03-01
CUST004640,Ayaan,Rao,ayaan.rao4640@example.com,East,2026-02-18
CUST004641,Sai,Chowdhury,sai.chowdhury4641@example.com,Central,2027-09-17
CUST004642,Riya,Patel,riya.patel4642@example.com,East,2026-07-05
CUST004643,Ishaan,Joshi,ishaan.joshi4643@example.com,South,2026-07-23
CUST004644,Arjun,Rao,arjun.rao4644@example.com,South,2027-10-01
CUST004645,Aarav,Gupta,aarav.gupta4645@example.com,North,2026-05-18
CUST004646,Priya,Mehta,priya.mehta4646@example.com,North,2026-08-09
CUST004647,Aarav,Reddy,aarav.reddy4647@example.com,North,2026-08-13
CUST004648,Ananya,Patel,ananya.patel4648@example.com,West,2027-03-28
CUST004649,Vihaan,Kapoor,vihaan.kapoor4649@example.com,West,2027-04-13
CUST004650,Aarav,Singh,aarav.singh4650@example.com,West,2026-05-26
CUST004651,Kabir,Das,kabir.das4651@example.com,East,2026-09-13
CUST004652,Sai,Iyer,sai.iyer4652@example.com,East,2026-08-04
CUST004653,Aditya,Bhat,aditya.bhat4653@example.com,South,2026-08-25
CUST004654,Ananya,Chowdhury,ananya.chowdhury4654@example.com,West,2026-06-24
CUST004655,Aarav,Reddy,aarav.reddy4655@example.com,East,2026-05-15
CUST004656,Arjun,Rao,arjun.rao4656@example.com,East,2027-04-15
CUST004657,Aarav,Verma,aarav.verma4657@example.com,West,2026-06-16
CUST004658,Arjun,Iyer,arjun.iyer4658@example.com,North,2027-01-18
CUST004659,Saanvi,Chowdhury,saanvi.chowdhury4659@example.com,West,2026-09-23
CUST004660,Saanvi,Joshi,saanvi.joshi4660@example.com,North,2027-05-03
CUST004661,Anika,Nair,anika.nair4661@example.com,East,2027-02-28
CUST004662,Sai,Bhat,sai.bhat4662@example.com,East,2026-02-21
CUST004663,Kabir,Kapoor,kabir.kapoor4663@example.com,Central,2026-08-21
CUST004664,Saanvi,Gupta,saanvi.gupta4664@example.com,West,2027-10-07
CUST004665,Ishaan,Rao,ishaan.rao4665@example.com,North,2026-07-04
CUST004666,Ishaan,Mehta,ishaan.mehta4666@example.com,North,2027-08-22
CUST004667,Priya,Patel,priya.patel4667@example.com,Central,2026-10-16
CUST004668,Arjun,Reddy,arjun.reddy4668@example.com,West,2026-09-13
CUST004669,Reyansh,Singh,reyansh.singh4669@example.com,Central,2026-03-20
CUST004670,Vihaan,Gupta,vihaan.gupta4670@example.com,North,2026-03-30
CUST004671,Vihaan,Rao,vihaan.rao4671@example.com,West,2027-06-10
CUST004672,Ayaan,Joshi,ayaan.joshi4672@example.com,East,2027-07-21
CUST004673,Vivaan,Kapoor,vivaan.kapoor4673@example.com,North,2027-04-11
CUST004674,Anika,Iyer,anika.iyer4674@example.com,North,2027-10-07
CUST004675,Arjun,Nair,arjun.nair4675@example.com,North,2027-08-25
CUST004676,Ananya,Joshi,ananya.joshi4676@example.com,East,2026-07-02
CUST004677,Ishaan,Joshi,ishaan.joshi4677@example.com,North,2027-05-21
CUST004678,Sai,Gupta,sai.gupta4678@example.com,South,2027-05-20
CUST004679,Ananya,Reddy,ananya.reddy4679@example.com,South,2027-07-25
CUST004680,Sai,Gupta,sai.gupta4680@example.com,North,2027-01-05
CUST004681,Arjun,Gupta,arjun.gupta4681@example.com,North,2027-01-20
CUST004682,Priya,Kapoor,priya.kapoor4682@example.com,East,2026-09-24
CUST004683,Priya,Chowdhury,priya.chowdhury4683@example.com,South,2026-07-19
CUST004684,Reyansh,Reddy,reyansh.reddy4684@example.com,East,2026-10-29
CUST004685,Saanvi,Bhat,saanvi.bhat4685@example.com,North,2026-11-09
CUST004686,Anika,Rao,anika.rao4686@example.com,Central,2027-08-18
CUST004687,Aarav,Iyer,aarav.iyer4687@example.com,West,2026-01-22
CUST004688,Aarav,Chowdhury,aarav.chowdhury4688@example.com,East,2027-09-21
CUST004689,Kabir,Verma,kabir.verma4689@example.com,Central,2026-11-17
CUST004690,Saanvi,Singh,saanvi.singh4690@example.com,East,2027-10-01
CUST004691,Priya,Patel,priya.patel4691@example.com,South,2026-06-13
CUST004692,Ishaan,Patel,ishaan.patel4692@example.com,South,2026-10-02
CUST004693,Saanvi,Bhat,saanvi.bhat4693@example.com,West,2027-05-01
CUST004694,Sai,Gupta,sai.gupta4694@example.com,East,2027-08-04
CUST004695,Aarav,Patel,aarav.patel4695@example.com,North,2027-02-13
CUST004696,Aditya,Gupta,aditya.gupta4696@example.com,Central,2026-05-18
CUST004697,Kabir,Mehta,kabir.mehta4697@example.com,South,2026-06-04
CUST004698,Diya,Verma,diya.verma4698@example.com,North,2026-11-27
CUST004699,Reyansh,Sharma,reyansh.sharma4699@example.com,South,2027-08-29
CUST004700,Ishaan,Das,ishaan.das4700@example.com,Central,2027-02-16
CUST004701,Riya,Reddy,riya.reddy4701@example.com,West,2027-11-16
CUST004702,Riya,Gupta,riya.gupta4702@example.com,Central,2026-10-31
CUST004703,Vivaan,Patel,vivaan.patel4703@example.com,West,2026-03-19
CUST004704,Ananya,Mehta,ananya.mehta4704@example.com,Central,2026-01-28
CUST004705,Ishaan,Verma,ishaan.verma4705@example.com,South,2026-07-29
CUST004706,Ayaan,Kapoor,ayaan.kapoor4706@example.com,Central,2026-02-11
CUST004707,Ananya,Mehta,ananya.mehta4707@example.com,Central,2026-08-18
CUST004708,Aditya,Chowdhury,aditya.chowdhury4708@example.com,North,2026-07-01
CUST004709,Vihaan,Chowdhury,vihaan.chowdhury4709@example.com,South,2026-03-20
CUST004710,Diya,Rao,diya.rao4710@example.com,North,2027-01-17
CUST004711,Arjun,Chowdhury,arjun.chowdhury4711@example.com,West,2027-07-11
CUST004712,Anika,Patel,anika.patel4712@example.com,East,2026-01-09
CUST004713,Vihaan,Rao,vihaan.rao4713@example.com,East,2026-09-26
CUST004714,Vivaan,Patel,vivaan.patel4714@example.com,East,2026-11-09
CUST004715,Aarav,Sharma,aarav.sharma4715@example.com,West,2026-07-01
CUST004716,Anika,Singh,anika.singh4716@example.com,Central,2027-05-07
CUST004717,Ishaan,Rao,ishaan.rao4717@example.com,East,2027-02-02
CUST004718,Priya,Iyer,priya.iyer4718@example.com,West,2026-11-15
CUST004719,Riya,Joshi,riya.joshi4719@example.com,South,2026-08-11
CUST004720,Sai,Verma,sai.verma4720@example.com,Central,2026-05-25
CUST004721,Arjun,Gupta,arjun.gupta4721@example.com,North,2026-07-17
CUST004722,Aarav,Iyer,aarav.iyer4722@example.com,North,2026-02-16
CUST004723,Sai,Mehta,sai.mehta4723@example.com,East,2027-06-29
CUST004724,Vihaan,Iyer,vihaan.iyer4724@example.com,West,2027-06-08
CUST004725,Vihaan,Verma,vihaan.verma4725@example.com,West,2027-09-22
CUST004726,Arjun,Chowdhury,arjun.chowdhury4726@example.com,West,2027-08-26
CUST004727,Ananya,Mehta,ananya.mehta4727@example.com,Central,2026-04-09
CUST004728,Sai,Rao,sai.rao4728@example.com,South,2026-04-24
CUST004729,Aarav,Sharma,aarav.sharma4729@example.com,South,2027-03-19
CUST004730,Riya,Sharma,riya.sharma4730@example.com,South,2026-01-03
CUST004731,Aarav,Nair,aarav.nair4731@example.com,South,2026-06-15
CUST004732,Ishaan,Reddy,ishaan.reddy4732@example.com,Central,2027-02-10
CUST004733,Vihaan,Sharma,vihaan.sharma4733@example.com,East,2027-10-09
CUST004734,Ishaan,Das,ishaan.das4734@example.com,South,2026-10-04
CUST004735,Ayaan,Rao,ayaan.rao4735@example.com,North,2026-12-30
CUST004736,Sai,Bhat,sai.bhat4736@example.com,West,2027-09-23
CUST004737,Vivaan,Sharma,vivaan.sharma4737@example.com,West,2027-02-12
CUST004738,Riya,Gupta,riya.gupta4738@example.com,West,2027-03-23
CUST004739,Ayaan,Gupta,ayaan.gupta4739@example.com,Central,2026-07-31
CUST004740,Priya,Kapoor,priya.kapoor4740@example.com,South,2026-08-08
CUST004741,Riya,Bhat,riya.bhat4741@example.com,North,2027-06-02
CUST004742,Vihaan,Bhat,,West,2026-07-01
CUST004743,Saanvi,Verma,saanvi.verma4743@example.com,South,2027-03-21
CUST004744,Diya,Das,diya.das4744@example.com,North,2026-01-01
CUST004745,Reyansh,Gupta,reyansh.gupta4745@example.com,Central,2026-06-10
CUST004746,Ayaan,Joshi,ayaan.joshi4746@example.com,Central,2026-06-06
CUST004747,Ayaan,Nair,ayaan.nair4747@example.com,South,2027-04-18
CUST004748,Aditya,Rao,aditya.rao4748@example.com,West,2026-11-30
CUST004749,Priya,Bhat,priya.bhat4749@example.com,West,2027-05-20
CUST004750,Vihaan,Kapoor,vihaan.kapoor4750@example.com,North,2027-03-09
CUST004751,Kabir,Chowdhury,kabir.chowdhury4751@example.com,Central,2026-06-21
CUST004752,Vihaan,Chowdhury,vihaan.chowdhury4752@example.com,East,2026-09-11
CUST004753,Arjun,Singh,arjun.singh4753@example.com,Central,2027-04-01
CUST004754,Vihaan,Singh,vihaan.singh4754@example.com,Central,2026-04-24
CUST004755,Riya,Mehta,riya.mehta4755@example.com,Central,2027-10-21
CUST004756,Diya,Nair,diya.nair4756@example.com,West,2026-07-02
CUST004757,Arjun,Joshi,arjun.joshi4757@example.com,West,2027-01-21
CUST004758,Priya,Rao,priya.rao4758@example.com,West,2026-06-24
CUST004759,Kabir,Mehta,kabir.mehta4759@example.com,North,2026-05-22
CUST004760,Saanvi,Reddy,saanvi.reddy4760@example.com,East,2027-09-24
CUST004761,Sai,Nair,sai.nair4761@example.com,East,2026-08-17
CUST004762,Ananya,Kapoor,ananya.kapoor4762@example.com,West,2027-10-06
CUST004763,Aarav,Das,aarav.das4763@example.com,West,2026-11-02
CUST004764,Aarav,Singh,aarav.singh4764@example.com,East,2027-10-05
CUST004765,Arjun,Das,arjun.das4765@example.com,Central,2027-02-26
CUST004766,Diya,Verma,diya.verma4766@example.com,West,2027-08-11
CUST004767,Priya,Singh,priya.singh4767@example.com,North,2027-07-30
CUST004768,Saanvi,Iyer,saanvi.iyer4768@example.com,West,2026-09-19
CUST004769,Kabir,Kapoor,kabir.kapoor4769@example.com,Central,2027-08-08
CUST004770,Priya,Iyer,priya.iyer4770@example.com,North,2027-06-06
CUST004771,Diya,Verma,diya.verma4771@example.com,West,2027-04-19
CUST004772,Diya,Chowdhury,diya.chowdhury4772@example.com,West,2027-06-16
CUST004773,Ishaan,Reddy,ishaan.reddy4773@example.com,West,2027-08-19
CUST004774,Vihaan,Patel,vihaan.patel4774@example.com,East,2027-08-22
CUST004775,Aarav,Iyer,aarav.iyer4775@example.com,East,2026-11-20
CUST004776,Sai,Kapoor,sai.kapoor4776@example.com,Central,2027-02-08
CUST004777,Ishaan,Gupta,ishaan.gupta4777@example.com,North,2026-02-02
CUST004778,Priya,Gupta,priya.gupta4778@example.com,West,2026-02-10
CUST004779,Priya,Iyer,priya.iyer4779@example.com,Central,2027-09-09
CUST004780,Aarav,Chowdhury,aarav.chowdhury4780@example.com,Central,2026-07-03
CUST004781,Ananya,Nair,ananya.nair4781@example.com,Central,2026-04-17
CUST004782,Aarav,Rao,aarav.rao4782@example.com,Central,2027-08-10
CUST004783,Reyansh,Chowdhury,reyansh.chowdhury4783@example.com,North,2026-12-04
CUST004784,Diya,Kapoor,diya.kapoor4784@example.com,Central,2027-07-19
CUST004785,Anika,Iyer,anika.iyer4785@example.com,North,2027-07-21
CUST004786,Riya,Chowdhury,riya.chowdhury4786@example.com,South,2026-01-15
CUST004787,Saanvi,Das,saanvi.das4787@example.com,East,2026-01-14
CUST004788,Aarav,Reddy,aarav.reddy4788@example.com,North,2027-11-27
CUST004789,Priya,Das,priya.das4789@example.com,West,2026-04-15
CUST004790,Kabir,Kapoor,kabir.kapoor4790@example.com,South,2026-01-18
CUST004791,Priya,Iyer,priya.iyer4791@example.com,North,2027-07-26
CUST004792,Reyansh,Chowdhury,reyansh.chowdhury4792@example.com,West,2027-07-09
CUST004793,Riya,Singh,riya.singh4793@example.com,Central,2026-02-23
CUST004794,Anika,Bhat,anika.bhat4794@example.com,North,2027-11-01
CUST004795,Anika,Gupta,anika.gupta4795@example.com,West,2027-10-21
CUST004796,Aarav,Verma,aarav.verma4796@example.com,South,2027-03-14
CUST004797,Vihaan,Sharma,vihaan.sharma4797@example.com,South,2026-10-05
CUST004798,Diya,Iyer,diya.iyer4798@example.com,South,2027-09-08
CUST004799,Vivaan,Patel,vivaan.patel4799@example.com,West,2026-10-08
CUST004800,Riya,Rao,riya.rao4800@example.com,West,2027-01-19
CUST004801,Diya,Sharma,diya.sharma4801@example.com,West,2026-05-26
CUST004802,Vihaan,Nair,vihaan.nair4802@example.com,East,2027-09-18
CUST004803,Riya,Chowdhury,riya.chowdhury4803@example.com,West,2026-05-21
CUST004804,Riya,Das,riya.das@@mail,South,2026-07-05
CUST004805,Aarav,Nair,aarav.nair4805@example.com,South,2026-08-09
CUST004806,Diya,Singh,diya.singh4806@example.com,North,2026-09-22
CUST004807,Diya,Singh,diya.singh4807@example.com,West,2026-11-07
CUST004808,Diya,Kapoor,diya.kapoor4808@example.com,East,2027-01-17
CUST004809,Ayaan,Mehta,  ayaan@mail.com,East,2026-06-24
CUST004810,Ayaan,Rao,ayaan.rao4810@example.com,South,2026-11-17
CUST004811,Anika,Chowdhury,anika.chowdhury4811@example.com,North,2026-05-21
CUST004812,Ishaan,Joshi,ishaan.joshi4812@example.com,East,2026-08-12
CUST004813,Sai,Joshi,sai.joshi4813@example.com,Central,2026-02-27
CUST004814,Ayaan,Patel,ayaan.patel4814@example.com,South,2027-11-06
CUST004815,Aditya,Bhat,aditya.bhat4815@example.com,North,2027-04-29
CUST004816,Arjun,Kapoor,arjun.kapoor4816@example.com,West,2027-05-22
CUST004817,Riya,Das,riya.das4817@example.com,East,2027-07-03
CUST004818,Ayaan,Mehta,ayaan.mehta4818@example.com,East,2027-07-24
CUST004819,Ishaan,Rao,ishaan.rao4819@example.com,East,2026-06-25
CUST004820,Diya,Gupta,diya.gupta4820@example.com,East,2026-05-24
CUST004821,Vihaan,Patel,vihaan.patel4821@example.com,North,2027-05-30
CUST004822,Anika,Nair,anika.nair4822@example.com,Central,2026-03-28
CUST004823,Aditya,Sharma,aditya.sharma4823@example.com,East,2026-02-23
CUST004824,Vivaan,Nair,vivaan.nair4824@example.com,East,2027-09-06
CUST004825,Ananya,Singh,ananya.singh4825@example.com,West,2026-11-11
CUST004826,Anika,Reddy,anika.reddy4826@example.com,East,2027-10-16
CUST004827,Kabir,Das,kabir.das4827@example.com,South,2026-11-01
CUST004828,Diya,Verma,diya.verma4828@example.com,West,2026-05-02
CUST004829,Diya,Joshi,diya.joshi4829@example.com,Central,2027-04-16
CUST004830,Ananya,Iyer,ananya.iyer4830@example.com,Central,2026-07-28
CUST004831,Ishaan,Reddy,ishaan.reddy4831@example.com,West,2027-06-07
CUST004832,Aarav,Reddy,aarav.reddy4832@example.com,South,2026-05-08
CUST004833,Reyansh,Patel,reyansh.patel4833@example.com,North,2026-03-12
CUST004834,Ayaan,Chowdhury,ayaan.chowdhury4834@example.com,Central,2027-09-08
CUST004835,Riya,Bhat,riya.bhat4835@example.com,North,2027-06-10
CUST004836,Sai,Das,sai.das4836@example.com,Central,2026-03-11
CUST004837,Sai,Singh,sai.singh4837@example.com,Central,2027-05-02
CUST004838,Aarav,Iyer,aarav.iyer4838@example.com,Central,2027-03-22
CUST004839,Ishaan,Kapoor,ishaan.kapoor4839@example.com,North,2026-11-17
CUST004840,Vihaan,Singh,vihaan.singh4840@example.com,East,2027-02-23
CUST004841,Reyansh,Bhat,reyansh.bhat4841@example.com,East,2026-08-20
CUST004842,Vivaan,Verma,vivaan.verma4842@example.com,Central,2027-08-02
CUST004843,Kabir,Patel,kabir.patel4843@example.com,West,2026-07-12
CUST004844,Ananya,Chowdhury,ananya.chowdhury4844@example.com,West,2027-05-24
CUST004845,Anika,Singh,anika.singh4845@example.com,West,2026-06-16
CUST004846,Priya,Mehta,priya.mehta4846@example.com,North,2026-11-14
CUST004847,Reyansh,Chowdhury,reyansh.chowdhury4847@example.com,West,2026-05-20
CUST004848,Ananya,Bhat,ananya.bhat4848@example.com,West,2027-10-07
CUST004849,Ananya,Bhat,ananya.bhat4849@example.com,East,2026-02-23
CUST004850,Aarav,Joshi,aarav.joshi4850@example.com,North,2026-04-25
CUST004851,Ishaan,Singh,ishaan.singh4851@example.com,South,2027-08-15
CUST004852,Ayaan,Chowdhury,ayaan.chowdhury4852@example.com,East,2026-06-17
CUST004853,Aditya,Rao,aditya.rao4853@example.com,Central,2027-02-24
CUST004854,Diya,Bhat,diya.bhat4854@example.com,East,2026-06-24
CUST004855,Diya,Patel,diya.patel4855@example.com,East,2027-06-11
CUST004856,Diya,Mehta,diya.mehta4856@example.com,Central,2027-04-14
CUST004857,Kabir,Singh,kabir.singh4857@example.com,South,2027-07-29
CUST004858,Anika,Nair,anika.nair4858@example.com,Central,2026-12-23
CUST004859,Arjun,Rao,arjun.rao4859@example.com,North,2027-08-30
CUST004860,Sai,Gupta,sai.gupta4860@example.com,North,2027-03-28
CUST004861,Saanvi,Joshi,saanvi.joshi4861@example.com,Central,2027-09-16
CUST004862,Aditya,Chowdhury,aditya.chowdhury4862@example.com,South,2026-11-03
CUST004863,Reyansh,Kapoor,reyansh.kapoor4863@example.com,Central,2027-04-08
CUST004864,Saanvi,Sharma,saanvi.sharma4864@example.com,East,2027-08-18
CUST004865,Diya,Bhat,diya.bhat4865@example.com,East,2026-12-03
CUST004866,Ananya,Das,ananya.das4866@example.com,South,2027-03-12
CUST004867,Sai,Rao,sai.rao4867@example.com,West,2027-06-20
CUST004868,Aditya,Gupta,aditya.gupta4868@example.com,South,2027-10-16
CUST004869,Reyansh,Rao,reyansh.rao4869@example.com,Central,2026-12-16
CUST004870,Vihaan,Das,vihaan.das4870@example.com,North,2027-08-15
CUST004871,Anika,Chowdhury,anika.chowdhury4871@example.com,Central,2026-03-23
CUST004872,Ishaan,Mehta,ishaan.mehta4872@example.com,North,2026-01-24
CUST004873,Sai,Chowdhury,sai.chowdhury4873@example.com,North,2027-04-01
CUST004874,Vivaan,Nair,vivaan.nair4874@example.com,East,2026-06-01
CUST004875,Riya,Bhat,riya.bhat4875@example.com,West,2027-08-23
CUST004876,Ayaan,Chowdhury,ayaan.chowdhury4876@example.com,East,2026-04-02
CUST004877,Ishaan,Joshi,ishaan.joshi4877@example.com,Central,2027-07-06
CUST004878,Saanvi,Joshi,saanvi.joshi4878@example.com,North,2027-11-16
CUST004879,Reyansh,Gupta,reyansh.gupta4879@example.com,West,2026-01-21
CUST004880,Vihaan,Mehta,vihaan.mehta4880@example.com,South,2027-08-22
CUST004881,Aarav,Reddy,aarav.reddy4881@example.com,Central,2026-05-09
CUST004882,Anika,Iyer,anika.iyer4882@example.com,South,2027-10-24
CUST004883,Kabir,Verma,kabir.verma4883@example.com,South,2027-03-13
CUST004884,Vivaan,Joshi,vivaan.joshi4884@example.com,Central,2026-12-02
CUST004885,Vihaan,Chowdhury,vihaan.chowdhury4885@example.com,Central,2026-05-06
CUST004886,Diya,Nair,diya.nair4886@example.com,North,2026-05-19
CUST004887,Reyansh,Joshi,reyansh.joshi4887@example.com,West,2026-07-31
CUST004888,Aditya,Bhat,aditya.bhat4888@example.com,East,2027-06-28
CUST004889,Reyansh,Patel,reyansh.patel4889@example.com,West,2026-05-24
CUST004890,Aditya,Reddy,adityareddy.com,Central,2027-09-06
CUST004891,Ayaan,Reddy,ayaan.reddy4891@example.com,East,2026-09-05
CUST004892,Vivaan,Joshi,vivaan.joshi4892@example.com,North,2027-10-04
CUST004893,Ishaan,Chowdhury,ishaan.chowdhury4893@example.com,West,2026-04-03
CUST004894,Diya,Singh,diya.singh4894@example.com,South,2026-03-30
CUST004895,Ishaan,Chowdhury,ishaan.chowdhury4895@example.com,West,2027-01-20
CUST004896,Anika,Mehta,anika.mehta4896@example.com,South,2027-01-01
CUST004897,Vihaan,Verma,vihaan.verma4897@example.com,West,2026-10-25
CUST004898,Priya,Kapoor,priya.kapoor4898@example.com,Central,2026-02-13
CUST004899,Ayaan,Singh,ayaan.singh4899@example.com,West,2026-07-06
CUST004900,Aarav,Chowdhury,aarav.chowdhury4900@example.com,South,2027-07-12
CUST004901,Riya,Das,riya.das4901@example.com,West,2027-02-24
CUST004902,Ishaan,Bhat,ishaan.bhat4902@example.com,South,2026-10-30
CUST004903,Aditya,Patel,aditya.patel4903@example.com,East,2026-09-20
CUST004904,Riya,Verma,riya.verma4904@example.com,North,2026-04-18
CUST004905,Saanvi,Nair,saanvi.nair4905@example.com,South,2026-12-09
CUST004906,Diya,Patel,diya.patel4906@example.com,East,2026-02-13
CUST004907,Vihaan,Sharma,vihaan.sharma4907@example.com,South,2027-11-17
CUST004908,Aarav,Gupta,aarav.gupta4908@example.com,West,2026-08-08
CUST004909,Ananya,Gupta,ananya.gupta4909@example.com,West,2027-03-06
CUST004910,Riya,Gupta,riya.gupta4910@example.com,Central,2026-04-15
CUST004911,Ananya,Kapoor,ananya.kapoor4911@example.com,East,2027-04-10
CUST004912,Ayaan,Mehta,ayaan.mehta4912@example.com,East,2026-08-05
CUST004913,Riya,Mehta,riya.mehta4913@example.com,North,2027-03-05
CUST004914,Priya,Iyer,priya.iyer4914@example.com,Central,2027-10-04
CUST004915,Sai,Gupta,sai.gupta4915@example.com,Central,2027-07-04
CUST004916,Saanvi,Das,saanvi.das4916@example.com,East,2026-11-24
CUST004917,Vihaan,Chowdhury,vihaan.chowdhury4917@example.com,South,2026-12-03
CUST004918,Saanvi,Gupta,saanvi.gupta4918@example.com,West,2026-05-07
CUST004919,Ananya,Bhat,ananya.bhat4919@example.com,South,2026-01-22
CUST004920,Riya,Das,riya.das4920@example.com,Central,2027-07-28
CUST004921,Vihaan,Das,vihaan.das4921@example.com,West,2026-10-05
CUST004922,Reyansh,Iyer,reyansh.iyer4922@example.com,South,2027-08-28
CUST004923,Aditya,Rao,aditya.rao4923@example.com,West,2026-07-30
CUST004924,Anika,Singh,anika.singh4924@example.com,East,2027-06-09
CUST004925,Ayaan,Reddy,ayaan.reddy4925@example.com,West,2026-10-18
CUST004926,Saanvi,Sharma,saanvi.sharma4926@example.com,East,2026-04-07
CUST004927,Aarav,Mehta,aarav.mehta4927@example.com,North,2027-09-30
CUST004928,Kabir,Reddy,kabir.reddy4928@example.com,Central,2027-10-15
CUST004929,Aarav,Gupta,aarav.gupta4929@example.com,Central,2026-05-11
CUST004930,Arjun,Nair,arjun.nair4930@example.com,East,2026-06-20
CUST004931,Ananya,Verma,ananya.verma4931@example.com,South,2026-08-27
CUST004932,Vivaan,Joshi,vivaan.joshi4932@example.com,East,2027-04-07
CUST004933,Arjun,Sharma,arjun.sharma4933@example.com,East,2026-10-14
CUST004934,Aarav,Sharma,aarav.sharma4934@example.com,West,2027-08-29
CUST004935,Vihaan,Mehta,vihaan.mehta4935@example.com,South,2026-06-13
CUST004936,Kabir,Das,kabir.das4936@example.com,South,2027-07-19
CUST004937,Aditya,Sharma,aditya.sharma4937@example.com,Central,2027-05-10
CUST004938,Diya,Verma,diya.verma4938@example.com,South,2026-05-28
CUST004939,Saanvi,Sharma,saanvi.sharma4939@example.com,Central,2027-07-26
CUST004940,Arjun,Joshi,arjun.joshi4940@example.com,West,2026-09-19
CUST004941,Riya,Reddy,riya.reddy4941@example.com,South,2026-07-01
CUST004942,Aditya,Singh,aditya.singh4942@example.com,East,2026-05-28
CUST004943,Diya,Sharma,diya.sharma4943@example.com,East,2027-10-24
CUST004944,Sai,Patel,sai.patel4944@example.com,North,2026-04-21
CUST004945,Vivaan,Sharma,vivaan.sharma4945@example.com,South,2026-11-09
CUST004946,Riya,Verma,riya.verma4946@example.com,West,2026-08-09
CUST004947,Anika,Sharma,anika.sharma4947@example.com,South,2027-07-14
CUST004948,Saanvi,Joshi,saanvi.joshi4948@example.com,South,2026-02-27
CUST004949,Vivaan,Sharma,vivaan.sharma4949@example.com,Central,2026-12-10
CUST004950,Priya,Bhat,priya.bhat4950@example.com,West,2026-05-19
CUST004951,Kabir,Reddy,kabir.reddy4951@example.com,West,2027-07-11
CUST004952,Aarav,Sharma,aarav.sharma4952@example.com,East,2027-04-22
CUST004953,Ishaan,Sharma,ishaan.sharma4953@example.com,North,2026-04-09
CUST004954,Ayaan,Gupta,ayaan.gupta4954@example.com,East,2027-07-31
CUST004955,Aarav,Das,aarav.das4955@example.com,West,2026-08-10
CUST004956,Saanvi,Verma,saanvi.verma4956@example.com,South,2026-02-05
CUST004957,Saanvi,Gupta,saanvi.gupta4957@example.com,South,2026-04-06
CUST004958,Reyansh,Rao,reyansh.rao4958@example.com,West,2027-08-03
CUST004959,Anika,Bhat,anika.bhat4959@example.com,North,2027-11-02
CUST004960,Anika,Gupta,anika.gupta4960@example.com,South,2026-05-03
CUST004961,Ananya,Nair,ananya.nair4961@example.com,East,2027-02-22
CUST004962,Anika,Verma,anika.verma4962@example.com,Central,2026-06-21
CUST004963,Aditya,Singh,aditya.singh4963@example.com,North,2027-04-11
CUST004964,Diya,Reddy,diya.reddy4964@example.com,West,2026-02-25
CUST004965,Ayaan,Das,ayaan.das4965@example.com,East,2026-10-28
CUST004966,Sai,Nair,sai.nair4966@example.com,South,2026-04-06
CUST004967,Priya,Sharma,priya.sharma4967@example.com,South,2026-12-17
CUST004968,Reyansh,Bhat,reyansh.bhat4968@example.com,Central,2026-10-04
CUST004969,Arjun,Joshi,arjun.joshi4969@example.com,North,2027-08-21
CUST004970,Diya,Joshi,diya.joshi4970@example.com,West,2027-05-01
CUST004971,Priya,Mehta,priya.mehta4971@example.com,North,2026-08-02
CUST004972,Riya,Kapoor,riya.kapoor4972@example.com,East,2026-11-20
CUST004973,Ayaan,Bhat,ayaan.bhat4973@example.com,South,2027-04-27
CUST004974,Aditya,Kapoor,aditya.kapoor4974@example.com,West,2027-09-10
CUST004975,Aarav,Kapoor,aarav.kapoor4975@example.com,South,2026-10-04
CUST004976,Kabir,Mehta,kabir.mehta4976@example.com,Central,2026-12-26
CUST004977,Priya,Sharma,priya.sharma4977@example.com,South,2026-04-19
CUST004978,Vihaan,Nair,vihaan.nair4978@example.com,Central,2027-08-19
CUST004979,Sai,Das,sai.das4979@example.com,West,2027-07-08
CUST004980,Diya,Joshi,diya.joshi4980@example.com,Central,2027-07-03
CUST004981,Ananya,Singh,ananya.singh4981@example.com,Central,2027-03-15
CUST004982,Riya,Gupta,riya.gupta4982@example.com,South,2027-04-20
CUST004983,Vivaan,Bhat,vivaan.bhat4983@example.com,North,2027-05-28
CUST004984,Ananya,Iyer,ananya.iyer4984@example.com,West,2026-09-23
CUST004985,Ayaan,Singh,ayaan.singh4985@example.com,Central,2026-04-01
CUST004986,Vihaan,Mehta,vihaan.mehta4986@example.com,North,2027-05-18
CUST004987,Arjun,Verma,arjun.verma4987@example.com,West,2026-11-04
CUST004988,Vivaan,Patel,vivaan.patel4988@example.com,Central,2027-06-26
CUST004989,Priya,Mehta,priya.mehta4989@example.com,South,2026-07-22
CUST004990,Ayaan,Iyer,ayaan.iyer4990@example.com,Central,2026-10-03
CUST004991,Riya,Iyer,riya.iyer4991@example.com,West,2026-02-10
CUST004992,Sai,Verma,sai.verma4992@example.com,South,2027-08-11
CUST004993,Riya,Nair,riya.nair4993@example.com,East,2027-03-19
CUST004994,Arjun,Joshi,arjun.joshi4994@example.com,North,2026-06-22
CUST004995,Sai,Reddy,sai.reddy4995@example.com,West,2026-06-01
CUST004996,Kabir,Bhat,kabir.bhat4996@example.com,East,2026-01-02
CUST004997,Reyansh,Sharma,reyansh.sharma4997@example.com,North,2026-01-22
CUST004998,Priya,Reddy,priya.reddy4998@example.com,East,2027-02-17
CUST004999,Ayaan,Mehta,ayaan.mehta4999@example.com,North,2027-09-19
CUST005000,Aarav,Rao,aarav.rao5000@example.com,Central,2027-08-09
CUST005001,Aditya,Verma,aditya.verma5001@example.com,East,2026-05-02
CUST005002,Aarav,Sharma,aarav.sharma5002@example.com,Central,2026-04-05
CUST005003,Arjun,Chowdhury,arjun.chowdhury5003@example.com,South,2026-05-23
CUST005004,Reyansh,Bhat,reyansh.bhat5004@example.com,West,2027-08-19
CUST005005,Saanvi,Joshi,saanvi.joshi5005@example.com,Central,2026-02-15
CUST005006,Aarav,Rao,aarav.rao5006@example.com,East,2026-11-04
CUST005007,Aditya,Chowdhury,aditya.chowdhury5007@example.com,Central,2027-03-12
CUST005008,Ananya,Patel,ananya.patel5008@example.com,South,2026-02-11
CUST005009,Aarav,Bhat,aarav.bhat5009@example.com,Central,2027-08-27
CUST005010,Ananya,Kapoor,ananya.kapoor5010@example.com,South,2026-09-13
CUST005011,Vihaan,Bhat,vihaan.bhat5011@example.com,North,2026-09-08
CUST005012,Aditya,Bhat,aditya.bhat5012@example.com,North,2027-06-20
CUST005013,Ishaan,Verma,ishaan.verma5013@example.com,Central,2027-07-23
CUST005014,Kabir,Joshi,kabir.joshi5014@example.com,East,2026-12-04
CUST005015,Arjun,Das,arjun.das5015@example.com,Central,2026-11-13
CUST005016,Aarav,Reddy,aarav.reddy5016@example.com,East,2027-11-12
CUST005017,Aditya,Nair,aditya.nair5017@example.com,South,2026-11-28
CUST005018,Ananya,Patel,ananya.patel5018@example.com,West,2026-01-31
CUST005019,Ishaan,Patel,ishaan.patel5019@example.com,Central,2027-09-14
CUST005020,Ananya,Iyer,ananya.iyer5020@example.com,Central,2026-10-07
CUST005021,Riya,Singh,riya.singh5021@example.com,South,2026-02-24
CUST005022,Vivaan,Rao,vivaan.rao5022@example.com,South,2026-10-01
CUST005023,Aarav,Das,aarav.das5023@example.com,South,2027-07-07
CUST005024,Arjun,Bhat,arjun.bhat5024@example.com,South,2027-10-31
CUST005025,Saanvi,Mehta,saanvi.mehta5025@example.com,East,2026-01-02
CUST005026,Priya,Gupta,priya.gupta5026@example.com,North,2027-06-28
CUST005027,Aditya,Singh,aditya.singh5027@example.com,East,2026-11-29
CUST005028,Saanvi,Reddy,saanvi.reddy5028@example.com,East,2027-10-15
CUST005029,Riya,Iyer,riya.iyer5029@example.com,South,2026-08-16
CUST005030,Saanvi,Sharma,saanvi.sharma5030@example.com,North,2026-10-29
CUST005031,Sai,Mehta,sai.mehta5031@example.com,North,2027-07-28
CUST005032,Ishaan,Verma,ishaan.verma5032@example.com,Central,2026-04-29
CUST005033,Aditya,Kapoor,aditya.kapoor5033@example.com,South,2027-10-09
CUST005034,Kabir,Mehta,kabir.mehta5034@example.com,North,2026-10-21
CUST005035,Vihaan,Bhat,vihaan.bhat5035@example.com,North,2026-03-04
CUST005036,Sai,Reddy,sai.reddy5036@example.com,North,2026-09-28
CUST005037,Riya,Sharma,riya.sharma5037@example.com,North,2026-03-29
CUST005038,Ayaan,Rao,ayaan.rao5038@example.com,South,2027-04-15
CUST005039,Aarav,Verma,aarav.verma@@mail,South,2026-05-11
CUST005040,Riya,Verma,riya.verma5040@example.com,East,2026-04-02
CUST005041,Aarav,Kapoor,aarav.kapoor5041@example.com,East,2027-06-30
CUST005042,Aarav,Singh,aarav.singh5042@example.com,West,2027-03-22
CUST005043,Ayaan,Chowdhury,ayaan.chowdhury5043@example.com,East,2026-11-16
CUST005044,Vivaan,Bhat,vivaan.bhat5044@example.com,East,2027-11-02
CUST005045,Arjun,Singh,arjun.singh5045@example.com,West,2026-08-13
CUST005046,Diya,Patel,diya.patel5046@example.com,North,2026-04-20
CUST005047,Aditya,Nair,aditya.nair5047@example.com,South,2026-01-08
CUST005048,Anika,Joshi,anika.joshi5048@example.com,South,2026-11-13
CUST005049,Arjun,Iyer,arjun.iyer5049@example.com,South,2026-12-25
CUST005050,Riya,Verma,riya.verma5050@example.com,West,2027-02-24
CUST005051,Sai,Gupta,sai.gupta5051@example.com,East,2026-04-14
CUST005052,Saanvi,Kapoor,saanvi.kapoor5052@example.com,South,2027-02-08
CUST005053,Aarav,Rao,aarav.rao5053@example.com,West,2027-03-05
CUST005054,Kabir,Bhat,kabir.bhat5054@example.com,West,2026-06-06
CUST005055,Ananya,Verma,ananya.verma5055@example.com,Central,2027-03-29
CUST005056,Saanvi,Rao,saanvi.rao5056@example.com,East,2027-10-01
CUST005057,Anika,Singh,anika.singh5057@example.com,North,2027-11-10
CUST005058,Vivaan,Kapoor,vivaan.kapoor5058@example.com,South,2027-01-06
CUST005059,Vivaan,Patel,vivaan.patel5059@example.com,North,2027-06-07
CUST005060,Anika,Iyer,anika.iyer5060@example.com,South,2026-05-09
CUST005061,Ishaan,Chowdhury,ishaan.chowdhury5061@example.com,East,2026-08-03
CUST005062,Vivaan,Iyer,vivaan.iyer5062@example.com,West,2027-01-23
CUST005063,Arjun,Verma,arjun.verma5063@example.com,South,2026-03-30
CUST005064,Riya,Chowdhury,riya.chowdhury5064@example.com,East,2027-09-12
CUST005065,Sai,Nair,sai.nair5065@example.com,East,2027-08-12
CUST005066,Aarav,Patel,aarav.patel5066@example.com,East,2026-10-17
CUST005067,Aditya,Das,aditya.das5067@example.com,North,2026-04-14
CUST005068,Anika,Das,anika.das5068@example.com,South,2027-07-14
CUST005069,Aditya,Rao,aditya.rao5069@example.com,South,2027-04-20
CUST005070,Aarav,Chowdhury,aarav.chowdhury5070@example.com,West,2026-08-28
CUST005071,Ayaan,Nair,ayaan.nair5071@example.com,Central,2026-10-22
CUST005072,Sai,Joshi,sai.joshi5072@example.com,North,2027-06-25
CUST005073,Ananya,Mehta,ananya.mehta5073@example.com,West,2027-07-04
CUST005074,Priya,Patel,priya.patel5074@example.com,East,2026-01-19
CUST005075,Vihaan,Chowdhury,vihaan.chowdhury5075@example.com,North,2026-02-14
CUST005076,Aditya,Gupta,aditya.gupta5076@example.com,East,2026-11-15
CUST005077,Ananya,Verma,ananya.verma5077@example.com,South,2026-09-11
CUST005078,Vihaan,Joshi,vihaan.joshi5078@example.com,West,2026-02-22
CUST005079,Riya,Sharma,riya.sharma5079@example.com,South,2027-05-24
CUST005080,Vihaan,Joshi,vihaan.joshi5080@example.com,Central,2027-01-30
CUST005081,Vivaan,Reddy,vivaan.reddy5081@example.com,South,2026-03-05
CUST005082,Vihaan,Mehta,vihaan.mehta5082@example.com,West,2027-07-18
CUST005083,Vivaan,Verma,vivaan.verma5083@example.com,North,2026-10-10
CUST005084,Aarav,Reddy,aarav.reddy5084@example.com,East,2027-05-02
CUST005085,Ayaan,Verma,ayaan.verma5085@example.com,West,2026-04-12
CUST005086,Saanvi,Das,saanvi.das5086@example.com,Central,2027-03-01
CUST005087,Vihaan,Bhat,vihaan.bhat5087@example.com,West,2026-06-09
CUST005088,Vivaan,Joshi,vivaan.joshi5088@example.com,Central,2026-09-22
CUST005089,Diya,Chowdhury,diya.chowdhury5089@example.com,West,2027-06-21
CUST005090,Kabir,Bhat,kabir.bhat5090@example.com,North,2027-10-06
CUST005091,Aditya,Reddy,aditya.reddy5091@example.com,West,2026-12-15
CUST005092,Ishaan,Rao,ishaan.rao5092@example.com,South,2026-05-03
CUST005093,Anika,Bhat,anika.bhat5093@example.com,South,2027-07-26
CUST005094,Saanvi,Rao,saanvi.rao5094@example.com,North,2027-04-28
CUST005095,Saanvi,Mehta,saanvi.mehta5095@example.com,North,2026-08-21
CUST005096,Vihaan,Patel,vihaan.patel5096@example.com,North,2027-03-13
CUST005097,Vihaan,Das,vihaan.das5097@example.com,Central,2027-04-27
CUST005098,Arjun,Bhat,arjun.bhat5098@example.com,South,2027-11-25
CUST005099,Priya,Iyer,priya.iyer5099@example.com,West,2027-05-18
CUST005100,Reyansh,Singh,reyansh.singh5100@example.com,East,2026-08-21
CUST005101,Saanvi,Bhat,saanvi.bhat5101@example.com,West,2027-07-28
CUST005102,Aarav,Gupta,aarav.gupta5102@example.com,East,2027-07-15
CUST005103,Kabir,Das,kabir.das5103@example.com,East,2027-04-22
CUST005104,Vivaan,Sharma,vivaan.sharma5104@example.com,South,2027-10-29
CUST005105,Diya,Reddy,diya.reddy5105@example.com,South,2026-08-07
CUST005106,Sai,Gupta,sai.gupta5106@example.com,North,2027-02-05
CUST005107,Vivaan,Das,vivaan.das5107@example.com,West,2027-09-09
CUST005108,Kabir,Chowdhury,  kabir@mail.com,East,2027-02-12
CUST005109,Aarav,Patel,aarav.patel5109@example.com,West,2027-11-30
CUST005110,Aditya,Patel,aditya.patel5110@example.com,Central,2026-05-02
CUST005111,Kabir,Joshi,kabir.joshi5111@example.com,South,2026-04-02
CUST005112,Vivaan,Joshi,vivaan.joshi5112@example.com,North,2027-02-21
CUST005113,Arjun,Patel,arjun.patel5113@example.com,North,2026-01-05
CUST005114,Aarav,Reddy,aarav.reddy5114@example.com,South,2027-01-08
CUST005115,Ananya,Bhat,ananya.bhat5115@example.com,South,2026-10-16
CUST005116,Vihaan,Mehta,vihaan.mehta5116@example.com,Central,2026-08-16
CUST005117,Arjun,Iyer,arjun.iyer5117@example.com,Central,2026-10-27
CUST005118,Aditya,Reddy,aditya.reddy5118@example.com,North,2026-01-11
CUST005119,Vihaan,Joshi,vihaan.joshi5119@example.com,West,2027-09-08
CUST005120,Aarav,Nair,aarav.nair5120@example.com,South,2026-02-17
CUST005121,Vihaan,Nair,vihaan.nair5121@example.com,North,2027-01-22
CUST005122,Kabir,Das,kabir.das5122@example.com,Central,2027-02-02
CUST005123,Priya,Joshi,priya.joshi5123@example.com,South,2026-08-25
CUST005124,Ishaan,Reddy,ishaan.reddy5124@example.com,East,2027-07-18
CUST005125,Aditya,Sharma,aditya.sharma5125@example.com,East,2026-01-18
CUST005126,Ananya,Bhat,ananya.bhat5126@example.com,West,2027-03-07
CUST005127,Arjun,Singh,arjun.singh5127@example.com,Central,2027-08-23
CUST005128,Vihaan,Nair,vihaan.nair5128@example.com,West,2026-09-10
CUST005129,Ishaan,Nair,ishaan.nair5129@example.com,North,2026-05-21
CUST005130,Aditya,Bhat,aditya.bhat5130@example.com,West,2027-05-20
CUST005131,Vihaan,Gupta,vihaan.gupta5131@example.com,South,2027-08-30
CUST005132,Anika,Rao,anika.rao5132@example.com,North,2026-12-16
CUST005133,Ananya,Gupta,ananya.gupta5133@example.com,West,2027-10-17
CUST005134,Saanvi,Gupta,saanvi.gupta5134@example.com,South,2027-01-28
CUST005135,Arjun,Iyer,arjun.iyer5135@example.com,East,2027-03-22
CUST005136,Ananya,Patel,ananya.patel5136@example.com,West,2027-04-25
CUST005137,Vivaan,Nair,vivaan.nair5137@example.com,North,2027-03-29
CUST005138,Aarav,Singh,aarav.singh5138@example.com,South,2026-03-04
CUST005139,Saanvi,Verma,saanvi.verma5139@example.com,East,2027-01-29
CUST005140,Anika,Rao,anika.rao5140@example.com,South,2027-05-08
CUST005141,Reyansh,Verma,reyansh.verma5141@example.com,West,2026-11-22
CUST005142,Ayaan,Rao,ayaan.rao5142@example.com,North,2026-07-10
CUST005143,Diya,Chowdhury,diya.chowdhury5143@example.com,North,2026-11-05
CUST005144,Ishaan,Joshi,ishaan.joshi5144@example.com,West,2027-11-19
CUST005145,Priya,Sharma,priya.sharma5145@example.com,South,2027-07-31
CUST005146,Ishaan,Iyer,ishaan.iyer5146@example.com,West,2027-06-25
CUST005147,Arjun,Bhat,arjun.bhat5147@example.com,West,2026-07-10
CUST005148,Diya,Sharma,diya.sharma5148@example.com,West,2027-03-03
CUST005149,Ananya,Gupta,ananya.gupta5149@example.com,North,2027-04-02
CUST005150,Priya,Kapoor,priya.kapoor5150@example.com,South,2026-05-28
CUST005151,Aditya,Chowdhury,aditya.chowdhury5151@example.com,South,2026-12-13
CUST005152,Priya,Singh,priya.singh5152@example.com,West,2026-05-22
CUST005153,Arjun,Reddy,arjun.reddy5153@example.com,Central,2027-03-18
CUST005154,Anika,Mehta,anika.mehta5154@example.com,North,2027-02-21
CUST005155,Ananya,Rao,ananya.rao5155@example.com,Central,2027-02-07
CUST005156,Ayaan,Gupta,ayaanguptagmail.com,East,2027-01-15
CUST005157,Ananya,Sharma,ananya.sharma5157@example.com,East,2026-01-27
CUST005158,Arjun,Singh,arjun.singh5158@example.com,South,2027-08-15
CUST005159,Aditya,Bhat,aditya.bhat5159@example.com,East,2027-09-03
CUST005160,Riya,Iyer,riya.iyer5160@example.com,North,2026-11-18
CUST005161,Ishaan,Patel,ishaan.patel5161@example.com,West,2026-03-01
CUST005162,Saanvi,Singh,saanvi.singh5162@example.com,East,2026-12-19
CUST005163,Sai,Patel,sai.patel5163@example.com,North,2027-08-24
CUST005164,Ayaan,Chowdhury,ayaan.chowdhury5164@example.com,Central,2026-09-23
CUST005165,Sai,Singh,sai.singh5165@example.com,South,2027-02-17
CUST005166,Saanvi,Joshi,saanvi.joshi5166@example.com,South,2026-07-04
CUST005167,Sai,Gupta,sai.gupta5167@example.com,South,2027-05-09
CUST005168,Vihaan,Das,vihaan.das5168@example.com,North,2027-04-21
CUST005169,Anika,Patel,,North,2027-05-19
CUST005170,Riya,Gupta,riya.gupta5170@example.com,North,2026-10-29
CUST005171,Kabir,Verma,kabir.verma5171@example.com,East,2026-10-02
CUST005172,Priya,Mehta,priya.mehta5172@example.com,Central,2026-08-27
CUST005173,Kabir,Gupta,kabir.gupta5173@example.com,North,2027-03-12
CUST005174,Aarav,Reddy,aarav.reddy5174@example.com,Central,2026-07-03
CUST005175,Aarav,Bhat,aarav.bhat5175@example.com,South,2027-02-28
CUST005176,Aarav,Verma,aarav.verma5176@example.com,East,2026-07-08
CUST005177,Ananya,Singh,ananya.singh5177@example.com,North,2026-03-04
CUST005178,Aarav,Chowdhury,aarav.chowdhury5178@example.com,North,2027-04-07
CUST005179,Aarav,Bhat,aarav.bhat5179@example.com,South,2026-03-24
CUST005180,Reyansh,Singh,reyansh.singh5180@example.com,North,2026-12-17
CUST005181,Vivaan,Iyer,vivaan.iyer5181@example.com,Central,2026-07-23
CUST005182,Sai,Patel,sai.patel5182@example.com,West,2026-07-07
CUST005183,Ananya,Patel,ananya.patel5183@example.com,Central,2026-08-18
CUST005184,Saanvi,Gupta,saanvi.gupta5184@example.com,Central,2026-10-13
CUST005185,Riya,Reddy,riya.reddy5185@example.com,Central,2026-01-06
CUST005186,Ayaan,Mehta,ayaan.mehta5186@example.com,North,2027-02-12
CUST005187,Ananya,Sharma,ananya.sharma5187@example.com,South,2026-12-25
CUST005188,Ishaan,Verma,ishaan.verma5188@example.com,Central,2026-08-13
CUST005189,Ayaan,Gupta,ayaan.gupta5189@example.com,West,2026-06-11
CUST005190,Sai,Rao,sai.rao5190@example.com,North,2026-06-13
CUST005191,Vihaan,Chowdhury,vihaan.chowdhury5191@example.com,West,2026-08-16
CUST005192,Vivaan,Iyer,vivaan.iyer5192@example.com,Central,2027-03-16
CUST005193,Arjun,Chowdhury,arjun.chowdhury5193@example.com,West,2027-03-06
CUST005194,Priya,Kapoor,priya.kapoor5194@example.com,East,2026-06-25
CUST005195,Sai,Rao,sai.rao5195@example.com,East,2026-12-31
CUST005196,Anika,Iyer,anika.iyer5196@example.com,Central,2027-10-04
CUST005197,Kabir,Sharma,kabir.sharma5197@example.com,West,2026-01-01
CUST005198,Riya,Iyer,riya.iyer5198@example.com,North,2027-03-05
CUST005199,Kabir,Das,kabir.das5199@example.com,West,2026-01-23
CUST005200,Vivaan,Rao,vivaan.rao5200@example.com,North,2027-11-13
CUST005201,Sai,Mehta,sai.mehta5201@example.com,North,2026-06-19
CUST005202,Aditya,Bhat,aditya.bhat5202@example.com,East,2026-11-03
CUST005203,Vivaan,Iyer,vivaan.iyer5203@example.com,East,2027-07-10
CUST005204,Vivaan,Mehta,vivaan.mehta5204@example.com,South,2026-06-27
CUST005205,Kabir,Reddy,kabir.reddy5205@example.com,South,2026-07-31
CUST005206,Aarav,Gupta,aarav.gupta5206@example.com,South,2027-01-02
CUST005207,Vivaan,Gupta,vivaan.gupta5207@example.com,East,2027-10-30
CUST005208,Kabir,Chowdhury,kabir.chowdhury5208@example.com,North,2026-04-27
CUST005209,Ayaan,Nair,ayaan.nair5209@example.com,East,2026-12-03
CUST005210,Ayaan,Chowdhury,ayaan.chowdhury5210@example.com,West,2027-08-18
CUST005211,Diya,Joshi,diya.joshi5211@example.com,South,2027-10-01
CUST005212,Ayaan,Reddy,ayaan.reddy5212@example.com,South,2026-10-29
CUST005213,Priya,Bhat,priya.bhat5213@example.com,South,2027-08-30
CUST005214,Arjun,Sharma,arjun.sharma5214@example.com,Central,2026-01-28
CUST005215,Ayaan,Verma,ayaan.verma5215@example.com,South,2026-10-03
CUST005216,Aditya,Gupta,aditya.gupta5216@example.com,Central,2026-02-28
CUST005217,Ishaan,Das,ishaan.das5217@example.com,Central,2027-02-07
CUST005218,Arjun,Sharma,arjun.sharma5218@example.com,North,2026-05-27
CUST005219,Anika,Patel,anika.patel5219@example.com,South,2026-03-19
CUST005220,Saanvi,Iyer,saanvi.iyer5220@example.com,Central,2027-01-16
CUST005221,Sai,Verma,sai.verma5221@example.com,North,2027-01-29
CUST005222,Ananya,Kapoor,ananya.kapoor5222@example.com,North,2027-08-03
CUST005223,Saanvi,Nair,saanvi.nair5223@example.com,Central,2026-04-11
CUST005224,Arjun,Gupta,arjun.gupta5224@example.com,West,2027-04-03
CUST005225,Ayaan,Verma,ayaan.verma5225@example.com,West,2027-01-17
CUST005226,Priya,Gupta,priya.gupta5226@example.com,West,2026-10-08
CUST005227,Ishaan,Gupta,ishaan.gupta5227@example.com,Central,2027-10-07
CUST005228,Ananya,Patel,ananya.patel5228@example.com,North,2026-05-26
CUST005229,Riya,Verma,riya.verma5229@example.com,West,2026-08-23
CUST005230,Aarav,Mehta,aarav.mehta5230@example.com,Central,2026-06-12
CUST005231,Ananya,Nair,ananya.nair5231@example.com,South,2026-10-04
CUST005232,Reyansh,Gupta,reyansh.gupta5232@example.com,North,2026-03-06
CUST005233,Ayaan,Chowdhury,ayaan.chowdhury5233@example.com,East,2026-12-30
CUST005234,Ishaan,Verma,ishaan.verma5234@example.com,East,2026-08-03
CUST005235,Vihaan,Mehta,vihaan.mehta5235@example.com,North,2026-11-03
CUST005236,Vivaan,Rao,vivaan.rao5236@example.com,West,2027-05-12
CUST005237,Saanvi,Kapoor,saanvi.kapoor5237@example.com,South,2026-09-25
CUST005238,Arjun,Nair,arjun.nair5238@example.com,East,2026-05-15
CUST005239,Aditya,Rao,aditya.rao5239@example.com,Central,2026-08-30
CUST005240,Ishaan,Joshi,ishaan.joshi5240@example.com,Central,2026-04-23
CUST005241,Sai,Joshi,sai.joshi5241@example.com,North,2026-11-06
CUST005242,Anika,Singh,anika.singh5242@example.com,North,2027-03-18
CUST005243,Priya,Chowdhury,priya.chowdhury5243@example.com,Central,2026-07-23
CUST005244,Ayaan,Das,ayaan.das5244@example.com,South,2027-08-27
CUST005245,Riya,Nair,riya.nair5245@example.com,North,2027-01-02
CUST005246,Vivaan,Gupta,vivaan.gupta5246@example.com,East,2027-04-24
CUST005247,Diya,Patel,diya.patel5247@example.com,East,2026-02-28
CUST005248,Ishaan,Kapoor,ishaan.kapoor5248@example.com,Central,2027-01-03
CUST005249,Reyansh,Chowdhury,reyansh.chowdhury5249@example.com,Central,2026-06-25
CUST005250,Riya,Joshi,riya.joshi5250@example.com,West,2026-05-19
CUST005251,Sai,Sharma,sai.sharma5251@example.com,Central,2026-09-30
CUST005252,Anika,Gupta,anika.gupta5252@example.com,Central,2026-06-22
CUST005253,Diya,Bhat,diya.bhat5253@example.com,South,2027-10-15
CUST005254,Kabir,Verma,kabir.verma5254@example.com,Central,2027-02-06
CUST005255,Sai,Gupta,sai.gupta5255@example.com,South,2026-12-25
CUST005256,Vihaan,Rao,vihaan.rao5256@example.com,South,2026-12-28
CUST005257,Priya,Gupta,priya.gupta5257@example.com,East,2027-04-03
CUST005258,Riya,Reddy,riya.reddy5258@example.com,Central,2026-09-15
CUST005259,Aarav,Verma,aarav.verma5259@example.com,South,2026-06-16
CUST005260,Ananya,Verma,ananya.verma5260@example.com,East,2027-08-07
CUST005261,Sai,Mehta,sai.mehta5261@example.com,North,2026-01-14
CUST005262,Riya,Patel,riya.patel5262@example.com,South,2027-03-31
CUST005263,Arjun,Patel,arjun.patel5263@example.com,West,2026-01-01
CUST005264,Ishaan,Chowdhury,ishaan.chowdhury5264@example.com,North,2027-08-18
CUST005265,Riya,Reddy,riya.reddy5265@example.com,South,2026-03-10
CUST005266,Diya,Kapoor,diya.kapoor5266@example.com,North,2026-01-20
CUST005267,Aditya,Sharma,aditya.sharma5267@example.com,North,2027-08-12
CUST005268,Ayaan,Nair,ayaan.nair5268@example.com,South,2027-07-06
CUST005269,Sai,Gupta,sai.gupta5269@example.com,South,2026-11-02
CUST005270,Aditya,Verma,aditya.verma5270@example.com,Central,2026-08-16
CUST005271,Aarav,Joshi,aarav.joshi5271@example.com,North,2027-03-06
CUST005272,Arjun,Singh,arjun.singh5272@example.com,West,2027-11-06
CUST005273,Ishaan,Patel,ishaan.patel5273@example.com,East,2027-02-14
CUST005274,Riya,Chowdhury,riya.chowdhury5274@example.com,North,2027-05-01
CUST005275,Arjun,Patel,arjun.patel5275@example.com,East,2026-08-12
CUST005276,Kabir,Sharma,kabir.sharma5276@example.com,North,2027-08-10
CUST005277,Ayaan,Singh,ayaan.singh5277@example.com,South,2026-07-24
CUST005278,Riya,Verma,riya.verma5278@example.com,West,2027-03-12
CUST005279,Arjun,Chowdhury,arjun.chowdhury5279@example.com,South,2027-11-21
CUST005280,Reyansh,Chowdhury,reyansh.chowdhury5280@example.com,South,2027-02-25
CUST005281,Aarav,Kapoor,aarav.kapoor5281@example.com,Central,2026-09-23
CUST005282,Aditya,Patel,aditya.patel5282@example.com,East,2026-05-21
CUST005283,Vihaan,Patel,vihaan.patel5283@example.com,East,2026-10-10
CUST005284,Vihaan,Bhat,vihaan.bhat5284@example.com,South,2027-04-16
CUST005285,Saanvi,Singh,saanvi.singh5285@example.com,West,2027-06-20
CUST005286,Anika,Patel,anika.patel5286@example.com,North,2027-03-09
CUST005287,Ananya,Mehta,ananya.mehta5287@example.com,East,2026-07-04
CUST005288,Vivaan,Chowdhury,vivaan.chowdhury5288@example.com,East,2027-03-15
CUST005289,Anika,Nair,anika.nair5289@example.com,East,2026-04-13
CUST005290,Saanvi,Sharma,saanvi.sharma5290@example.com,North,2027-05-22
CUST005291,Reyansh,Gupta,reyansh.gupta5291@example.com,East,2026-07-07
CUST005292,Sai,Iyer,sai.iyer5292@example.com,Central,2026-08-13
CUST005293,Diya,Iyer,diya.iyer5293@example.com,East,2026-03-21
CUST005294,Sai,Reddy,sai.reddy5294@example.com,East,2026-12-20
CUST005295,Ishaan,Das,ishaan.das5295@example.com,South,2027-05-29
CUST005296,Ananya,Singh,ananya.singh5296@example.com,Central,2026-01-12
CUST005297,Kabir,Chowdhury,kabir.chowdhury5297@example.com,East,2027-07-03
CUST005298,Ayaan,Patel,ayaan.patel5298@example.com,South,2027-03-05
CUST005299,Vivaan,Iyer,vivaan.iyer5299@example.com,West,2026-06-27
CUST005300,Riya,Joshi,riya.joshi5300@example.com,East,2026-03-06
CUST005301,Aarav,Sharma,aarav.sharma5301@example.com,Central,2026-12-14
CUST005302,Ishaan,Kapoor,ishaan.kapoor5302@example.com,East,2027-05-09
CUST005303,Sai,Verma,sai.verma5303@example.com,West,2026-10-13
CUST005304,Ishaan,Das,ishaan.das5304@example.com,Central,2027-09-10
CUST005305,Vivaan,Mehta,vivaan.mehta5305@example.com,South,2027-05-04
CUST005306,Aditya,Iyer,aditya.iyer5306@example.com,West,2026-02-21
CUST005307,Anika,Chowdhury,anika.chowdhury5307@example.com,West,2026-04-07
CUST005308,Ayaan,Singh,ayaan.singh5308@example.com,Central,2027-06-20
CUST005309,Ananya,Reddy,ananya.reddy5309@example.com,West,2026-02-22
CUST005310,Priya,Verma,priya.verma5310@example.com,Central,2027-04-08
CUST005311,Kabir,Bhat,  kabir@mail.com,East,2027-03-01
CUST005312,Arjun,Kapoor,arjun.kapoor5312@example.com,West,2026-08-28
CUST005313,Aditya,Nair,aditya.nair5313@example.com,East,2026-03-31
CUST005314,Kabir,Chowdhury,,Central,2027-08-08
CUST005315,Vivaan,Gupta,vivaan.gupta5315@example.com,West,2027-05-02
CUST005316,Vihaan,Sharma,vihaan.sharma5316@example.com,Central,2026-11-12
CUST005317,Vivaan,Joshi,vivaan.joshi5317@example.com,West,2027-10-28
CUST005318,Priya,Sharma,priya.sharma5318@example.com,East,2026-08-30
CUST005319,Riya,Das,riya.das5319@example.com,West,2026-02-04
CUST005320,Vivaan,Reddy,vivaan.reddy5320@example.com,South,2027-03-31
CUST005321,Riya,Mehta,riya.mehta5321@example.com,Central,2026-09-09
CUST005322,Aarav,Patel,aarav.patel5322@example.com,West,2027-10-23
CUST005323,Reyansh,Sharma,reyansh.sharma5323@example.com,West,2027-04-28
CUST005324,Arjun,Gupta,arjun.gupta5324@example.com,South,2027-03-07
CUST005325,Anika,Bhat,anika.bhat5325@example.com,Central,2027-10-20
CUST005326,Aditya,Mehta,aditya.mehta5326@example.com,North,2027-06-09
CUST005327,Riya,Nair,riya.nair5327@example.com,South,2027-05-30
CUST005328,Vivaan,Patel,vivaan.patel5328@example.com,West,2026-07-30
CUST005329,Riya,Reddy,riya.reddy5329@example.com,East,2027-11-28
CUST005330,Anika,Patel,anika.patel5330@example.com,North,2026-11-19
CUST005331,Ishaan,Chowdhury,ishaan.chowdhury5331@example.com,North,2027-11-18
CUST005332,Diya,Mehta,diya.mehta5332@example.com,South,2026-05-23
CUST005333,Saanvi,Sharma,saanvi.sharma5333@example.com,East,2027-10-26
CUST005334,Riya,Das,riya.das5334@example.com,North,2027-07-13
CUST005335,Saanvi,Sharma,saanvi.sharma5335@example.com,West,2027-02-05
CUST005336,Sai,Chowdhury,sai.chowdhury5336@example.com,North,2026-03-13
CUST005337,Sai,Mehta,sai.mehta5337@example.com,North,2027-05-01
CUST005338,Sai,Das,sai.das5338@example.com,Central,2027-09-23
CUST005339,Sai,Singh,sai.singh5339@example.com,North,2027-07-30
CUST005340,Riya,Joshi,riya.joshi5340@example.com,East,2026-07-28
CUST005341,Saanvi,Verma,saanvi.verma5341@example.com,West,2026-01-07
CUST005342,Riya,Chowdhury,riya.chowdhury5342@example.com,East,2027-09-18
CUST005343,Sai,Patel,sai.patel5343@example.com,Central,2026-10-26
CUST005344,Aarav,Reddy,aarav.reddy5344@example.com,Central,2027-07-03
CUST005345,Aditya,Kapoor,aditya.kapoor5345@example.com,South,2026-12-01
CUST005346,Aarav,Verma,aarav.verma5346@example.com,East,2027-01-03
CUST005347,Riya,Singh,riya.singh5347@example.com,North,2027-01-25
CUST005348,Sai,Verma,sai.verma5348@example.com,Central,2026-12-15
CUST005349,Saanvi,Reddy,saanvi.reddy5349@example.com,North,2027-01-12
CUST005350,Sai,Iyer,sai.iyer5350@example.com,South,2027-07-29
CUST005351,Ananya,Kapoor,ananya.kapoor5351@example.com,South,2026-02-25
CUST005352,Aditya,Singh,aditya.singh5352@example.com,Central,2026-04-25
CUST005353,Anika,Rao,anika.rao5353@example.com,North,2027-01-31
CUST005354,Priya,Kapoor,priya.kapoor5354@example.com,East,2027-11-11
CUST005355,Vihaan,Nair,vihaan.nair5355@example.com,Central,2027-08-17
CUST005356,Vihaan,Patel,vihaan.patel5356@example.com,East,2027-08-18
CUST005357,Arjun,Bhat,arjun.bhat5357@example.com,Central,2026-04-06
CUST005358,Aarav,Reddy,aarav.reddy5358@example.com,West,2026-02-17
CUST005359,Anika,Sharma,anika.sharma5359@example.com,Central,2026-06-09
CUST005360,Diya,Sharma,diya.sharma5360@example.com,West,2026-02-19
CUST005361,Aarav,Rao,aarav.rao5361@example.com,Central,2026-02-02
CUST005362,Aditya,Singh,aditya.singh5362@example.com,South,2027-02-16
CUST005363,Sai,Mehta,sai.mehta5363@example.com,West,2027-07-18
CUST005364,Diya,Chowdhury,diya.chowdhury5364@example.com,East,2027-06-24
CUST005365,Aarav,Kapoor,aarav.kapoor5365@example.com,North,2027-04-14
CUST005366,Ishaan,Mehta,ishaan.mehta5366@example.com,South,2027-10-19
CUST005367,Saanvi,Kapoor,saanvi.kapoor5367@example.com,East,2026-04-01
CUST005368,Riya,Rao,riya.rao5368@example.com,North,2027-03-10
CUST005369,Vihaan,Joshi,vihaan.joshi5369@example.com,Central,2027-01-30
CUST005370,Sai,Das,sai.das5370@example.com,West,2027-02-20
CUST005371,Arjun,Sharma,arjun.sharma5371@example.com,Central,2026-02-03
CUST005372,Arjun,Chowdhury,arjun.chowdhury5372@example.com,North,2026-09-03
CUST005373,Vihaan,Singh,vihaan.singh5373@example.com,North,2027-10-13
CUST005374,Riya,Reddy,riya.reddy5374@example.com,East,2026-10-15
CUST005375,Reyansh,Nair,reyansh.nair5375@example.com,Central,2027-01-26
CUST005376,Sai,Kapoor,sai.kapoor5376@example.com,East,2026-12-09
CUST005377,Anika,Bhat,anika.bhat5377@example.com,North,2026-03-25
CUST005378,Aarav,Joshi,aarav.joshi5378@example.com,East,2027-11-09
CUST005379,Arjun,Iyer,arjun.iyer5379@example.com,South,2027-11-05
CUST005380,Reyansh,Patel,reyansh.patel5380@example.com,Central,2026-01-20
CUST005381,Aditya,Bhat,aditya.bhat5381@example.com,South,2026-08-17
CUST005382,Kabir,Reddy,kabir.reddy5382@example.com,North,2026-07-07
CUST005383,Ananya,Mehta,ananya.mehta5383@example.com,West,2027-02-19
CUST005384,Ayaan,Mehta,ayaan.mehta5384@example.com,West,2027-10-27
CUST005385,Aarav,Gupta,aarav.gupta5385@example.com,East,2026-09-06
CUST005386,Ishaan,Gupta,ishaan.gupta5386@example.com,East,2026-02-13
CUST005387,Kabir,Reddy,kabir.reddy5387@example.com,West,2026-09-19
CUST005388,Aditya,Joshi,aditya.joshi5388@example.com,Central,2027-03-27
CUST005389,Ananya,Kapoor,ananya.kapoor5389@example.com,North,2026-09-06
CUST005390,Ananya,Chowdhury,ananya.chowdhury5390@example.com,Central,2027-07-14
CUST005391,Vihaan,Nair,vihaan.nair5391@example.com,Central,2027-04-08
CUST005392,Ayaan,Rao,ayaan.rao5392@example.com,East,2026-10-11
CUST005393,Riya,Gupta,riya.gupta5393@example.com,South,2026-05-11
CUST005394,Riya,Sharma,riya.sharma5394@example.com,West,2027-02-17
CUST005395,Riya,Iyer,riya.iyer5395@example.com,Central,2026-03-17
CUST005396,Kabir,Mehta,kabir.mehta5396@example.com,East,2027-08-04
CUST005397,Sai,Gupta,sai.gupta5397@example.com,North,2026-09-20
CUST005398,Priya,Gupta,priya.gupta5398@example.com,South,2027-02-25
CUST005399,Arjun,Sharma,arjun.sharma5399@example.com,West,2027-03-03
CUST005400,Aditya,Singh,aditya.singh5400@example.com,Central,2027-08-21
CUST005401,Sai,Reddy,sai.reddy5401@example.com,East,2027-01-22
CUST005402,Arjun,Mehta,arjun.mehta5402@example.com,Central,2027-07-16
CUST005403,Reyansh,Nair,reyansh.nair5403@example.com,Central,2027-05-04
CUST005404,Saanvi,Joshi,saanvi.joshi5404@example.com,West,2027-04-07
CUST005405,Sai,Nair,sai.nair5405@example.com,West,2026-01-13
CUST005406,Vihaan,Reddy,vihaan.reddy5406@example.com,East,2027-06-22
CUST005407,Vivaan,Rao,vivaan.rao5407@example.com,East,2027-09-15
CUST005408,Vihaan,Nair,vihaan.nair5408@example.com,South,2027-09-10
CUST005409,Reyansh,Das,reyansh.das5409@example.com,Central,2026-03-28
CUST005410,Arjun,Patel,arjun.patel5410@example.com,North,2026-01-31
CUST005411,Aditya,Iyer,aditya.iyer5411@example.com,East,2026-02-20
CUST005412,Saanvi,Bhat,saanvi.bhat5412@example.com,West,2026-05-31
CUST005413,Aditya,Das,aditya.das5413@example.com,East,2027-10-30
CUST005414,Vivaan,Chowdhury,vivaan.chowdhury5414@example.com,East,2027-08-01
CUST005415,Reyansh,Iyer,reyansh.iyer5415@example.com,North,2026-01-18
CUST005416,Anika,Nair,anika.nair5416@example.com,South,2027-10-13
CUST005417,Anika,Gupta,anika.gupta5417@example.com,North,2027-08-29
CUST005418,Riya,Kapoor,riya.kapoor5418@example.com,East,2027-11-19
CUST005419,Diya,Gupta,diya.gupta5419@example.com,South,2026-10-31
CUST005420,Ishaan,Mehta,ishaan.mehta5420@example.com,South,2026-02-26
CUST005421,Sai,Reddy,sai.reddy5421@example.com,East,2026-08-26
CUST005422,Anika,Patel,anika.patel5422@example.com,West,2027-09-16
CUST005423,Ananya,Rao,ananya.rao5423@example.com,Central,2027-02-15
CUST005424,Vivaan,Kapoor,vivaan.kapoor5424@example.com,East,2027-02-16
CUST005425,Arjun,Bhat,arjun.bhat5425@example.com,North,2026-03-29
CUST005426,Kabir,Reddy,kabir.reddy5426@example.com,North,2027-04-05
CUST005427,Riya,Patel,riya.patel5427@example.com,North,2027-06-23
CUST005428,Ishaan,Singh,ishaan.singh5428@example.com,South,2027-10-30
CUST005429,Diya,Chowdhury,diya.chowdhury5429@example.com,North,2026-11-14
CUST005430,Diya,Singh,diya.singh5430@example.com,East,2026-05-04
CUST005431,Ishaan,Reddy,ishaan.reddy5431@example.com,North,2027-11-04
CUST005432,Anika,Kapoor,anika.kapoor5432@example.com,Central,2026-11-20
CUST005433,Vihaan,Sharma,vihaan.sharma5433@example.com,North,2027-05-24
CUST005434,Anika,Reddy,anika.reddy5434@example.com,South,2026-03-17
CUST005435,Kabir,Sharma,kabir.sharma5435@example.com,South,2027-03-06
CUST005436,Sai,Sharma,sai.sharma5436@example.com,South,2026-12-08
CUST005437,Aditya,Mehta,aditya.mehta5437@example.com,South,2027-06-13
CUST005438,Reyansh,Reddy,reyansh.reddy5438@example.com,West,2026-02-11
CUST005439,Diya,Joshi,diya.joshi5439@example.com,South,2026-10-28
CUST005440,Ananya,Chowdhury,ananya.chowdhury5440@example.com,West,2026-10-21
CUST005441,Aarav,Das,aarav.das5441@example.com,East,2027-05-21
CUST005442,Aarav,Singh,aarav.singh5442@example.com,Central,2027-03-02
CUST005443,Ayaan,Nair,ayaan.nair5443@example.com,North,2026-01-06
CUST005444,Riya,Nair,riya.nair5444@example.com,North,2027-09-15
CUST005445,Anika,Kapoor,anika.kapoor5445@example.com,North,2027-07-25
CUST005446,Aditya,Singh,aditya.singh5446@example.com,South,2027-11-05
CUST005447,Kabir,Verma,kabir.verma5447@example.com,East,2026-12-27
CUST005448,Reyansh,Iyer,reyansh.iyer5448@example.com,North,2027-09-12
CUST005449,Kabir,Rao,kabir.rao5449@example.com,North,2026-12-19
CUST005450,Aditya,Joshi,aditya.joshi5450@example.com,North,2026-11-25
CUST005451,Ananya,Iyer,ananya.iyer5451@example.com,Central,2027-02-06
CUST005452,Ayaan,Mehta,ayaan.mehta5452@example.com,North,2027-02-12
CUST005453,Anika,Chowdhury,anika.chowdhury5453@example.com,West,2026-01-03
CUST005454,Diya,Sharma,diya.sharma5454@example.com,Central,2026-09-09
CUST005455,Diya,Nair,diya.nair5455@example.com,East,2026-05-01
CUST005456,Ananya,Sharma,ananya.sharma5456@example.com,South,2027-09-11
CUST005457,Arjun,Gupta,arjun.gupta5457@example.com,North,2027-07-07
CUST005458,Reyansh,Mehta,reyansh.mehta5458@example.com,West,2027-02-08
CUST005459,Vivaan,Reddy,vivaan.reddy5459@example.com,Central,2027-01-16
CUST005460,Priya,Kapoor,priya.kapoor5460@example.com,East,2027-10-06
CUST005461,Saanvi,Rao,saanvi.rao5461@example.com,Central,2026-01-13
CUST005462,Priya,Nair,priya.nair5462@example.com,South,2027-09-15
CUST005463,Aditya,Bhat,aditya.bhat5463@example.com,West,2026-10-17
CUST005464,Reyansh,Chowdhury,reyansh.chowdhury5464@example.com,South,2026-08-31
CUST005465,Riya,Gupta,riya.gupta5465@example.com,South,2026-02-26
CUST005466,Saanvi,Iyer,saanvi.iyer5466@example.com,East,2026-01-22
CUST005467,Vivaan,Das,vivaan.das5467@example.com,West,2027-05-15
CUST005468,Anika,Sharma,anika.sharma5468@example.com,Central,2026-06-22
CUST005469,Vihaan,Mehta,vihaan.mehta5469@example.com,Central,2026-04-05
CUST005470,Diya,Chowdhury,diya.chowdhury5470@example.com,South,2026-03-22
CUST005471,Reyansh,Kapoor,reyansh.kapoor5471@example.com,South,2027-02-04
CUST005472,Vihaan,Verma,vihaan.verma5472@example.com,East,2027-07-05
CUST005473,Ishaan,Rao,ishaan.rao5473@example.com,North,2026-12-18
CUST005474,Priya,Reddy,priya.reddy5474@example.com,South,2027-11-05
CUST005475,Vihaan,Mehta,vihaan.mehta5475@example.com,West,2026-02-03
CUST005476,Saanvi,Das,saanvi.das5476@example.com,South,2026-05-31
CUST005477,Ishaan,Reddy,ishaan.reddy5477@example.com,Central,2027-04-27
CUST005478,Anika,Singh,anika.singh5478@example.com,East,2027-01-08
CUST005479,Diya,Singh,diya.singh5479@example.com,North,2027-06-29
CUST005480,Reyansh,Verma,reyansh.verma5480@example.com,West,2026-03-07
CUST005481,Priya,Joshi,priya.joshi5481@example.com,North,2027-09-25
CUST005482,Ishaan,Joshi,ishaan.joshi5482@example.com,South,2027-08-14
CUST005483,Riya,Bhat,riya.bhat5483@example.com,West,2027-02-01
CUST005484,Arjun,Chowdhury,arjun.chowdhury5484@example.com,West,2026-07-04
CUST005485,Ishaan,Joshi,ishaan.joshi5485@example.com,Central,2027-01-20
CUST005486,Kabir,Reddy,kabir.reddy5486@example.com,North,2026-05-22
CUST005487,Aditya,Joshi,aditya.joshi5487@example.com,Central,2026-11-05
CUST005488,Arjun,Nair,arjun.nair5488@example.com,West,2027-07-23
CUST005489,Aarav,Reddy,aarav.reddy5489@example.com,West,2027-06-14
CUST005490,Vivaan,Nair,vivaan.nair5490@example.com,North,2027-02-07
CUST005491,Vivaan,Patel,vivaan.patel5491@example.com,West,2026-09-02
CUST005492,Aarav,Nair,aarav.nair5492@example.com,North,2026-05-13
CUST005493,Aditya,Kapoor,aditya.kapoor5493@example.com,West,2026-09-30
CUST005494,Vihaan,Sharma,vihaan.sharma5494@example.com,South,2027-08-24
CUST005495,Vihaan,Gupta,vihaan.gupta5495@example.com,North,2026-08-31
CUST005496,Aarav,Gupta,aarav.gupta5496@example.com,East,2026-05-19
CUST005497,Ananya,Nair,ananya.nair5497@example.com,South,2026-07-24
CUST005498,Kabir,Mehta,kabir.mehta5498@example.com,West,2027-09-04
CUST005499,Ayaan,Chowdhury,ayaan.chowdhury5499@example.com,North,2027-08-12
CUST005500,Sai,Patel,sai.patel5500@example.com,North,2026-02-20
CUST005501,Riya,Sharma,riya.sharma5501@example.com,South,2027-04-20
CUST005502,Anika,Bhat,anika.bhat5502@example.com,East,2027-11-09
CUST005503,Ananya,Das,ananya.das5503@example.com,East,2027-10-08
CUST005504,Arjun,Sharma,arjun.sharma5504@example.com,East,2026-10-20
CUST005505,Diya,Joshi,diya.joshi5505@example.com,East,2026-12-04
CUST005506,Aditya,Verma,aditya.verma5506@example.com,Central,2026-01-17
CUST005507,Vihaan,Joshi,vihaan.joshi5507@example.com,Central,2027-09-02
CUST005508,Kabir,Kapoor,kabir.kapoor5508@example.com,East,2027-06-27
CUST005509,Diya,Bhat,diya.bhat5509@example.com,East,2026-12-05
CUST005510,Priya,Gupta,priya.gupta5510@example.com,South,2027-09-04
CUST005511,Arjun,Verma,arjun.verma5511@example.com,West,2027-09-24
CUST005512,Vivaan,Nair,vivaan.nair5512@example.com,West,2027-01-25
CUST005513,Ayaan,Das,ayaan.das5513@example.com,West,2026-04-16
CUST005514,Arjun,Iyer,arjun.iyer5514@example.com,Central,2027-03-10
CUST005515,Saanvi,Sharma,saanvisharma.com,West,2027-10-18
CUST005516,Riya,Bhat,riya.bhat5516@example.com,West,2026-01-17
CUST005517,Reyansh,Nair,reyansh.nair5517@example.com,North,2027-01-10
CUST005518,Kabir,Sharma,kabir.sharma5518@example.com,North,2027-01-19
CUST005519,Aarav,Verma,aarav.verma5519@example.com,West,2026-08-24
CUST005520,Aditya,Patel,aditya.patel5520@example.com,West,2026-04-07
CUST005521,Riya,Sharma,riya.sharma5521@example.com,East,2027-06-24
CUST005522,Vivaan,Nair,vivaan.nair5522@example.com,South,2026-07-03
CUST005523,Diya,Verma,diya.verma5523@example.com,South,2026-09-09
CUST005524,Ishaan,Iyer,ishaan.iyer5524@example.com,West,2027-08-04
CUST005525,Vivaan,Joshi,vivaan.joshi5525@example.com,West,2026-09-28
CUST005526,Reyansh,Verma,reyansh.verma5526@example.com,East,2027-04-24
CUST005527,Vivaan,Nair,vivaan.nair5527@example.com,West,2026-05-07
CUST005528,Aditya,Das,aditya.das5528@example.com,Central,2027-10-15
CUST005529,Priya,Patel,priya.patel5529@example.com,East,2027-02-19
CUST005530,Reyansh,Patel,reyansh.patel5530@example.com,East,2027-02-02
CUST005531,Ayaan,Reddy,ayaan.reddy5531@example.com,East,2027-09-14
CUST005532,Ananya,Kapoor,ananya.kapoor5532@example.com,Central,2027-04-17
CUST005533,Aarav,Nair,aarav.nair5533@example.com,West,2026-02-20
CUST005534,Ayaan,Joshi,ayaan.joshi5534@example.com,West,2027-05-01
CUST005535,Ananya,Reddy,ananya.reddy5535@example.com,North,2027-10-20
CUST005536,Sai,Gupta,sai.gupta5536@example.com,North,2027-09-10
CUST005537,Riya,Singh,riya.singh5537@example.com,South,2026-08-11
CUST005538,Arjun,Joshi,arjun.joshi5538@example.com,Central,2027-05-06
CUST005539,Arjun,Reddy,arjun.reddy5539@example.com,Central,2027-02-19
CUST005540,Ananya,Sharma,ananya.sharma@@mail,Central,2026-05-17
CUST005541,Ayaan,Das,ayaan.das5541@example.com,South,2027-02-09
CUST005542,Priya,Mehta,priya.mehta5542@example.com,Central,2027-10-31
CUST005543,Ananya,Gupta,ananya.gupta5543@example.com,West,2027-04-30
CUST005544,Sai,Reddy,sai.reddy5544@example.com,Central,2026-12-13
CUST005545,Arjun,Sharma,arjun.sharma5545@example.com,South,2026-09-02
CUST005546,Aarav,Mehta,aarav.mehta5546@example.com,North,2026-09-15
CUST005547,Aditya,Patel,aditya.patel5547@example.com,Central,2026-07-13
CUST005548,Sai,Rao,sai.rao5548@example.com,East,2026-10-28
CUST005549,Reyansh,Iyer,reyansh.iyer5549@example.com,West,2027-11-07
CUST005550,Arjun,Bhat,arjun.bhat5550@example.com,Central,2026-01-10
CUST005551,Ishaan,Chowdhury,ishaan.chowdhury5551@example.com,East,2026-03-28
CUST005552,Ananya,Joshi,ananya.joshi5552@example.com,East,2026-05-10
CUST005553,Vivaan,Bhat,vivaan.bhat5553@example.com,West,2026-11-28
CUST005554,Aditya,Reddy,aditya.reddy5554@example.com,Central,2026-08-15
CUST005555,Aarav,Sharma,aarav.sharma5555@example.com,West,2026-10-19
CUST005556,Reyansh,Kapoor,reyansh.kapoor5556@example.com,South,2026-07-08
CUST005557,Arjun,Bhat,arjun.bhat5557@example.com,South,2027-05-20
CUST005558,Saanvi,Singh,saanvi.singh5558@example.com,South,2026-07-28
CUST005559,Riya,Bhat,riya.bhat5559@example.com,Central,2026-02-04
CUST005560,Priya,Bhat,priya.bhat5560@example.com,East,2027-05-05
CUST005561,Saanvi,Sharma,saanvi.sharma5561@example.com,South,2027-07-26
CUST005562,Vivaan,Reddy,vivaan.reddy5562@example.com,West,2026-02-05
CUST005563,Ishaan,Gupta,ishaan.gupta5563@example.com,Central,2027-05-31
CUST005564,Arjun,Kapoor,arjun.kapoor5564@example.com,East,2026-03-28
CUST005565,Anika,Das,anika.das5565@example.com,East,2026-02-24
CUST005566,Anika,Iyer,anika.iyer5566@example.com,North,2027-11-23
CUST005567,Riya,Singh,riya.singh5567@example.com,East,2027-06-03
CUST005568,Riya,Singh,riya.singh5568@example.com,West,2026-05-22
CUST005569,Aarav,Chowdhury,aarav.chowdhury5569@example.com,West,2026-06-13
CUST005570,Vivaan,Reddy,vivaan.reddy5570@example.com,West,2026-07-15
CUST005571,Kabir,Kapoor,kabir.kapoor5571@example.com,West,2026-09-26
CUST005572,Aditya,Iyer,aditya.iyer5572@example.com,Central,2027-04-04
CUST005573,Ishaan,Mehta,ishaan.mehta5573@example.com,West,2027-10-24
CUST005574,Reyansh,Verma,,South,2027-08-25
CUST005575,Anika,Joshi,,Central,2026-10-12
CUST005576,Aditya,Iyer,aditya.iyer5576@example.com,Central,2027-06-03
CUST005577,Vivaan,Mehta,vivaan.mehta5577@example.com,Central,2026-11-19
CUST005578,Aarav,Chowdhury,aarav.chowdhury5578@example.com,East,2027-09-04
CUST005579,Arjun,Chowdhury,arjun.chowdhury5579@example.com,West,2027-03-23
CUST005580,Reyansh,Gupta,reyansh.gupta5580@example.com,South,2026-08-16
CUST005581,Ananya,Bhat,ananya.bhat5581@example.com,West,2026-04-14
CUST005582,Vihaan,Gupta,vihaan.gupta5582@example.com,Central,2027-08-23
CUST005583,Aditya,Kapoor,aditya.kapoor5583@example.com,North,2026-12-04
CUST005584,Diya,Rao,diya.rao5584@example.com,East,2026-08-22
CUST005585,Aarav,Sharma,aarav.sharma5585@example.com,North,2026-07-06
CUST005586,Riya,Joshi,riya.joshi5586@example.com,South,2026-05-21
CUST005587,Diya,Singh,diya.singh5587@example.com,East,2026-06-26
CUST005588,Sai,Nair,sai.nair5588@example.com,West,2027-04-18
CUST005589,Anika,Verma,anika.verma5589@example.com,Central,2027-05-29
CUST005590,Arjun,Bhat,arjun.bhat5590@example.com,South,2026-07-29
CUST005591,Anika,Sharma,anika.sharma5591@example.com,East,2027-11-05
CUST005592,Diya,Verma,diya.verma5592@example.com,West,2027-06-19
CUST005593,Priya,Joshi,priya.joshi5593@example.com,North,2026-07-24
CUST005594,Kabir,Patel,kabir.patel5594@example.com,East,2027-04-24
CUST005595,Ananya,Patel,ananya.patel5595@example.com,North,2027-11-27
CUST005596,Riya,Kapoor,riya.kapoor5596@example.com,West,2027-10-01
CUST005597,Priya,Reddy,priya.reddy5597@example.com,Central,2026-09-05
CUST005598,Saanvi,Gupta,saanvi.gupta5598@example.com,South,2027-02-09
CUST005599,Vivaan,Chowdhury,vivaan.chowdhury5599@example.com,Central,2026-03-02
CUST005600,Arjun,Patel,arjun.patel5600@example.com,North,2027-01-29
CUST005601,Arjun,Sharma,arjun.sharma5601@example.com,North,2027-03-05
CUST005602,Kabir,Bhat,kabir.bhat5602@example.com,East,2027-04-06
CUST005603,Riya,Iyer,riya.iyer5603@example.com,East,2027-05-27
CUST005604,Priya,Nair,priya.nair5604@example.com,East,2027-01-03
CUST005605,Kabir,Verma,kabir.verma5605@example.com,South,2026-09-18
CUST005606,Riya,Iyer,riya.iyer5606@example.com,North,2026-01-08
CUST005607,Priya,Rao,priya.rao5607@example.com,West,2026-12-12
CUST005608,Riya,Das,riya.das5608@example.com,Central,2026-05-16
CUST005609,Vivaan,Nair,vivaan.nair5609@example.com,North,2027-03-01
CUST005610,Kabir,Iyer,kabir.iyer5610@example.com,East,2026-04-20
CUST005611,Sai,Bhat,sai.bhat5611@example.com,East,2026-11-06
CUST005612,Aditya,Das,aditya.das5612@example.com,Central,2027-08-26
CUST005613,Anika,Bhat,anika.bhat5613@example.com,East,2026-01-06
CUST005614,Reyansh,Reddy,reyansh.reddy5614@example.com,Central,2027-02-21
CUST005615,Riya,Sharma,riya.sharma5615@example.com,Central,2026-08-27
CUST005616,Anika,Chowdhury,anika.chowdhury5616@example.com,North,2026-03-07
CUST005617,Aarav,Reddy,aarav.reddy5617@example.com,West,2026-07-18
CUST005618,Diya,Das,diya.das5618@example.com,East,2026-06-07
CUST005619,Riya,Sharma,riya.sharma5619@example.com,South,2026-02-16
CUST005620,Vivaan,Rao,vivaan.rao5620@example.com,Central,2027-07-02
CUST005621,Aarav,Mehta,aarav.mehta5621@example.com,East,2026-03-12
CUST005622,Ananya,Kapoor,ananya.kapoor5622@example.com,Central,2026-01-13
CUST005623,Riya,Kapoor,riya.kapoor5623@example.com,North,2027-09-14
CUST005624,Anika,Chowdhury,anika.chowdhury5624@example.com,Central,2027-05-14
CUST005625,Ananya,Nair,ananya.nair5625@example.com,South,2027-07-23
CUST005626,Vihaan,Reddy,vihaan.reddy5626@example.com,East,2027-02-03
CUST005627,Ananya,Rao,ananya.rao5627@example.com,North,2026-11-02
CUST005628,Vivaan,Singh,vivaan.singh5628@example.com,South,2026-12-29
CUST005629,Anika,Iyer,anika.iyer5629@example.com,Central,2026-01-15
CUST005630,Ishaan,Singh,ishaan.singh5630@example.com,South,2027-08-10
CUST005631,Aarav,Bhat,aarav.bhat5631@example.com,East,2027-08-22
CUST005632,Vivaan,Gupta,vivaan.gupta5632@example.com,West,2026-01-02
CUST005633,Ananya,Iyer,ananya.iyer5633@example.com,South,2027-10-29
CUST005634,Ayaan,Verma,ayaan.verma5634@example.com,East,2027-06-28
CUST005635,Arjun,Nair,arjun.nair5635@example.com,Central,2026-10-15
CUST005636,Aarav,Singh,aarav.singh@@mail,East,2026-06-07
CUST005637,Ayaan,Verma,ayaan.verma5637@example.com,Central,2027-03-27
CUST005638,Anika,Iyer,anika.iyer5638@example.com,Central,2027-03-24
CUST005639,Kabir,Mehta,kabir.mehta5639@example.com,East,2026-04-27
CUST005640,Diya,Verma,diya.verma5640@example.com,Central,2027-03-12
CUST005641,Sai,Reddy,sai.reddy5641@example.com,North,2027-05-28
CUST005642,Arjun,Chowdhury,arjun.chowdhury5642@example.com,Central,2026-11-24
CUST005643,Priya,Joshi,priya.joshi5643@example.com,Central,2026-10-11
CUST005644,Riya,Gupta,riya.gupta5644@example.com,South,2027-10-25
CUST005645,Sai,Bhat,sai.bhat5645@example.com,West,2026-02-01
CUST005646,Kabir,Joshi,kabir.joshi5646@example.com,Central,2027-01-21
CUST005647,Ananya,Gupta,ananya.gupta5647@example.com,West,2027-03-07
CUST005648,Diya,Bhat,diya.bhat5648@example.com,Central,2026-08-03
CUST005649,Saanvi,Reddy,saanvi.reddy5649@example.com,North,2027-01-29
CUST005650,Sai,Chowdhury,sai.chowdhury5650@example.com,Central,2026-08-07
CUST005651,Aditya,Nair,aditya.nair5651@example.com,North,2027-06-27
CUST005652,Saanvi,Rao,saanvi.rao5652@example.com,Central,2026-06-03
CUST005653,Arjun,Bhat,arjun.bhat5653@example.com,West,2027-01-06
CUST005654,Diya,Patel,diya.patel5654@example.com,Central,2027-07-16
CUST005655,Aarav,Bhat,aarav.bhat5655@example.com,West,2026-06-06
CUST005656,Arjun,Singh,arjun.singh5656@example.com,South,2026-08-14
CUST005657,Anika,Verma,anika.verma5657@example.com,West,2027-10-02
CUST005658,Aarav,Gupta,aarav.gupta5658@example.com,South,2026-08-22
CUST005659,Vivaan,Sharma,vivaan.sharma5659@example.com,West,2026-11-20
CUST005660,Saanvi,Sharma,saanvi.sharma5660@example.com,Central,2026-10-15
CUST005661,Saanvi,Mehta,saanvi.mehta5661@example.com,East,2026-09-23
CUST005662,Saanvi,Patel,saanvi.patel5662@example.com,West,2026-11-18
CUST005663,Reyansh,Mehta,reyansh.mehta5663@example.com,Central,2026-03-21
CUST005664,Vivaan,Chowdhury,vivaan.chowdhury5664@example.com,West,2026-08-04
CUST005665,Aditya,Nair,aditya.nair5665@example.com,Central,2026-03-08
CUST005666,Anika,Mehta,anika.mehta5666@example.com,North,2027-07-26
CUST005667,Diya,Nair,diya.nair5667@example.com,Central,2027-09-16
CUST005668,Priya,Gupta,priya.gupta5668@example.com,West,2027-07-18
CUST005669,Ananya,Rao,ananya.rao5669@example.com,Central,2027-03-30
CUST005670,Reyansh,Rao,reyansh.rao5670@example.com,North,2026-06-09
CUST005671,Anika,Patel,anika.patel5671@example.com,North,2026-06-04
CUST005672,Priya,Kapoor,priya.kapoor5672@example.com,North,2026-07-04
CUST005673,Aarav,Kapoor,aarav.kapoor5673@example.com,East,2026-04-01
CUST005674,Vihaan,Gupta,vihaan.gupta5674@example.com,Central,2027-10-25
CUST005675,Priya,Chowdhury,priya.chowdhury5675@example.com,North,2027-06-08
CUST005676,Aarav,Kapoor,aarav.kapoor5676@example.com,West,2026-01-08
CUST005677,Priya,Joshi,priya.joshi5677@example.com,Central,2026-02-07
CUST005678,Vivaan,Singh,vivaan.singh5678@example.com,Central,2026-05-16
CUST005679,Anika,Das,anika.das5679@example.com,South,2027-08-27
CUST005680,Arjun,Patel,arjun.patel5680@example.com,Central,2027-09-14
CUST005681,Ayaan,Iyer,ayaan.iyer5681@example.com,Central,2027-11-10
CUST005682,Diya,Mehta,diya.mehta5682@example.com,West,2026-02-17
CUST005683,Ishaan,Sharma,ishaan.sharma5683@example.com,West,2027-05-18
CUST005684,Saanvi,Rao,saanvi.rao5684@example.com,Central,2027-02-28
CUST005685,Ayaan,Reddy,ayaan.reddy5685@example.com,East,2026-12-29
CUST005686,Aarav,Das,aarav.das5686@example.com,West,2027-03-29
CUST005687,Vihaan,Das,vihaan.das5687@example.com,South,2027-11-05
CUST005688,Vihaan,Nair,vihaan.nair5688@example.com,East,2026-12-15
CUST005689,Vivaan,Kapoor,vivaan.kapoor5689@example.com,East,2027-03-27
CUST005690,Kabir,Gupta,kabir.gupta5690@example.com,North,2027-06-22
CUST005691,Ayaan,Rao,ayaan.rao5691@example.com,East,2026-10-14
CUST005692,Vivaan,Iyer,vivaan.iyer5692@example.com,East,2027-06-06
CUST005693,Reyansh,Verma,reyansh.verma5693@example.com,North,2026-11-15
CUST005694,Diya,Bhat,diya.bhat5694@example.com,West,2026-02-22
CUST005695,Vihaan,Das,vihaan.das5695@example.com,South,2026-08-21
CUST005696,Ishaan,Chowdhury,ishaan.chowdhury5696@example.com,North,2026-07-23
CUST005697,Saanvi,Verma,saanvi.verma5697@example.com,East,2027-10-05
CUST005698,Aditya,Joshi,aditya.joshi5698@example.com,North,2027-08-20
CUST005699,Saanvi,Bhat,saanvi.bhat5699@example.com,West,2027-09-25
CUST005700,Vivaan,Chowdhury,vivaan.chowdhury5700@example.com,South,2026-08-26
CUST005701,Diya,Das,diya.das5701@example.com,East,2027-01-01
CUST005702,Diya,Iyer,diya.iyer5702@example.com,West,2027-04-30
CUST005703,Diya,Sharma,diya.sharma5703@example.com,South,2027-03-10
CUST005704,Diya,Chowdhury,diya.chowdhury5704@example.com,North,2026-03-09
CUST005705,Reyansh,Gupta,reyansh.gupta5705@example.com,Central,2026-11-23
CUST005706,Reyansh,Das,reyansh.das5706@example.com,West,2027-06-03
CUST005707,Vihaan,Nair,vihaan.nair5707@example.com,Central,2027-05-26
CUST005708,Saanvi,Joshi,saanvi.joshi5708@example.com,South,2027-09-08
CUST005709,Saanvi,Reddy,saanvi.reddy5709@example.com,North,2027-06-06
CUST005710,Reyansh,Joshi,reyansh.joshi5710@example.com,North,2026-05-20
CUST005711,Aditya,Nair,aditya.nair5711@example.com,Central,2027-01-13
CUST005712,Sai,Chowdhury,sai.chowdhury5712@example.com,South,2026-08-21
CUST005713,Diya,Verma,diya.verma5713@example.com,West,2027-01-17
CUST005714,Kabir,Kapoor,kabir.kapoor5714@example.com,East,2027-07-05
CUST005715,Riya,Das,riya.das5715@example.com,West,2026-01-25
CUST005716,Reyansh,Iyer,reyansh.iyer5716@example.com,East,2027-01-29
CUST005717,Ananya,Patel,ananya.patel5717@example.com,South,2026-05-06
CUST005718,Kabir,Rao,kabir.rao5718@example.com,East,2027-10-28
CUST005719,Anika,Iyer,anika.iyer5719@example.com,Central,2026-04-28
CUST005720,Aditya,Singh,aditya.singh5720@example.com,North,2026-12-11
CUST005721,Sai,Bhat,sai.bhat5721@example.com,South,2026-03-20
CUST005722,Vihaan,Patel,vihaan.patel5722@example.com,Central,2027-07-20
CUST005723,Diya,Bhat,diya.bhat5723@example.com,North,2026-08-22
CUST005724,Ananya,Kapoor,ananya.kapoor5724@example.com,West,2027-01-31
CUST005725,Ananya,Chowdhury,ananya.chowdhury5725@example.com,Central,2026-07-28
CUST005726,Saanvi,Iyer,saanvi.iyer5726@example.com,North,2026-05-12
CUST005727,Arjun,Rao,arjun.rao5727@example.com,West,2026-10-23
CUST005728,Ayaan,Reddy,ayaan.reddy5728@example.com,North,2026-06-05
CUST005729,Kabir,Bhat,kabir.bhat5729@example.com,North,2027-08-12
CUST005730,Priya,Joshi,priya.joshi5730@example.com,South,2026-04-30
CUST005731,Reyansh,Patel,reyansh.patel5731@example.com,West,2027-04-09
CUST005732,Vihaan,Mehta,vihaan.mehta5732@example.com,West,2027-03-02
CUST005733,Riya,Verma,riya.verma5733@example.com,North,2026-05-23
CUST005734,Priya,Bhat,priya.bhat5734@example.com,South,2026-10-12
CUST005735,Vivaan,Gupta,vivaan.gupta5735@example.com,South,2026-05-17
CUST005736,Ananya,Mehta,ananya.mehta5736@example.com,Central,2027-07-12
CUST005737,Aditya,Bhat,aditya.bhat5737@example.com,South,2027-03-25
CUST005738,Ayaan,Bhat,ayaan.bhat5738@example.com,West,2027-05-15
CUST005739,Aarav,Verma,aarav.verma5739@example.com,West,2027-04-09
CUST005740,Aditya,Nair,aditya.nair5740@example.com,South,2027-10-13
CUST005741,Ananya,Chowdhury,ananya.chowdhury5741@example.com,West,2026-05-04
CUST005742,Diya,Sharma,diya.sharma5742@example.com,Central,2026-06-18
CUST005743,Ayaan,Das,ayaan.das5743@example.com,East,2026-03-06
CUST005744,Diya,Chowdhury,diya.chowdhury5744@example.com,West,2027-01-05
CUST005745,Diya,Gupta,diya.gupta5745@example.com,West,2026-02-23
CUST005746,Priya,Reddy,priya.reddy5746@example.com,West,2026-05-12
CUST005747,Reyansh,Verma,reyansh.verma5747@example.com,Central,2027-08-22
CUST005748,Priya,Bhat,priya.bhat5748@example.com,Central,2027-10-11
CUST005749,Kabir,Mehta,kabir.mehta5749@example.com,South,2027-10-17
CUST005750,Anika,Kapoor,anika.kapoor5750@example.com,West,2027-01-20
CUST005751,Aditya,Iyer,aditya.iyer5751@example.com,Central,2026-02-16
CUST005752,Reyansh,Bhat,reyansh.bhat5752@example.com,Central,2026-11-28
CUST005753,Sai,Joshi,sai.joshi5753@example.com,East,2026-12-18
CUST005754,Reyansh,Chowdhury,reyansh.chowdhury5754@example.com,East,2026-10-23
CUST005755,Priya,Singh,priya.singh5755@example.com,South,2026-07-04
CUST005756,Ayaan,Mehta,ayaan.mehta5756@example.com,North,2026-11-04
CUST005757,Ayaan,Reddy,ayaan.reddy5757@example.com,North,2026-09-16
CUST005758,Ananya,Patel,ananya.patel5758@example.com,North,2027-01-18
CUST005759,Diya,Mehta,diya.mehta5759@example.com,South,2026-06-02
CUST005760,Aditya,Verma,aditya.verma5760@example.com,East,2027-08-26
CUST005761,Saanvi,Mehta,saanvi.mehta5761@example.com,East,2026-08-07
CUST005762,Arjun,Chowdhury,arjun.chowdhury5762@example.com,North,2026-10-24
CUST005763,Ishaan,Iyer,ishaan.iyer5763@example.com,South,2027-03-28
CUST005764,Riya,Patel,riya.patel5764@example.com,North,2027-06-11
CUST005765,Vivaan,Joshi,vivaan.joshi5765@example.com,Central,2027-01-18
CUST005766,Vivaan,Sharma,vivaan.sharma5766@example.com,North,2027-07-03
CUST005767,Ayaan,Verma,ayaan.verma5767@example.com,East,2026-07-31
CUST005768,Aditya,Nair,aditya.nair5768@example.com,North,2026-03-08
CUST005769,Ayaan,Patel,ayaan.patel5769@example.com,West,2027-07-02
CUST005770,Sai,Kapoor,sai.kapoor5770@example.com,North,2026-01-16
CUST005771,Aditya,Rao,aditya.rao5771@example.com,West,2026-04-10
CUST005772,Priya,Kapoor,priya.kapoor5772@example.com,Central,2026-11-24
CUST005773,Diya,Gupta,diya.gupta5773@example.com,East,2027-04-11
CUST005774,Riya,Kapoor,riya.kapoor5774@example.com,Central,2027-10-30
CUST005775,Arjun,Chowdhury,arjun.chowdhury5775@example.com,West,2027-08-16
CUST005776,Reyansh,Reddy,reyansh.reddy5776@example.com,North,2027-01-17
CUST005777,Sai,Joshi,sai.joshi5777@example.com,South,2026-01-13
CUST005778,Vivaan,Sharma,vivaan.sharma5778@example.com,South,2026-07-19
CUST005779,Sai,Rao,sai.rao5779@example.com,West,2026-12-10
CUST005780,Ishaan,Bhat,ishaan.bhat5780@example.com,North,2027-11-23
CUST005781,Arjun,Gupta,arjun.gupta5781@example.com,East,2026-04-08
CUST005782,Diya,Das,diya.das5782@example.com,South,2026-01-28
CUST005783,Riya,Singh,riya.singh5783@example.com,North,2026-04-16
CUST005784,Aditya,Iyer,aditya.iyer5784@example.com,East,2027-08-26
CUST005785,Arjun,Sharma,arjun.sharma5785@example.com,North,2027-02-16
CUST005786,Ayaan,Reddy,ayaan.reddy5786@example.com,Central,2026-05-25
CUST005787,Arjun,Chowdhury,arjun.chowdhury5787@example.com,South,2026-10-12
CUST005788,Vivaan,Nair,vivaan.nair5788@example.com,South,2027-08-25
CUST005789,Sai,Kapoor,sai.kapoor5789@example.com,South,2026-02-18
CUST005790,Priya,Gupta,priya.gupta5790@example.com,North,2026-04-08
CUST005791,Vivaan,Chowdhury,vivaan.chowdhury5791@example.com,North,2026-04-27
CUST005792,Ananya,Rao,ananya.rao5792@example.com,East,2026-08-03
CUST005793,Vihaan,Reddy,vihaan.reddy5793@example.com,South,2027-10-20
CUST005794,Kabir,Gupta,kabir.gupta5794@example.com,Central,2027-01-23
CUST005795,Reyansh,Gupta,reyansh.gupta5795@example.com,South,2027-09-05
CUST005796,Ishaan,Chowdhury,ishaan.chowdhury5796@example.com,West,2027-11-27
CUST005797,Ishaan,Gupta,ishaan.gupta5797@example.com,South,2026-11-08
CUST005798,Priya,Iyer,priya.iyer5798@example.com,East,2027-09-17
CUST005799,Riya,Das,riya.das5799@example.com,North,2026-06-27
CUST005800,Riya,Patel,riya.patel5800@example.com,South,2026-10-02
CUST005801,Vivaan,Joshi,vivaan.joshi5801@example.com,Central,2027-01-01
CUST005802,Riya,Das,riya.das5802@example.com,West,2027-10-14
CUST005803,Ayaan,Iyer,ayaan.iyer5803@example.com,Central,2027-07-18
CUST005804,Kabir,Gupta,kabir.gupta5804@example.com,Central,2027-04-29
CUST005805,Kabir,Patel,kabir.patel5805@example.com,North,2026-12-09
CUST005806,Priya,Patel,priya.patel5806@example.com,East,2026-12-07
CUST005807,Aditya,Iyer,aditya.iyer5807@example.com,West,2027-02-04
CUST005808,Kabir,Das,kabir.das5808@example.com,South,2027-10-17
CUST005809,Vivaan,Mehta,vivaan.mehta5809@example.com,West,2027-03-03
CUST005810,Vihaan,Iyer,vihaan.iyer5810@example.com,West,2027-01-14
CUST005811,Ayaan,Patel,ayaan.patel5811@example.com,Central,2027-01-15
CUST005812,Diya,Bhat,diya.bhat5812@example.com,West,2026-10-05
CUST005813,Riya,Joshi,riya.joshi5813@example.com,East,2027-11-14
CUST005814,Ishaan,Reddy,ishaan.reddy5814@example.com,Central,2027-08-18
CUST005815,Arjun,Das,arjun.das5815@example.com,Central,2027-07-19
CUST005816,Ayaan,Gupta,ayaan.gupta5816@example.com,East,2026-07-27
CUST005817,Anika,Bhat,anika.bhat5817@example.com,Central,2026-06-04
CUST005818,Vihaan,Nair,vihaan.nair5818@example.com,West,2026-03-25
CUST005819,Saanvi,Chowdhury,saanvi.chowdhury5819@example.com,West,2026-07-21
CUST005820,Ayaan,Nair,ayaan.nair5820@example.com,East,2026-08-06
CUST005821,Riya,Rao,riyarao.com,Central,2027-03-16
CUST005822,Aarav,Patel,aarav.patel5822@example.com,North,2027-02-07
CUST005823,Arjun,Iyer,arjun.iyer5823@example.com,Central,2027-04-27
CUST005824,Ayaan,Mehta,ayaan.mehta5824@example.com,Central,2027-07-14
CUST005825,Aditya,Patel,aditya.patel5825@example.com,North,2026-12-29
CUST005826,Aditya,Verma,aditya.verma5826@example.com,West,2027-06-12
CUST005827,Reyansh,Joshi,reyansh.joshi5827@example.com,West,2026-04-01
CUST005828,Ayaan,Sharma,ayaan.sharma5828@example.com,West,2026-08-02
CUST005829,Arjun,Patel,arjun.patel5829@example.com,North,2027-04-28
CUST005830,Aarav,Verma,aarav.verma5830@example.com,East,2027-07-04
CUST005831,Riya,Chowdhury,riya.chowdhury5831@example.com,West,2027-07-22
CUST005832,Arjun,Patel,arjun.patel5832@example.com,East,2027-08-11
CUST005833,Vihaan,Gupta,vihaan.gupta5833@example.com,North,2026-10-20
CUST005834,Reyansh,Mehta,reyansh.mehta5834@example.com,East,2027-03-29
CUST005835,Sai,Nair,sai.nair5835@example.com,East,2026-05-28
CUST005836,Sai,Patel,sai.patel5836@example.com,East,2026-12-19
CUST005837,Reyansh,Bhat,reyansh.bhat5837@example.com,South,2027-09-05
CUST005838,Saanvi,Gupta,saanvi.gupta5838@example.com,Central,2027-08-26
CUST005839,Diya,Sharma,diya.sharma5839@example.com,South,2027-02-09
CUST005840,Ananya,Rao,ananya.rao5840@example.com,North,2027-11-15
CUST005841,Sai,Kapoor,sai.kapoor5841@example.com,West,2027-01-28
CUST005842,Saanvi,Verma,saanvi.verma5842@example.com,Central,2027-02-24
CUST005843,Aarav,Patel,aarav.patel5843@example.com,Central,2026-08-18
CUST005844,Ishaan,Reddy,ishaan.reddy5844@example.com,Central,2026-04-24
CUST005845,Vihaan,Patel,vihaan.patel5845@example.com,North,2026-06-23
CUST005846,Aarav,Verma,aarav.verma5846@example.com,West,2026-09-10
CUST005847,Ananya,Joshi,ananya.joshi5847@example.com,Central,2026-02-04
CUST005848,Reyansh,Reddy,reyansh.reddy5848@example.com,South,2026-10-06
CUST005849,Reyansh,Singh,reyansh.singh5849@example.com,West,2027-05-09
CUST005850,Reyansh,Kapoor,reyansh.kapoor5850@example.com,East,2027-07-01
CUST005851,Diya,Sharma,diya.sharma5851@example.com,Central,2027-07-13
CUST005852,Aditya,Joshi,aditya.joshi5852@example.com,North,2026-03-14
CUST005853,Anika,Mehta,anika.mehta5853@example.com,South,2026-02-08
CUST005854,Ananya,Bhat,ananya.bhat5854@example.com,Central,2026-04-04
CUST005855,Priya,Sharma,priya.sharma5855@example.com,East,2027-08-16
CUST005856,Aditya,Das,aditya.das5856@example.com,North,2026-02-18
CUST005857,Sai,Bhat,sai.bhat5857@example.com,North,2026-06-04
CUST005858,Riya,Chowdhury,riya.chowdhury5858@example.com,West,2026-05-02
CUST005859,Vivaan,Joshi,vivaan.joshi5859@example.com,North,2027-09-28
CUST005860,Vivaan,Reddy,vivaan.reddy5860@example.com,East,2026-05-28
CUST005861,Reyansh,Iyer,reyansh.iyer5861@example.com,Central,2026-12-04
CUST005862,Ananya,Bhat,ananya.bhat5862@example.com,South,2026-03-03
CUST005863,Ishaan,Reddy,ishaan.reddy5863@example.com,North,2027-03-12
CUST005864,Anika,Mehta,anika.mehta5864@example.com,North,2027-05-13
CUST005865,Vihaan,Reddy,vihaan.reddy5865@example.com,Central,2027-01-27
CUST005866,Aditya,Nair,aditya.nair5866@example.com,West,2026-04-12
CUST005867,Anika,Verma,anika.verma5867@example.com,South,2026-05-19
CUST005868,Diya,Bhat,diya.bhat5868@example.com,North,2026-05-19
CUST005869,Saanvi,Kapoor,saanvi.kapoor5869@example.com,North,2026-06-15
CUST005870,Aditya,Iyer,aditya.iyer5870@example.com,North,2026-05-03
CUST005871,Saanvi,Chowdhury,saanvi.chowdhury5871@example.com,East,2026-11-21
CUST005872,Anika,Bhat,anika.bhat5872@example.com,North,2027-09-15
CUST005873,Riya,Singh,riya.singh5873@example.com,Central,2027-01-13
CUST005874,Priya,Iyer,priya.iyer5874@example.com,West,2026-07-12
CUST005875,Aditya,Reddy,aditya.reddy5875@example.com,Central,2026-03-23
CUST005876,Anika,Iyer,anika.iyer5876@example.com,Central,2026-04-24
CUST005877,Priya,Verma,priya.verma5877@example.com,Central,2026-10-21
CUST005878,Ayaan,Kapoor,ayaan.kapoor5878@example.com,South,2026-05-02
CUST005879,Diya,Bhat,diya.bhat5879@example.com,North,2026-03-19
CUST005880,Aditya,Bhat,aditya.bhat5880@example.com,East,2026-08-12
CUST005881,Vivaan,Patel,vivaan.patel5881@example.com,Central,2027-11-11
CUST005882,Sai,Patel,saipatelgmail.com,West,2027-07-16
CUST005883,Kabir,Nair,kabir.nair5883@example.com,South,2026-11-27
CUST005884,Anika,Joshi,anika.joshi5884@example.com,East,2026-03-18
CUST005885,Arjun,Kapoor,arjun.kapoor5885@example.com,East,2026-10-17
CUST005886,Aditya,Bhat,aditya.bhat5886@example.com,West,2027-08-21
CUST005887,Ananya,Rao,ananya.rao5887@example.com,Central,2027-01-03
CUST005888,Priya,Mehta,priya.mehta5888@example.com,East,2027-06-03
CUST005889,Ayaan,Sharma,ayaan.sharma5889@example.com,North,2027-01-14
CUST005890,Ishaan,Patel,ishaan.patel5890@example.com,West,2026-12-23
CUST005891,Reyansh,Nair,reyansh.nair5891@example.com,East,2027-06-01
CUST005892,Arjun,Chowdhury,arjun.chowdhury5892@example.com,South,2027-04-05
CUST005893,Aditya,Singh,aditya.singh5893@example.com,South,2027-02-04
CUST005894,Arjun,Das,arjun.das5894@example.com,East,2027-02-19
CUST005895,Aarav,Iyer,aarav.iyer5895@example.com,West,2026-01-09
CUST005896,Aarav,Kapoor,aarav.kapoor5896@example.com,North,2026-03-26
CUST005897,Ananya,Verma,ananya.verma5897@example.com,South,2026-01-06
CUST005898,Riya,Chowdhury,riya.chowdhury5898@example.com,South,2026-09-24
CUST005899,Saanvi,Das,saanvi.das5899@example.com,North,2026-01-06
CUST005900,Riya,Patel,riya.patel5900@example.com,Central,2027-09-06
CUST005901,Ananya,Das,ananya.das5901@example.com,North,2027-05-13
CUST005902,Arjun,Sharma,arjun.sharma5902@example.com,West,2027-02-22
CUST005903,Reyansh,Rao,reyansh.rao5903@example.com,North,2026-05-05
CUST005904,Sai,Gupta,sai.gupta5904@example.com,South,2026-05-27
CUST005905,Arjun,Gupta,arjun.gupta5905@example.com,South,2027-07-24
CUST005906,Diya,Sharma,diya.sharma5906@example.com,Central,2026-10-12
CUST005907,Ishaan,Chowdhury,ishaan.chowdhury5907@example.com,South,2027-06-23
CUST005908,Kabir,Mehta,kabir.mehta5908@example.com,Central,2027-09-02
CUST005909,Vivaan,Sharma,vivaan.sharma5909@example.com,East,2026-04-05
CUST005910,Ananya,Singh,ananya.singh5910@example.com,Central,2026-04-29
CUST005911,Kabir,Bhat,kabir.bhat5911@example.com,North,2026-04-29
CUST005912,Kabir,Kapoor,kabir.kapoor5912@example.com,North,2026-11-18
CUST005913,Ishaan,Das,ishaan.das5913@example.com,West,2026-05-30
CUST005914,Arjun,Bhat,arjun.bhat5914@example.com,North,2027-03-24
CUST005915,Vihaan,Kapoor,vihaan.kapoor5915@example.com,East,2027-05-17
CUST005916,Vivaan,Mehta,vivaan.mehta5916@example.com,West,2027-06-21
CUST005917,Aarav,Gupta,aarav.gupta5917@example.com,Central,2026-01-18
CUST005918,Aarav,Bhat,aarav.bhat5918@example.com,East,2026-04-15
CUST005919,Diya,Bhat,diya.bhat5919@example.com,East,2026-09-06
CUST005920,Aditya,Mehta,aditya.mehta5920@example.com,East,2026-05-10
CUST005921,Vihaan,Bhat,vihaan.bhat5921@example.com,East,2026-10-22
CUST005922,Riya,Das,riya.das5922@example.com,West,2026-10-22
CUST005923,Arjun,Rao,arjun.rao5923@example.com,North,2026-06-29
CUST005924,Ayaan,Sharma,ayaan.sharma5924@example.com,West,2026-08-16
CUST005925,Anika,Bhat,anika.bhat5925@example.com,Central,2027-10-20
CUST005926,Ayaan,Singh,,Central,2026-04-29
CUST005927,Vihaan,Reddy,vihaan.reddy5927@example.com,Central,2027-04-01
CUST005928,Ayaan,Chowdhury,ayaan.chowdhury5928@example.com,West,2027-09-03
CUST005929,Aarav,Nair,aarav.nair5929@example.com,East,2027-07-20
CUST005930,Kabir,Bhat,kabir.bhat5930@example.com,West,2027-01-17
CUST005931,Diya,Joshi,diyajoshigmail.com,Central,2026-10-12
CUST005932,Aarav,Chowdhury,aarav.chowdhury5932@example.com,West,2027-09-10
CUST005933,Vivaan,Joshi,vivaan.joshi5933@example.com,East,2027-01-03
CUST005934,Riya,Sharma,riya.sharma5934@example.com,West,2026-03-10
CUST005935,Priya,Nair,priya.nair5935@example.com,West,2027-04-16
CUST005936,Ayaan,Singh,ayaan.singh5936@example.com,East,2027-01-16
CUST005937,Vivaan,Verma,vivaan.verma5937@example.com,West,2026-11-22
CUST005938,Saanvi,Patel,saanvi.patel5938@example.com,North,2026-08-17
CUST005939,Aditya,Iyer,aditya.iyer5939@example.com,Central,2027-07-20
CUST005940,Arjun,Nair,arjun.nair5940@example.com,South,2027-10-13
CUST005941,Ananya,Reddy,ananya.reddy5941@example.com,West,2027-02-13
CUST005942,Sai,Kapoor,sai.kapoor5942@example.com,Central,2027-02-12
CUST005943,Ananya,Iyer,ananya.iyer5943@example.com,West,2027-05-26
CUST005944,Ishaan,Das,ishaan.das5944@example.com,North,2027-06-29
CUST005945,Sai,Reddy,sai.reddy5945@example.com,South,2026-09-14
CUST005946,Reyansh,Iyer,reyansh.iyer5946@example.com,Central,2026-01-05
CUST005947,Ananya,Verma,ananya.verma5947@example.com,West,2026-05-10
CUST005948,Vihaan,Joshi,vihaanjoshi.com,East,2026-09-10
CUST005949,Vihaan,Nair,vihaan.nair5949@example.com,Central,2026-12-13
CUST005950,Saanvi,Iyer,saanvi.iyer5950@example.com,Central,2026-01-30
CUST005951,Sai,Chowdhury,sai.chowdhury5951@example.com,West,2027-07-31
CUST005952,Aarav,Gupta,aarav.gupta5952@example.com,East,2026-06-18
CUST005953,Saanvi,Sharma,saanvi.sharma5953@example.com,South,2026-08-07
CUST005954,Arjun,Mehta,arjun.mehta5954@example.com,East,2027-11-23
CUST005955,Diya,Nair,diya.nair5955@example.com,South,2026-08-16
CUST005956,Ishaan,Kapoor,ishaan.kapoor5956@example.com,Central,2026-05-23
CUST005957,Priya,Reddy,priya.reddy5957@example.com,North,2026-10-14
CUST005958,Arjun,Mehta,arjun.mehta5958@example.com,West,2027-02-06
CUST005959,Aditya,Singh,aditya.singh5959@example.com,South,2026-04-12
CUST005960,Diya,Gupta,diya.gupta5960@example.com,Central,2026-05-23
CUST005961,Aarav,Iyer,aarav.iyer5961@example.com,North,2027-02-22
CUST005962,Sai,Bhat,sai.bhat5962@example.com,North,2027-01-03
CUST005963,Sai,Bhat,sai.bhat5963@example.com,West,2027-01-27
CUST005964,Reyansh,Singh,reyansh.singh5964@example.com,North,2027-02-10
CUST005965,Arjun,Chowdhury,arjun.chowdhury5965@example.com,East,2026-02-03
CUST005966,Vihaan,Chowdhury,vihaan.chowdhury5966@example.com,South,2027-08-24
CUST005967,Vivaan,Iyer,vivaan.iyer5967@example.com,Central,2027-01-02
CUST005968,Sai,Gupta,sai.gupta5968@example.com,North,2027-03-05
CUST005969,Vivaan,Verma,vivaan.verma5969@example.com,Central,2026-09-03
CUST005970,Ayaan,Reddy,ayaan.reddy5970@example.com,East,2027-09-26
CUST005971,Anika,Mehta,anika.mehta5971@example.com,West,2026-03-28
CUST005972,Vivaan,Sharma,vivaan.sharma5972@example.com,North,2027-10-24
CUST005973,Sai,Joshi,sai.joshi5973@example.com,Central,2027-10-26
CUST005974,Riya,Verma,riya.verma5974@example.com,West,2026-05-30
CUST005975,Ishaan,Patel,ishaan.patel5975@example.com,East,2027-05-20
CUST005976,Kabir,Nair,kabir.nair5976@example.com,Central,2026-11-13
CUST005977,Saanvi,Mehta,saanvi.mehta5977@example.com,Central,2026-05-27
CUST005978,Aarav,Iyer,aaraviyer.com,South,2026-05-20
CUST005979,Aditya,Patel,aditya.patel5979@example.com,West,2027-04-22
CUST005980,Aditya,Iyer,aditya.iyer5980@example.com,East,2027-01-21
CUST005981,Saanvi,Joshi,saanvi.joshi5981@example.com,East,2026-09-08
CUST005982,Aarav,Das,aarav.das5982@example.com,North,2027-09-22
CUST005983,Kabir,Reddy,kabir.reddy5983@example.com,Central,2026-04-17
CUST005984,Saanvi,Singh,saanvi.singh5984@example.com,West,2027-03-07
CUST005985,Ishaan,Sharma,ishaan.sharma5985@example.com,East,2026-07-01
CUST005986,Anika,Kapoor,anika.kapoor5986@example.com,West,2026-03-10
CUST005987,Aarav,Das,aarav.das5987@example.com,Central,2026-06-13
CUST005988,Aditya,Chowdhury,aditya.chowdhury5988@example.com,East,2027-05-04
CUST005989,Vivaan,Patel,vivaan.patel5989@example.com,North,2027-10-02
CUST005990,Arjun,Gupta,arjun.gupta5990@example.com,South,2026-03-12
CUST005991,Priya,Singh,priya.singh5991@example.com,Central,2027-11-28
CUST005992,Aarav,Patel,aarav.patel5992@example.com,West,2027-10-10
CUST005993,Reyansh,Nair,reyansh.nair5993@example.com,South,2026-05-19
CUST005994,Reyansh,Kapoor,reyansh.kapoor5994@example.com,West,2026-05-07
CUST005995,Kabir,Mehta,kabir.mehta5995@example.com,South,2026-03-15
CUST005996,Priya,Chowdhury,priya.chowdhury5996@example.com,Central,2026-10-19
CUST005997,Kabir,Patel,kabir.patel5997@example.com,South,2027-05-25
CUST005998,Aditya,Iyer,aditya.iyer5998@example.com,South,2027-09-13
CUST005999,Reyansh,Sharma,reyansh.sharma5999@example.com,North,2026-01-30
CUST006000,Saanvi,Chowdhury,saanvi.chowdhury6000@example.com,East,2026-09-09
CUST006001,Arjun,Chowdhury,arjun.chowdhury6001@example.com,South,2026-03-16
CUST006002,Arjun,Iyer,arjun.iyer6002@example.com,West,2026-12-19
CUST006003,Priya,Patel,priya.patel6003@example.com,Central,2026-08-02
CUST006004,Anika,Das,anika.das6004@example.com,Central,2026-09-22
CUST006005,Anika,Kapoor,anika.kapoor6005@example.com,Central,2026-07-26
CUST006006,Riya,Nair,riya.nair6006@example.com,Central,2026-03-15
CUST006007,Reyansh,Bhat,reyansh.bhat6007@example.com,Central,2026-05-23
CUST006008,Vihaan,Verma,vihaan.verma6008@example.com,East,2027-11-15
CUST006009,Priya,Das,priya.das6009@example.com,East,2026-06-17
CUST006010,Priya,Iyer,priya.iyer6010@example.com,South,2027-03-18
CUST006011,Ayaan,Chowdhury,ayaan.chowdhury6011@example.com,East,2026-03-07
CUST006012,Anika,Gupta,anika.gupta6012@example.com,East,2026-11-20
CUST006013,Ayaan,Das,ayaan.das6013@example.com,South,2027-05-16
CUST006014,Priya,Nair,priya.nair6014@example.com,West,2027-09-21
CUST006015,Riya,Iyer,riya.iyer6015@example.com,Central,2027-03-28
CUST006016,Diya,Mehta,diya.mehta6016@example.com,West,2026-06-13
CUST006017,Ananya,Chowdhury,ananya.chowdhury6017@example.com,Central,2026-10-22
CUST006018,Vihaan,Sharma,vihaan.sharma6018@example.com,East,2027-02-21
CUST006019,Arjun,Nair,arjun.nair6019@example.com,North,2027-02-28
CUST006020,Arjun,Mehta,arjun.mehta6020@example.com,West,2026-12-01
CUST006021,Ishaan,Chowdhury,ishaan.chowdhury6021@example.com,North,2026-05-27
CUST006022,Riya,Das,riya.das6022@example.com,South,2027-04-04
CUST006023,Anika,Gupta,anika.gupta6023@example.com,Central,2026-08-25
CUST006024,Aarav,Mehta,aarav.mehta6024@example.com,West,2027-08-22
CUST006025,Ananya,Kapoor,ananya.kapoor6025@example.com,East,2026-05-22
CUST006026,Arjun,Mehta,arjun.mehta6026@example.com,North,2026-11-05
CUST006027,Kabir,Bhat,kabir.bhat6027@example.com,North,2026-07-10
CUST006028,Reyansh,Iyer,reyansh.iyer6028@example.com,West,2027-04-18
CUST006029,Aarav,Iyer,aarav.iyer6029@example.com,East,2027-05-20
CUST006030,Saanvi,Chowdhury,saanvi.chowdhury6030@example.com,South,2027-01-18
CUST006031,Diya,Joshi,diya.joshi6031@example.com,North,2027-04-15
CUST006032,Reyansh,Reddy,reyansh.reddy6032@example.com,Central,2027-06-27
CUST006033,Aditya,Iyer,aditya.iyer6033@example.com,West,2027-07-23
CUST006034,Ayaan,Reddy,ayaan.reddy6034@example.com,West,2027-10-23
CUST006035,Vivaan,Bhat,vivaan.bhat6035@example.com,Central,2026-10-04
CUST006036,Aditya,Joshi,aditya.joshi6036@example.com,West,2027-05-15
CUST006037,Saanvi,Sharma,saanvi.sharma6037@example.com,West,2026-07-21
CUST006038,Ayaan,Kapoor,ayaan.kapoor6038@example.com,South,2027-06-17
CUST006039,Reyansh,Sharma,reyansh.sharma6039@example.com,North,2026-03-10
CUST006040,Arjun,Sharma,arjun.sharma6040@example.com,North,2027-11-24
CUST006041,Diya,Rao,diya.rao6041@example.com,East,2026-05-10
CUST006042,Ananya,Das,ananya.das6042@example.com,Central,2026-07-28
CUST006043,Reyansh,Patel,reyansh.patel6043@example.com,West,2027-11-23
CUST006044,Priya,Sharma,priya.sharma6044@example.com,Central,2026-06-20
CUST006045,Priya,Singh,priya.singh6045@example.com,North,2026-07-31
CUST006046,Aarav,Chowdhury,aarav.chowdhury6046@example.com,East,2027-10-18
CUST006047,Diya,Bhat,diya.bhat6047@example.com,West,2027-09-06
CUST006048,Aarav,Rao,aarav.rao6048@example.com,East,2027-03-06
CUST006049,Vivaan,Verma,vivaan.verma6049@example.com,South,2026-05-30
CUST006050,Kabir,Das,kabir.das6050@example.com,North,2027-08-01
CUST006051,Kabir,Sharma,kabir.sharma6051@example.com,North,2026-03-21
CUST006052,Ishaan,Iyer,ishaan.iyer6052@example.com,West,2026-04-23
CUST006053,Kabir,Das,kabir.das6053@example.com,Central,2027-10-20
CUST006054,Vivaan,Reddy,vivaan.reddy6054@example.com,Central,2027-06-06
CUST006055,Vivaan,Iyer,vivaan.iyer6055@example.com,East,2027-10-16
CUST006056,Vivaan,Iyer,vivaan.iyer6056@example.com,North,2026-10-06
CUST006057,Aditya,Nair,aditya.nair6057@example.com,West,2027-01-30
CUST006058,Ishaan,Verma,ishaan.verma6058@example.com,South,2026-12-05
CUST006059,Vihaan,Iyer,vihaan.iyer6059@example.com,Central,2027-10-24
CUST006060,Anika,Iyer,anika.iyer6060@example.com,West,2026-11-24
CUST006061,Vivaan,Reddy,vivaan.reddy6061@example.com,North,2027-10-02
CUST006062,Aarav,Verma,aarav.verma6062@example.com,West,2027-06-13
CUST006063,Priya,Iyer,priya.iyer6063@example.com,West,2026-04-23
CUST006064,Saanvi,Rao,saanvi.rao6064@example.com,East,2026-02-06
CUST006065,Vivaan,Gupta,vivaan.gupta6065@example.com,West,2027-11-04
CUST006066,Priya,Bhat,,Central,2027-07-27
CUST006067,Reyansh,Singh,reyansh.singh6067@example.com,North,2027-03-23
CUST006068,Vihaan,Nair,vihaan.nair6068@example.com,Central,2027-02-03
CUST006069,Riya,Verma,riya.verma6069@example.com,North,2027-08-06
CUST006070,Anika,Chowdhury,anika.chowdhury6070@example.com,West,2027-03-26
CUST006071,Reyansh,Kapoor,reyansh.kapoor6071@example.com,South,2026-06-13
CUST006072,Aditya,Singh,aditya.singh6072@example.com,North,2026-11-25
CUST006073,Ishaan,Rao,ishaan.rao6073@example.com,South,2027-01-19
CUST006074,Ananya,Nair,ananya.nair6074@example.com,Central,2026-03-10
CUST006075,Kabir,Patel,kabir.patel6075@example.com,East,2027-03-27
CUST006076,Kabir,Reddy,kabir.reddy6076@example.com,East,2026-09-03
CUST006077,Sai,Iyer,sai.iyer6077@example.com,South,2027-02-02
CUST006078,Arjun,Verma,arjun.verma6078@example.com,West,2027-05-09
CUST006079,Vivaan,Verma,vivaan.verma6079@example.com,East,2027-07-07
CUST006080,Riya,Patel,riya.patel6080@example.com,Central,2027-05-12
CUST006081,Reyansh,Sharma,reyansh.sharma6081@example.com,South,2026-01-07
CUST006082,Ishaan,Reddy,ishaan.reddy6082@example.com,South,2027-04-19
CUST006083,Anika,Das,anika.das6083@example.com,West,2027-03-17
CUST006084,Ayaan,Iyer,ayaan.iyer6084@example.com,East,2026-03-13
CUST006085,Kabir,Das,kabir.das6085@example.com,North,2026-06-18
CUST006086,Arjun,Chowdhury,arjun.chowdhury6086@example.com,Central,2027-01-15
CUST006087,Riya,Verma,riya.verma6087@example.com,South,2026-01-05
CUST006088,Saanvi,Chowdhury,saanvi.chowdhury6088@example.com,South,2026-01-08
CUST006089,Anika,Gupta,anika.gupta6089@example.com,North,2027-10-17
CUST006090,Ayaan,Rao,ayaan.rao6090@example.com,South,2027-05-11
CUST006091,Anika,Singh,anika.singh6091@example.com,North,2026-05-04
CUST006092,Diya,Gupta,diya.gupta6092@example.com,East,2026-05-12
CUST006093,Priya,Reddy,priya.reddy6093@example.com,North,2027-09-10
CUST006094,Aarav,Singh,aarav.singh6094@example.com,North,2026-05-30
CUST006095,Vivaan,Chowdhury,vivaan.chowdhury6095@example.com,South,2026-10-13
CUST006096,Reyansh,Iyer,reyansh.iyer6096@example.com,East,2027-05-16
CUST006097,Vivaan,Nair,vivaan.nair6097@example.com,West,2027-11-10
CUST006098,Anika,Verma,anika.verma6098@example.com,Central,2027-03-14
CUST006099,Anika,Verma,anika.verma6099@example.com,West,2027-01-09
CUST006100,Riya,Nair,riya.nair6100@example.com,West,2027-02-17
CUST006101,Riya,Iyer,riya.iyer6101@example.com,North,2027-09-14
CUST006102,Priya,Rao,priya.rao6102@example.com,South,2026-07-19
CUST006103,Ananya,Sharma,ananya.sharma6103@example.com,North,2027-09-22
CUST006104,Arjun,Gupta,arjun.gupta6104@example.com,East,2026-05-22
CUST006105,Kabir,Reddy,kabir.reddy6105@example.com,West,2027-10-02
CUST006106,Sai,Gupta,sai.gupta6106@example.com,North,2027-08-17
CUST006107,Ananya,Reddy,ananya.reddy6107@example.com,Central,2026-01-14
CUST006108,Aarav,Nair,aarav.nair6108@example.com,East,2027-05-05
CUST006109,Riya,Sharma,riya.sharma6109@example.com,North,2026-12-09
CUST006110,Vihaan,Verma,vihaan.verma6110@example.com,East,2026-02-08
CUST006111,Vivaan,Verma,vivaan.verma6111@example.com,West,2026-06-05
CUST006112,Aarav,Sharma,aarav.sharma6112@example.com,Central,2026-02-03
CUST006113,Priya,Nair,priya.nair6113@example.com,Central,2027-08-09
CUST006114,Ananya,Chowdhury,ananya.chowdhury6114@example.com,West,2026-12-11
CUST006115,Saanvi,Chowdhury,saanvi.chowdhury6115@example.com,Central,2026-07-28
CUST006116,Ishaan,Iyer,ishaan.iyer6116@example.com,Central,2027-05-28
CUST006117,Kabir,Singh,kabir.singh6117@example.com,North,2027-09-07
CUST006118,Vihaan,Iyer,vihaan.iyer6118@example.com,Central,2027-02-17
CUST006119,Aditya,Chowdhury,adityachowdhury.com,West,2026-09-06
CUST006120,Riya,Kapoor,riya.kapoor6120@example.com,West,2026-10-18
CUST006121,Arjun,Sharma,arjun.sharma6121@example.com,South,2026-04-04
CUST006122,Arjun,Chowdhury,arjun.chowdhury6122@example.com,West,2027-03-10
CUST006123,Arjun,Das,arjun.das6123@example.com,Central,2026-05-26
CUST006124,Priya,Rao,priya.rao6124@example.com,East,2026-09-28
CUST006125,Sai,Joshi,sai.joshi6125@example.com,West,2027-11-17
CUST006126,Diya,Sharma,diya.sharma6126@example.com,North,2026-02-05
CUST006127,Arjun,Sharma,,West,2027-11-12
CUST006128,Aditya,Iyer,aditya.iyer6128@example.com,West,2026-01-18
CUST006129,Aditya,Mehta,aditya.mehta6129@example.com,North,2027-07-27
CUST006130,Ananya,Reddy,ananya.reddy6130@example.com,South,2027-05-23
CUST006131,Priya,Kapoor,priya.kapoor6131@example.com,South,2026-02-28
CUST006132,Reyansh,Reddy,reyansh.reddy6132@example.com,East,2027-03-07
CUST006133,Reyansh,Patel,reyansh.patel6133@example.com,Central,2026-07-25
CUST006134,Aditya,Bhat,aditya.bhat6134@example.com,North,2026-02-28
CUST006135,Vivaan,Rao,vivaan.rao6135@example.com,Central,2027-08-26
CUST006136,Aditya,Rao,aditya.rao6136@example.com,West,2027-06-18
CUST006137,Aarav,Das,aarav.das6137@example.com,East,2027-06-29
CUST006138,Sai,Rao,sai.rao6138@example.com,South,2026-12-10
CUST006139,Aditya,Nair,aditya.nair6139@example.com,Central,2027-09-07
CUST006140,Vivaan,Mehta,vivaan.mehta6140@example.com,South,2026-02-20
CUST006141,Ayaan,Kapoor,ayaan.kapoor6141@example.com,West,2027-03-04
CUST006142,Aditya,Reddy,aditya.reddy6142@example.com,West,2027-02-08
CUST006143,Aarav,Rao,aarav.rao6143@example.com,North,2026-05-24
CUST006144,Riya,Rao,riya.rao6144@example.com,North,2026-12-24
CUST006145,Diya,Das,diya.das6145@example.com,West,2026-09-20
CUST006146,Aarav,Chowdhury,aarav.chowdhury6146@example.com,East,2026-08-14
CUST006147,Aditya,Sharma,aditya.sharma6147@example.com,East,2027-11-29
CUST006148,Reyansh,Kapoor,reyansh.kapoor6148@example.com,South,2026-01-09
CUST006149,Riya,Singh,riya.singh6149@example.com,South,2027-09-12
CUST006150,Diya,Gupta,diya.gupta6150@example.com,North,2027-07-26
CUST006151,Vihaan,Joshi,vihaan.joshi6151@example.com,East,2026-05-24
CUST006152,Ayaan,Singh,ayaan.singh6152@example.com,West,2026-12-31
CUST006153,Aarav,Das,aarav.das6153@example.com,North,2027-02-20
CUST006154,Riya,Singh,riya.singh6154@example.com,North,2027-06-06
CUST006155,Anika,Patel,anika.patel6155@example.com,South,2027-11-05
CUST006156,Reyansh,Patel,reyansh.patel6156@example.com,South,2027-03-19
CUST006157,Kabir,Sharma,kabir.sharma6157@example.com,North,2027-11-02
CUST006158,Sai,Singh,sai.singh6158@example.com,West,2026-06-26
CUST006159,Sai,Gupta,sai.gupta6159@example.com,West,2027-03-19
CUST006160,Saanvi,Rao,saanvi.rao6160@example.com,Central,2026-01-12
CUST006161,Reyansh,Singh,reyansh.singh6161@example.com,West,2026-03-29
CUST006162,Ishaan,Gupta,ishaan.gupta6162@example.com,South,2027-07-18
CUST006163,Aarav,Singh,aarav.singh6163@example.com,East,2027-08-18
CUST006164,Ayaan,Das,ayaan.das6164@example.com,East,2027-08-03
CUST006165,Vihaan,Gupta,vihaan.gupta6165@example.com,East,2026-12-16
CUST006166,Anika,Singh,anika.singh6166@example.com,West,2026-06-05
CUST006167,Ishaan,Mehta,ishaan.mehta6167@example.com,West,2027-01-25
CUST006168,Aarav,Rao,aarav.rao6168@example.com,South,2027-07-25
CUST006169,Aarav,Nair,aarav.nair6169@example.com,North,2026-03-16
CUST006170,Vihaan,Das,vihaan.das6170@example.com,West,2026-04-22
CUST006171,Ishaan,Singh,ishaan.singh6171@example.com,Central,2027-08-20
CUST006172,Aditya,Chowdhury,aditya.chowdhury6172@example.com,South,2027-08-28
CUST006173,Priya,Nair,priya.nair6173@example.com,North,2027-07-02
CUST006174,Saanvi,Verma,saanvi.verma6174@example.com,North,2026-11-12
CUST006175,Riya,Sharma,riya.sharma6175@example.com,North,2027-10-30
CUST006176,Vivaan,Sharma,vivaan.sharma6176@example.com,Central,2026-07-08
CUST006177,Ananya,Mehta,ananya.mehta6177@example.com,South,2027-06-20
CUST006178,Anika,Nair,anika.nair6178@example.com,West,2026-02-20
CUST006179,Ayaan,Kapoor,ayaan.kapoor6179@example.com,North,2026-05-25
CUST006180,Reyansh,Sharma,reyansh.sharma6180@example.com,North,2026-04-15
CUST006181,Ishaan,Kapoor,ishaan.kapoor6181@example.com,North,2026-03-07
CUST006182,Priya,Chowdhury,priya.chowdhury6182@example.com,North,2027-05-21
CUST006183,Sai,Mehta,sai.mehta6183@example.com,North,2027-02-16
CUST006184,Kabir,Gupta,kabir.gupta6184@example.com,South,2026-06-15
CUST006185,Reyansh,Patel,reyansh.patel6185@example.com,Central,2026-08-04
CUST006186,Aarav,Patel,aarav.patel6186@example.com,South,2026-02-12
CUST006187,Anika,Kapoor,anika.kapoor6187@example.com,South,2026-01-21
CUST006188,Ananya,Das,ananya.das6188@example.com,South,2027-01-30
CUST006189,Riya,Gupta,riya.gupta6189@example.com,East,2027-08-11
CUST006190,Kabir,Reddy,kabir.reddy6190@example.com,West,2027-10-13
CUST006191,Aarav,Joshi,aarav.joshi6191@example.com,East,2027-05-22
CUST006192,Ananya,Iyer,ananya.iyer6192@example.com,West,2027-11-11
CUST006193,Kabir,Bhat,kabir.bhat6193@example.com,West,2027-11-26
CUST006194,Ananya,Sharma,ananya.sharma6194@example.com,West,2027-07-10
CUST006195,Reyansh,Nair,reyansh.nair6195@example.com,East,2026-09-17
CUST006196,Ayaan,Iyer,ayaan.iyer6196@example.com,East,2026-03-09
CUST006197,Priya,Kapoor,priya.kapoor6197@example.com,West,2027-07-17
CUST006198,Riya,Nair,riya.nair6198@example.com,Central,2026-07-23
CUST006199,Reyansh,Das,reyansh.das6199@example.com,East,2027-07-30
CUST006200,Kabir,Kapoor,kabir.kapoor6200@example.com,Central,2027-03-16
CUST006201,Sai,Chowdhury,sai.chowdhury6201@example.com,West,2027-05-22
CUST006202,Riya,Patel,riyapatel.com,Central,2026-11-17
CUST006203,Arjun,Sharma,arjun.sharma6203@example.com,West,2027-04-30
CUST006204,Anika,Sharma,anika.sharma6204@example.com,Central,2027-09-16
CUST006205,Ayaan,Gupta,ayaan.gupta6205@example.com,West,2027-09-17
CUST006206,Reyansh,Kapoor,reyansh.kapoor6206@example.com,East,2026-11-04
CUST006207,Riya,Mehta,riya.mehta6207@example.com,East,2027-07-03
CUST006208,Kabir,Sharma,kabir.sharma6208@example.com,East,2026-11-23
CUST006209,Kabir,Joshi,kabir.joshi6209@example.com,North,2027-09-03
CUST006210,Ananya,Patel,ananya.patel6210@example.com,West,2026-06-19
CUST006211,Vivaan,Singh,vivaan.singh6211@example.com,South,2026-10-15
CUST006212,Reyansh,Mehta,reyansh.mehta6212@example.com,North,2027-04-24
CUST006213,Ayaan,Bhat,ayaan.bhat6213@example.com,West,2026-05-26
CUST006214,Ishaan,Iyer,ishaan.iyer6214@example.com,East,2027-11-14
CUST006215,Aarav,Reddy,aarav.reddy6215@example.com,Central,2026-01-30
CUST006216,Riya,Gupta,riya.gupta6216@example.com,East,2027-07-27
CUST006217,Vihaan,Nair,vihaannairgmail.com,South,2027-10-14
CUST006218,Diya,Nair,diya.nair6218@example.com,North,2027-11-05
CUST006219,Vihaan,Iyer,vihaan.iyer6219@example.com,South,2026-12-18
CUST006220,Aditya,Gupta,aditya.gupta6220@example.com,West,2027-09-03
CUST006221,Ayaan,Chowdhury,ayaan.chowdhury6221@example.com,South,2027-05-19
CUST006222,Ishaan,Reddy,ishaan.reddy6222@example.com,North,2026-04-13
CUST006223,Arjun,Reddy,arjun.reddy6223@example.com,East,2027-08-13
CUST006224,Ananya,Chowdhury,ananya.chowdhury6224@example.com,South,2027-02-15
CUST006225,Sai,Bhat,  sai@mail.com,East,2026-06-02
CUST006226,Riya,Chowdhury,riya.chowdhury6226@example.com,West,2026-07-07
CUST006227,Vihaan,Joshi,vihaan.joshi6227@example.com,North,2027-06-21
CUST006228,Anika,Reddy,,South,2027-07-22
CUST006229,Kabir,Iyer,kabir.iyer6229@example.com,East,2026-03-24
CUST006230,Riya,Sharma,riya.sharma6230@example.com,Central,2027-10-03
CUST006231,Ayaan,Nair,ayaan.nair6231@example.com,North,2026-03-22
CUST006232,Diya,Nair,diya.nair6232@example.com,East,2026-11-17
CUST006233,Saanvi,Joshi,saanvi.joshi6233@example.com,North,2027-03-04
CUST006234,Anika,Gupta,anika.gupta6234@example.com,Central,2026-04-21
CUST006235,Saanvi,Reddy,saanvi.reddy6235@example.com,South,2027-03-29
CUST006236,Priya,Verma,priya.verma6236@example.com,South,2026-03-30
CUST006237,Anika,Nair,anika.nair6237@example.com,West,2026-06-20
CUST006238,Ananya,Bhat,ananya.bhat6238@example.com,North,2026-06-27
CUST006239,Aarav,Rao,aarav.rao6239@example.com,East,2027-06-23
CUST006240,Saanvi,Patel,saanvi.patel6240@example.com,South,2026-01-15
CUST006241,Vivaan,Patel,vivaan.patel6241@example.com,Central,2026-08-28
CUST006242,Riya,Reddy,riya.reddy6242@example.com,North,2026-08-29
CUST006243,Ishaan,Verma,ishaan.verma6243@example.com,West,2027-05-21
CUST006244,Diya,Nair,diya.nair6244@example.com,North,2026-12-04
CUST006245,Arjun,Bhat,arjun.bhat6245@example.com,South,2027-11-25
CUST006246,Saanvi,Reddy,saanvi.reddy6246@example.com,North,2026-06-27
CUST006247,Ananya,Das,ananya.das6247@example.com,South,2027-06-28
CUST006248,Vivaan,Iyer,vivaan.iyer6248@example.com,Central,2026-12-19
CUST006249,Diya,Kapoor,diya.kapoor6249@example.com,South,2026-02-28
CUST006250,Kabir,Mehta,kabir.mehta6250@example.com,South,2027-02-15
CUST006251,Kabir,Sharma,kabir.sharma6251@example.com,South,2027-07-21
CUST006252,Ayaan,Verma,ayaan.verma6252@example.com,South,2026-09-19
CUST006253,Anika,Nair,anikanair.com,West,2027-01-23
CUST006254,Sai,Mehta,sai.mehta6254@example.com,Central,2026-03-07
CUST006255,Ishaan,Iyer,ishaan.iyer6255@example.com,Central,2026-01-25
CUST006256,Ananya,Reddy,ananya.reddy6256@example.com,North,2027-06-18
CUST006257,Diya,Reddy,diya.reddy6257@example.com,West,2027-09-22
CUST006258,Ayaan,Bhat,ayaan.bhat6258@example.com,North,2026-02-09
CUST006259,Sai,Kapoor,sai.kapoor6259@example.com,Central,2027-05-11
CUST006260,Vihaan,Kapoor,vihaan.kapoor6260@example.com,North,2026-11-25
CUST006261,Riya,Gupta,riya.gupta6261@example.com,Central,2026-04-28
CUST006262,Arjun,Patel,arjun.patel6262@example.com,East,2026-03-07
CUST006263,Reyansh,Chowdhury,reyansh.chowdhury6263@example.com,South,2027-06-06
CUST006264,Riya,Gupta,riya.gupta6264@example.com,Central,2026-03-27
CUST006265,Anika,Reddy,anika.reddy6265@example.com,Central,2026-06-09
CUST006266,Vihaan,Mehta,vihaan.mehta6266@example.com,Central,2026-09-10
CUST006267,Aditya,Das,aditya.das6267@example.com,East,2027-03-30
CUST006268,Saanvi,Patel,saanvi.patel6268@example.com,West,2026-04-27
CUST006269,Kabir,Gupta,kabir.gupta6269@example.com,Central,2027-06-11
CUST006270,Anika,Sharma,anika.sharma6270@example.com,West,2027-10-21
CUST006271,Kabir,Chowdhury,kabir.chowdhury6271@example.com,Central,2027-09-26
CUST006272,Kabir,Chowdhury,kabir.chowdhury6272@example.com,South,2026-02-27
CUST006273,Ananya,Nair,ananya.nair6273@example.com,North,2026-01-11
CUST006274,Aarav,Gupta,aarav.gupta6274@example.com,West,2027-06-18
CUST006275,Anika,Rao,anika.rao6275@example.com,Central,2026-02-05
CUST006276,Diya,Kapoor,diya.kapoor6276@example.com,East,2026-02-26
CUST006277,Ishaan,Rao,ishaan.rao6277@example.com,West,2027-04-09
CUST006278,Vivaan,Reddy,vivaan.reddy6278@example.com,North,2026-10-06
CUST006279,Reyansh,Iyer,reyansh.iyer6279@example.com,West,2027-04-16
CUST006280,Diya,Kapoor,diya.kapoor6280@example.com,North,2027-07-04
CUST006281,Ayaan,Das,ayaan.das6281@example.com,West,2027-07-09
CUST006282,Vihaan,Sharma,vihaan.sharma6282@example.com,North,2026-09-07
CUST006283,Arjun,Singh,arjun.singh6283@example.com,South,2026-03-15
CUST006284,Ishaan,Verma,ishaan.verma6284@example.com,South,2026-09-08
CUST006285,Priya,Sharma,priya.sharma6285@example.com,North,2027-07-13
CUST006286,Sai,Gupta,sai.gupta6286@example.com,North,2026-04-11
CUST006287,Sai,Nair,sai.nair6287@example.com,South,2026-06-27
CUST006288,Reyansh,Kapoor,reyansh.kapoor6288@example.com,North,2027-11-20
CUST006289,Vihaan,Joshi,vihaan.joshi6289@example.com,West,2026-08-16
CUST006290,Aarav,Reddy,aarav.reddy6290@example.com,Central,2027-08-02
CUST006291,Anika,Reddy,anika.reddy6291@example.com,West,2027-09-07
CUST006292,Saanvi,Joshi,saanvi.joshi6292@example.com,Central,2027-08-30
CUST006293,Anika,Patel,anika.patel6293@example.com,West,2026-07-08
CUST006294,Vivaan,Sharma,vivaan.sharma6294@example.com,East,2026-05-13
CUST006295,Ananya,Joshi,ananya.joshi6295@example.com,North,2026-02-21
CUST006296,Aarav,Singh,aarav.singh6296@example.com,North,2027-03-21
CUST006297,Ananya,Rao,ananya.rao6297@example.com,East,2026-01-29
CUST006298,Ishaan,Verma,ishaan.verma6298@example.com,South,2026-08-10
CUST006299,Aarav,Rao,aarav.rao6299@example.com,East,2026-03-24
CUST006300,Aditya,Mehta,aditya.mehta6300@example.com,East,2027-10-21
CUST006301,Kabir,Iyer,kabir.iyer6301@example.com,East,2027-03-07
CUST006302,Anika,Gupta,anika.gupta6302@example.com,Central,2027-02-09
CUST006303,Ishaan,Patel,ishaan.patel6303@example.com,North,2027-09-07
CUST006304,Saanvi,Patel,saanvi.patel6304@example.com,West,2026-03-22
CUST006305,Saanvi,Singh,saanvisinghgmail.com,Central,2027-05-28
CUST006306,Arjun,Chowdhury,arjun.chowdhury6306@example.com,West,2026-09-04
CUST006307,Kabir,Patel,kabir.patel6307@example.com,North,2026-05-18
CUST006308,Priya,Bhat,priya.bhat6308@example.com,West,2027-07-11
CUST006309,Aarav,Nair,aarav.nair6309@example.com,East,2027-05-22
CUST006310,Saanvi,Verma,saanvi.verma6310@example.com,South,2027-07-12
CUST006311,Anika,Joshi,anika.joshi6311@example.com,East,2026-02-17
CUST006312,Arjun,Reddy,arjun.reddy6312@example.com,East,2027-11-15
CUST006313,Aditya,Iyer,aditya.iyer6313@example.com,East,2027-02-05
CUST006314,Sai,Singh,sai.singh6314@example.com,West,2026-07-29
CUST006315,Aarav,Iyer,aarav.iyer6315@example.com,North,2026-03-15
CUST006316,Riya,Das,riya.das6316@example.com,North,2027-12-02
CUST006317,Sai,Kapoor,sai.kapoor6317@example.com,North,2027-01-19
CUST006318,Diya,Rao,diya.rao6318@example.com,South,2026-04-26
CUST006319,Priya,Rao,priya.rao6319@example.com,West,2026-08-01
CUST006320,Ananya,Singh,ananya.singh6320@example.com,North,2026-09-14
CUST006321,Ishaan,Patel,ishaan.patel6321@example.com,Central,2027-08-02
CUST006322,Anika,Bhat,anika.bhat6322@example.com,North,2026-08-10
CUST006323,Ayaan,Sharma,ayaan.sharma6323@example.com,North,2026-10-12
CUST006324,Ayaan,Singh,ayaan.singh6324@example.com,Central,2027-10-19
CUST006325,Priya,Joshi,priya.joshi6325@example.com,South,2026-03-22
CUST006326,Sai,Joshi,sai.joshi6326@example.com,South,2027-09-01
CUST006327,Sai,Singh,sai.singh6327@example.com,North,2027-01-28
CUST006328,Ayaan,Iyer,ayaan.iyer6328@example.com,North,2026-02-14
CUST006329,Vivaan,Patel,vivaan.patel6329@example.com,South,2027-08-16
CUST006330,Aditya,Rao,aditya.rao6330@example.com,West,2026-06-24
CUST006331,Sai,Iyer,sai.iyer6331@example.com,West,2026-05-08
CUST006332,Reyansh,Sharma,reyansh.sharma6332@example.com,North,2027-07-04
CUST006333,Saanvi,Joshi,saanvi.joshi6333@example.com,Central,2027-02-15
CUST006334,Vivaan,Chowdhury,vivaan.chowdhury6334@example.com,West,2026-12-09
CUST006335,Ananya,Chowdhury,ananya.chowdhury6335@example.com,Central,2027-05-04
CUST006336,Saanvi,Mehta,saanvi.mehta6336@example.com,Central,2026-02-28
CUST006337,Sai,Bhat,sai.bhat6337@example.com,South,2026-04-20
CUST006338,Vihaan,Verma,vihaan.verma6338@example.com,East,2027-07-14
CUST006339,Ishaan,Patel,ishaan.patel6339@example.com,East,2027-06-14
CUST006340,Vihaan,Bhat,vihaan.bhat6340@example.com,North,2027-03-20
CUST006341,Anika,Reddy,anika.reddy6341@example.com,East,2027-02-21
CUST006342,Vihaan,Patel,vihaan.patel6342@example.com,South,2026-04-07
CUST006343,Saanvi,Nair,saanvi.nair6343@example.com,East,2027-04-05
CUST006344,Riya,Verma,riya.verma6344@example.com,West,2027-09-04
CUST006345,Riya,Reddy,riya.reddy6345@example.com,West,2027-07-29
CUST006346,Aditya,Verma,aditya.verma6346@example.com,Central,2026-08-05
CUST006347,Vivaan,Patel,vivaan.patel6347@example.com,Central,2026-06-20
CUST006348,Vihaan,Das,vihaan.das6348@example.com,South,2027-10-21
CUST006349,Anika,Verma,anika.verma6349@example.com,West,2027-05-21
CUST006350,Reyansh,Das,reyansh.das6350@example.com,South,2026-04-28
CUST006351,Ayaan,Das,ayaan.das6351@example.com,South,2027-03-08
CUST006352,Ayaan,Verma,ayaan.verma6352@example.com,West,2027-09-21
CUST006353,Ishaan,Iyer,ishaan.iyer6353@example.com,Central,2026-02-07
CUST006354,Diya,Joshi,diya.joshi6354@example.com,Central,2026-02-27
CUST006355,Anika,Kapoor,anika.kapoor6355@example.com,South,2027-09-08
CUST006356,Diya,Nair,diya.nair6356@example.com,Central,2026-12-07
CUST006357,Ayaan,Nair,ayaan.nair6357@example.com,West,2026-08-29
CUST006358,Vihaan,Gupta,vihaan.gupta6358@example.com,West,2026-10-13
CUST006359,Arjun,Gupta,arjun.gupta6359@example.com,East,2026-12-17
CUST006360,Saanvi,Das,saanvi.das6360@example.com,East,2026-03-13
CUST006361,Sai,Nair,sai.nair6361@example.com,Central,2026-03-10
CUST006362,Ananya,Chowdhury,ananya.chowdhury6362@example.com,West,2027-03-08
CUST006363,Vihaan,Chowdhury,vihaan.chowdhury6363@example.com,South,2026-07-12
CUST006364,Vivaan,Verma,vivaan.verma6364@example.com,Central,2027-02-09
CUST006365,Ananya,Nair,ananya.nair6365@example.com,East,2026-04-11
CUST006366,Ananya,Nair,ananya.nair6366@example.com,South,2026-04-07
CUST006367,Priya,Reddy,priya.reddy6367@example.com,North,2027-09-10
CUST006368,Aarav,Bhat,aarav.bhat6368@example.com,West,2027-09-05
CUST006369,Ishaan,Das,ishaan.das6369@example.com,Central,2026-02-17
CUST006370,Riya,Joshi,riya.joshi6370@example.com,East,2027-01-07
CUST006371,Saanvi,Gupta,saanvi.gupta6371@example.com,East,2026-02-02
CUST006372,Sai,Joshi,sai.joshi6372@example.com,North,2027-04-17
CUST006373,Reyansh,Nair,reyansh.nair6373@example.com,North,2027-03-05
CUST006374,Aditya,Verma,aditya.verma6374@example.com,South,2026-08-09
CUST006375,Anika,Reddy,anika.reddy6375@example.com,West,2027-04-09
CUST006376,Anika,Joshi,anika.joshi6376@example.com,South,2026-05-04
CUST006377,Ayaan,Joshi,ayaan.joshi6377@example.com,East,2026-01-12
CUST006378,Diya,Gupta,diya.gupta6378@example.com,South,2027-10-24
CUST006379,Ananya,Verma,ananya.verma6379@example.com,Central,2027-06-22
CUST006380,Vivaan,Patel,vivaan.patel6380@example.com,South,2026-07-09
CUST006381,Riya,Nair,riya.nair6381@example.com,East,2026-01-15
CUST006382,Vihaan,Kapoor,vihaan.kapoor6382@example.com,East,2026-10-25
CUST006383,Sai,Iyer,sai.iyer6383@example.com,Central,2026-10-05
CUST006384,Aarav,Gupta,aarav.gupta6384@example.com,East,2026-09-08
CUST006385,Aarav,Joshi,aarav.joshi6385@example.com,Central,2026-11-12
CUST006386,Riya,Nair,riya.nair6386@example.com,North,2026-05-01
CUST006387,Riya,Kapoor,riya.kapoor6387@example.com,North,2026-12-11
CUST006388,Ananya,Sharma,ananya.sharma6388@example.com,Central,2027-08-13
CUST006389,Vihaan,Iyer,vihaan.iyer6389@example.com,West,2026-12-26
CUST006390,Aditya,Bhat,aditya.bhat6390@example.com,South,2027-04-24
CUST006391,Ishaan,Iyer,ishaan.iyer6391@example.com,South,2026-11-04
CUST006392,Aditya,Kapoor,aditya.kapoor6392@example.com,Central,2026-02-27
CUST006393,Sai,Patel,sai.patel6393@example.com,North,2027-11-15
CUST006394,Aarav,Kapoor,aarav.kapoor6394@example.com,South,2026-11-22
CUST006395,Ishaan,Mehta,ishaan.mehta6395@example.com,East,2026-07-05
CUST006396,Sai,Sharma,sai.sharma6396@example.com,South,2026-09-05
CUST006397,Priya,Joshi,priya.joshi6397@example.com,West,2027-03-20
CUST006398,Riya,Mehta,riya.mehta6398@example.com,South,2026-06-21
CUST006399,Kabir,Reddy,kabir.reddy6399@example.com,South,2027-07-05
CUST006400,Aditya,Mehta,aditya.mehta6400@example.com,East,2026-04-06
CUST006401,Reyansh,Mehta,reyansh.mehta6401@example.com,North,2027-09-29
CUST006402,Diya,Gupta,diya.gupta6402@example.com,East,2027-11-01
CUST006403,Arjun,Iyer,arjun.iyer6403@example.com,North,2027-01-23
CUST006404,Sai,Rao,sai.rao6404@example.com,South,2026-10-04
CUST006405,Reyansh,Reddy,reyansh.reddy6405@example.com,East,2027-11-22
CUST006406,Ayaan,Reddy,ayaan.reddy6406@example.com,East,2026-08-02
CUST006407,Kabir,Verma,kabir.verma6407@example.com,Central,2027-01-26
CUST006408,Ananya,Joshi,ananya.joshi6408@example.com,North,2027-06-04
CUST006409,Kabir,Das,kabir.das6409@example.com,East,2026-06-29
CUST006410,Ayaan,Joshi,ayaan.joshi6410@example.com,Central,2026-06-30
CUST006411,Arjun,Rao,arjun.rao6411@example.com,East,2026-12-18
CUST006412,Saanvi,Iyer,saanvi.iyer6412@example.com,South,2026-12-15
CUST006413,Kabir,Gupta,kabir.gupta6413@example.com,Central,2027-10-11
CUST006414,Kabir,Mehta,kabir.mehta6414@example.com,East,2027-05-07
CUST006415,Aarav,Reddy,aarav.reddy6415@example.com,Central,2027-03-14
CUST006416,Riya,Iyer,riya.iyer6416@example.com,East,2026-08-03
CUST006417,Vihaan,Chowdhury,vihaan.chowdhury6417@example.com,West,2027-02-19
CUST006418,Vivaan,Iyer,vivaan.iyer6418@example.com,West,2026-05-08
CUST006419,Reyansh,Sharma,reyansh.sharma6419@example.com,North,2027-08-30
CUST006420,Ishaan,Iyer,ishaan.iyer6420@example.com,South,2027-07-18
CUST006421,Saanvi,Reddy,saanvi.reddy6421@example.com,East,2026-10-19
CUST006422,Priya,Kapoor,priya.kapoor6422@example.com,West,2027-06-13
CUST006423,Riya,Singh,riya.singh6423@example.com,Central,2027-07-06
CUST006424,Ananya,Singh,ananya.singh6424@example.com,North,2027-02-23
CUST006425,Saanvi,Joshi,saanvi.joshi6425@example.com,North,2027-03-20
CUST006426,Vivaan,Verma,vivaan.verma6426@example.com,East,2027-09-29
CUST006427,Aditya,Verma,aditya.verma6427@example.com,North,2026-08-09
CUST006428,Ananya,Das,ananya.das6428@example.com,West,2026-04-16
CUST006429,Priya,Singh,priya.singh6429@example.com,East,2027-03-05
CUST006430,Ishaan,Sharma,ishaan.sharma6430@example.com,East,2026-03-20
CUST006431,Riya,Sharma,riya.sharma6431@example.com,North,2027-01-29
CUST006432,Diya,Iyer,diya.iyer6432@example.com,Central,2027-12-01
CUST006433,Reyansh,Iyer,reyansh.iyer6433@example.com,South,2027-01-12
CUST006434,Riya,Mehta,riya.mehta6434@example.com,Central,2026-12-02
CUST006435,Ananya,Nair,ananya.nair6435@example.com,North,2027-10-24
CUST006436,Riya,Patel,riya.patel6436@example.com,Central,2026-08-23
CUST006437,Ishaan,Iyer,ishaan.iyer6437@example.com,North,2026-05-19
CUST006438,Sai,Das,sai.das6438@example.com,Central,2027-03-22
CUST006439,Anika,Chowdhury,anika.chowdhury6439@example.com,Central,2027-08-25
CUST006440,Ishaan,Das,ishaan.das6440@example.com,West,2026-05-08
CUST006441,Vivaan,Chowdhury,vivaan.chowdhury6441@example.com,South,2026-12-05
CUST006442,Ayaan,Rao,ayaan.rao6442@example.com,East,2027-05-18
CUST006443,Sai,Das,sai.das6443@example.com,West,2026-11-05
CUST006444,Aditya,Kapoor,aditya.kapoor6444@example.com,West,2026-09-13
CUST006445,Diya,Mehta,diya.mehta6445@example.com,South,2027-02-21
CUST006446,Vivaan,Kapoor,vivaan.kapoor6446@example.com,West,2026-07-20
CUST006447,Kabir,Reddy,kabir.reddy6447@example.com,North,2026-03-28
CUST006448,Aditya,Chowdhury,aditya.chowdhury6448@example.com,South,2027-03-26
CUST006449,Priya,Mehta,priya.mehta6449@example.com,East,2026-03-28
CUST006450,Reyansh,Sharma,reyansh.sharma6450@example.com,East,2027-10-21
CUST006451,Kabir,Gupta,kabir.gupta6451@example.com,West,2027-04-16
CUST006452,Priya,Das,priya.das6452@example.com,West,2026-02-19
CUST006453,Priya,Nair,priya.nair6453@example.com,West,2026-05-31
CUST006454,Reyansh,Joshi,reyansh.joshi6454@example.com,West,2026-08-09
CUST006455,Diya,Kapoor,diya.kapoor6455@example.com,East,2026-08-05
CUST006456,Ananya,Patel,ananya.patel6456@example.com,Central,2027-09-05
CUST006457,Ayaan,Reddy,ayaan.reddy6457@example.com,North,2027-07-05
CUST006458,Arjun,Reddy,arjun.reddy6458@example.com,South,2027-01-15
CUST006459,Riya,Verma,riya.verma6459@example.com,West,2026-02-18
CUST006460,Ayaan,Chowdhury,ayaan.chowdhury6460@example.com,North,2027-04-03
CUST006461,Ananya,Chowdhury,ananya.chowdhury6461@example.com,East,2027-04-18
CUST006462,Riya,Gupta,riya.gupta6462@example.com,West,2026-05-20
CUST006463,Ayaan,Patel,ayaan.patel6463@example.com,West,2027-07-06
CUST006464,Vivaan,Rao,vivaan.rao6464@example.com,Central,2027-07-22
CUST006465,Anika,Chowdhury,anika.chowdhury6465@example.com,West,2026-09-29
CUST006466,Kabir,Mehta,kabir.mehta6466@example.com,East,2027-12-02
CUST006467,Ayaan,Iyer,ayaan.iyer6467@example.com,Central,2026-12-09
CUST006468,Kabir,Chowdhury,kabir.chowdhury6468@example.com,South,2027-04-02
CUST006469,Ananya,Bhat,ananya.bhat6469@example.com,North,2026-09-03
CUST006470,Priya,Singh,priya.singh6470@example.com,West,2027-07-25
CUST006471,Diya,Sharma,diya.sharma6471@example.com,East,2026-06-03
CUST006472,Anika,Patel,anika.patel6472@example.com,West,2026-12-30
CUST006473,Diya,Mehta,diya.mehta6473@example.com,West,2026-12-26
CUST006474,Diya,Verma,diya.verma6474@example.com,North,2026-11-21
CUST006475,Reyansh,Kapoor,reyansh.kapoor6475@example.com,South,2026-03-02
CUST006476,Vivaan,Das,vivaan.das6476@example.com,North,2027-10-21
CUST006477,Ananya,Joshi,ananya.joshi6477@example.com,North,2027-02-23
CUST006478,Priya,Nair,priya.nair6478@example.com,Central,2026-06-03
CUST006479,Diya,Joshi,diya.joshi6479@example.com,East,2026-12-18
CUST006480,Ishaan,Kapoor,ishaan.kapoor6480@example.com,West,2027-01-10
CUST006481,Ishaan,Gupta,ishaan.gupta6481@example.com,South,2027-11-25
CUST006482,Riya,Patel,riya.patel6482@example.com,North,2027-10-09
CUST006483,Vivaan,Iyer,  vivaan@mail.com,North,2027-08-08
CUST006484,Aditya,Sharma,aditya.sharma6484@example.com,South,2026-11-12
CUST006485,Kabir,Chowdhury,kabir.chowdhury6485@example.com,West,2026-03-21
CUST006486,Priya,Chowdhury,priya.chowdhury6486@example.com,East,2026-03-24
CUST006487,Vihaan,Kapoor,vihaan.kapoor6487@example.com,East,2027-05-30
CUST006488,Saanvi,Das,saanvi.das6488@example.com,East,2027-02-16
CUST006489,Aditya,Iyer,aditya.iyer6489@example.com,East,2027-04-27
CUST006490,Riya,Bhat,riya.bhat6490@example.com,North,2027-06-07
CUST006491,Riya,Rao,riya.rao6491@example.com,West,2027-11-16
CUST006492,Ananya,Joshi,ananya.joshi6492@example.com,West,2027-08-21
CUST006493,Priya,Kapoor,priya.kapoor6493@example.com,West,2027-07-15
CUST006494,Aarav,Joshi,aarav.joshi6494@example.com,East,2026-05-17
CUST006495,Priya,Nair,priya.nair6495@example.com,Central,2027-08-24
CUST006496,Aarav,Rao,aarav.rao6496@example.com,Central,2026-03-11
CUST006497,Sai,Joshi,sai.joshi6497@example.com,South,2026-08-26
CUST006498,Sai,Mehta,sai.mehta6498@example.com,South,2027-05-24
CUST006499,Diya,Chowdhury,diya.chowdhury6499@example.com,North,2026-11-20
CUST006500,Anika,Kapoor,anika.kapoor6500@example.com,South,2027-10-01
CUST006501,Riya,Gupta,riya.gupta6501@example.com,South,2026-03-10
CUST006502,Vivaan,Nair,vivaan.nair6502@example.com,North,2026-08-10
CUST006503,Priya,Patel,priya.patel6503@example.com,North,2026-11-12
CUST006504,Diya,Singh,diya.singh6504@example.com,South,2026-08-07
CUST006505,Aditya,Iyer,aditya.iyer6505@example.com,West,2027-05-28
CUST006506,Sai,Iyer,sai.iyer6506@example.com,West,2026-11-03
CUST006507,Arjun,Sharma,arjun.sharma6507@example.com,South,2026-12-02
CUST006508,Ananya,Iyer,ananya.iyer6508@example.com,North,2026-01-18
CUST006509,Ayaan,Das,ayaan.das6509@example.com,Central,2027-05-08
CUST006510,Ayaan,Chowdhury,ayaan.chowdhury6510@example.com,East,2026-03-26
CUST006511,Riya,Patel,riya.patel6511@example.com,East,2027-05-24
CUST006512,Diya,Verma,diya.verma6512@example.com,South,2026-04-03
CUST006513,Kabir,Verma,kabir.verma6513@example.com,Central,2027-11-22
CUST006514,Aarav,Gupta,aarav.gupta6514@example.com,East,2027-06-11
CUST006515,Reyansh,Iyer,reyansh.iyer6515@example.com,West,2026-11-22
CUST006516,Aditya,Nair,aditya.nair6516@example.com,South,2027-09-29
CUST006517,Kabir,Kapoor,kabir.kapoor6517@example.com,South,2026-05-02
CUST006518,Ishaan,Nair,ishaan.nair6518@example.com,Central,2027-09-27
CUST006519,Diya,Joshi,diya.joshi6519@example.com,North,2026-06-24
CUST006520,Priya,Nair,priya.nair6520@example.com,East,2027-06-16
CUST006521,Priya,Singh,priya.singh6521@example.com,East,2027-09-28
CUST006522,Reyansh,Rao,reyansh.rao6522@example.com,South,2026-04-10
CUST006523,Ayaan,Iyer,ayaan.iyer6523@example.com,Central,2027-08-09
CUST006524,Vivaan,Joshi,vivaan.joshi6524@example.com,North,2026-07-20
CUST006525,Aditya,Chowdhury,aditya.chowdhury6525@example.com,East,2027-01-30
CUST006526,Ananya,Gupta,ananya.gupta6526@example.com,Central,2026-06-27
CUST006527,Sai,Verma,sai.verma6527@example.com,Central,2027-01-14
CUST006528,Saanvi,Joshi,saanvi.joshi6528@example.com,South,2026-02-23
CUST006529,Vihaan,Gupta,vihaan.gupta6529@example.com,North,2027-06-12
CUST006530,Arjun,Singh,arjun.singh6530@example.com,South,2026-10-30
CUST006531,Aditya,Iyer,aditya.iyer6531@example.com,West,2026-04-01
CUST006532,Ayaan,Verma,ayaan.verma6532@example.com,East,2027-10-19
CUST006533,Kabir,Reddy,kabir.reddy6533@example.com,North,2026-03-06
CUST006534,Ayaan,Sharma,ayaan.sharma6534@example.com,South,2026-03-02
CUST006535,Diya,Sharma,diya.sharma6535@example.com,West,2027-03-28
CUST006536,Aditya,Kapoor,aditya.kapoor6536@example.com,North,2026-02-18
CUST006537,Riya,Nair,riya.nair6537@example.com,Central,2027-07-17
CUST006538,Ishaan,Nair,  ishaan@mail.com,West,2027-03-19
CUST006539,Diya,Nair,diya.nair6539@example.com,East,2026-05-03
CUST006540,Sai,Mehta,sai.mehta6540@example.com,Central,2026-04-11
CUST006541,Riya,Mehta,riya.mehta6541@example.com,Central,2026-10-01
CUST006542,Arjun,Sharma,arjun.sharma6542@example.com,West,2026-11-11
CUST006543,Vihaan,Sharma,vihaan.sharma6543@example.com,West,2026-04-18
CUST006544,Priya,Joshi,,North,2026-01-18
CUST006545,Arjun,Gupta,arjun.gupta6545@example.com,East,2026-05-18
CUST006546,Priya,Rao,priya.rao6546@example.com,South,2027-03-04
CUST006547,Arjun,Gupta,arjun.gupta6547@example.com,North,2027-10-11
CUST006548,Kabir,Bhat,kabir.bhat6548@example.com,West,2026-06-24
CUST006549,Priya,Chowdhury,priya.chowdhury6549@example.com,Central,2027-08-06
CUST006550,Arjun,Sharma,arjun.sharma6550@example.com,Central,2026-07-18
CUST006551,Ananya,Singh,ananya.singh6551@example.com,Central,2026-03-30
CUST006552,Aarav,Nair,aarav.nair6552@example.com,Central,2026-08-24
CUST006553,Kabir,Singh,kabir.singh6553@example.com,South,2026-05-16
CUST006554,Saanvi,Sharma,saanvi.sharma6554@example.com,South,2026-06-11
CUST006555,Aarav,Sharma,aarav.sharma6555@example.com,West,2026-10-01
CUST006556,Ishaan,Mehta,ishaan.mehta6556@example.com,West,2026-05-12
CUST006557,Reyansh,Rao,reyansh.rao6557@example.com,West,2026-05-06
CUST006558,Kabir,Verma,kabir.verma6558@example.com,East,2026-12-09
CUST006559,Vivaan,Nair,vivaan.nair6559@example.com,Central,2027-10-20
CUST006560,Arjun,Bhat,arjun.bhat6560@example.com,Central,2027-02-14
CUST006561,Priya,Sharma,priya.sharma6561@example.com,East,2027-07-20
CUST006562,Sai,Das,sai.das6562@example.com,South,2026-09-26
CUST006563,Riya,Das,riya.das6563@example.com,East,2026-11-04
CUST006564,Ananya,Singh,ananya.singh6564@example.com,West,2027-09-14
CUST006565,Vivaan,Joshi,vivaan.joshi6565@example.com,Central,2026-01-24
CUST006566,Aditya,Kapoor,aditya.kapoor6566@example.com,Central,2027-08-22
CUST006567,Ishaan,Patel,ishaan.patel6567@example.com,West,2026-09-23
CUST006568,Vivaan,Verma,vivaan.verma6568@example.com,West,2026-12-04
CUST006569,Kabir,Patel,kabir.patel6569@example.com,South,2026-08-14
CUST006570,Anika,Rao,anika.rao6570@example.com,Central,2027-06-07
CUST006571,Priya,Nair,priya.nair6571@example.com,West,2027-09-21
CUST006572,Ayaan,Verma,ayaan.verma6572@example.com,South,2027-02-03
CUST006573,Vivaan,Patel,vivaan.patel@@mail,South,2027-08-29
CUST006574,Aditya,Verma,aditya.verma6574@example.com,South,2027-07-24
CUST006575,Aarav,Bhat,aarav.bhat6575@example.com,East,2027-05-09
CUST006576,Ananya,Kapoor,ananya.kapoor6576@example.com,West,2026-03-23
CUST006577,Aarav,Reddy,aarav.reddy6577@example.com,Central,2026-01-18
CUST006578,Ishaan,Verma,ishaan.verma6578@example.com,East,2027-06-18
CUST006579,Ishaan,Joshi,ishaan.joshi6579@example.com,South,2027-07-28
CUST006580,Diya,Iyer,diya.iyer6580@example.com,North,2027-08-27
CUST006581,Ananya,Singh,ananya.singh6581@example.com,Central,2026-02-18
CUST006582,Ayaan,Iyer,ayaan.iyer6582@example.com,West,2026-05-12
CUST006583,Ayaan,Mehta,ayaan.mehta6583@example.com,East,2026-04-06
CUST006584,Anika,Reddy,anika.reddy6584@example.com,North,2027-08-01
CUST006585,Ayaan,Gupta,ayaan.gupta6585@example.com,West,2027-05-21
CUST006586,Ananya,Chowdhury,ananya.chowdhury6586@example.com,Central,2027-06-14
CUST006587,Riya,Chowdhury,riya.chowdhury6587@example.com,East,2027-01-25
CUST006588,Sai,Nair,sai.nair6588@example.com,Central,2027-11-11
CUST006589,Sai,Rao,sai.rao6589@example.com,South,2027-07-04
CUST006590,Vihaan,Rao,vihaan.rao6590@example.com,South,2026-06-07
CUST006591,Kabir,Reddy,kabir.reddy6591@example.com,North,2027-03-24
CUST006592,Ishaan,Patel,ishaan.patel6592@example.com,Central,2026-11-02
CUST006593,Anika,Bhat,anika.bhat6593@example.com,West,2027-10-17
CUST006594,Aarav,Mehta,aarav.mehta6594@example.com,West,2026-10-13
CUST006595,Ayaan,Singh,ayaan.singh6595@example.com,East,2026-10-15
CUST006596,Ishaan,Chowdhury,ishaan.chowdhury6596@example.com,Central,2027-05-02
CUST006597,Arjun,Verma,arjun.verma6597@example.com,South,2027-01-01
CUST006598,Reyansh,Verma,reyansh.verma6598@example.com,West,2026-11-27
CUST006599,Ishaan,Mehta,ishaan.mehta6599@example.com,South,2027-05-31
CUST006600,Anika,Iyer,anika.iyer6600@example.com,Central,2027-04-14
CUST006601,Aditya,Kapoor,aditya.kapoor6601@example.com,North,2027-10-14
CUST006602,Priya,Kapoor,priya.kapoor6602@example.com,South,2027-03-15
CUST006603,Ishaan,Das,ishaan.das6603@example.com,North,2027-10-30
CUST006604,Anika,Patel,anika.patel6604@example.com,East,2026-12-09
CUST006605,Ananya,Mehta,ananya.mehta6605@example.com,West,2026-12-31
CUST006606,Aditya,Das,aditya.das6606@example.com,East,2027-10-19
CUST006607,Diya,Bhat,diya.bhat6607@example.com,North,2027-09-19
CUST006608,Saanvi,Rao,saanvi.rao6608@example.com,Central,2027-03-14
CUST006609,Aarav,Bhat,aarav.bhat6609@example.com,North,2027-08-03
CUST006610,Kabir,Joshi,kabir.joshi6610@example.com,Central,2026-07-08
CUST006611,Vihaan,Patel,vihaan.patel6611@example.com,South,2026-02-08
CUST006612,Ishaan,Mehta,ishaan.mehta6612@example.com,West,2027-10-30
CUST006613,Arjun,Gupta,arjun.gupta6613@example.com,East,2026-05-29
CUST006614,Ananya,Das,ananya.das6614@example.com,Central,2026-08-09
CUST006615,Sai,Singh,sai.singh6615@example.com,West,2027-02-25
CUST006616,Vivaan,Mehta,vivaan.mehta6616@example.com,Central,2026-09-18
CUST006617,Vivaan,Verma,vivaan.verma6617@example.com,Central,2026-02-04
CUST006618,Aarav,Das,aarav.das6618@example.com,South,2026-07-21
CUST006619,Aarav,Verma,aarav.verma6619@example.com,East,2026-08-13
CUST006620,Ayaan,Nair,ayaan.nair6620@example.com,Central,2027-02-13
CUST006621,Anika,Verma,anika.verma6621@example.com,East,2026-12-01
CUST006622,Ananya,Patel,ananya.patel6622@example.com,North,2026-12-20
CUST006623,Arjun,Bhat,arjun.bhat6623@example.com,West,2026-02-11
CUST006624,Riya,Singh,riya.singh6624@example.com,East,2027-02-17
CUST006625,Arjun,Singh,arjun.singh6625@example.com,South,2026-02-19
CUST006626,Ishaan,Joshi,ishaan.joshi6626@example.com,South,2027-02-09
CUST006627,Aditya,Verma,aditya.verma6627@example.com,Central,2026-06-06
CUST006628,Kabir,Patel,kabir.patel6628@example.com,West,2027-10-04
CUST006629,Kabir,Joshi,kabir.joshi6629@example.com,North,2026-06-24
CUST006630,Kabir,Nair,kabir.nair6630@example.com,South,2027-07-25
CUST006631,Aarav,Kapoor,aarav.kapoor6631@example.com,West,2027-04-10
CUST006632,Ishaan,Rao,ishaan.rao6632@example.com,South,2026-04-02
CUST006633,Priya,Gupta,priya.gupta6633@example.com,West,2026-09-24
CUST006634,Kabir,Patel,kabir.patel6634@example.com,West,2027-10-19
CUST006635,Ananya,Iyer,ananya.iyer6635@example.com,West,2026-01-03
CUST006636,Aarav,Chowdhury,aarav.chowdhury6636@example.com,West,2026-12-18
CUST006637,Vihaan,Mehta,vihaan.mehta6637@example.com,Central,2026-03-08
CUST006638,Anika,Nair,anika.nair6638@example.com,East,2026-03-12
CUST006639,Ananya,Iyer,ananya.iyer6639@example.com,North,2026-11-11
CUST006640,Sai,Nair,sai.nair6640@example.com,South,2027-11-20
CUST006641,Riya,Bhat,riya.bhat6641@example.com,East,2027-09-27
CUST006642,Sai,Rao,sai.rao6642@example.com,South,2027-06-14
CUST006643,Ishaan,Kapoor,ishaan.kapoor6643@example.com,Central,2027-05-03
CUST006644,Saanvi,Singh,saanvi.singh6644@example.com,West,2026-12-25
CUST006645,Ishaan,Mehta,ishaan.mehta6645@example.com,North,2027-05-08
CUST006646,Kabir,Nair,kabir.nair6646@example.com,East,2027-09-20
CUST006647,Reyansh,Kapoor,reyansh.kapoor6647@example.com,East,2026-08-16
CUST006648,Anika,Kapoor,anika.kapoor6648@example.com,West,2026-04-15
CUST006649,Riya,Das,riya.das6649@example.com,Central,2026-06-28
CUST006650,Aarav,Chowdhury,aarav.chowdhury6650@example.com,Central,2026-09-30
CUST006651,Vivaan,Singh,vivaan.singh6651@example.com,West,2026-09-04
CUST006652,Vihaan,Nair,vihaan.nair6652@example.com,South,2027-01-04
CUST006653,Saanvi,Singh,saanvi.singh6653@example.com,North,2026-02-22
CUST006654,Vihaan,Verma,vihaan.verma6654@example.com,East,2027-10-21
CUST006655,Saanvi,Singh,saanvi.singh6655@example.com,South,2026-10-22
CUST006656,Ananya,Reddy,ananya.reddy6656@example.com,North,2027-11-07
CUST006657,Anika,Gupta,anika.gupta6657@example.com,South,2026-12-27
CUST006658,Saanvi,Rao,saanvi.rao6658@example.com,East,2027-02-15
CUST006659,Vihaan,Reddy,vihaan.reddy6659@example.com,East,2026-10-04
CUST006660,Anika,Iyer,anika.iyer6660@example.com,North,2027-02-07
CUST006661,Ishaan,Bhat,ishaan.bhat6661@example.com,East,2027-04-24
CUST006662,Ishaan,Gupta,ishaan.gupta6662@example.com,South,2026-05-29
CUST006663,Kabir,Nair,kabir.nair6663@example.com,East,2027-07-20
CUST006664,Kabir,Singh,kabir.singh6664@example.com,Central,2026-11-05
CUST006665,Kabir,Bhat,kabir.bhat6665@example.com,Central,2026-04-11
CUST006666,Riya,Patel,riya.patel6666@example.com,North,2026-06-09
CUST006667,Ananya,Kapoor,ananya.kapoor6667@example.com,North,2026-07-18
CUST006668,Sai,Reddy,sai.reddy6668@example.com,South,2027-11-02
CUST006669,Diya,Singh,diya.singh6669@example.com,North,2026-11-04
CUST006670,Saanvi,Verma,saanvi.verma6670@example.com,East,2027-02-15
CUST006671,Saanvi,Kapoor,saanvi.kapoor6671@example.com,North,2026-09-18
CUST006672,Anika,Joshi,anika.joshi6672@example.com,South,2026-10-25
CUST006673,Kabir,Joshi,kabir.joshi6673@example.com,East,2027-08-09
CUST006674,Vivaan,Rao,vivaan.rao6674@example.com,South,2027-05-27
CUST006675,Kabir,Joshi,kabir.joshi6675@example.com,West,2026-02-07
CUST006676,Saanvi,Sharma,saanvi.sharma6676@example.com,South,2027-09-16
CUST006677,Vihaan,Sharma,vihaan.sharma6677@example.com,North,2027-04-17
CUST006678,Aarav,Kapoor,aarav.kapoor6678@example.com,North,2026-04-18
CUST006679,Vivaan,Patel,vivaan.patel6679@example.com,West,2027-08-10
CUST006680,Ananya,Mehta,ananya.mehta6680@example.com,North,2027-05-16
CUST006681,Riya,Joshi,riya.joshi6681@example.com,Central,2026-07-02
CUST006682,Ishaan,Nair,ishaan.nair6682@example.com,North,2027-02-12
CUST006683,Vihaan,Joshi,vihaan.joshi6683@example.com,East,2027-08-16
CUST006684,Riya,Singh,riya.singh6684@example.com,West,2027-11-25
CUST006685,Kabir,Reddy,kabir.reddy6685@example.com,West,2027-05-14
CUST006686,Kabir,Bhat,kabir.bhat6686@example.com,East,2027-06-24
CUST006687,Riya,Sharma,riya.sharma6687@example.com,West,2026-03-01
CUST006688,Arjun,Gupta,arjun.gupta6688@example.com,Central,2027-07-06
CUST006689,Ananya,Das,ananya.das6689@example.com,North,2026-08-07
CUST006690,Kabir,Chowdhury,kabir.chowdhury6690@example.com,North,2026-07-18
CUST006691,Aarav,Verma,aarav.verma6691@example.com,East,2026-07-14
CUST006692,Saanvi,Bhat,saanvi.bhat6692@example.com,East,2026-06-18
CUST006693,Diya,Mehta,diya.mehta6693@example.com,South,2027-03-19
CUST006694,Ayaan,Nair,ayaan.nair6694@example.com,West,2027-08-05
CUST006695,Saanvi,Das,saanvi.das6695@example.com,North,2026-10-02
CUST006696,Aarav,Reddy,aarav.reddy6696@example.com,North,2027-11-12
CUST006697,Saanvi,Kapoor,saanvi.kapoor6697@example.com,South,2027-01-08
CUST006698,Riya,Chowdhury,riya.chowdhury6698@example.com,East,2027-07-29
CUST006699,Priya,Chowdhury,priya.chowdhury6699@example.com,North,2027-06-10
CUST006700,Ishaan,Gupta,ishaan.gupta6700@example.com,West,2026-08-31
CUST006701,Ananya,Joshi,ananya.joshi6701@example.com,North,2026-05-25
CUST006702,Priya,Patel,priya.patel6702@example.com,Central,2026-04-17
CUST006703,Arjun,Kapoor,arjun.kapoor6703@example.com,South,2026-07-20
CUST006704,Aditya,Iyer,aditya.iyer6704@example.com,South,2026-11-27
CUST006705,Priya,Verma,priya.verma6705@example.com,North,2027-08-23
CUST006706,Arjun,Chowdhury,arjun.chowdhury6706@example.com,East,2027-09-26
CUST006707,Priya,Das,priya.das6707@example.com,East,2027-04-08
CUST006708,Ananya,Patel,ananya.patel6708@example.com,East,2026-08-08
CUST006709,Kabir,Kapoor,kabir.kapoor6709@example.com,East,2026-10-14
CUST006710,Aditya,Verma,aditya.verma6710@example.com,Central,2026-04-10
CUST006711,Ishaan,Verma,ishaan.verma6711@example.com,South,2027-01-27
CUST006712,Reyansh,Rao,reyansh.rao6712@example.com,North,2026-12-13
CUST006713,Vivaan,Reddy,vivaan.reddy6713@example.com,Central,2027-10-26
CUST006714,Vihaan,Joshi,vihaan.joshi6714@example.com,Central,2026-08-10
CUST006715,Riya,Rao,riya.rao6715@example.com,East,2026-04-13
CUST006716,Ananya,Chowdhury,ananya.chowdhury6716@example.com,West,2026-03-24
CUST006717,Priya,Kapoor,priya.kapoor6717@example.com,South,2026-06-19
CUST006718,Aditya,Iyer,aditya.iyer6718@example.com,Central,2026-09-07
CUST006719,Ayaan,Nair,ayaan.nair6719@example.com,East,2026-03-03
CUST006720,Vihaan,Gupta,vihaan.gupta6720@example.com,West,2026-06-23
CUST006721,Reyansh,Bhat,reyansh.bhat6721@example.com,West,2026-01-12
CUST006722,Aarav,Rao,aarav.rao6722@example.com,West,2027-02-09
CUST006723,Saanvi,Bhat,saanvi.bhat6723@example.com,West,2026-02-17
CUST006724,Aarav,Patel,aarav.patel6724@example.com,West,2027-03-22
CUST006725,Ayaan,Das,ayaan.das6725@example.com,West,2027-01-22
CUST006726,Kabir,Sharma,kabir.sharma6726@example.com,West,2027-03-08
CUST006727,Anika,Joshi,anika.joshi6727@example.com,North,2027-10-14
CUST006728,Sai,Verma,sai.verma6728@example.com,West,2026-05-31
CUST006729,Diya,Rao,diya.rao6729@example.com,Central,2027-06-13
CUST006730,Vivaan,Kapoor,vivaan.kapoor6730@example.com,East,2026-04-16
CUST006731,Priya,Chowdhury,priya.chowdhury6731@example.com,Central,2026-08-16
CUST006732,Ayaan,Bhat,ayaan.bhat6732@example.com,South,2027-02-01
CUST006733,Ishaan,Das,ishaan.das6733@example.com,West,2026-09-20
CUST006734,Riya,Singh,riya.singh6734@example.com,East,2026-04-22
CUST006735,Aditya,Patel,aditya.patel6735@example.com,North,2026-11-27
CUST006736,Aarav,Patel,aarav.patel6736@example.com,East,2027-08-06
CUST006737,Anika,Kapoor,anika.kapoor6737@example.com,North,2026-08-23
CUST006738,Arjun,Nair,arjun.nair6738@example.com,North,2027-09-03
CUST006739,Vivaan,Verma,vivaan.verma6739@example.com,Central,2026-03-12
CUST006740,Vihaan,Reddy,vihaan.reddy6740@example.com,West,2027-07-12
CUST006741,Priya,Singh,priya.singh6741@example.com,North,2027-04-19
CUST006742,Sai,Verma,sai.verma6742@example.com,East,2026-09-10
CUST006743,Ayaan,Kapoor,ayaan.kapoor6743@example.com,West,2026-05-22
CUST006744,Sai,Patel,sai.patel6744@example.com,North,2026-05-24
CUST006745,Vihaan,Patel,vihaan.patel6745@example.com,Central,2026-01-26
CUST006746,Saanvi,Nair,saanvi.nair6746@example.com,East,2027-06-11
CUST006747,Arjun,Chowdhury,arjun.chowdhury6747@example.com,Central,2026-08-26
CUST006748,Kabir,Rao,kabir.rao6748@example.com,South,2027-05-31
CUST006749,Reyansh,Kapoor,reyansh.kapoor6749@example.com,Central,2027-10-17
CUST006750,Aarav,Patel,aarav.patel6750@example.com,East,2027-04-05
CUST006751,Ishaan,Chowdhury,ishaan.chowdhury6751@example.com,North,2027-05-07
CUST006752,Ishaan,Bhat,ishaan.bhat6752@example.com,East,2027-01-22
CUST006753,Reyansh,Das,reyansh.das6753@example.com,East,2026-05-06
CUST006754,Sai,Joshi,sai.joshi6754@example.com,North,2026-11-08
CUST006755,Aditya,Gupta,aditya.gupta6755@example.com,Central,2026-09-08
CUST006756,Aditya,Mehta,aditya.mehta6756@example.com,East,2027-01-12
CUST006757,Anika,Mehta,anika.mehta6757@example.com,Central,2026-01-13
CUST006758,Ishaan,Das,ishaan.das6758@example.com,Central,2027-04-10
CUST006759,Anika,Bhat,anika.bhat6759@example.com,West,2026-03-25
CUST006760,Aarav,Reddy,aarav.reddy6760@example.com,North,2026-12-20
CUST006761,Saanvi,Bhat,saanvi.bhat6761@example.com,North,2027-08-10
CUST006762,Aditya,Gupta,aditya.gupta6762@example.com,East,2027-01-27
CUST006763,Ishaan,Verma,ishaan.verma6763@example.com,West,2026-09-17
CUST006764,Ayaan,Das,ayaan.das6764@example.com,Central,2027-08-28
CUST006765,Reyansh,Reddy,reyansh.reddy6765@example.com,West,2027-01-30
CUST006766,Ananya,Verma,ananya.verma6766@example.com,Central,2027-04-10
CUST006767,Saanvi,Singh,saanvi.singh6767@example.com,West,2026-03-04
CUST006768,Priya,Iyer,priya.iyer6768@example.com,South,2026-11-14
CUST006769,Saanvi,Kapoor,saanvi.kapoor6769@example.com,South,2026-03-23
CUST006770,Anika,Das,anika.das6770@example.com,South,2026-02-15
CUST006771,Ayaan,Gupta,ayaan.gupta6771@example.com,East,2027-08-18
CUST006772,Saanvi,Nair,saanvi.nair6772@example.com,West,2026-09-28
CUST006773,Vihaan,Das,vihaan.das6773@example.com,North,2026-11-06
CUST006774,Ananya,Bhat,ananya.bhat6774@example.com,Central,2026-02-14
CUST006775,Diya,Joshi,diya.joshi6775@example.com,West,2026-08-11
CUST006776,Aditya,Nair,aditya.nair6776@example.com,West,2026-01-21
CUST006777,Diya,Gupta,diya.gupta6777@example.com,West,2026-02-22
CUST006778,Kabir,Chowdhury,kabir.chowdhury6778@example.com,Central,2026-11-03
CUST006779,Riya,Chowdhury,riya.chowdhury6779@example.com,North,2026-04-18
CUST006780,Vivaan,Singh,vivaan.singh6780@example.com,Central,2027-04-30
CUST006781,Diya,Bhat,diya.bhat6781@example.com,West,2027-01-06
CUST006782,Kabir,Patel,kabir.patel6782@example.com,East,2027-04-18
CUST006783,Saanvi,Gupta,saanvi.gupta6783@example.com,South,2027-02-01
CUST006784,Reyansh,Iyer,reyansh.iyer6784@example.com,Central,2026-12-12
CUST006785,Aarav,Das,aarav.das6785@example.com,South,2027-08-17
CUST006786,Ananya,Kapoor,ananya.kapoor6786@example.com,West,2027-06-26
CUST006787,Riya,Sharma,riya.sharma6787@example.com,West,2027-01-24
CUST006788,Sai,Bhat,sai.bhat6788@example.com,West,2026-03-11
CUST006789,Arjun,Bhat,arjun.bhat6789@example.com,West,2027-07-16
CUST006790,Vivaan,Mehta,vivaan.mehta6790@example.com,West,2027-03-28
CUST006791,Saanvi,Mehta,saanvi.mehta6791@example.com,East,2027-04-25
CUST006792,Reyansh,Mehta,reyansh.mehta6792@example.com,Central,2027-02-21
CUST006793,Priya,Reddy,priya.reddy6793@example.com,West,2027-04-25
CUST006794,Sai,Bhat,sai.bhat6794@example.com,West,2026-03-13
CUST006795,Vivaan,Singh,vivaan.singh6795@example.com,South,2027-01-02
CUST006796,Arjun,Rao,arjun.rao6796@example.com,Central,2027-03-06
CUST006797,Sai,Kapoor,sai.kapoor6797@example.com,North,2027-02-21
CUST006798,Sai,Iyer,sai.iyer6798@example.com,South,2026-06-17
CUST006799,Reyansh,Kapoor,reyansh.kapoor6799@example.com,South,2026-02-23
CUST006800,Reyansh,Mehta,reyansh.mehta6800@example.com,Central,2026-08-24
CUST006801,Ananya,Patel,ananya.patel6801@example.com,North,2027-02-15
CUST006802,Priya,Mehta,priya.mehta6802@example.com,East,2026-08-21
CUST006803,Priya,Mehta,priya.mehta6803@example.com,East,2027-11-02
CUST006804,Reyansh,Nair,reyansh.nair6804@example.com,West,2027-07-05
CUST006805,Ishaan,Das,ishaan.das6805@example.com,South,2027-09-06
CUST006806,Aditya,Gupta,aditya.gupta6806@example.com,Central,2026-12-18
CUST006807,Anika,Joshi,anika.joshi6807@example.com,North,2026-02-03
CUST006808,Ananya,Iyer,ananya.iyer6808@example.com,Central,2027-07-24
CUST006809,Diya,Rao,diya.rao6809@example.com,West,2026-12-15
CUST006810,Vihaan,Verma,vihaan.verma6810@example.com,Central,2027-10-09
CUST006811,Aarav,Iyer,aarav.iyer6811@example.com,South,2027-01-06
CUST006812,Diya,Bhat,diya.bhat6812@example.com,South,2027-06-27
CUST006813,Ishaan,Reddy,ishaan.reddy6813@example.com,West,2027-02-25
CUST006814,Arjun,Nair,arjun.nair6814@example.com,East,2026-01-31
CUST006815,Riya,Rao,riya.rao6815@example.com,Central,2027-10-15
CUST006816,Priya,Sharma,priya.sharma6816@example.com,South,2026-02-13
CUST006817,Arjun,Gupta,arjun.gupta6817@example.com,North,2026-09-13
CUST006818,Anika,Sharma,anika.sharma6818@example.com,North,2027-09-29
CUST006819,Priya,Patel,priya.patel6819@example.com,South,2027-08-30
CUST006820,Arjun,Rao,arjun.rao6820@example.com,West,2027-08-03
CUST006821,Anika,Gupta,anika.gupta6821@example.com,Central,2027-05-24
CUST006822,Aditya,Iyer,aditya.iyer6822@example.com,South,2026-11-14
CUST006823,Kabir,Das,kabir.das6823@example.com,West,2026-06-27
CUST006824,Vihaan,Singh,vihaan.singh6824@example.com,Central,2027-02-06
CUST006825,Diya,Verma,diya.verma6825@example.com,West,2026-01-09
CUST006826,Reyansh,Das,reyansh.das6826@example.com,South,2027-07-09
CUST006827,Aarav,Singh,aarav.singh6827@example.com,North,2026-01-20
CUST006828,Aditya,Joshi,aditya.joshi6828@example.com,North,2026-07-03
CUST006829,Anika,Iyer,anika.iyer6829@example.com,East,2026-03-23
CUST006830,Aarav,Gupta,aarav.gupta6830@example.com,South,2027-11-03
CUST006831,Aditya,Joshi,aditya.joshi6831@example.com,West,2027-01-05
CUST006832,Kabir,Iyer,kabir.iyer6832@example.com,North,2027-02-12
CUST006833,Anika,Mehta,anika.mehta6833@example.com,South,2027-11-06
CUST006834,Vivaan,Chowdhury,vivaan.chowdhury6834@example.com,East,2027-02-20
CUST006835,Arjun,Chowdhury,arjun.chowdhury6835@example.com,West,2026-11-24
CUST006836,Aarav,Das,aarav.das6836@example.com,North,2026-12-31
CUST006837,Priya,Kapoor,priya.kapoor6837@example.com,Central,2027-04-04
CUST006838,Ananya,Gupta,ananya.gupta6838@example.com,North,2026-08-24
CUST006839,Vivaan,Singh,vivaan.singh6839@example.com,Central,2026-12-16
CUST006840,Reyansh,Reddy,reyansh.reddy6840@example.com,North,2027-08-10
CUST006841,Anika,Gupta,anika.gupta6841@example.com,South,2027-07-23
CUST006842,Priya,Rao,priya.rao6842@example.com,North,2027-03-13
CUST006843,Aditya,Chowdhury,aditya.chowdhury6843@example.com,East,2026-12-10
CUST006844,Arjun,Reddy,arjun.reddy6844@example.com,South,2027-02-15
CUST006845,Aditya,Iyer,aditya.iyer6845@example.com,Central,2026-12-17
CUST006846,Vihaan,Mehta,vihaan.mehta6846@example.com,West,2026-01-08
CUST006847,Kabir,Sharma,kabir.sharma6847@example.com,North,2027-08-03
CUST006848,Anika,Mehta,anika.mehta6848@example.com,West,2027-11-17
CUST006849,Aarav,Mehta,aarav.mehta6849@example.com,South,2026-12-25
CUST006850,Arjun,Sharma,arjun.sharma6850@example.com,North,2027-07-30
CUST006851,Kabir,Gupta,kabir.gupta6851@example.com,South,2026-08-21
CUST006852,Saanvi,Chowdhury,saanvi.chowdhury6852@example.com,North,2026-10-03
CUST006853,Reyansh,Das,reyansh.das6853@example.com,West,2027-08-23
CUST006854,Sai,Mehta,sai.mehta6854@example.com,North,2026-12-18
CUST006855,Kabir,Bhat,kabir.bhat6855@example.com,East,2026-05-08
CUST006856,Riya,Chowdhury,riya.chowdhury6856@example.com,South,2027-09-11
CUST006857,Saanvi,Verma,saanvi.verma6857@example.com,East,2027-09-08
CUST006858,Aarav,Bhat,aarav.bhat6858@example.com,West,2026-12-09
CUST006859,Diya,Joshi,diya.joshi6859@example.com,North,2026-11-14
CUST006860,Diya,Rao,diya.rao6860@example.com,West,2026-09-01
CUST006861,Riya,Gupta,riya.gupta6861@example.com,West,2026-05-14
CUST006862,Aditya,Rao,aditya.rao6862@example.com,Central,2026-09-01
CUST006863,Sai,Iyer,sai.iyer6863@example.com,Central,2027-04-27
CUST006864,Ayaan,Das,ayaan.das6864@example.com,West,2027-04-18
CUST006865,Sai,Bhat,sai.bhat6865@example.com,East,2026-11-01
CUST006866,Diya,Reddy,diya.reddy6866@example.com,East,2026-11-08
CUST006867,Saanvi,Rao,saanvi.rao6867@example.com,West,2026-06-18
CUST006868,Priya,Nair,priya.nair6868@example.com,West,2026-04-23
CUST006869,Priya,Das,priya.das6869@example.com,East,2026-08-17
CUST006870,Vivaan,Chowdhury,vivaan.chowdhury6870@example.com,South,2027-09-21
CUST006871,Vivaan,Das,vivaan.das6871@example.com,South,2026-10-04
CUST006872,Aarav,Kapoor,aarav.kapoor6872@example.com,East,2026-05-09
CUST006873,Anika,Mehta,anika.mehta6873@example.com,West,2026-02-21
CUST006874,Aarav,Joshi,aaravjoshigmail.com,Central,2026-10-21
CUST006875,Aditya,Patel,aditya.patel6875@example.com,East,2027-05-10
CUST006876,Anika,Patel,anika.patel6876@example.com,South,2026-10-22
CUST006877,Priya,Patel,priya.patel6877@example.com,South,2026-05-09
CUST006878,Ananya,Mehta,ananya.mehta6878@example.com,South,2026-02-03
CUST006879,Riya,Das,riya.das6879@example.com,Central,2026-08-25
CUST006880,Aditya,Joshi,aditya.joshi6880@example.com,East,2027-10-07
CUST006881,Vihaan,Kapoor,vihaan.kapoor6881@example.com,East,2026-06-01
CUST006882,Ayaan,Verma,ayaan.verma6882@example.com,North,2027-04-17
CUST006883,Sai,Patel,sai.patel6883@example.com,East,2026-03-09
CUST006884,Anika,Chowdhury,anika.chowdhury6884@example.com,East,2027-03-08
CUST006885,Aarav,Bhat,aarav.bhat6885@example.com,North,2027-10-12
CUST006886,Ananya,Gupta,ananya.gupta6886@example.com,Central,2026-08-17
CUST006887,Ishaan,Mehta,ishaan.mehta6887@example.com,Central,2026-10-07
CUST006888,Diya,Gupta,diya.gupta6888@example.com,South,2027-08-13
CUST006889,Ayaan,Chowdhury,ayaan.chowdhury6889@example.com,East,2027-09-24
CUST006890,Riya,Bhat,riya.bhat6890@example.com,West,2027-05-04
CUST006891,Kabir,Reddy,kabir.reddy6891@example.com,Central,2026-01-21
CUST006892,Sai,Patel,sai.patel6892@example.com,South,2026-11-05
CUST006893,Ayaan,Patel,ayaan.patel6893@example.com,East,2026-01-11
CUST006894,Reyansh,Gupta,reyansh.gupta6894@example.com,Central,2027-07-31
CUST006895,Vivaan,Joshi,vivaan.joshi6895@example.com,North,2027-03-19
CUST006896,Saanvi,Patel,saanvi.patel6896@example.com,North,2027-10-23
CUST006897,Diya,Gupta,diya.gupta6897@example.com,West,2027-05-31
CUST006898,Ayaan,Chowdhury,ayaan.chowdhury6898@example.com,East,2026-11-22
CUST006899,Vivaan,Joshi,vivaan.joshi6899@example.com,East,2026-06-30
CUST006900,Ayaan,Verma,ayaan.verma6900@example.com,West,2027-09-27
CUST006901,Arjun,Joshi,arjun.joshi6901@example.com,North,2027-03-20
CUST006902,Kabir,Das,kabir.das6902@example.com,East,2027-08-08
CUST006903,Reyansh,Iyer,reyansh.iyer6903@example.com,South,2027-12-02
CUST006904,Priya,Mehta,priya.mehta6904@example.com,North,2026-10-11
CUST006905,Reyansh,Joshi,reyansh.joshi6905@example.com,Central,2026-07-07
CUST006906,Sai,Rao,sai.rao6906@example.com,West,2027-07-26
CUST006907,Ishaan,Singh,ishaan.singh6907@example.com,South,2026-09-12
CUST006908,Vihaan,Bhat,vihaan.bhat6908@example.com,South,2026-09-10
CUST006909,Anika,Reddy,anika.reddy6909@example.com,East,2026-12-15
CUST006910,Reyansh,Sharma,reyansh.sharma6910@example.com,South,2026-08-24
CUST006911,Diya,Verma,diya.verma6911@example.com,South,2026-06-06
CUST006912,Anika,Bhat,anika.bhat6912@example.com,East,2026-01-23
CUST006913,Kabir,Reddy,  kabir@mail.com,South,2026-02-26
CUST006914,Ayaan,Nair,ayaan.nair6914@example.com,North,2026-11-28
CUST006915,Priya,Sharma,priya.sharma6915@example.com,South,2026-09-12
CUST006916,Ishaan,Verma,ishaan.verma6916@example.com,North,2027-05-15
CUST006917,Kabir,Nair,kabirnair.com,Central,2027-05-26
CUST006918,Ananya,Kapoor,ananya.kapoor6918@example.com,North,2026-10-07
CUST006919,Arjun,Bhat,arjun.bhat6919@example.com,East,2026-12-16
CUST006920,Diya,Verma,diya.verma6920@example.com,North,2027-08-31
CUST006921,Sai,Nair,sai.nair6921@example.com,East,2026-03-31
CUST006922,Ishaan,Reddy,ishaan.reddy6922@example.com,Central,2026-02-06
CUST006923,Aditya,Mehta,aditya.mehta6923@example.com,North,2026-09-13
CUST006924,Aarav,Nair,aarav.nair6924@example.com,South,2026-11-14
CUST006925,Ananya,Bhat,ananyabhatgmail.com,Central,2027-04-27
CUST006926,Ishaan,Joshi,ishaan.joshi6926@example.com,West,2026-11-18
CUST006927,Anika,Verma,anika.verma6927@example.com,West,2027-03-19
CUST006928,Sai,Rao,sai.rao6928@example.com,South,2026-10-12
CUST006929,Ayaan,Sharma,ayaan.sharma6929@example.com,West,2026-05-04
CUST006930,Arjun,Chowdhury,arjun.chowdhury6930@example.com,North,2027-11-19
CUST006931,Kabir,Bhat,kabir.bhat6931@example.com,West,2026-09-01
CUST006932,Arjun,Sharma,arjun.sharma6932@example.com,North,2027-04-15
CUST006933,Aditya,Nair,adityanairgmail.com,East,2026-06-07
CUST006934,Ishaan,Mehta,ishaan.mehta6934@example.com,Central,2027-11-07
CUST006935,Kabir,Kapoor,kabir.kapoor6935@example.com,West,2027-09-02
CUST006936,Saanvi,Bhat,saanvi.bhat6936@example.com,North,2026-11-10
CUST006937,Reyansh,Joshi,reyansh.joshi6937@example.com,West,2026-01-25
CUST006938,Vivaan,Joshi,vivaan.joshi6938@example.com,Central,2026-02-08
CUST006939,Vivaan,Verma,vivaan.verma6939@example.com,East,2027-03-04
CUST006940,Vivaan,Joshi,vivaan.joshi6940@example.com,South,2027-09-07
CUST006941,Anika,Chowdhury,anika.chowdhury6941@example.com,Central,2027-06-22
CUST006942,Vihaan,Rao,vihaan.rao6942@example.com,Central,2026-08-01
CUST006943,Ananya,Das,ananya.das6943@example.com,West,2027-11-04
CUST006944,Priya,Reddy,priya.reddy6944@example.com,Central,2027-06-20
CUST006945,Riya,Rao,riya.rao6945@example.com,West,2027-07-03
CUST006946,Aditya,Rao,aditya.rao6946@example.com,East,2027-03-07
CUST006947,Vivaan,Nair,vivaan.nair6947@example.com,North,2027-11-08
CUST006948,Priya,Nair,priya.nair6948@example.com,West,2027-07-25
CUST006949,Sai,Patel,sai.patel6949@example.com,West,2026-06-30
CUST006950,Vivaan,Sharma,vivaan.sharma6950@example.com,West,2026-06-09
CUST006951,Sai,Chowdhury,sai.chowdhury6951@example.com,North,2027-10-16
CUST006952,Vihaan,Kapoor,vihaan.kapoor6952@example.com,East,2027-04-04
CUST006953,Reyansh,Singh,reyansh.singh6953@example.com,South,2026-12-27
CUST006954,Diya,Sharma,diya.sharma6954@example.com,West,2027-06-13
CUST006955,Aarav,Rao,aarav.rao6955@example.com,South,2026-02-20
CUST006956,Saanvi,Bhat,saanvi.bhat6956@example.com,Central,2027-09-05
CUST006957,Kabir,Verma,kabir.verma6957@example.com,East,2026-12-21
CUST006958,Reyansh,Patel,reyansh.patel6958@example.com,West,2026-03-23
CUST006959,Priya,Singh,priya.singh6959@example.com,East,2027-08-01
CUST006960,Riya,Patel,riya.patel6960@example.com,Central,2027-06-12
CUST006961,Saanvi,Nair,saanvi.nair6961@example.com,North,2027-07-29
CUST006962,Anika,Bhat,anika.bhat6962@example.com,North,2026-03-28
CUST006963,Diya,Nair,diya.nair6963@example.com,West,2026-02-16
CUST006964,Kabir,Chowdhury,kabir.chowdhury6964@example.com,West,2026-08-01
CUST006965,Ayaan,Bhat,ayaan.bhat6965@example.com,North,2027-05-31
CUST006966,Saanvi,Reddy,saanvi.reddy6966@example.com,Central,2026-05-31
CUST006967,Vivaan,Gupta,vivaan.gupta6967@example.com,East,2027-06-26
CUST006968,Riya,Nair,riya.nair6968@example.com,South,2026-09-03
CUST006969,Anika,Singh,anika.singh6969@example.com,South,2026-01-19
CUST006970,Vihaan,Patel,vihaan.patel6970@example.com,West,2027-07-25
CUST006971,Vihaan,Mehta,vihaan.mehta6971@example.com,South,2027-03-02
CUST006972,Kabir,Iyer,kabir.iyer6972@example.com,Central,2027-05-08
CUST006973,Aarav,Chowdhury,aarav.chowdhury6973@example.com,North,2026-05-28
CUST006974,Vivaan,Gupta,vivaan.gupta6974@example.com,East,2026-10-25
CUST006975,Ishaan,Sharma,ishaan.sharma6975@example.com,North,2026-12-17
CUST006976,Vivaan,Rao,vivaan.rao6976@example.com,North,2027-11-13
CUST006977,Reyansh,Mehta,reyansh.mehta6977@example.com,West,2027-02-16
CUST006978,Saanvi,Reddy,saanvi.reddy6978@example.com,Central,2027-06-07
CUST006979,Arjun,Iyer,arjun.iyer6979@example.com,West,2026-04-10
CUST006980,Reyansh,Sharma,reyansh.sharma6980@example.com,South,2026-10-16
CUST006981,Ayaan,Das,ayaan.das6981@example.com,North,2026-01-29
CUST006982,Aditya,Iyer,aditya.iyer6982@example.com,South,2026-11-17
CUST006983,Diya,Mehta,diya.mehta6983@example.com,South,2026-01-19
CUST006984,Ananya,Verma,ananya.verma6984@example.com,West,2027-08-05
CUST006985,Riya,Nair,riya.nair6985@example.com,East,2027-02-28
CUST006986,Arjun,Rao,arjun.rao6986@example.com,Central,2027-05-24
CUST006987,Kabir,Verma,kabir.verma6987@example.com,Central,2027-09-13
CUST006988,Sai,Gupta,sai.gupta6988@example.com,East,2026-06-08
CUST006989,Ishaan,Kapoor,ishaan.kapoor6989@example.com,West,2026-02-27
CUST006990,Sai,Gupta,sai.gupta6990@example.com,South,2026-02-08
CUST006991,Ayaan,Bhat,ayaan.bhat6991@example.com,East,2026-02-09
CUST006992,Priya,Joshi,priya.joshi6992@example.com,West,2027-04-08
CUST006993,Sai,Nair,sai.nair6993@example.com,North,2027-11-07
CUST006994,Vivaan,Chowdhury,vivaan.chowdhury6994@example.com,East,2026-04-15
CUST006995,Sai,Das,sai.das6995@example.com,Central,2026-01-13
CUST006996,Aditya,Patel,aditya.patel6996@example.com,West,2027-03-18
CUST006997,Vihaan,Chowdhury,vihaan.chowdhury6997@example.com,South,2026-08-11
CUST006998,Arjun,Singh,arjun.singh6998@example.com,Central,2027-07-21
CUST006999,Ananya,Singh,ananya.singh6999@example.com,Central,2026-02-04
CUST007000,Priya,Das,priya.das7000@example.com,South,2027-03-03
CUST007001,Ishaan,Gupta,ishaan.gupta7001@example.com,West,2027-02-05
CUST007002,Ishaan,Chowdhury,ishaan.chowdhury7002@example.com,Central,2026-10-16
CUST007003,Diya,Gupta,diya.gupta7003@example.com,North,2026-05-29
CUST007004,Ananya,Joshi,ananya.joshi7004@example.com,Central,2026-06-02
CUST007005,Priya,Reddy,priya.reddy7005@example.com,North,2026-09-08
CUST007006,Ayaan,Singh,ayaan.singh7006@example.com,North,2026-11-04
CUST007007,Vivaan,Reddy,vivaan.reddy7007@example.com,North,2026-04-23
CUST007008,Vivaan,Joshi,vivaan.joshi7008@example.com,South,2027-01-25
CUST007009,Vihaan,Bhat,vihaan.bhat7009@example.com,East,2026-05-05
CUST007010,Ayaan,Kapoor,ayaan.kapoor7010@example.com,Central,2027-02-23
CUST007011,Priya,Verma,priya.verma7011@example.com,North,2026-09-28
CUST007012,Aditya,Chowdhury,aditya.chowdhury7012@example.com,Central,2027-08-05
CUST007013,Vihaan,Chowdhury,vihaan.chowdhury7013@example.com,Central,2027-09-23
CUST007014,Ishaan,Chowdhury,ishaan.chowdhury7014@example.com,West,2027-11-05
CUST007015,Arjun,Bhat,arjun.bhat7015@example.com,East,2027-05-13
CUST007016,Reyansh,Iyer,reyansh.iyer7016@example.com,North,2026-02-16
CUST007017,Ananya,Verma,ananya.verma7017@example.com,East,2026-04-06
CUST007018,Aditya,Rao,aditya.rao7018@example.com,North,2026-04-24
CUST007019,Vihaan,Iyer,vihaan.iyer7019@example.com,North,2026-12-17
CUST007020,Ayaan,Gupta,ayaangupta.com,North,2027-04-01
CUST007021,Aarav,Iyer,aarav.iyer7021@example.com,East,2027-04-07
CUST007022,Kabir,Patel,kabir.patel7022@example.com,North,2027-08-10
CUST007023,Vivaan,Das,vivaan.das7023@example.com,West,2027-04-10
CUST007024,Diya,Kapoor,diya.kapoor7024@example.com,Central,2027-04-15
CUST007025,Reyansh,Verma,reyansh.verma7025@example.com,North,2026-07-22
CUST007026,Ananya,Das,ananya.das7026@example.com,East,2027-02-04
CUST007027,Ishaan,Singh,ishaan.singh7027@example.com,South,2026-06-06
CUST007028,Ishaan,Kapoor,ishaan.kapoor7028@example.com,West,2027-09-07
CUST007029,Vivaan,Singh,vivaan.singh7029@example.com,East,2026-01-28
CUST007030,Reyansh,Chowdhury,reyansh.chowdhury7030@example.com,West,2026-09-29
CUST007031,Saanvi,Sharma,saanvi.sharma7031@example.com,Central,2026-08-24
CUST007032,Vihaan,Joshi,vihaan.joshi7032@example.com,South,2027-02-07
CUST007033,Diya,Verma,diya.verma7033@example.com,South,2027-10-08
CUST007034,Diya,Verma,diya.verma7034@example.com,North,2027-01-30
CUST007035,Ayaan,Gupta,ayaan.gupta7035@example.com,West,2027-04-07
CUST007036,Ayaan,Verma,ayaan.verma7036@example.com,Central,2026-02-16
CUST007037,Anika,Bhat,anika.bhat7037@example.com,West,2026-09-05
CUST007038,Vivaan,Verma,vivaan.verma7038@example.com,North,2027-07-01
CUST007039,Priya,Kapoor,priya.kapoor7039@example.com,East,2026-10-30
CUST007040,Vihaan,Gupta,vihaan.gupta7040@example.com,East,2026-08-20
CUST007041,Vivaan,Patel,vivaan.patel7041@example.com,East,2026-01-22
CUST007042,Ananya,Singh,ananya.singh7042@example.com,East,2027-06-18
CUST007043,Saanvi,Mehta,saanvi.mehta7043@example.com,East,2027-07-29
CUST007044,Ananya,Rao,ananya.rao7044@example.com,East,2027-06-14
CUST007045,Saanvi,Sharma,saanvi.sharma7045@example.com,South,2027-02-20
CUST007046,Aarav,Sharma,aarav.sharma7046@example.com,West,2027-04-25
CUST007047,Aditya,Singh,aditya.singh7047@example.com,West,2026-08-16
CUST007048,Anika,Nair,anika.nair7048@example.com,Central,2026-11-14
CUST007049,Reyansh,Das,reyansh.das7049@example.com,South,2026-02-07
CUST007050,Vihaan,Verma,vihaan.verma7050@example.com,North,2027-03-29
CUST007051,Riya,Chowdhury,riya.chowdhury7051@example.com,North,2026-02-07
CUST007052,Aarav,Gupta,aarav.gupta7052@example.com,North,2026-10-02
CUST007053,Diya,Verma,diya.verma7053@example.com,East,2026-12-09
CUST007054,Riya,Singh,riya.singh7054@example.com,East,2026-08-21
CUST007055,Ayaan,Kapoor,ayaan.kapoor7055@example.com,Central,2026-11-07
CUST007056,Riya,Joshi,riya.joshi7056@example.com,East,2027-01-19
CUST007057,Ayaan,Mehta,ayaan.mehta7057@example.com,North,2027-05-07
CUST007058,Reyansh,Joshi,reyansh.joshi7058@example.com,South,2027-01-04
CUST007059,Aarav,Bhat,aarav.bhat7059@example.com,North,2026-11-15
CUST007060,Sai,Patel,sai.patel7060@example.com,West,2026-12-23
CUST007061,Priya,Joshi,priya.joshi7061@example.com,North,2027-09-21
CUST007062,Saanvi,Reddy,saanvi.reddy7062@example.com,North,2027-04-11
CUST007063,Diya,Das,diya.das7063@example.com,West,2026-06-08
CUST007064,Anika,Joshi,anika.joshi7064@example.com,South,2026-07-20
CUST007065,Kabir,Chowdhury,kabir.chowdhury7065@example.com,Central,2027-01-21
CUST007066,Ayaan,Chowdhury,ayaan.chowdhury7066@example.com,Central,2026-06-07
CUST007067,Priya,Rao,priya.rao7067@example.com,West,2027-11-11
CUST007068,Ananya,Joshi,ananya.joshi7068@example.com,North,2026-09-05
CUST007069,Reyansh,Das,reyansh.das7069@example.com,North,2027-05-09
CUST007070,Priya,Singh,priya.singh7070@example.com,North,2027-03-17
CUST007071,Kabir,Nair,kabir.nair7071@example.com,Central,2027-10-19
CUST007072,Anika,Chowdhury,anika.chowdhury7072@example.com,South,2026-11-24
CUST007073,Arjun,Verma,arjun.verma7073@example.com,North,2027-02-02
CUST007074,Ishaan,Sharma,ishaan.sharma7074@example.com,West,2027-08-25
CUST007075,Reyansh,Bhat,reyansh.bhat7075@example.com,East,2026-09-27
CUST007076,Diya,Patel,diya.patel7076@example.com,South,2027-08-30
CUST007077,Saanvi,Sharma,saanvi.sharma7077@example.com,North,2026-10-31
CUST007078,Ishaan,Nair,ishaan.nair7078@example.com,West,2026-01-06
CUST007079,Ayaan,Iyer,ayaan.iyer7079@example.com,South,2027-05-02
CUST007080,Priya,Patel,priya.patel7080@example.com,Central,2026-06-04
CUST007081,Ishaan,Gupta,ishaan.gupta7081@example.com,Central,2027-10-27
CUST007082,Ishaan,Sharma,ishaan.sharma7082@example.com,Central,2026-06-27
CUST007083,Vivaan,Sharma,vivaan.sharma7083@example.com,North,2027-11-14
CUST007084,Vihaan,Kapoor,vihaan.kapoor7084@example.com,North,2026-03-27
CUST007085,Riya,Verma,riya.verma7085@example.com,West,2026-03-14
CUST007086,Saanvi,Reddy,saanvi.reddy7086@example.com,Central,2026-09-22
CUST007087,Aditya,Gupta,aditya.gupta7087@example.com,North,2026-08-25
CUST007088,Vivaan,Kapoor,vivaan.kapoor7088@example.com,Central,2027-06-09
CUST007089,Reyansh,Rao,reyansh.rao7089@example.com,East,2027-11-13
CUST007090,Vivaan,Das,vivaan.das7090@example.com,Central,2027-02-19
CUST007091,Arjun,Reddy,arjun.reddy7091@example.com,South,2026-03-17
CUST007092,Ananya,Kapoor,ananya.kapoor7092@example.com,East,2027-06-26
CUST007093,Anika,Kapoor,anika.kapoor7093@example.com,West,2027-10-06
CUST007094,Riya,Chowdhury,riya.chowdhury7094@example.com,East,2026-11-21
CUST007095,Aditya,Mehta,aditya.mehta7095@example.com,South,2026-05-10
CUST007096,Arjun,Bhat,arjun.bhat7096@example.com,South,2026-01-22
CUST007097,Reyansh,Das,reyansh.das7097@example.com,North,2027-06-23
CUST007098,Diya,Verma,diya.verma7098@example.com,West,2027-01-29
CUST007099,Ayaan,Chowdhury,ayaan.chowdhury7099@example.com,North,2026-06-09
CUST007100,Riya,Iyer,riya.iyer7100@example.com,North,2027-10-05
CUST007101,Ayaan,Patel,ayaan.patel7101@example.com,Central,2026-07-13
CUST007102,Aditya,Patel,aditya.patel7102@example.com,West,2027-03-21
CUST007103,Aarav,Chowdhury,aarav.chowdhury7103@example.com,South,2026-05-31
CUST007104,Aditya,Joshi,aditya.joshi7104@example.com,Central,2026-08-22
CUST007105,Sai,Nair,sai.nair7105@example.com,South,2027-07-01
CUST007106,Priya,Das,priya.das7106@example.com,West,2026-04-15
CUST007107,Priya,Bhat,priya.bhat7107@example.com,Central,2026-09-04
CUST007108,Ananya,Mehta,ananya.mehta7108@example.com,Central,2027-08-05
CUST007109,Sai,Bhat,sai.bhat7109@example.com,South,2026-11-17
CUST007110,Riya,Das,riya.das7110@example.com,East,2026-09-22
CUST007111,Ananya,Das,ananya.das7111@example.com,South,2027-10-07
CUST007112,Riya,Rao,riya.rao7112@example.com,North,2026-04-29
CUST007113,Diya,Das,diya.das7113@example.com,South,2026-08-15
CUST007114,Riya,Iyer,riya.iyer7114@example.com,North,2027-09-12
CUST007115,Aarav,Nair,aarav.nair7115@example.com,Central,2027-05-27
CUST007116,Aditya,Chowdhury,aditya.chowdhury7116@example.com,East,2026-11-21
CUST007117,Vivaan,Das,vivaan.das7117@example.com,West,2026-06-20
CUST007118,Anika,Bhat,anika.bhat7118@example.com,Central,2026-02-23
CUST007119,Kabir,Mehta,kabir.mehta7119@example.com,North,2026-06-05
CUST007120,Ananya,Patel,ananya.patel7120@example.com,South,2027-04-25
CUST007121,Vihaan,Patel,vihaan.patel7121@example.com,South,2027-02-11
CUST007122,Aarav,Reddy,aarav.reddy7122@example.com,South,2026-07-14
CUST007123,Diya,Verma,diya.verma7123@example.com,Central,2026-01-07
CUST007124,Ishaan,Nair,,Central,2027-08-05
CUST007125,Saanvi,Das,saanvi.das7125@example.com,South,2027-04-12
CUST007126,Reyansh,Mehta,reyansh.mehta7126@example.com,East,2027-05-16
CUST007127,Ishaan,Das,ishaan.das7127@example.com,East,2026-03-11
CUST007128,Arjun,Iyer,arjun.iyer7128@example.com,West,2026-10-03
CUST007129,Aditya,Verma,aditya.verma7129@example.com,West,2027-11-23
CUST007130,Priya,Bhat,priya.bhat7130@example.com,West,2026-01-13
CUST007131,Riya,Gupta,riya.gupta7131@example.com,East,2027-02-07
CUST007132,Saanvi,Chowdhury,saanvi.chowdhury7132@example.com,West,2026-04-17
CUST007133,Sai,Nair,sai.nair7133@example.com,Central,2026-10-26
CUST007134,Reyansh,Reddy,reyansh.reddy7134@example.com,North,2026-01-15
CUST007135,Vivaan,Nair,vivaan.nair7135@example.com,West,2026-09-13
CUST007136,Arjun,Mehta,arjun.mehta7136@example.com,South,2027-10-06
CUST007137,Arjun,Rao,arjun.rao7137@example.com,West,2026-08-17
CUST007138,Vihaan,Sharma,vihaan.sharma7138@example.com,West,2027-12-01
CUST007139,Reyansh,Verma,reyansh.verma7139@example.com,South,2027-10-14
CUST007140,Ayaan,Joshi,ayaan.joshi7140@example.com,West,2026-12-28
CUST007141,Kabir,Gupta,kabir.gupta7141@example.com,South,2026-01-03
CUST007142,Arjun,Sharma,arjun.sharma7142@example.com,North,2027-09-24
CUST007143,Aarav,Rao,aarav.rao7143@example.com,East,2026-05-22
CUST007144,Anika,Iyer,anika.iyer7144@example.com,North,2027-03-24
CUST007145,Anika,Mehta,anika.mehta7145@example.com,West,2026-08-03
CUST007146,Priya,Nair,priya.nair7146@example.com,North,2026-06-10
CUST007147,Ishaan,Nair,ishaan.nair7147@example.com,East,2026-04-04
CUST007148,Aarav,Nair,aarav.nair7148@example.com,North,2026-02-03
CUST007149,Vihaan,Mehta,vihaan.mehta7149@example.com,East,2027-07-05
CUST007150,Arjun,Gupta,arjun.gupta7150@example.com,West,2026-06-27
CUST007151,Vivaan,Sharma,vivaan.sharma7151@example.com,South,2027-03-05
CUST007152,Saanvi,Gupta,saanvi.gupta7152@example.com,South,2026-09-04
CUST007153,Vivaan,Gupta,vivaan.gupta7153@example.com,Central,2026-08-25
CUST007154,Reyansh,Kapoor,reyansh.kapoor7154@example.com,East,2027-12-01
CUST007155,Ananya,Reddy,ananya.reddy7155@example.com,West,2026-12-05
CUST007156,Vihaan,Patel,vihaan.patel7156@example.com,Central,2026-05-25
CUST007157,Aarav,Chowdhury,aarav.chowdhury7157@example.com,Central,2026-04-25
CUST007158,Priya,Reddy,priya.reddy7158@example.com,North,2027-03-09
CUST007159,Priya,Chowdhury,priya.chowdhury7159@example.com,Central,2027-04-28
CUST007160,Aarav,Reddy,aarav.reddy7160@example.com,South,2026-01-02
CUST007161,Kabir,Iyer,kabir.iyer7161@example.com,East,2026-03-07
CUST007162,Priya,Verma,priya.verma7162@example.com,West,2027-02-05
CUST007163,Saanvi,Sharma,saanvi.sharma7163@example.com,North,2027-07-14
CUST007164,Diya,Das,diya.das7164@example.com,East,2027-07-20
CUST007165,Vihaan,Nair,vihaan.nair7165@example.com,North,2027-05-17
CUST007166,Diya,Gupta,diya.gupta7166@example.com,Central,2027-02-27
CUST007167,Aarav,Mehta,aarav.mehta7167@example.com,South,2026-10-30
CUST007168,Vihaan,Nair,vihaan.nair7168@example.com,North,2026-11-22
CUST007169,Riya,Mehta,riya.mehta7169@example.com,Central,2027-03-02
CUST007170,Reyansh,Verma,reyansh.verma7170@example.com,East,2026-06-16
CUST007171,Kabir,Gupta,kabir.gupta7171@example.com,South,2026-06-16
CUST007172,Vivaan,Nair,vivaan.nair7172@example.com,Central,2027-07-16
CUST007173,Saanvi,Kapoor,saanvi.kapoor7173@example.com,West,2027-10-14
CUST007174,Ayaan,Nair,ayaan.nair7174@example.com,East,2026-02-28
CUST007175,Anika,Patel,anika.patel7175@example.com,South,2026-12-15
CUST007176,Kabir,Sharma,kabir.sharma7176@example.com,North,2026-03-31
CUST007177,Ishaan,Das,ishaan.das7177@example.com,South,2026-11-29
CUST007178,Riya,Chowdhury,riya.chowdhury@@mail,West,2027-04-02
CUST007179,Sai,Patel,sai.patel7179@example.com,North,2026-08-15
CUST007180,Saanvi,Iyer,saanvi.iyer7180@example.com,Central,2027-08-25
CUST007181,Ayaan,Sharma,ayaan.sharma7181@example.com,East,2027-01-03
CUST007182,Aarav,Joshi,aarav.joshi7182@example.com,Central,2027-04-28
CUST007183,Riya,Verma,riya.verma7183@example.com,East,2026-05-15
CUST007184,Ayaan,Nair,ayaan.nair7184@example.com,East,2026-10-30
CUST007185,Sai,Sharma,sai.sharma7185@example.com,East,2026-12-28
CUST007186,Riya,Singh,riya.singh7186@example.com,East,2027-04-01
CUST007187,Aditya,Verma,aditya.verma7187@example.com,South,2027-04-05
CUST007188,Ayaan,Sharma,ayaan.sharma7188@example.com,East,2026-12-06
CUST007189,Riya,Gupta,riya.gupta7189@example.com,West,2026-09-14
CUST007190,Vihaan,Verma,vihaan.verma7190@example.com,West,2026-01-01
CUST007191,Kabir,Rao,kabir.rao7191@example.com,Central,2027-04-21
CUST007192,Vihaan,Bhat,vihaan.bhat7192@example.com,East,2027-11-07
CUST007193,Sai,Verma,sai.verma7193@example.com,South,2026-07-26
CUST007194,Priya,Sharma,priya.sharma7194@example.com,North,2027-06-11
CUST007195,Ananya,Singh,ananya.singh7195@example.com,West,2027-11-29
CUST007196,Arjun,Kapoor,arjun.kapoor7196@example.com,Central,2027-10-13
CUST007197,Ayaan,Sharma,ayaan.sharma7197@example.com,West,2026-10-15
CUST007198,Vihaan,Joshi,vihaan.joshi7198@example.com,North,2026-09-10
CUST007199,Anika,Mehta,anika.mehta7199@example.com,Central,2026-05-10
CUST007200,Vihaan,Kapoor,vihaan.kapoor7200@example.com,East,2027-02-08
CUST007201,Ayaan,Reddy,ayaan.reddy7201@example.com,Central,2027-11-25
CUST007202,Kabir,Bhat,kabir.bhat7202@example.com,South,2027-06-10
CUST007203,Priya,Rao,priya.rao7203@example.com,North,2027-07-14
CUST007204,Ayaan,Mehta,ayaan.mehta7204@example.com,West,2027-02-10
CUST007205,Vivaan,Joshi,vivaan.joshi7205@example.com,Central,2026-01-09
CUST007206,Aarav,Singh,aarav.singh7206@example.com,South,2027-05-24
CUST007207,Diya,Mehta,diya.mehta7207@example.com,Central,2027-09-19
CUST007208,Diya,Das,diya.das7208@example.com,East,2026-11-17
CUST007209,Ananya,Chowdhury,ananya.chowdhury7209@example.com,East,2026-10-11
CUST007210,Vivaan,Singh,vivaan.singh7210@example.com,West,2027-08-19
CUST007211,Riya,Gupta,riya.gupta7211@example.com,West,2027-10-18
CUST007212,Diya,Kapoor,diya.kapoor7212@example.com,South,2026-11-01
CUST007213,Kabir,Mehta,kabir.mehta7213@example.com,North,2027-02-05
CUST007214,Ananya,Reddy,ananya.reddy7214@example.com,East,2027-08-17
CUST007215,Reyansh,Bhat,reyansh.bhat7215@example.com,Central,2027-06-13
CUST007216,Vivaan,Singh,vivaan.singh7216@example.com,Central,2027-08-10
CUST007217,Kabir,Rao,kabir.rao7217@example.com,East,2027-04-07
CUST007218,Ayaan,Bhat,ayaan.bhat7218@example.com,West,2026-12-04
CUST007219,Aditya,Patel,aditya.patel7219@example.com,West,2027-06-23
CUST007220,Reyansh,Iyer,reyansh.iyer7220@example.com,North,2027-05-16
CUST007221,Vivaan,Singh,vivaan.singh7221@example.com,North,2027-04-23
CUST007222,Priya,Verma,priya.verma7222@example.com,South,2026-11-20
CUST007223,Aarav,Kapoor,aarav.kapoor7223@example.com,North,2027-05-19
CUST007224,Reyansh,Patel,reyansh.patel7224@example.com,Central,2026-06-10
CUST007225,Reyansh,Reddy,reyansh.reddy7225@example.com,Central,2026-11-26
CUST007226,Aarav,Reddy,aarav.reddy7226@example.com,South,2027-02-23
CUST007227,Ishaan,Gupta,ishaan.gupta7227@example.com,Central,2026-12-08
CUST007228,Sai,Reddy,sai.reddy7228@example.com,North,2026-05-22
CUST007229,Ishaan,Reddy,ishaan.reddy7229@example.com,South,2027-04-15
CUST007230,Ishaan,Joshi,ishaan.joshi7230@example.com,East,2026-05-02
CUST007231,Saanvi,Gupta,saanvi.gupta7231@example.com,East,2027-09-01
CUST007232,Reyansh,Gupta,reyansh.gupta7232@example.com,South,2026-09-09
CUST007233,Anika,Singh,anika.singh7233@example.com,North,2026-10-27
CUST007234,Ishaan,Bhat,ishaan.bhat7234@example.com,North,2027-08-23
CUST007235,Kabir,Nair,kabir.nair7235@example.com,East,2026-12-19
CUST007236,Vivaan,Bhat,vivaan.bhat7236@example.com,South,2026-02-07
CUST007237,Riya,Verma,riya.verma7237@example.com,West,2026-09-15
CUST007238,Reyansh,Patel,reyansh.patel7238@example.com,East,2026-09-29
CUST007239,Ananya,Das,ananya.das7239@example.com,West,2027-02-06
CUST007240,Sai,Verma,sai.verma7240@example.com,Central,2027-08-01
CUST007241,Aditya,Kapoor,aditya.kapoor7241@example.com,South,2027-05-05
CUST007242,Riya,Nair,riya.nair7242@example.com,North,2027-03-25
CUST007243,Vihaan,Bhat,vihaan.bhat7243@example.com,South,2026-06-22
CUST007244,Ayaan,Kapoor,ayaan.kapoor7244@example.com,North,2027-01-09
CUST007245,Diya,Iyer,diya.iyer7245@example.com,West,2027-07-25
CUST007246,Ayaan,Kapoor,ayaan.kapoor7246@example.com,North,2026-09-20
CUST007247,Kabir,Nair,kabir.nair7247@example.com,East,2027-08-18
CUST007248,Vivaan,Gupta,vivaan.gupta7248@example.com,West,2026-08-06
CUST007249,Riya,Sharma,riya.sharma7249@example.com,West,2027-05-26
CUST007250,Diya,Bhat,diya.bhat7250@example.com,South,2026-08-26
CUST007251,Arjun,Singh,arjun.singh7251@example.com,West,2026-07-16
CUST007252,Vivaan,Iyer,vivaan.iyer7252@example.com,West,2026-02-06
CUST007253,Sai,Joshi,sai.joshi7253@example.com,South,2027-02-14
CUST007254,Priya,Joshi,priya.joshi7254@example.com,South,2027-03-11
CUST007255,Aarav,Gupta,aarav.gupta7255@example.com,South,2026-06-03
CUST007256,Saanvi,Nair,saanvi.nair7256@example.com,East,2027-11-24
CUST007257,Priya,Verma,priya.verma7257@example.com,West,2027-09-13
CUST007258,Riya,Kapoor,riya.kapoor7258@example.com,West,2026-01-25
CUST007259,Ishaan,Kapoor,ishaan.kapoor7259@example.com,North,2026-06-26
CUST007260,Vivaan,Reddy,vivaan.reddy7260@example.com,Central,2026-08-02
CUST007261,Diya,Mehta,diya.mehta7261@example.com,North,2027-04-14
CUST007262,Anika,Bhat,anika.bhat7262@example.com,South,2026-04-28
CUST007263,Sai,Joshi,sai.joshi7263@example.com,North,2027-07-19
CUST007264,Reyansh,Kapoor,reyansh.kapoor7264@example.com,South,2026-08-25
CUST007265,Aditya,Joshi,aditya.joshi7265@example.com,Central,2026-06-11
CUST007266,Priya,Das,priya.das7266@example.com,Central,2026-05-31
CUST007267,Aarav,Chowdhury,aarav.chowdhury7267@example.com,East,2026-08-18
CUST007268,Anika,Verma,anika.verma7268@example.com,South,2026-06-27
CUST007269,Vivaan,Chowdhury,vivaan.chowdhury7269@example.com,North,2027-07-27
CUST007270,Arjun,Rao,arjun.rao7270@example.com,South,2027-10-31
CUST007271,Saanvi,Joshi,saanvi.joshi7271@example.com,East,2026-07-06
CUST007272,Vivaan,Nair,vivaan.nair7272@example.com,East,2027-09-28
CUST007273,Ishaan,Singh,ishaan.singh7273@example.com,Central,2027-07-03
CUST007274,Sai,Bhat,sai.bhat7274@example.com,Central,2026-05-29
CUST007275,Priya,Reddy,priya.reddy7275@example.com,South,2026-06-12
CUST007276,Aarav,Verma,aarav.verma7276@example.com,South,2027-03-08
CUST007277,Vivaan,Bhat,vivaan.bhat7277@example.com,East,2026-09-22
CUST007278,Riya,Nair,riya.nair7278@example.com,Central,2027-08-17
CUST007279,Arjun,Joshi,arjun.joshi7279@example.com,East,2027-05-18
CUST007280,Aarav,Chowdhury,aarav.chowdhury7280@example.com,Central,2027-03-03
CUST007281,Riya,Bhat,riya.bhat7281@example.com,East,2027-03-27
CUST007282,Ananya,Bhat,ananya.bhat7282@example.com,East,2026-07-01
CUST007283,Saanvi,Reddy,saanvi.reddy7283@example.com,West,2027-07-18
CUST007284,Ananya,Singh,ananya.singh7284@example.com,West,2027-07-15
CUST007285,Ananya,Sharma,ananya.sharma7285@example.com,West,2026-01-04
CUST007286,Ananya,Patel,ananya.patel7286@example.com,East,2027-05-06
CUST007287,Saanvi,Das,saanvi.das7287@example.com,North,2027-03-21
CUST007288,Arjun,Bhat,arjun.bhat7288@example.com,Central,2027-06-11
CUST007289,Saanvi,Bhat,saanvi.bhat7289@example.com,South,2027-07-13
CUST007290,Arjun,Patel,arjun.patel7290@example.com,Central,2026-03-04
CUST007291,Arjun,Rao,arjun.rao7291@example.com,South,2027-02-15
CUST007292,Priya,Iyer,priya.iyer7292@example.com,North,2027-03-25
CUST007293,Aarav,Nair,aarav.nair7293@example.com,South,2027-05-20
CUST007294,Riya,Sharma,riya.sharma7294@example.com,East,2027-02-01
CUST007295,Aarav,Das,aarav.das7295@example.com,South,2026-03-18
CUST007296,Priya,Patel,priya.patel7296@example.com,East,2027-04-29
CUST007297,Kabir,Kapoor,kabir.kapoor7297@example.com,North,2026-05-28
CUST007298,Reyansh,Bhat,reyansh.bhat7298@example.com,North,2026-06-28
CUST007299,Arjun,Rao,arjun.rao7299@example.com,East,2026-09-01
CUST007300,Ananya,Verma,ananya.verma7300@example.com,West,2026-01-19
CUST007301,Aditya,Mehta,aditya.mehta7301@example.com,Central,2027-11-29
CUST007302,Aarav,Rao,aarav.rao7302@example.com,West,2026-01-03
CUST007303,Anika,Sharma,anika.sharma7303@example.com,Central,2027-02-14
CUST007304,Vihaan,Nair,vihaan.nair7304@example.com,South,2026-02-10
CUST007305,Saanvi,Kapoor,saanvi.kapoor7305@example.com,North,2026-02-26
CUST007306,Diya,Sharma,diya.sharma7306@example.com,East,2026-08-20
CUST007307,Riya,Rao,riya.rao7307@example.com,Central,2027-01-17
CUST007308,Priya,Singh,priya.singh7308@example.com,South,2027-10-26
CUST007309,Riya,Verma,riya.verma7309@example.com,North,2026-12-02
CUST007310,Aditya,Sharma,aditya.sharma7310@example.com,Central,2026-01-01
CUST007311,Anika,Sharma,anika.sharma7311@example.com,North,2027-05-24
CUST007312,Kabir,Sharma,kabir.sharma7312@example.com,South,2026-01-13
CUST007313,Vivaan,Gupta,vivaan.gupta7313@example.com,East,2027-11-13
CUST007314,Anika,Gupta,anika.gupta7314@example.com,South,2027-12-01
CUST007315,Sai,Sharma,sai.sharma7315@example.com,North,2026-01-13
CUST007316,Anika,Nair,anika.nair7316@example.com,Central,2027-09-10
CUST007317,Ananya,Kapoor,ananya.kapoor7317@example.com,West,2027-11-22
CUST007318,Ishaan,Kapoor,ishaan.kapoor7318@example.com,South,2027-09-06
CUST007319,Ishaan,Mehta,ishaan.mehta7319@example.com,West,2026-11-13
CUST007320,Sai,Nair,sai.nair7320@example.com,South,2027-01-28
CUST007321,Ananya,Kapoor,ananya.kapoor7321@example.com,South,2026-02-27
CUST007322,Aditya,Patel,aditya.patel7322@example.com,East,2026-04-26
CUST007323,Reyansh,Singh,reyansh.singh7323@example.com,East,2026-02-10
CUST007324,Aditya,Bhat,aditya.bhat7324@example.com,South,2026-09-02
CUST007325,Ayaan,Chowdhury,ayaan.chowdhury7325@example.com,West,2027-03-10
CUST007326,Saanvi,Patel,saanvi.patel7326@example.com,Central,2026-04-28
CUST007327,Aarav,Chowdhury,aarav.chowdhury7327@example.com,Central,2026-11-24
CUST007328,Anika,Das,anika.das7328@example.com,North,2027-04-14
CUST007329,Vivaan,Das,vivaan.das7329@example.com,East,2027-06-18
CUST007330,Priya,Rao,priya.rao7330@example.com,Central,2026-03-22
CUST007331,Ananya,Mehta,ananya.mehta7331@example.com,Central,2026-02-05
CUST007332,Vivaan,Reddy,vivaan.reddy7332@example.com,East,2027-05-31
CUST007333,Sai,Iyer,sai.iyer7333@example.com,North,2027-11-22
CUST007334,Saanvi,Iyer,saanvi.iyer7334@example.com,East,2026-12-05
CUST007335,Riya,Reddy,riya.reddy7335@example.com,South,2026-09-22
CUST007336,Ayaan,Nair,ayaan.nair7336@example.com,South,2027-03-28
CUST007337,Vihaan,Verma,vihaan.verma7337@example.com,North,2026-04-03
CUST007338,Kabir,Das,kabir.das7338@example.com,North,2027-07-02
CUST007339,Riya,Kapoor,riya.kapoor7339@example.com,West,2027-06-08
CUST007340,Ishaan,Mehta,ishaan.mehta7340@example.com,South,2026-06-19
CUST007341,Ayaan,Nair,ayaan.nair7341@example.com,Central,2027-02-26
CUST007342,Reyansh,Sharma,reyansh.sharma7342@example.com,West,2026-07-23
CUST007343,Ananya,Joshi,ananya.joshi7343@example.com,Central,2026-01-09
CUST007344,Arjun,Gupta,arjun.gupta7344@example.com,West,2026-09-29
CUST007345,Kabir,Mehta,kabir.mehta7345@example.com,West,2027-11-10
CUST007346,Aarav,Nair,aarav.nair7346@example.com,East,2026-10-31
CUST007347,Sai,Chowdhury,sai.chowdhury7347@example.com,Central,2027-06-14
CUST007348,Vihaan,Joshi,vihaan.joshi7348@example.com,Central,2026-05-25
CUST007349,Diya,Singh,diya.singh7349@example.com,East,2027-09-16
CUST007350,Ananya,Singh,ananya.singh7350@example.com,East,2027-01-31
CUST007351,Diya,Gupta,diya.gupta7351@example.com,Central,2026-09-11
CUST007352,Vihaan,Singh,vihaan.singh7352@example.com,Central,2026-09-16
CUST007353,Sai,Verma,sai.verma7353@example.com,East,2027-03-17
CUST007354,Saanvi,Gupta,saanvi.gupta7354@example.com,West,2026-12-11
CUST007355,Vivaan,Das,vivaan.das7355@example.com,East,2026-12-19
CUST007356,Sai,Patel,sai.patel7356@example.com,West,2027-03-15
CUST007357,Saanvi,Mehta,saanvi.mehta7357@example.com,Central,2027-06-22
CUST007358,Anika,Nair,anika.nair7358@example.com,East,2026-10-13
CUST007359,Ananya,Bhat,ananya.bhat7359@example.com,West,2026-10-29
CUST007360,Ayaan,Iyer,ayaaniyergmail.com,North,2027-09-18
CUST007361,Reyansh,Patel,reyansh.patel7361@example.com,North,2026-12-03
CUST007362,Riya,Gupta,riya.gupta7362@example.com,West,2026-12-07
CUST007363,Reyansh,Iyer,reyansh.iyer7363@example.com,West,2026-09-13
CUST007364,Aarav,Verma,aarav.verma7364@example.com,South,2026-10-13
CUST007365,Diya,Das,diya.das7365@example.com,East,2027-05-06
CUST007366,Ayaan,Patel,ayaan.patel7366@example.com,East,2027-02-21
CUST007367,Aditya,Nair,aditya.nair7367@example.com,West,2027-07-22
CUST007368,Arjun,Joshi,arjun.joshi7368@example.com,South,2026-09-03
CUST007369,Saanvi,Sharma,saanvi.sharma7369@example.com,West,2026-12-10
CUST007370,Ananya,Rao,ananya.rao7370@example.com,North,2026-11-20
CUST007371,Vihaan,Patel,vihaan.patel7371@example.com,North,2026-05-15
CUST007372,Saanvi,Kapoor,saanvi.kapoor7372@example.com,East,2026-09-05
CUST007373,Vivaan,Reddy,vivaan.reddy7373@example.com,West,2027-11-23
CUST007374,Anika,Verma,anika.verma7374@example.com,Central,2027-02-28
CUST007375,Sai,Iyer,sai.iyer7375@example.com,East,2027-04-13
CUST007376,Riya,Reddy,riya.reddy7376@example.com,North,2026-04-18
CUST007377,Aditya,Reddy,aditya.reddy7377@example.com,Central,2026-01-15
CUST007378,Sai,Rao,sai.rao7378@example.com,West,2027-07-07
CUST007379,Priya,Patel,priya.patel7379@example.com,North,2026-11-23
CUST007380,Kabir,Mehta,kabir.mehta7380@example.com,Central,2026-12-06
CUST007381,Priya,Patel,priya.patel7381@example.com,South,2026-12-29
CUST007382,Ishaan,Joshi,ishaan.joshi7382@example.com,East,2026-03-23
CUST007383,Aarav,Gupta,aarav.gupta7383@example.com,Central,2027-11-28
CUST007384,Sai,Nair,sai.nair7384@example.com,South,2026-03-19
CUST007385,Priya,Patel,priya.patel7385@example.com,Central,2026-02-12
CUST007386,Ananya,Patel,ananya.patel7386@example.com,Central,2027-09-13
CUST007387,Diya,Gupta,diya.gupta7387@example.com,Central,2027-05-29
CUST007388,Diya,Singh,diya.singh7388@example.com,North,2026-12-03
CUST007389,Vivaan,Reddy,vivaan.reddy7389@example.com,North,2027-11-17
CUST007390,Sai,Chowdhury,sai.chowdhury7390@example.com,Central,2027-07-08
CUST007391,Saanvi,Verma,saanvi.verma7391@example.com,South,2026-08-03
CUST007392,Aarav,Reddy,aarav.reddy7392@example.com,West,2027-01-26
CUST007393,Riya,Iyer,riya.iyer7393@example.com,South,2027-03-30
CUST007394,Priya,Gupta,priya.gupta7394@example.com,West,2027-07-09
CUST007395,Sai,Singh,sai.singh7395@example.com,South,2027-06-26
CUST007396,Priya,Sharma,priya.sharma7396@example.com,South,2026-06-03
CUST007397,Anika,Singh,anika.singh7397@example.com,Central,2026-08-20
CUST007398,Saanvi,Verma,saanvivermagmail.com,West,2026-07-06
CUST007399,Ayaan,Chowdhury,ayaan.chowdhury7399@example.com,South,2026-09-30
CUST007400,Kabir,Chowdhury,kabir.chowdhury7400@example.com,East,2027-05-07
CUST007401,Ishaan,Bhat,ishaan.bhat7401@example.com,West,2026-06-27
CUST007402,Arjun,Chowdhury,arjun.chowdhury7402@example.com,West,2027-05-27
CUST007403,Vivaan,Sharma,vivaan.sharma7403@example.com,East,2026-12-05
CUST007404,Ishaan,Rao,ishaan.rao7404@example.com,East,2027-08-22
CUST007405,Reyansh,Sharma,reyansh.sharma7405@example.com,South,2027-04-19
CUST007406,Arjun,Gupta,arjun.gupta7406@example.com,Central,2026-12-19
CUST007407,Aarav,Iyer,aarav.iyer7407@example.com,South,2026-09-18
CUST007408,Arjun,Nair,arjun.nair7408@example.com,East,2026-12-12
CUST007409,Riya,Rao,riya.rao7409@example.com,Central,2027-12-02
CUST007410,Saanvi,Bhat,saanvi.bhat7410@example.com,West,2027-10-27
CUST007411,Diya,Verma,diya.verma7411@example.com,North,2027-03-02
CUST007412,Aditya,Nair,aditya.nair7412@example.com,Central,2027-03-08
CUST007413,Diya,Patel,diya.patel7413@example.com,West,2026-08-27
CUST007414,Priya,Chowdhury,priya.chowdhury7414@example.com,East,2027-01-25
CUST007415,Aarav,Iyer,aarav.iyer7415@example.com,East,2027-06-12
CUST007416,Riya,Singh,riya.singh7416@example.com,South,2026-08-01
CUST007417,Sai,Mehta,sai.mehta7417@example.com,North,2026-06-16
CUST007418,Ishaan,Nair,ishaan.nair7418@example.com,Central,2027-04-22
CUST007419,Aarav,Sharma,aarav.sharma7419@example.com,West,2026-06-15
CUST007420,Ananya,Nair,ananya.nair7420@example.com,Central,2027-08-31
CUST007421,Sai,Patel,sai.patel7421@example.com,East,2026-02-02
CUST007422,Riya,Sharma,riya.sharma7422@example.com,Central,2027-09-01
CUST007423,Reyansh,Sharma,reyansh.sharma7423@example.com,North,2026-05-12
CUST007424,Ayaan,Chowdhury,ayaan.chowdhury7424@example.com,South,2027-08-13
CUST007425,Aarav,Joshi,aarav.joshi7425@example.com,North,2026-09-05
CUST007426,Anika,Verma,anika.verma7426@example.com,West,2026-05-28
CUST007427,Ayaan,Reddy,ayaan.reddy7427@example.com,East,2027-03-11
CUST007428,Vivaan,Nair,vivaan.nair7428@example.com,Central,2026-03-19
CUST007429,Aarav,Verma,aaravverma.com,South,2026-07-31
CUST007430,Ananya,Chowdhury,ananya.chowdhury7430@example.com,South,2026-11-30
CUST007431,Saanvi,Sharma,saanvi.sharma7431@example.com,South,2027-10-14
CUST007432,Saanvi,Singh,saanvi.singh7432@example.com,South,2027-06-08
CUST007433,Aditya,Nair,aditya.nair7433@example.com,West,2027-01-10
CUST007434,Riya,Kapoor,,East,2027-04-19
CUST007435,Diya,Nair,diya.nair7435@example.com,West,2026-12-15
CUST007436,Ishaan,Mehta,ishaan.mehta7436@example.com,Central,2027-01-15
CUST007437,Aarav,Bhat,aarav.bhat7437@example.com,East,2026-11-28
CUST007438,Ayaan,Joshi,ayaan.joshi7438@example.com,West,2026-05-18
CUST007439,Aditya,Singh,aditya.singh7439@example.com,North,2026-11-04
CUST007440,Kabir,Bhat,kabir.bhat7440@example.com,East,2026-03-18
CUST007441,Ayaan,Mehta,ayaan.mehta7441@example.com,East,2026-06-14
CUST007442,Arjun,Joshi,arjun.joshi7442@example.com,East,2026-05-27
CUST007443,Saanvi,Bhat,saanvi.bhat7443@example.com,Central,2027-10-23
CUST007444,Sai,Das,sai.das7444@example.com,North,2027-02-08
CUST007445,Ishaan,Verma,ishaan.verma7445@example.com,North,2027-09-17
CUST007446,Sai,Verma,sai.verma7446@example.com,East,2027-01-19
CUST007447,Diya,Joshi,diya.joshi7447@example.com,East,2026-11-24
CUST007448,Vivaan,Das,vivaan.das7448@example.com,South,2026-02-11
CUST007449,Anika,Kapoor,anika.kapoor7449@example.com,West,2027-09-30
CUST007450,Saanvi,Reddy,saanvi.reddy7450@example.com,North,2027-06-10
CUST007451,Arjun,Iyer,arjun.iyer7451@example.com,North,2026-07-13
CUST007452,Ayaan,Gupta,ayaan.gupta7452@example.com,North,2026-06-22
CUST007453,Diya,Sharma,diya.sharma7453@example.com,South,2027-08-20
CUST007454,Riya,Reddy,riya.reddy7454@example.com,East,2027-10-22
CUST007455,Ananya,Verma,ananya.verma7455@example.com,South,2026-04-01
CUST007456,Vivaan,Nair,vivaan.nair7456@example.com,South,2026-12-29
CUST007457,Ishaan,Mehta,ishaan.mehta7457@example.com,Central,2026-03-04
CUST007458,Diya,Bhat,diya.bhat7458@example.com,West,2027-09-15
CUST007459,Aditya,Gupta,aditya.gupta7459@example.com,South,2026-06-07
CUST007460,Diya,Patel,diya.patel7460@example.com,North,2026-03-30
CUST007461,Aditya,Das,aditya.das7461@example.com,North,2026-07-28
CUST007462,Ayaan,Iyer,ayaan.iyer7462@example.com,Central,2027-01-11
CUST007463,Aditya,Reddy,aditya.reddy7463@example.com,South,2027-09-08
CUST007464,Riya,Joshi,riya.joshi7464@example.com,South,2027-04-18
CUST007465,Riya,Verma,riya.verma7465@example.com,South,2027-05-21
CUST007466,Diya,Chowdhury,diya.chowdhury7466@example.com,South,2026-04-29
CUST007467,Arjun,Sharma,arjun.sharma7467@example.com,South,2027-09-27
CUST007468,Reyansh,Rao,reyansh.rao7468@example.com,North,2026-08-18
CUST007469,Aditya,Iyer,aditya.iyer7469@example.com,Central,2026-11-09
CUST007470,Vivaan,Gupta,vivaan.gupta7470@example.com,Central,2027-06-23
CUST007471,Vivaan,Rao,vivaan.rao7471@example.com,Central,2027-10-23
CUST007472,Aditya,Mehta,aditya.mehta7472@example.com,West,2027-11-25
CUST007473,Diya,Das,diya.das7473@example.com,East,2026-06-11
CUST007474,Vihaan,Chowdhury,vihaan.chowdhury7474@example.com,Central,2026-04-21
CUST007475,Vivaan,Rao,vivaan.rao7475@example.com,South,2026-03-13
CUST007476,Reyansh,Nair,reyansh.nair7476@example.com,West,2027-07-30
CUST007477,Vihaan,Singh,vihaan.singh7477@example.com,South,2026-08-28
CUST007478,Priya,Singh,priya.singh7478@example.com,North,2026-11-04
CUST007479,Anika,Verma,anika.verma7479@example.com,North,2027-11-02
CUST007480,Aditya,Mehta,aditya.mehta7480@example.com,North,2027-06-03
CUST007481,Diya,Sharma,diya.sharma7481@example.com,East,2026-01-31
CUST007482,Ayaan,Joshi,ayaan.joshi7482@example.com,South,2026-06-12
CUST007483,Ayaan,Iyer,ayaan.iyer7483@example.com,East,2027-08-30
CUST007484,Riya,Sharma,riya.sharma7484@example.com,West,2026-03-20
CUST007485,Anika,Das,anika.das7485@example.com,West,2026-12-20
CUST007486,Anika,Singh,anika.singh7486@example.com,East,2026-06-07
CUST007487,Saanvi,Gupta,saanvi.gupta7487@example.com,South,2026-03-19
CUST007488,Reyansh,Verma,reyansh.verma7488@example.com,West,2026-01-27
CUST007489,Anika,Kapoor,anika.kapoor7489@example.com,Central,2026-03-20
CUST007490,Vivaan,Nair,vivaan.nair7490@example.com,West,2026-02-01
CUST007491,Priya,Chowdhury,priya.chowdhury7491@example.com,South,2026-03-03
CUST007492,Priya,Chowdhury,priya.chowdhury7492@example.com,West,2026-01-24
CUST007493,Kabir,Mehta,kabir.mehta7493@example.com,Central,2026-10-15
CUST007494,Priya,Patel,priya.patel7494@example.com,Central,2026-09-09
CUST007495,Ayaan,Reddy,ayaan.reddy7495@example.com,West,2026-03-02
CUST007496,Anika,Verma,anika.verma7496@example.com,East,2027-06-20
CUST007497,Aarav,Mehta,aarav.mehta7497@example.com,West,2026-03-09
CUST007498,Vivaan,Rao,vivaan.rao7498@example.com,West,2026-07-22
CUST007499,Sai,Reddy,sai.reddy7499@example.com,East,2026-08-09
CUST007500,Priya,Nair,priya.nair7500@example.com,Central,2027-05-18
CUST007501,Diya,Bhat,diya.bhat7501@example.com,Central,2027-06-23
CUST007502,Reyansh,Mehta,reyansh.mehta7502@example.com,South,2026-09-07
CUST007503,Ishaan,Mehta,ishaan.mehta7503@example.com,North,2027-08-15
CUST007504,Sai,Gupta,sai.gupta7504@example.com,Central,2026-11-29
CUST007505,Arjun,Kapoor,arjun.kapoor7505@example.com,East,2027-07-18
CUST007506,Ananya,Nair,ananya.nair7506@example.com,East,2026-04-26
CUST007507,Vihaan,Bhat,vihaan.bhat7507@example.com,Central,2027-03-07
CUST007508,Reyansh,Bhat,reyansh.bhat7508@example.com,East,2027-06-16
CUST007509,Ayaan,Patel,ayaan.patel7509@example.com,West,2027-07-10
CUST007510,Reyansh,Rao,reyansh.rao7510@example.com,West,2026-07-20
CUST007511,Reyansh,Gupta,reyansh.gupta7511@example.com,South,2027-06-29
CUST007512,Vivaan,Iyer,vivaan.iyer7512@example.com,South,2027-02-26
CUST007513,Saanvi,Nair,saanvi.nair7513@example.com,Central,2026-11-15
CUST007514,Riya,Bhat,riya.bhat7514@example.com,East,2027-06-14
CUST007515,Anika,Joshi,anika.joshi7515@example.com,East,2026-04-11
CUST007516,Ayaan,Singh,ayaan.singh7516@example.com,North,2026-05-14
CUST007517,Priya,Reddy,priya.reddy7517@example.com,North,2027-04-14
CUST007518,Kabir,Bhat,kabir.bhat@@mail,Central,2027-03-29
CUST007519,Priya,Sharma,priya.sharma7519@example.com,North,2026-09-24
CUST007520,Diya,Sharma,diya.sharma7520@example.com,Central,2026-04-16
CUST007521,Ananya,Iyer,ananya.iyer7521@example.com,North,2027-01-14
CUST007522,Sai,Rao,sai.rao7522@example.com,North,2026-11-16
CUST007523,Priya,Bhat,priya.bhat7523@example.com,North,2026-03-16
CUST007524,Priya,Verma,priya.verma7524@example.com,North,2026-11-11
CUST007525,Aarav,Chowdhury,aarav.chowdhury7525@example.com,South,2027-01-20
CUST007526,Aditya,Rao,aditya.rao7526@example.com,Central,2026-06-20
CUST007527,Aarav,Das,aarav.das7527@example.com,East,2026-12-16
CUST007528,Ananya,Patel,ananyapatel.com,East,2026-06-29
CUST007529,Ayaan,Patel,ayaan.patel7529@example.com,Central,2026-09-19
CUST007530,Anika,Singh,anika.singh7530@example.com,North,2026-10-01
CUST007531,Reyansh,Iyer,reyansh.iyer7531@example.com,East,2027-10-10
CUST007532,Ananya,Nair,ananya.nair7532@example.com,Central,2026-12-29
CUST007533,Riya,Sharma,riya.sharma7533@example.com,North,2026-08-25
CUST007534,Aditya,Verma,aditya.verma7534@example.com,Central,2027-02-28
CUST007535,Arjun,Gupta,arjun.gupta7535@example.com,West,2026-06-03
CUST007536,Priya,Das,priya.das7536@example.com,Central,2027-04-28
CUST007537,Arjun,Joshi,arjun.joshi7537@example.com,North,2027-10-30
CUST007538,Reyansh,Patel,reyansh.patel7538@example.com,Central,2026-08-26
CUST007539,Kabir,Kapoor,kabir.kapoor7539@example.com,North,2027-08-18
CUST007540,Saanvi,Sharma,saanvi.sharma7540@example.com,Central,2026-07-18
CUST007541,Aarav,Das,aarav.das7541@example.com,Central,2027-08-11
CUST007542,Riya,Kapoor,riya.kapoor7542@example.com,East,2026-02-03
CUST007543,Vihaan,Verma,vihaan.verma7543@example.com,South,2027-02-26
CUST007544,Aarav,Reddy,aarav.reddy7544@example.com,East,2027-06-25
CUST007545,Ananya,Rao,ananya.rao7545@example.com,East,2026-07-13
CUST007546,Saanvi,Sharma,saanvi.sharma7546@example.com,North,2027-03-07
CUST007547,Anika,Bhat,anika.bhat7547@example.com,Central,2026-12-05
CUST007548,Ishaan,Bhat,ishaan.bhat7548@example.com,North,2026-11-09
CUST007549,Kabir,Iyer,kabir.iyer7549@example.com,East,2027-09-20
CUST007550,Riya,Mehta,riya.mehta7550@example.com,East,2026-10-28
CUST007551,Aditya,Joshi,aditya.joshi7551@example.com,West,2026-12-29
CUST007552,Arjun,Singh,arjun.singh7552@example.com,East,2026-06-22
CUST007553,Aarav,Sharma,aarav.sharma7553@example.com,North,2027-03-01
CUST007554,Saanvi,Reddy,saanvi.reddy7554@example.com,East,2026-11-10
CUST007555,Diya,Joshi,diya.joshi7555@example.com,East,2027-08-23
CUST007556,Ayaan,Nair,ayaan.nair7556@example.com,North,2027-02-24
CUST007557,Ayaan,Chowdhury,ayaan.chowdhury7557@example.com,South,2027-03-09
CUST007558,Anika,Joshi,anika.joshi7558@example.com,North,2027-12-01
CUST007559,Vivaan,Verma,vivaan.verma7559@example.com,West,2026-01-14
CUST007560,Vihaan,Gupta,vihaan.gupta7560@example.com,Central,2026-10-18
CUST007561,Ishaan,Singh,ishaan.singh7561@example.com,West,2026-03-18
CUST007562,Vivaan,Chowdhury,vivaan.chowdhury7562@example.com,East,2027-08-03
CUST007563,Diya,Verma,diya.verma7563@example.com,East,2026-06-27
CUST007564,Ayaan,Nair,ayaan.nair7564@example.com,East,2026-06-03
CUST007565,Reyansh,Kapoor,reyansh.kapoor7565@example.com,South,2027-05-10
CUST007566,Anika,Joshi,anika.joshi7566@example.com,East,2027-02-20
CUST007567,Anika,Mehta,anika.mehta7567@example.com,Central,2026-05-08
CUST007568,Vivaan,Bhat,vivaan.bhat7568@example.com,South,2027-03-01
CUST007569,Priya,Iyer,priya.iyer7569@example.com,West,2027-04-29
CUST007570,Aditya,Nair,aditya.nair7570@example.com,Central,2027-07-28
CUST007571,Aditya,Chowdhury,aditya.chowdhury7571@example.com,Central,2027-04-25
CUST007572,Ananya,Verma,ananya.verma7572@example.com,North,2027-05-15
CUST007573,Vihaan,Verma,vihaan.verma7573@example.com,West,2026-05-03
CUST007574,Diya,Bhat,  diya@mail.com,East,2026-09-18
CUST007575,Aditya,Verma,aditya.verma7575@example.com,Central,2027-06-01
CUST007576,Vivaan,Das,vivaan.das7576@example.com,Central,2027-04-14
CUST007577,Diya,Gupta,diya.gupta7577@example.com,East,2027-05-17
CUST007578,Ishaan,Joshi,ishaan.joshi7578@example.com,South,2026-09-04
CUST007579,Anika,Iyer,anika.iyer7579@example.com,Central,2027-11-22
CUST007580,Saanvi,Sharma,saanvi.sharma7580@example.com,North,2027-04-26
CUST007581,Vihaan,Kapoor,vihaan.kapoor7581@example.com,South,2026-12-15
CUST007582,Sai,Nair,sai.nair7582@example.com,North,2026-06-10
CUST007583,Aarav,Rao,aarav.rao7583@example.com,South,2026-06-19
CUST007584,Anika,Mehta,anika.mehta7584@example.com,Central,2026-03-03
CUST007585,Riya,Kapoor,riya.kapoor7585@example.com,West,2027-02-26
CUST007586,Arjun,Rao,arjun.rao7586@example.com,West,2027-01-05
CUST007587,Reyansh,Chowdhury,reyansh.chowdhury7587@example.com,Central,2027-10-25
CUST007588,Saanvi,Verma,saanvi.verma7588@example.com,West,2026-11-11
CUST007589,Arjun,Verma,arjun.verma7589@example.com,North,2026-01-15
CUST007590,Anika,Sharma,anika.sharma7590@example.com,Central,2026-01-22
CUST007591,Vivaan,Das,vivaan.das7591@example.com,South,2027-05-15
CUST007592,Vivaan,Rao,vivaan.rao7592@example.com,Central,2027-03-03
CUST007593,Ayaan,Gupta,ayaan.gupta7593@example.com,North,2027-05-26
CUST007594,Ayaan,Iyer,ayaan.iyer7594@example.com,Central,2026-10-05
CUST007595,Arjun,Kapoor,arjun.kapoor7595@example.com,West,2027-05-19
CUST007596,Saanvi,Chowdhury,saanvi.chowdhury7596@example.com,West,2027-12-02
CUST007597,Riya,Nair,riya.nair7597@example.com,North,2027-05-02
CUST007598,Ananya,Das,ananya.das7598@example.com,East,2027-02-09
CUST007599,Saanvi,Gupta,saanvi.gupta7599@example.com,West,2027-04-28
CUST007600,Kabir,Kapoor,kabir.kapoor7600@example.com,East,2026-04-02
CUST007601,Sai,Rao,sai.rao7601@example.com,North,2027-04-03
CUST007602,Ananya,Singh,ananya.singh7602@example.com,West,2027-08-15
CUST007603,Aarav,Chowdhury,aarav.chowdhury7603@example.com,North,2026-07-18
CUST007604,Ishaan,Das,ishaan.das7604@example.com,South,2026-06-02
CUST007605,Sai,Patel,sai.patel7605@example.com,South,2027-02-11
CUST007606,Ayaan,Sharma,ayaan.sharma7606@example.com,South,2026-05-09
CUST007607,Ananya,Nair,ananya.nair7607@example.com,South,2027-01-16
CUST007608,Ayaan,Reddy,ayaan.reddy7608@example.com,North,2027-09-19
CUST007609,Saanvi,Das,saanvi.das7609@example.com,East,2026-02-10
CUST007610,Ayaan,Nair,ayaan.nair7610@example.com,North,2027-03-20
CUST007611,Ishaan,Gupta,ishaan.gupta7611@example.com,South,2026-10-06
CUST007612,Priya,Joshi,priya.joshi7612@example.com,West,2027-01-12
CUST007613,Arjun,Nair,arjun.nair7613@example.com,Central,2026-07-24
CUST007614,Aarav,Sharma,aarav.sharma7614@example.com,East,2026-08-03
CUST007615,Riya,Mehta,riya.mehta7615@example.com,South,2026-07-18
CUST007616,Anika,Patel,anika.patel7616@example.com,South,2026-08-11
CUST007617,Arjun,Gupta,arjun.gupta7617@example.com,Central,2026-12-30
CUST007618,Sai,Das,sai.das7618@example.com,Central,2026-08-25
CUST007619,Arjun,Bhat,arjun.bhat7619@example.com,South,2027-05-25
CUST007620,Sai,Nair,sai.nair7620@example.com,Central,2026-08-01
CUST007621,Vivaan,Reddy,vivaan.reddy7621@example.com,South,2027-04-28
CUST007622,Aarav,Rao,aarav.rao7622@example.com,Central,2026-11-16
CUST007623,Reyansh,Iyer,reyansh.iyer7623@example.com,North,2026-07-29
CUST007624,Aarav,Iyer,aarav.iyer7624@example.com,South,2026-07-15
CUST007625,Reyansh,Kapoor,reyansh.kapoor7625@example.com,North,2027-10-10
CUST007626,Reyansh,Rao,reyansh.rao7626@example.com,East,2027-01-11
CUST007627,Aditya,Gupta,aditya.gupta7627@example.com,East,2027-10-24
CUST007628,Aarav,Iyer,aarav.iyer7628@example.com,West,2026-08-13
CUST007629,Vihaan,Mehta,vihaan.mehta7629@example.com,Central,2027-10-20
CUST007630,Kabir,Das,kabir.das7630@example.com,North,2027-05-04
CUST007631,Priya,Rao,priya.rao7631@example.com,North,2027-10-31
CUST007632,Priya,Iyer,priya.iyer7632@example.com,East,2027-01-01
CUST007633,Diya,Joshi,diya.joshi7633@example.com,South,2026-04-09
CUST007634,Anika,Kapoor,anika.kapoor7634@example.com,Central,2026-08-16
CUST007635,Sai,Patel,sai.patel7635@example.com,East,2026-01-31
CUST007636,Reyansh,Joshi,reyansh.joshi7636@example.com,South,2027-10-07
CUST007637,Reyansh,Kapoor,reyansh.kapoor7637@example.com,Central,2027-03-15
CUST007638,Kabir,Mehta,kabir.mehta7638@example.com,South,2026-09-27
CUST007639,Reyansh,Kapoor,reyansh.kapoor7639@example.com,Central,2026-02-08
CUST007640,Saanvi,Mehta,saanvi.mehta7640@example.com,Central,2027-04-25
CUST007641,Reyansh,Kapoor,reyansh.kapoor7641@example.com,South,2026-03-24
CUST007642,Aarav,Reddy,aarav.reddy7642@example.com,South,2026-04-07
CUST007643,Kabir,Das,kabir.das7643@example.com,Central,2027-11-22
CUST007644,Kabir,Das,kabir.das7644@example.com,East,2026-03-24
CUST007645,Arjun,Nair,arjun.nair7645@example.com,North,2027-02-10
CUST007646,Riya,Bhat,riya.bhat7646@example.com,Central,2027-02-19
CUST007647,Vivaan,Patel,vivaan.patel7647@example.com,West,2026-08-17
CUST007648,Anika,Patel,anika.patel7648@example.com,West,2026-04-06
CUST007649,Riya,Reddy,riya.reddy7649@example.com,South,2027-07-27
CUST007650,Kabir,Joshi,kabir.joshi7650@example.com,Central,2026-04-02
CUST007651,Ayaan,Rao,ayaan.rao7651@example.com,East,2026-07-09
CUST007652,Arjun,Chowdhury,arjun.chowdhury7652@example.com,West,2027-01-26
CUST007653,Arjun,Verma,arjun.verma7653@example.com,East,2026-12-27
CUST007654,Priya,Reddy,priya.reddy7654@example.com,West,2026-10-30
CUST007655,Riya,Reddy,riya.reddy7655@example.com,Central,2027-09-11
CUST007656,Ishaan,Bhat,ishaan.bhat7656@example.com,Central,2026-10-23
CUST007657,Reyansh,Rao,reyansh.rao7657@example.com,Central,2026-12-23
CUST007658,Diya,Patel,diya.patel7658@example.com,East,2027-03-22
CUST007659,Kabir,Reddy,kabir.reddy7659@example.com,North,2027-04-27
CUST007660,Anika,Reddy,anika.reddy7660@example.com,North,2026-02-24
CUST007661,Aditya,Sharma,aditya.sharma7661@example.com,South,2027-04-24
CUST007662,Priya,Kapoor,priya.kapoor7662@example.com,West,2026-08-15
CUST007663,Kabir,Joshi,kabir.joshi7663@example.com,West,2027-11-04
CUST007664,Reyansh,Joshi,reyansh.joshi7664@example.com,South,2026-06-24
CUST007665,Diya,Bhat,diya.bhat7665@example.com,Central,2027-04-08
CUST007666,Reyansh,Mehta,reyansh.mehta7666@example.com,North,2027-03-13
CUST007667,Aarav,Das,aarav.das7667@example.com,North,2027-08-18
CUST007668,Vivaan,Mehta,vivaan.mehta7668@example.com,North,2026-11-06
CUST007669,Riya,Patel,riyapatelgmail.com,West,2026-08-01
CUST007670,Riya,Iyer,riya.iyer7670@example.com,East,2027-04-04
CUST007671,Reyansh,Kapoor,reyansh.kapoor7671@example.com,West,2027-06-11
CUST007672,Kabir,Kapoor,kabir.kapoor7672@example.com,East,2026-04-04
CUST007673,Riya,Das,riya.das7673@example.com,North,2027-09-24
CUST007674,Reyansh,Singh,reyansh.singh7674@example.com,North,2027-03-01
CUST007675,Kabir,Kapoor,kabir.kapoor7675@example.com,Central,2026-04-21
CUST007676,Diya,Nair,diya.nair7676@example.com,West,2026-09-10
CUST007677,Riya,Patel,riya.patel7677@example.com,Central,2026-11-04
CUST007678,Anika,Das,anika.das7678@example.com,South,2026-08-28
CUST007679,Saanvi,Das,saanvi.das7679@example.com,Central,2026-02-28
CUST007680,Arjun,Rao,arjun.rao7680@example.com,Central,2026-01-31
CUST007681,Priya,Patel,priya.patel7681@example.com,East,2026-03-31
CUST007682,Reyansh,Singh,reyansh.singh7682@example.com,Central,2026-11-07
CUST007683,Saanvi,Verma,saanvi.verma7683@example.com,Central,2027-06-26
CUST007684,Ayaan,Singh,ayaan.singh7684@example.com,East,2026-09-09
CUST007685,Kabir,Sharma,kabir.sharma7685@example.com,Central,2027-02-17
CUST007686,Ishaan,Mehta,ishaan.mehta7686@example.com,South,2027-05-31
CUST007687,Priya,Gupta,priya.gupta7687@example.com,East,2026-03-01
CUST007688,Ayaan,Sharma,ayaan.sharma7688@example.com,Central,2027-08-08
CUST007689,Priya,Iyer,priya.iyer7689@example.com,West,2027-09-15
CUST007690,Sai,Iyer,sai.iyer7690@example.com,South,2026-11-02
CUST007691,Kabir,Iyer,kabir.iyer7691@example.com,Central,2027-02-20
CUST007692,Ishaan,Gupta,ishaan.gupta7692@example.com,North,2026-07-11
CUST007693,Kabir,Patel,kabir.patel7693@example.com,North,2026-08-29
CUST007694,Saanvi,Verma,saanvi.verma7694@example.com,North,2027-06-18
CUST007695,Vivaan,Reddy,vivaan.reddy7695@example.com,East,2026-11-14
CUST007696,Diya,Patel,diya.patel7696@example.com,West,2026-01-01
CUST007697,Vivaan,Reddy,vivaan.reddy7697@example.com,West,2027-02-17
CUST007698,Saanvi,Iyer,saanvi.iyer7698@example.com,West,2027-03-17
CUST007699,Vihaan,Kapoor,vihaan.kapoor7699@example.com,North,2027-03-13
CUST007700,Sai,Gupta,sai.gupta7700@example.com,North,2026-12-13
CUST007701,Ayaan,Joshi,ayaan.joshi7701@example.com,Central,2027-11-28
CUST007702,Ishaan,Nair,ishaan.nair7702@example.com,Central,2027-02-23
CUST007703,Aditya,Kapoor,aditya.kapoor7703@example.com,Central,2027-10-17
CUST007704,Vivaan,Das,vivaan.das7704@example.com,East,2026-05-06
CUST007705,Ayaan,Reddy,ayaan.reddy7705@example.com,South,2027-01-17
CUST007706,Riya,Joshi,riya.joshi7706@example.com,West,2026-01-02
CUST007707,Ayaan,Rao,ayaan.rao7707@example.com,East,2026-11-20
CUST007708,Aarav,Gupta,aarav.gupta7708@example.com,Central,2026-12-13
CUST007709,Reyansh,Das,reyansh.das7709@example.com,Central,2026-01-12
CUST007710,Aarav,Verma,aarav.verma7710@example.com,South,2026-10-29
CUST007711,Saanvi,Verma,saanvi.verma7711@example.com,Central,2026-04-05
CUST007712,Vivaan,Patel,vivaan.patel7712@example.com,North,2027-09-05
CUST007713,Vihaan,Reddy,vihaan.reddy7713@example.com,West,2027-10-03
CUST007714,Vivaan,Bhat,vivaan.bhat7714@example.com,East,2026-12-11
CUST007715,Vihaan,Kapoor,vihaan.kapoor7715@example.com,Central,2026-08-16
CUST007716,Riya,Rao,riya.rao7716@example.com,West,2026-03-25
CUST007717,Riya,Das,riya.das7717@example.com,West,2026-03-20
CUST007718,Aarav,Rao,aarav.rao7718@example.com,North,2027-10-20
CUST007719,Arjun,Mehta,arjun.mehta7719@example.com,South,2026-06-16
CUST007720,Kabir,Sharma,kabir.sharma7720@example.com,West,2026-04-14
CUST007721,Riya,Verma,riya.verma7721@example.com,South,2027-08-29
CUST007722,Reyansh,Chowdhury,reyansh.chowdhury7722@example.com,South,2026-03-18
CUST007723,Ananya,Mehta,ananya.mehta7723@example.com,East,2026-06-17
CUST007724,Vivaan,Mehta,vivaan.mehta7724@example.com,East,2026-02-12
CUST007725,Reyansh,Singh,reyansh.singh7725@example.com,North,2027-04-28
CUST007726,Kabir,Rao,kabir.rao7726@example.com,Central,2026-12-24
CUST007727,Arjun,Joshi,arjun.joshi7727@example.com,West,2026-09-19
CUST007728,Aarav,Patel,aarav.patel7728@example.com,West,2026-04-19
CUST007729,Sai,Bhat,sai.bhat7729@example.com,West,2026-05-15
CUST007730,Ayaan,Bhat,ayaan.bhat7730@example.com,North,2027-02-02
CUST007731,Kabir,Verma,kabir.verma7731@example.com,West,2026-11-22
CUST007732,Aditya,Gupta,aditya.gupta7732@example.com,North,2026-05-01
CUST007733,Riya,Sharma,riya.sharma7733@example.com,North,2027-07-10
CUST007734,Vihaan,Kapoor,vihaan.kapoor7734@example.com,South,2027-11-16
CUST007735,Ayaan,Chowdhury,ayaan.chowdhury7735@example.com,Central,2027-09-16
CUST007736,Reyansh,Sharma,reyansh.sharma7736@example.com,South,2026-11-29
CUST007737,Anika,Mehta,anika.mehta7737@example.com,South,2026-03-02
CUST007738,Arjun,Reddy,arjun.reddy7738@example.com,North,2026-10-19
CUST007739,Riya,Rao,riya.rao7739@example.com,Central,2027-09-12
CUST007740,Aarav,Bhat,aarav.bhat7740@example.com,Central,2027-02-01
CUST007741,Vihaan,Mehta,vihaan.mehta7741@example.com,West,2027-07-15
CUST007742,Diya,Nair,diya.nair7742@example.com,North,2026-12-19
CUST007743,Aditya,Verma,aditya.verma7743@example.com,South,2026-02-20
CUST007744,Riya,Sharma,riya.sharma7744@example.com,Central,2026-05-06
CUST007745,Ananya,Das,ananya.das7745@example.com,North,2027-07-25
CUST007746,Ananya,Iyer,ananya.iyer7746@example.com,West,2026-02-13
CUST007747,Aditya,Joshi,aditya.joshi7747@example.com,Central,2027-05-27
CUST007748,Ananya,Sharma,ananya.sharma7748@example.com,Central,2026-08-30
CUST007749,Riya,Mehta,riya.mehta7749@example.com,East,2026-09-27
CUST007750,Kabir,Sharma,kabir.sharma7750@example.com,West,2026-01-12
CUST007751,Ishaan,Chowdhury,ishaan.chowdhury7751@example.com,Central,2026-02-05
CUST007752,Arjun,Joshi,arjun.joshi7752@example.com,West,2026-09-26
CUST007753,Priya,Patel,priya.patel7753@example.com,Central,2027-07-25
CUST007754,Kabir,Mehta,kabir.mehta7754@example.com,North,2027-05-14
CUST007755,Arjun,Mehta,arjun.mehta7755@example.com,East,2026-03-22
CUST007756,Arjun,Kapoor,arjun.kapoor7756@example.com,Central,2027-11-05
CUST007757,Diya,Mehta,diya.mehta7757@example.com,East,2027-04-11
CUST007758,Saanvi,Bhat,saanvi.bhat7758@example.com,West,2026-07-03
CUST007759,Reyansh,Kapoor,reyansh.kapoor7759@example.com,Central,2026-10-22
CUST007760,Priya,Das,priya.das7760@example.com,West,2027-09-12
CUST007761,Kabir,Reddy,kabir.reddy7761@example.com,North,2026-04-09
CUST007762,Diya,Singh,diya.singh7762@example.com,South,2027-06-22
CUST007763,Priya,Verma,priya.verma7763@example.com,West,2026-10-28
CUST007764,Ishaan,Mehta,ishaan.mehta7764@example.com,North,2026-05-18
CUST007765,Arjun,Mehta,arjun.mehta7765@example.com,West,2027-02-02
CUST007766,Vihaan,Das,vihaan.das7766@example.com,West,2027-02-01
CUST007767,Priya,Patel,priya.patel7767@example.com,North,2026-07-14
CUST007768,Arjun,Iyer,arjun.iyer7768@example.com,West,2027-07-16
CUST007769,Riya,Singh,riya.singh7769@example.com,North,2026-05-08
CUST007770,Kabir,Patel,kabir.patel7770@example.com,South,2027-05-25
CUST007771,Diya,Sharma,diya.sharma7771@example.com,South,2026-03-06
CUST007772,Anika,Gupta,anika.gupta7772@example.com,South,2026-03-30
CUST007773,Ishaan,Gupta,ishaan.gupta7773@example.com,East,2026-07-03
CUST007774,Ishaan,Gupta,ishaan.gupta7774@example.com,East,2027-02-04
CUST007775,Aarav,Rao,aarav.rao7775@example.com,East,2027-06-20
CUST007776,Diya,Mehta,diya.mehta7776@example.com,West,2026-03-06
CUST007777,Sai,Verma,sai.verma7777@example.com,East,2026-02-27
CUST007778,Arjun,Sharma,arjun.sharma7778@example.com,East,2026-08-22
CUST007779,Reyansh,Das,reyansh.das7779@example.com,North,2026-07-12
CUST007780,Ananya,Nair,ananya.nair7780@example.com,West,2026-01-18
CUST007781,Ayaan,Iyer,ayaan.iyer7781@example.com,South,2026-09-06
CUST007782,Arjun,Joshi,arjun.joshi7782@example.com,North,2026-01-07
CUST007783,Aditya,Bhat,aditya.bhat7783@example.com,South,2027-08-16
CUST007784,Ananya,Bhat,ananya.bhat7784@example.com,South,2026-04-22
CUST007785,Aditya,Iyer,aditya.iyer7785@example.com,North,2027-07-06
CUST007786,Ayaan,Iyer,ayaan.iyer7786@example.com,South,2027-11-29
CUST007787,Saanvi,Bhat,saanvi.bhat7787@example.com,West,2027-08-29
CUST007788,Arjun,Joshi,arjunjoshi.com,North,2026-06-02
CUST007789,Vihaan,Patel,vihaan.patel7789@example.com,Central,2026-05-31
CUST007790,Aditya,Reddy,aditya.reddy7790@example.com,West,2027-09-30
CUST007791,Aditya,Rao,aditya.rao7791@example.com,North,2027-10-31
CUST007792,Vivaan,Das,vivaan.das7792@example.com,Central,2027-01-28
CUST007793,Diya,Gupta,diya.gupta7793@example.com,West,2026-12-19
CUST007794,Riya,Das,riya.das7794@example.com,South,2027-11-27
CUST007795,Kabir,Rao,kabir.rao7795@example.com,West,2027-04-08
CUST007796,Kabir,Chowdhury,kabir.chowdhury7796@example.com,South,2027-03-04
CUST007797,Diya,Rao,diya.rao7797@example.com,Central,2027-06-30
CUST007798,Reyansh,Joshi,reyansh.joshi7798@example.com,West,2027-10-04
CUST007799,Ishaan,Iyer,ishaan.iyer7799@example.com,East,2026-07-10
CUST007800,Ishaan,Reddy,ishaan.reddy7800@example.com,East,2026-04-30
CUST007801,Saanvi,Rao,saanvi.rao7801@example.com,Central,2026-07-11
CUST007802,Aarav,Nair,aarav.nair7802@example.com,North,2026-09-13
CUST007803,Ishaan,Nair,ishaan.nair7803@example.com,South,2027-07-22
CUST007804,Sai,Rao,sai.rao7804@example.com,West,2026-06-12
CUST007805,Ananya,Singh,ananya.singh7805@example.com,West,2027-04-30
CUST007806,Priya,Bhat,priya.bhat7806@example.com,West,2026-02-15
CUST007807,Arjun,Rao,arjun.rao7807@example.com,Central,2027-05-23
CUST007808,Ishaan,Joshi,ishaan.joshi7808@example.com,Central,2027-04-03
CUST007809,Arjun,Sharma,arjun.sharma7809@example.com,West,2026-11-17
CUST007810,Aditya,Kapoor,aditya.kapoor7810@example.com,South,2027-02-04
CUST007811,Kabir,Mehta,kabir.mehta7811@example.com,South,2026-04-16
CUST007812,Arjun,Patel,arjun.patel7812@example.com,South,2026-04-08
CUST007813,Vivaan,Singh,vivaan.singh7813@example.com,East,2026-03-26
CUST007814,Ananya,Reddy,ananya.reddy7814@example.com,North,2027-10-13
CUST007815,Aarav,Das,aarav.das7815@example.com,West,2026-03-25
CUST007816,Diya,Nair,diya.nair7816@example.com,South,2027-08-29
CUST007817,Priya,Bhat,priya.bhat7817@example.com,East,2026-12-27
CUST007818,Diya,Iyer,diya.iyer7818@example.com,South,2026-08-07
CUST007819,Anika,Verma,anika.verma7819@example.com,North,2027-12-01
CUST007820,Ayaan,Reddy,ayaan.reddy7820@example.com,South,2026-10-11
CUST007821,Saanvi,Gupta,saanvi.gupta7821@example.com,Central,2027-03-19
CUST007822,Saanvi,Sharma,saanvi.sharma7822@example.com,North,2026-01-26
CUST007823,Reyansh,Das,reyansh.das7823@example.com,East,2026-08-20
CUST007824,Diya,Mehta,diya.mehta7824@example.com,Central,2027-05-24
CUST007825,Kabir,Chowdhury,kabir.chowdhury7825@example.com,Central,2027-02-28
CUST007826,Aditya,Joshi,aditya.joshi7826@example.com,Central,2027-06-21
CUST007827,Aditya,Chowdhury,aditya.chowdhury7827@example.com,West,2027-06-09
CUST007828,Vivaan,Joshi,vivaan.joshi7828@example.com,South,2026-04-29
CUST007829,Arjun,Singh,arjun.singh7829@example.com,Central,2026-09-19
CUST007830,Saanvi,Patel,saanvi.patel7830@example.com,South,2027-06-12
CUST007831,Anika,Bhat,anika.bhat7831@example.com,East,2027-08-21
CUST007832,Reyansh,Reddy,reyansh.reddy7832@example.com,North,2026-06-14
CUST007833,Sai,Reddy,sai.reddy7833@example.com,Central,2026-11-26
CUST007834,Vivaan,Bhat,vivaan.bhat7834@example.com,West,2026-01-15
CUST007835,Saanvi,Reddy,saanvi.reddy7835@example.com,North,2026-11-16
CUST007836,Reyansh,Das,reyansh.das7836@example.com,West,2027-07-23
CUST007837,Diya,Singh,diya.singh7837@example.com,West,2027-05-24
CUST007838,Aarav,Singh,aarav.singh7838@example.com,North,2026-08-15
CUST007839,Priya,Patel,priya.patel7839@example.com,East,2027-02-16
CUST007840,Aarav,Kapoor,aarav.kapoor7840@example.com,West,2027-01-22
CUST007841,Sai,Chowdhury,sai.chowdhury7841@example.com,Central,2026-06-08
CUST007842,Sai,Das,sai.das7842@example.com,Central,2026-05-11
CUST007843,Reyansh,Chowdhury,reyansh.chowdhury7843@example.com,Central,2027-03-02
CUST007844,Sai,Singh,sai.singh7844@example.com,Central,2026-09-25
CUST007845,Arjun,Patel,arjun.patel7845@example.com,East,2026-08-09
CUST007846,Reyansh,Reddy,reyansh.reddy7846@example.com,North,2026-11-03
CUST007847,Riya,Mehta,riya.mehta7847@example.com,South,2027-11-10
CUST007848,Priya,Patel,priya.patel7848@example.com,West,2026-02-03
CUST007849,Kabir,Reddy,kabir.reddy7849@example.com,North,2026-07-06
CUST007850,Ananya,Kapoor,ananya.kapoor7850@example.com,East,2026-07-30
CUST007851,Ananya,Mehta,ananya.mehta7851@example.com,Central,2026-04-04
CUST007852,Diya,Chowdhury,diya.chowdhury7852@example.com,West,2026-12-26
CUST007853,Arjun,Iyer,arjun.iyer7853@example.com,South,2026-05-02
CUST007854,Priya,Joshi,priya.joshi7854@example.com,South,2027-04-24
CUST007855,Aditya,Singh,aditya.singh7855@example.com,North,2026-11-11
CUST007856,Ayaan,Das,ayaan.das7856@example.com,West,2026-09-16
CUST007857,Vihaan,Verma,vihaan.verma7857@example.com,West,2026-12-13
CUST007858,Kabir,Bhat,kabir.bhat7858@example.com,East,2027-07-20
CUST007859,Kabir,Mehta,kabir.mehta7859@example.com,East,2026-06-20
CUST007860,Ayaan,Singh,ayaan.singh7860@example.com,Central,2026-07-22
CUST007861,Reyansh,Das,reyansh.das7861@example.com,West,2026-07-18
CUST007862,Ishaan,Mehta,ishaan.mehta7862@example.com,West,2026-07-01
CUST007863,Priya,Singh,priya.singh7863@example.com,West,2027-06-17
CUST007864,Anika,Singh,anika.singh7864@example.com,East,2027-08-05
CUST007865,Kabir,Das,kabir.das7865@example.com,Central,2027-03-12
CUST007866,Reyansh,Chowdhury,reyansh.chowdhury7866@example.com,East,2026-04-02
CUST007867,Ananya,Mehta,ananya.mehta7867@example.com,North,2027-08-22
CUST007868,Ayaan,Das,ayaan.das7868@example.com,Central,2026-01-25
CUST007869,Diya,Gupta,diya.gupta7869@example.com,West,2027-05-19
CUST007870,Reyansh,Reddy,reyansh.reddy7870@example.com,Central,2027-09-14
CUST007871,Anika,Chowdhury,anika.chowdhury7871@example.com,West,2026-04-28
CUST007872,Aarav,Sharma,aarav.sharma7872@example.com,North,2026-03-18
CUST007873,Ayaan,Mehta,ayaan.mehta7873@example.com,North,2026-12-09
CUST007874,Aarav,Iyer,aarav.iyer7874@example.com,East,2026-07-07
CUST007875,Riya,Iyer,riya.iyer7875@example.com,West,2027-09-26
CUST007876,Aditya,Iyer,aditya.iyer7876@example.com,Central,2027-09-11
CUST007877,Aditya,Sharma,aditya.sharma7877@example.com,Central,2027-02-08
CUST007878,Priya,Das,priya.das7878@example.com,East,2027-04-17
CUST007879,Aarav,Iyer,aarav.iyer7879@example.com,Central,2027-08-08
CUST007880,Ishaan,Bhat,ishaan.bhat7880@example.com,West,2026-08-18
CUST007881,Aarav,Patel,aarav.patel7881@example.com,West,2027-09-20
CUST007882,Priya,Singh,priya.singh7882@example.com,South,2027-02-01
CUST007883,Sai,Sharma,sai.sharma7883@example.com,Central,2027-11-23
CUST007884,Vihaan,Sharma,vihaan.sharma7884@example.com,South,2026-07-18
CUST007885,Sai,Patel,sai.patel7885@example.com,East,2026-08-18
CUST007886,Vivaan,Nair,vivaan.nair7886@example.com,Central,2027-02-01
CUST007887,Saanvi,Gupta,saanvi.gupta7887@example.com,East,2027-01-07
CUST007888,Anika,Verma,anika.verma7888@example.com,East,2027-01-06
CUST007889,Reyansh,Gupta,reyansh.gupta7889@example.com,West,2027-04-24
CUST007890,Vihaan,Verma,vihaan.verma7890@example.com,East,2026-11-12
CUST007891,Vihaan,Chowdhury,vihaan.chowdhury7891@example.com,West,2027-11-24
CUST007892,Reyansh,Kapoor,reyansh.kapoor7892@example.com,South,2027-02-28
CUST007893,Riya,Rao,riya.rao7893@example.com,East,2027-02-21
CUST007894,Riya,Das,riya.das7894@example.com,North,2026-02-05
CUST007895,Ishaan,Kapoor,ishaan.kapoor7895@example.com,Central,2027-05-01
CUST007896,Kabir,Rao,kabir.rao7896@example.com,West,2027-05-06
CUST007897,Diya,Chowdhury,diya.chowdhury7897@example.com,South,2026-07-19
CUST007898,Ananya,Iyer,ananya.iyer7898@example.com,West,2026-02-22
CUST007899,Priya,Reddy,priya.reddy7899@example.com,South,2027-05-17
CUST007900,Anika,Kapoor,anika.kapoor7900@example.com,West,2026-12-26
CUST007901,Priya,Das,priya.das7901@example.com,East,2026-12-09
CUST007902,Saanvi,Kapoor,saanvi.kapoor7902@example.com,West,2027-01-30
CUST007903,Ananya,Chowdhury,ananya.chowdhury7903@example.com,Central,2027-10-11
CUST007904,Saanvi,Joshi,saanvi.joshi7904@example.com,North,2026-12-24
CUST007905,Ayaan,Iyer,ayaan.iyer7905@example.com,West,2026-09-16
CUST007906,Vivaan,Joshi,vivaan.joshi7906@example.com,South,2026-09-17
CUST007907,Kabir,Reddy,kabir.reddy7907@example.com,West,2027-05-23
CUST007908,Aarav,Rao,aarav.rao7908@example.com,East,2027-11-27
CUST007909,Priya,Nair,priya.nair7909@example.com,South,2027-10-20
CUST007910,Ananya,Nair,ananya.nair7910@example.com,North,2026-08-31
CUST007911,Kabir,Iyer,kabir.iyer7911@example.com,Central,2026-02-03
CUST007912,Aarav,Nair,aarav.nair7912@example.com,South,2027-06-29
CUST007913,Reyansh,Joshi,reyansh.joshi7913@example.com,Central,2027-01-16
CUST007914,Reyansh,Gupta,reyansh.gupta7914@example.com,Central,2026-05-04
CUST007915,Riya,Mehta,riya.mehta7915@example.com,West,2026-11-07
CUST007916,Vivaan,Joshi,vivaan.joshi7916@example.com,East,2026-01-30
CUST007917,Ayaan,Singh,ayaan.singh7917@example.com,South,2026-02-26
CUST007918,Aditya,Nair,aditya.nair7918@example.com,North,2027-01-31
CUST007919,Sai,Das,sai.das7919@example.com,East,2026-01-31
CUST007920,Vihaan,Sharma,vihaan.sharma7920@example.com,South,2027-02-22
CUST007921,Ayaan,Chowdhury,ayaan.chowdhury7921@example.com,Central,2027-04-08
CUST007922,Riya,Reddy,riya.reddy7922@example.com,South,2026-10-26
CUST007923,Saanvi,Iyer,saanvi.iyer7923@example.com,West,2026-09-30
CUST007924,Riya,Joshi,riya.joshi7924@example.com,North,2026-09-11
CUST007925,Arjun,Bhat,arjun.bhat7925@example.com,West,2026-07-21
CUST007926,Anika,Iyer,anika.iyer7926@example.com,North,2026-12-10
CUST007927,Arjun,Das,arjun.das7927@example.com,North,2027-08-13
CUST007928,Aditya,Sharma,aditya.sharma7928@example.com,North,2026-01-22
CUST007929,Anika,Patel,anika.patel7929@example.com,North,2027-05-10
CUST007930,Vihaan,Kapoor,vihaan.kapoor7930@example.com,Central,2026-12-02
CUST007931,Priya,Iyer,priya.iyer7931@example.com,Central,2026-09-26
CUST007932,Saanvi,Singh,saanvi.singh7932@example.com,Central,2027-10-12
CUST007933,Reyansh,Rao,reyansh.rao7933@example.com,South,2026-08-30
CUST007934,Riya,Verma,riya.verma7934@example.com,East,2026-09-15
CUST007935,Ishaan,Singh,ishaan.singh7935@example.com,East,2026-10-04
CUST007936,Reyansh,Chowdhury,reyansh.chowdhury7936@example.com,East,2026-01-24
CUST007937,Sai,Patel,sai.patel7937@example.com,North,2026-07-10
CUST007938,Aarav,Joshi,aarav.joshi7938@example.com,West,2027-06-25
CUST007939,Ishaan,Patel,ishaan.patel7939@example.com,West,2026-03-03
CUST007940,Aditya,Kapoor,aditya.kapoor7940@example.com,Central,2027-11-28
CUST007941,Sai,Mehta,sai.mehta7941@example.com,South,2026-09-02
CUST007942,Vihaan,Chowdhury,vihaan.chowdhury7942@example.com,South,2027-08-07
CUST007943,Arjun,Reddy,arjun.reddy7943@example.com,West,2027-04-18
CUST007944,Kabir,Mehta,kabir.mehta7944@example.com,Central,2027-06-18
CUST007945,Vihaan,Joshi,vihaan.joshi7945@example.com,South,2026-09-12
CUST007946,Riya,Bhat,riya.bhat7946@example.com,Central,2027-04-02
CUST007947,Ishaan,Bhat,ishaan.bhat7947@example.com,Central,2026-01-12
CUST007948,Aditya,Das,aditya.das7948@example.com,North,2027-10-06
CUST007949,Kabir,Verma,kabir.verma7949@example.com,North,2027-03-14
CUST007950,Vivaan,Singh,vivaan.singh7950@example.com,North,2027-04-11
CUST007951,Reyansh,Das,reyansh.das7951@example.com,Central,2027-11-29
CUST007952,Diya,Singh,diya.singh7952@example.com,Central,2026-10-03
CUST007953,Reyansh,Das,reyansh.das7953@example.com,North,2026-08-22
CUST007954,Kabir,Singh,kabir.singh7954@example.com,South,2027-03-20
CUST007955,Diya,Joshi,diya.joshi7955@example.com,North,2026-10-26
CUST007956,Arjun,Singh,arjun.singh7956@example.com,South,2027-06-11
CUST007957,Aarav,Reddy,aarav.reddy7957@example.com,North,2027-04-08
CUST007958,Ayaan,Das,ayaan.das7958@example.com,West,2026-09-20
CUST007959,Aditya,Patel,aditya.patel7959@example.com,West,2027-06-16
CUST007960,Ananya,Iyer,ananya.iyer7960@example.com,East,2026-02-12
CUST007961,Ishaan,Joshi,ishaan.joshi7961@example.com,Central,2026-08-09
CUST007962,Reyansh,Gupta,reyansh.gupta7962@example.com,North,2027-04-18
CUST007963,Kabir,Patel,kabirpatelgmail.com,East,2026-06-08
CUST007964,Vivaan,Verma,vivaan.verma7964@example.com,East,2026-06-12
CUST007965,Vivaan,Bhat,vivaan.bhat7965@example.com,South,2027-09-14
CUST007966,Priya,Patel,priya.patel7966@example.com,South,2026-08-13
CUST007967,Sai,Bhat,sai.bhat7967@example.com,South,2027-01-02
CUST007968,Kabir,Iyer,kabir.iyer7968@example.com,North,2026-09-08
CUST007969,Saanvi,Mehta,saanvi.mehta7969@example.com,Central,2026-05-01
CUST007970,Ananya,Das,ananya.das7970@example.com,North,2026-07-04
CUST007971,Reyansh,Bhat,reyansh.bhat7971@example.com,South,2026-01-27
CUST007972,Arjun,Chowdhury,arjun.chowdhury7972@example.com,Central,2027-01-01
CUST007973,Aditya,Rao,aditya.rao7973@example.com,East,2026-01-05
CUST007974,Diya,Gupta,diya.gupta7974@example.com,South,2026-03-22
CUST007975,Arjun,Joshi,arjun.joshi7975@example.com,North,2027-01-29
CUST007976,Arjun,Das,arjun.das7976@example.com,North,2026-11-05
CUST007977,Vihaan,Das,vihaan.das7977@example.com,North,2027-08-04
CUST007978,Vivaan,Bhat,vivaan.bhat7978@example.com,East,2026-11-01
CUST007979,Diya,Joshi,diya.joshi7979@example.com,West,2026-08-11
CUST007980,Kabir,Singh,kabir.singh7980@example.com,West,2027-09-07
CUST007981,Reyansh,Mehta,reyansh.mehta7981@example.com,Central,2026-06-03
CUST007982,Ishaan,Kapoor,ishaan.kapoor7982@example.com,East,2026-08-31
CUST007983,Vihaan,Nair,vihaan.nair7983@example.com,North,2027-07-03
CUST007984,Anika,Gupta,anika.gupta7984@example.com,South,2027-06-12
CUST007985,Riya,Bhat,riya.bhat7985@example.com,East,2026-05-15
CUST007986,Kabir,Chowdhury,kabir.chowdhury7986@example.com,North,2027-06-01
CUST007987,Sai,Chowdhury,sai.chowdhury7987@example.com,East,2027-01-09
CUST007988,Saanvi,Kapoor,saanvi.kapoor7988@example.com,West,2027-06-25
CUST007989,Aditya,Nair,aditya.nair7989@example.com,East,2027-08-29
CUST007990,Ayaan,Sharma,ayaan.sharma7990@example.com,Central,2026-05-07
CUST007991,Riya,Joshi,riya.joshi7991@example.com,Central,2026-12-03
CUST007992,Ananya,Joshi,ananya.joshi7992@example.com,Central,2027-04-10
CUST007993,Vihaan,Kapoor,vihaan.kapoor7993@example.com,East,2026-01-16
CUST007994,Diya,Mehta,diya.mehta7994@example.com,North,2026-11-30
CUST007995,Arjun,Kapoor,arjun.kapoor7995@example.com,East,2026-10-23
CUST007996,Diya,Sharma,diya.sharma7996@example.com,South,2026-12-07
CUST007997,Saanvi,Bhat,saanvi.bhat7997@example.com,West,2027-09-02
CUST007998,Kabir,Das,kabir.das7998@example.com,East,2027-09-08
CUST007999,Kabir,Chowdhury,kabir.chowdhury7999@example.com,East,2027-06-05
CUST008000,Aditya,Chowdhury,aditya.chowdhury8000@example.com,North,2027-06-04
CUST008001,Arjun,Singh,arjun.singh8001@example.com,West,2026-12-04
CUST008002,Saanvi,Das,saanvi.das8002@example.com,West,2027-10-05
CUST008003,Anika,Iyer,anika.iyer8003@example.com,East,2027-08-12
CUST008004,Kabir,Iyer,kabir.iyer8004@example.com,North,2026-05-10
CUST008005,Saanvi,Gupta,saanvi.gupta8005@example.com,East,2027-08-24
CUST008006,Anika,Mehta,  anika@mail.com,Central,2026-02-09
CUST008007,Anika,Sharma,anika.sharma8007@example.com,East,2026-12-05
CUST008008,Diya,Rao,diya.rao8008@example.com,East,2027-08-06
CUST008009,Saanvi,Bhat,saanvi.bhat8009@example.com,East,2026-04-19
CUST008010,Riya,Gupta,riya.gupta8010@example.com,South,2027-11-26
CUST008011,Ishaan,Das,ishaan.das8011@example.com,West,2027-11-06
CUST008012,Vihaan,Gupta,vihaan.gupta8012@example.com,East,2027-01-08
CUST008013,Ayaan,Nair,ayaan.nair8013@example.com,North,2026-06-22
CUST008014,Riya,Singh,riya.singh8014@example.com,East,2027-10-02
CUST008015,Priya,Iyer,priya.iyer8015@example.com,North,2026-06-08
CUST008016,Anika,Gupta,anika.gupta8016@example.com,West,2027-02-11
CUST008017,Reyansh,Das,reyansh.das8017@example.com,North,2026-10-17
CUST008018,Vihaan,Joshi,vihaan.joshi8018@example.com,South,2026-10-10
CUST008019,Anika,Bhat,anika.bhat8019@example.com,North,2026-02-27
CUST008020,Diya,Nair,diya.nair8020@example.com,East,2027-07-24
CUST008021,Diya,Nair,diya.nair8021@example.com,East,2027-09-30
CUST008022,Kabir,Bhat,kabir.bhat8022@example.com,West,2026-07-11
CUST008023,Riya,Rao,riya.rao8023@example.com,South,2026-07-28
CUST008024,Anika,Joshi,anika.joshi8024@example.com,West,2027-03-01
CUST008025,Vivaan,Rao,vivaan.rao8025@example.com,Central,2026-12-31
CUST008026,Diya,Das,diya.das8026@example.com,Central,2026-04-04
CUST008027,Riya,Das,riya.das8027@example.com,North,2026-10-28
CUST008028,Aditya,Singh,aditya.singh8028@example.com,North,2027-01-15
CUST008029,Anika,Rao,anika.rao8029@example.com,East,2026-06-12
CUST008030,Saanvi,Mehta,saanvi.mehta8030@example.com,South,2026-08-17
CUST008031,Priya,Bhat,priya.bhat8031@example.com,North,2027-09-23
CUST008032,Aditya,Kapoor,aditya.kapoor8032@example.com,West,2026-02-06
CUST008033,Kabir,Kapoor,kabir.kapoor8033@example.com,North,2026-04-01
CUST008034,Kabir,Nair,kabir.nair8034@example.com,Central,2026-07-21
CUST008035,Aditya,Verma,aditya.verma8035@example.com,North,2027-01-14
CUST008036,Sai,Sharma,sai.sharma8036@example.com,South,2027-02-20
CUST008037,Vivaan,Sharma,vivaan.sharma8037@example.com,Central,2026-07-14
CUST008038,Reyansh,Mehta,reyansh.mehta8038@example.com,West,2026-09-06
CUST008039,Vivaan,Gupta,vivaan.gupta8039@example.com,North,2027-11-13
CUST008040,Saanvi,Rao,saanvi.rao8040@example.com,South,2027-11-02
CUST008041,Reyansh,Rao,reyansh.rao8041@example.com,East,2026-10-18
CUST008042,Vihaan,Das,vihaan.das8042@example.com,West,2027-04-09
CUST008043,Priya,Reddy,priya.reddy8043@example.com,East,2026-05-19
CUST008044,Ayaan,Iyer,ayaan.iyer8044@example.com,Central,2026-04-05
CUST008045,Diya,Gupta,diya.gupta8045@example.com,West,2027-03-22
CUST008046,Anika,Iyer,anika.iyer8046@example.com,South,2027-02-27
CUST008047,Ananya,Chowdhury,ananya.chowdhury8047@example.com,North,2026-09-21
CUST008048,Reyansh,Das,reyansh.das8048@example.com,South,2027-05-22
CUST008049,Riya,Patel,riya.patel8049@example.com,South,2027-03-29
CUST008050,Ishaan,Rao,ishaan.rao8050@example.com,North,2027-12-01
CUST008051,Anika,Singh,anika.singh8051@example.com,East,2026-10-07
CUST008052,Sai,Iyer,sai.iyer8052@example.com,West,2027-06-24
CUST008053,Aditya,Iyer,aditya.iyer8053@example.com,East,2027-01-29
CUST008054,Reyansh,Das,reyansh.das8054@example.com,Central,2027-09-24
CUST008055,Ayaan,Verma,ayaan.verma8055@example.com,East,2026-12-05
CUST008056,Priya,Iyer,priya.iyer8056@example.com,South,2026-07-20
CUST008057,Ananya,Sharma,ananya.sharma8057@example.com,South,2027-10-04
CUST008058,Aarav,Chowdhury,aarav.chowdhury8058@example.com,Central,2027-08-02
CUST008059,Ananya,Das,ananya.das8059@example.com,Central,2027-02-02
CUST008060,Riya,Kapoor,riya.kapoor8060@example.com,Central,2026-03-07
CUST008061,Sai,Chowdhury,sai.chowdhury8061@example.com,South,2027-08-14
CUST008062,Ayaan,Kapoor,ayaan.kapoor8062@example.com,South,2026-09-30
CUST008063,Anika,Gupta,anika.gupta8063@example.com,South,2026-02-23
CUST008064,Saanvi,Reddy,saanvi.reddy8064@example.com,South,2027-05-13
CUST008065,Ananya,Sharma,ananya.sharma8065@example.com,West,2027-11-23
CUST008066,Reyansh,Rao,reyansh.rao8066@example.com,West,2027-05-19
CUST008067,Ishaan,Singh,ishaan.singh8067@example.com,Central,2026-09-08
CUST008068,Ananya,Das,ananya.das8068@example.com,East,2026-12-02
CUST008069,Priya,Kapoor,priya.kapoor8069@example.com,East,2027-11-23
CUST008070,Priya,Kapoor,priya.kapoor8070@example.com,East,2027-04-17
CUST008071,Priya,Rao,priya.rao8071@example.com,North,2026-02-25
CUST008072,Ishaan,Verma,ishaan.verma8072@example.com,South,2027-02-10
CUST008073,Anika,Kapoor,anika.kapoor8073@example.com,West,2026-09-25
CUST008074,Ananya,Mehta,ananya.mehta8074@example.com,East,2026-08-08
CUST008075,Ayaan,Gupta,ayaan.gupta8075@example.com,West,2026-02-07
CUST008076,Riya,Verma,riya.verma8076@example.com,East,2027-03-21
CUST008077,Reyansh,Bhat,reyansh.bhat8077@example.com,East,2026-09-17
CUST008078,Vivaan,Sharma,vivaan.sharma8078@example.com,East,2026-06-04
CUST008079,Riya,Singh,riya.singh8079@example.com,East,2027-04-12
CUST008080,Kabir,Gupta,kabir.gupta8080@example.com,North,2026-09-13
CUST008081,Aditya,Kapoor,aditya.kapoor8081@example.com,Central,2026-04-05
CUST008082,Kabir,Kapoor,kabir.kapoor8082@example.com,North,2026-12-15
CUST008083,Kabir,Kapoor,kabir.kapoor8083@example.com,North,2026-08-30
CUST008084,Ishaan,Bhat,ishaan.bhat8084@example.com,Central,2026-11-24
CUST008085,Aditya,Kapoor,aditya.kapoor8085@example.com,East,2026-07-12
CUST008086,Sai,Joshi,,Central,2027-05-03
CUST008087,Riya,Joshi,riya.joshi8087@example.com,South,2026-07-10
CUST008088,Vivaan,Das,vivaan.das8088@example.com,East,2026-05-12
CUST008089,Reyansh,Rao,reyansh.rao8089@example.com,North,2026-01-02
CUST008090,Vivaan,Bhat,vivaan.bhat8090@example.com,Central,2027-09-23
CUST008091,Anika,Sharma,anika.sharma8091@example.com,North,2027-01-08
CUST008092,Arjun,Mehta,arjun.mehta8092@example.com,North,2027-06-26
CUST008093,Kabir,Singh,kabir.singh8093@example.com,East,2027-08-18
CUST008094,Kabir,Mehta,kabir.mehta8094@example.com,Central,2026-01-22
CUST008095,Arjun,Singh,arjun.singh8095@example.com,North,2026-07-04
CUST008096,Riya,Verma,riya.verma8096@example.com,North,2026-10-24
CUST008097,Ishaan,Bhat,ishaan.bhat8097@example.com,Central,2026-07-18
CUST008098,Diya,Chowdhury,diya.chowdhury8098@example.com,North,2027-10-05
CUST008099,Anika,Joshi,anika.joshi8099@example.com,East,2026-05-07
CUST008100,Vivaan,Patel,vivaan.patel8100@example.com,North,2026-01-12
CUST008101,Arjun,Bhat,arjun.bhat8101@example.com,South,2026-04-22
CUST008102,Saanvi,Iyer,saanvi.iyer8102@example.com,East,2026-07-25
CUST008103,Vihaan,Iyer,vihaan.iyer8103@example.com,West,2026-09-02
CUST008104,Vivaan,Iyer,vivaan.iyer8104@example.com,South,2026-03-26
CUST008105,Arjun,Singh,arjun.singh8105@example.com,East,2026-09-12
CUST008106,Sai,Patel,sai.patel8106@example.com,West,2027-02-26
CUST008107,Priya,Chowdhury,priya.chowdhury8107@example.com,North,2026-06-29
CUST008108,Reyansh,Patel,reyansh.patel8108@example.com,North,2027-02-28
CUST008109,Ishaan,Rao,ishaan.rao8109@example.com,North,2027-03-05
CUST008110,Ananya,Singh,ananya.singh8110@example.com,East,2026-12-06
CUST008111,Arjun,Patel,arjun.patel8111@example.com,West,2026-05-23
CUST008112,Ayaan,Patel,ayaan.patel8112@example.com,West,2026-02-28
CUST008113,Saanvi,Joshi,saanvi.joshi8113@example.com,East,2026-04-26
CUST008114,Aarav,Bhat,aarav.bhat8114@example.com,East,2027-03-24
CUST008115,Anika,Sharma,anika.sharma8115@example.com,West,2027-08-16
CUST008116,Ishaan,Singh,ishaan.singh8116@example.com,North,2026-03-14
CUST008117,Aditya,Joshi,aditya.joshi8117@example.com,Central,2026-04-04
CUST008118,Saanvi,Chowdhury,saanvi.chowdhury8118@example.com,Central,2026-07-27
CUST008119,Ayaan,Nair,ayaan.nair8119@example.com,South,2027-08-12
CUST008120,Ayaan,Sharma,ayaan.sharma8120@example.com,East,2026-10-07
CUST008121,Diya,Joshi,diya.joshi8121@example.com,Central,2026-11-24
CUST008122,Riya,Nair,riya.nair8122@example.com,West,2026-02-27
CUST008123,Diya,Reddy,diya.reddy8123@example.com,South,2026-04-21
CUST008124,Ayaan,Sharma,ayaan.sharma8124@example.com,South,2026-10-05
CUST008125,Priya,Kapoor,priya.kapoor8125@example.com,East,2027-02-27
CUST008126,Ishaan,Kapoor,ishaan.kapoor8126@example.com,East,2026-04-24
CUST008127,Aarav,Gupta,aarav.gupta8127@example.com,North,2026-11-08
CUST008128,Aditya,Nair,aditya.nair8128@example.com,East,2027-07-12
CUST008129,Vivaan,Das,vivaan.das8129@example.com,East,2026-04-11
CUST008130,Ayaan,Reddy,ayaan.reddy8130@example.com,East,2027-02-05
CUST008131,Ayaan,Reddy,ayaan.reddy8131@example.com,West,2026-07-27
CUST008132,Aarav,Nair,aarav.nair8132@example.com,West,2027-01-13
CUST008133,Reyansh,Singh,reyansh.singh8133@example.com,North,2026-01-03
CUST008134,Diya,Verma,diya.verma8134@example.com,West,2026-09-27
CUST008135,Saanvi,Bhat,saanvi.bhat8135@example.com,West,2026-02-03
CUST008136,Arjun,Verma,arjun.verma8136@example.com,West,2026-01-11
CUST008137,Saanvi,Sharma,saanvi.sharma8137@example.com,North,2026-07-08
CUST008138,Sai,Rao,sai.rao8138@example.com,South,2026-08-06
CUST008139,Anika,Verma,anika.verma8139@example.com,West,2027-10-20
CUST008140,Kabir,Patel,kabir.patel8140@example.com,Central,2026-04-22
CUST008141,Priya,Mehta,priya.mehta8141@example.com,West,2027-01-19
CUST008142,Kabir,Mehta,kabir.mehta8142@example.com,North,2027-05-21
CUST008143,Ayaan,Sharma,ayaan.sharma8143@example.com,North,2026-02-28
CUST008144,Kabir,Bhat,kabir.bhat8144@example.com,Central,2026-03-27
CUST008145,Reyansh,Reddy,reyansh.reddy8145@example.com,North,2027-05-15
CUST008146,Reyansh,Bhat,reyansh.bhat8146@example.com,West,2026-10-22
CUST008147,Anika,Sharma,anika.sharma8147@example.com,Central,2027-09-09
CUST008148,Diya,Sharma,diya.sharma8148@example.com,West,2026-12-25
CUST008149,Diya,Bhat,diya.bhat8149@example.com,East,2026-06-02
CUST008150,Reyansh,Bhat,reyansh.bhat8150@example.com,East,2027-04-24
CUST008151,Anika,Chowdhury,anika.chowdhury8151@example.com,West,2027-01-13
CUST008152,Ananya,Patel,ananya.patel8152@example.com,South,2026-01-13
CUST008153,Ishaan,Patel,ishaan.patel8153@example.com,South,2027-10-31
CUST008154,Saanvi,Verma,saanvi.verma8154@example.com,Central,2027-11-09
CUST008155,Riya,Sharma,riya.sharma8155@example.com,South,2027-10-09
CUST008156,Priya,Das,priya.das8156@example.com,North,2026-05-05
CUST008157,Riya,Rao,riya.rao8157@example.com,North,2026-05-01
CUST008158,Ayaan,Patel,ayaan.patel8158@example.com,North,2027-08-25
CUST008159,Aditya,Mehta,aditya.mehta8159@example.com,East,2027-08-09
CUST008160,Aditya,Kapoor,aditya.kapoor8160@example.com,West,2026-02-20
CUST008161,Reyansh,Gupta,reyansh.gupta8161@example.com,West,2027-02-20
CUST008162,Aarav,Nair,aarav.nair8162@example.com,Central,2027-04-18
CUST008163,Anika,Chowdhury,anika.chowdhury8163@example.com,West,2026-02-20
CUST008164,Ananya,Kapoor,ananya.kapoor8164@example.com,Central,2027-04-21
CUST008165,Priya,Rao,priya.rao8165@example.com,South,2026-04-13
CUST008166,Ishaan,Patel,ishaan.patel8166@example.com,Central,2027-02-15
CUST008167,Riya,Sharma,riya.sharma8167@example.com,West,2027-04-06
CUST008168,Ishaan,Mehta,ishaan.mehta8168@example.com,East,2027-02-04
CUST008169,Vihaan,Mehta,vihaan.mehta8169@example.com,South,2026-06-02
CUST008170,Kabir,Chowdhury,kabir.chowdhury8170@example.com,North,2026-07-29
CUST008171,Priya,Reddy,priya.reddy8171@example.com,Central,2027-11-10
CUST008172,Diya,Joshi,diya.joshi8172@example.com,Central,2027-11-18
CUST008173,Sai,Nair,sai.nair8173@example.com,North,2026-02-19
CUST008174,Kabir,Verma,kabir.verma8174@example.com,West,2027-04-24
CUST008175,Riya,Kapoor,riya.kapoor8175@example.com,West,2026-07-13
CUST008176,Vihaan,Rao,vihaan.rao8176@example.com,South,2026-04-26
CUST008177,Anika,Iyer,anika.iyer8177@example.com,Central,2027-04-06
CUST008178,Anika,Singh,anika.singh8178@example.com,Central,2026-09-02
CUST008179,Ishaan,Kapoor,ishaan.kapoor8179@example.com,Central,2026-11-11
CUST008180,Ayaan,Nair,  ayaan@mail.com,Central,2027-08-16
CUST008181,Anika,Das,anika.das8181@example.com,North,2026-07-01
CUST008182,Arjun,Das,arjun.das8182@example.com,North,2026-03-24
CUST008183,Reyansh,Sharma,reyansh.sharma8183@example.com,West,2026-09-18
CUST008184,Vihaan,Gupta,vihaan.gupta8184@example.com,West,2027-05-18
CUST008185,Aditya,Mehta,aditya.mehta8185@example.com,West,2027-08-23
CUST008186,Reyansh,Reddy,reyansh.reddy8186@example.com,East,2026-09-02
CUST008187,Reyansh,Kapoor,reyansh.kapoor8187@example.com,North,2026-09-09
CUST008188,Anika,Rao,anika.rao8188@example.com,South,2026-02-10
CUST008189,Priya,Rao,priya.rao8189@example.com,South,2027-06-12
CUST008190,Kabir,Reddy,kabir.reddy8190@example.com,South,2026-12-04
CUST008191,Sai,Patel,sai.patel8191@example.com,South,2026-02-24
CUST008192,Ananya,Das,ananya.das8192@example.com,Central,2027-05-18
CUST008193,Anika,Rao,anika.rao8193@example.com,North,2026-04-27
CUST008194,Sai,Patel,sai.patel8194@example.com,Central,2027-11-12
CUST008195,Reyansh,Iyer,reyansh.iyer8195@example.com,East,2026-05-06
CUST008196,Ayaan,Mehta,ayaan.mehta8196@example.com,South,2026-05-11
CUST008197,Ayaan,Verma,ayaan.verma8197@example.com,West,2027-10-23
CUST008198,Riya,Nair,riya.nair8198@example.com,North,2026-09-08
CUST008199,Ananya,Kapoor,ananya.kapoor8199@example.com,West,2027-01-18
CUST008200,Vivaan,Nair,vivaan.nair8200@example.com,East,2027-05-09
CUST008201,Anika,Das,anika.das8201@example.com,Central,2026-03-22
CUST008202,Diya,Reddy,diyareddygmail.com,South,2027-11-17
CUST008203,Reyansh,Iyer,reyansh.iyer8203@example.com,East,2026-07-31
CUST008204,Ayaan,Rao,ayaan.rao8204@example.com,North,2026-03-12
CUST008205,Anika,Nair,anika.nair8205@example.com,North,2027-08-25
CUST008206,Saanvi,Gupta,saanvi.gupta8206@example.com,North,2027-09-26
CUST008207,Vivaan,Joshi,vivaan.joshi8207@example.com,South,2027-01-25
CUST008208,Kabir,Singh,kabir.singh8208@example.com,East,2027-03-04
CUST008209,Ananya,Reddy,ananya.reddy8209@example.com,South,2027-08-14
CUST008210,Riya,Rao,riya.rao8210@example.com,West,2027-04-17
CUST008211,Ishaan,Nair,ishaan.nair8211@example.com,North,2027-02-14
CUST008212,Ananya,Reddy,ananya.reddy8212@example.com,Central,2027-10-21
CUST008213,Ananya,Das,ananya.das8213@example.com,North,2026-03-03
CUST008214,Aarav,Iyer,aarav.iyer8214@example.com,South,2027-05-14
CUST008215,Anika,Iyer,anika.iyer8215@example.com,Central,2026-07-17
CUST008216,Ananya,Chowdhury,ananya.chowdhury8216@example.com,Central,2026-06-03
CUST008217,Aarav,Verma,aarav.verma8217@example.com,Central,2026-03-14
CUST008218,Riya,Mehta,riya.mehta8218@example.com,Central,2027-10-19
CUST008219,Reyansh,Gupta,reyansh.gupta8219@example.com,Central,2026-09-09
CUST008220,Saanvi,Nair,saanvi.nair8220@example.com,South,2027-06-26
CUST008221,Aditya,Verma,aditya.verma8221@example.com,North,2026-11-29
CUST008222,Vivaan,Chowdhury,vivaan.chowdhury8222@example.com,South,2026-11-03
CUST008223,Kabir,Patel,kabir.patel8223@example.com,North,2027-10-21
CUST008224,Riya,Iyer,riya.iyer8224@example.com,South,2027-01-29
CUST008225,Diya,Chowdhury,diya.chowdhury8225@example.com,East,2026-11-28
CUST008226,Riya,Gupta,riya.gupta8226@example.com,North,2026-07-02
CUST008227,Ayaan,Nair,ayaan.nair8227@example.com,East,2027-02-03
CUST008228,Sai,Gupta,sai.gupta8228@example.com,South,2027-08-07
CUST008229,Aarav,Singh,aarav.singh8229@example.com,North,2027-04-01
CUST008230,Diya,Reddy,diya.reddy8230@example.com,East,2027-01-30
CUST008231,Vivaan,Bhat,vivaan.bhat8231@example.com,Central,2026-12-15
CUST008232,Anika,Kapoor,anika.kapoor8232@example.com,North,2027-11-09
CUST008233,Riya,Sharma,riya.sharma8233@example.com,South,2027-08-08
CUST008234,Aditya,Sharma,aditya.sharma8234@example.com,West,2027-08-15
CUST008235,Vihaan,Patel,vihaan.patel8235@example.com,South,2026-12-12
CUST008236,Aditya,Iyer,aditya.iyer8236@example.com,North,2026-07-01
CUST008237,Sai,Gupta,sai.gupta8237@example.com,East,2027-10-11
CUST008238,Anika,Nair,anika.nair8238@example.com,West,2026-03-10
CUST008239,Vivaan,Bhat,vivaan.bhat8239@example.com,Central,2026-12-12
CUST008240,Ananya,Kapoor,ananya.kapoor8240@example.com,North,2027-06-26
CUST008241,Ananya,Verma,ananya.verma8241@example.com,South,2026-08-12
CUST008242,Riya,Patel,riya.patel8242@example.com,East,2026-01-13
CUST008243,Ishaan,Mehta,ishaan.mehta8243@example.com,North,2026-12-03
CUST008244,Ishaan,Rao,ishaan.rao8244@example.com,North,2027-03-26
CUST008245,Vihaan,Kapoor,vihaan.kapoor8245@example.com,East,2027-04-30
CUST008246,Sai,Mehta,sai.mehta8246@example.com,North,2026-12-04
CUST008247,Diya,Mehta,diya.mehta8247@example.com,South,2026-06-24
CUST008248,Vihaan,Kapoor,vihaan.kapoor8248@example.com,North,2027-10-29
CUST008249,Sai,Mehta,sai.mehta8249@example.com,Central,2027-09-15
CUST008250,Vihaan,Iyer,vihaan.iyer8250@example.com,North,2026-10-19
CUST008251,Aditya,Reddy,aditya.reddy8251@example.com,Central,2027-01-06
CUST008252,Reyansh,Mehta,reyansh.mehta8252@example.com,North,2026-10-19
CUST008253,Riya,Nair,riya.nair8253@example.com,South,2026-01-06
CUST008254,Sai,Chowdhury,sai.chowdhury8254@example.com,North,2026-04-21
CUST008255,Diya,Bhat,diya.bhat8255@example.com,North,2026-06-05
CUST008256,Diya,Joshi,diya.joshi8256@example.com,East,2027-03-23
CUST008257,Priya,Patel,priya.patel8257@example.com,East,2027-10-02
CUST008258,Aditya,Joshi,aditya.joshi8258@example.com,Central,2026-05-31
CUST008259,Sai,Das,sai.das8259@example.com,Central,2026-05-08
CUST008260,Priya,Singh,priya.singh8260@example.com,East,2027-09-14
CUST008261,Riya,Iyer,riya.iyer8261@example.com,East,2027-10-17
CUST008262,Vihaan,Bhat,vihaan.bhat8262@example.com,East,2026-07-15
CUST008263,Vihaan,Rao,vihaan.rao8263@example.com,North,2026-04-08
CUST008264,Reyansh,Sharma,reyansh.sharma8264@example.com,Central,2026-11-19
CUST008265,Reyansh,Verma,reyansh.verma8265@example.com,East,2027-02-17
CUST008266,Sai,Bhat,sai.bhat8266@example.com,South,2026-10-24
CUST008267,Ananya,Bhat,ananya.bhat8267@example.com,North,2026-05-09
CUST008268,Ananya,Patel,ananya.patel8268@example.com,South,2027-02-07
CUST008269,Aditya,Kapoor,aditya.kapoor8269@example.com,South,2026-06-11
CUST008270,Arjun,Nair,arjun.nair8270@example.com,South,2026-09-17
CUST008271,Ayaan,Rao,ayaan.rao8271@example.com,West,2027-03-28
CUST008272,Saanvi,Singh,saanvi.singh8272@example.com,West,2026-01-31
CUST008273,Arjun,Mehta,arjun.mehta8273@example.com,South,2027-10-30
CUST008274,Anika,Kapoor,anika.kapoor8274@example.com,West,2027-02-09
CUST008275,Diya,Sharma,diya.sharma8275@example.com,Central,2027-05-27
CUST008276,Arjun,Verma,arjun.verma8276@example.com,North,2027-04-05
CUST008277,Ishaan,Gupta,ishaan.gupta8277@example.com,East,2026-02-23
CUST008278,Ayaan,Chowdhury,ayaan.chowdhury8278@example.com,South,2026-02-06
CUST008279,Aditya,Sharma,aditya.sharma8279@example.com,Central,2027-05-20
CUST008280,Diya,Das,  diya@mail.com,South,2026-12-19
CUST008281,Sai,Patel,sai.patel8281@example.com,East,2026-10-24
CUST008282,Riya,Joshi,riya.joshi8282@example.com,Central,2027-08-30
CUST008283,Sai,Singh,sai.singh8283@example.com,West,2026-08-28
CUST008284,Ishaan,Joshi,ishaan.joshi8284@example.com,South,2026-08-13
CUST008285,Vihaan,Das,vihaan.das8285@example.com,Central,2026-06-23
CUST008286,Reyansh,Bhat,reyansh.bhat8286@example.com,West,2027-10-26
CUST008287,Sai,Das,sai.das8287@example.com,West,2027-07-17
CUST008288,Riya,Rao,riya.rao8288@example.com,North,2027-05-05
CUST008289,Ananya,Gupta,ananya.gupta8289@example.com,South,2026-12-27
CUST008290,Ayaan,Verma,ayaan.verma8290@example.com,Central,2027-09-21
CUST008291,Kabir,Mehta,kabir.mehta8291@example.com,South,2026-03-14
CUST008292,Riya,Kapoor,riya.kapoor8292@example.com,Central,2027-08-31
CUST008293,Aditya,Kapoor,aditya.kapoor8293@example.com,South,2026-11-23
CUST008294,Diya,Joshi,diya.joshi8294@example.com,West,2026-02-28
CUST008295,Aarav,Chowdhury,aarav.chowdhury8295@example.com,West,2027-11-03
CUST008296,Anika,Singh,anika.singh8296@example.com,East,2026-01-07
CUST008297,Diya,Mehta,diya.mehta8297@example.com,East,2027-11-06
CUST008298,Priya,Reddy,priya.reddy8298@example.com,East,2027-04-13
CUST008299,Riya,Joshi,riya.joshi8299@example.com,West,2026-05-09
CUST008300,Ayaan,Rao,ayaan.rao8300@example.com,North,2026-11-30
CUST008301,Kabir,Verma,kabir.verma8301@example.com,Central,2026-09-21
CUST008302,Ananya,Joshi,ananya.joshi8302@example.com,East,2026-10-12
CUST008303,Sai,Bhat,sai.bhat8303@example.com,East,2027-08-20
CUST008304,Ishaan,Verma,ishaan.verma8304@example.com,South,2026-07-13
CUST008305,Ishaan,Mehta,ishaan.mehta8305@example.com,North,2026-12-26
CUST008306,Vihaan,Mehta,vihaan.mehta8306@example.com,West,2026-08-02
CUST008307,Vihaan,Bhat,vihaan.bhat8307@example.com,North,2026-01-27
CUST008308,Riya,Singh,riya.singh8308@example.com,East,2026-12-17
CUST008309,Ayaan,Chowdhury,ayaan.chowdhury8309@example.com,West,2026-08-23
CUST008310,Kabir,Joshi,kabir.joshi8310@example.com,Central,2026-01-11
CUST008311,Aarav,Iyer,aarav.iyer8311@example.com,North,2027-05-19
CUST008312,Anika,Bhat,anika.bhat8312@example.com,South,2026-05-25
CUST008313,Ananya,Gupta,ananya.gupta8313@example.com,West,2027-05-14
CUST008314,Saanvi,Chowdhury,saanvi.chowdhury8314@example.com,North,2026-07-23
CUST008315,Reyansh,Kapoor,reyansh.kapoor8315@example.com,Central,2026-04-25
CUST008316,Aditya,Singh,aditya.singh8316@example.com,North,2027-06-23
CUST008317,Ayaan,Nair,ayaan.nair8317@example.com,East,2027-11-22
CUST008318,Ishaan,Bhat,ishaan.bhat@@mail,North,2026-03-14
CUST008319,Saanvi,Joshi,saanvi.joshi8319@example.com,East,2027-08-19
CUST008320,Ayaan,Das,ayaan.das8320@example.com,West,2026-08-11
CUST008321,Aditya,Iyer,aditya.iyer8321@example.com,Central,2026-07-30
CUST008322,Vihaan,Bhat,vihaan.bhat8322@example.com,North,2027-07-02
CUST008323,Priya,Gupta,priya.gupta8323@example.com,South,2026-02-25
CUST008324,Ishaan,Das,ishaan.das8324@example.com,Central,2026-09-23
CUST008325,Aarav,Reddy,aarav.reddy8325@example.com,Central,2026-04-08
CUST008326,Aarav,Reddy,aarav.reddy8326@example.com,West,2026-11-01
CUST008327,Kabir,Joshi,kabir.joshi8327@example.com,North,2027-11-25
CUST008328,Vivaan,Gupta,vivaan.gupta8328@example.com,North,2027-05-28
CUST008329,Diya,Verma,diya.verma8329@example.com,East,2026-01-25
CUST008330,Aditya,Singh,aditya.singh8330@example.com,North,2026-05-18
CUST008331,Ananya,Patel,ananya.patel8331@example.com,North,2027-03-11
CUST008332,Anika,Rao,anika.rao8332@example.com,West,2027-10-19
CUST008333,Reyansh,Gupta,reyansh.gupta8333@example.com,North,2026-10-16
CUST008334,Anika,Chowdhury,anika.chowdhury8334@example.com,North,2026-08-03
CUST008335,Aarav,Iyer,aarav.iyer8335@example.com,South,2027-10-22
CUST008336,Anika,Iyer,anika.iyer8336@example.com,South,2026-07-29
CUST008337,Diya,Gupta,diya.gupta8337@example.com,North,2026-02-14
CUST008338,Kabir,Verma,kabir.verma8338@example.com,North,2026-01-22
CUST008339,Priya,Sharma,priya.sharma8339@example.com,North,2026-01-13
CUST008340,Diya,Verma,diya.verma8340@example.com,South,2026-05-05
CUST008341,Ishaan,Nair,ishaan.nair8341@example.com,East,2027-04-12
CUST008342,Diya,Gupta,diya.gupta8342@example.com,North,2027-04-29
CUST008343,Arjun,Kapoor,arjun.kapoor8343@example.com,South,2027-09-04
CUST008344,Riya,Das,riya.das8344@example.com,West,2026-05-14
CUST008345,Aditya,Singh,aditya.singh8345@example.com,West,2026-03-20
CUST008346,Anika,Joshi,anika.joshi8346@example.com,Central,2027-04-10
CUST008347,Riya,Singh,riya.singh8347@example.com,West,2027-01-15
CUST008348,Reyansh,Rao,reyansh.rao8348@example.com,West,2027-04-21
CUST008349,Aditya,Gupta,aditya.gupta@@mail,Central,2027-07-04
CUST008350,Ayaan,Mehta,ayaan.mehta8350@example.com,West,2027-10-21
CUST008351,Sai,Sharma,sai.sharma8351@example.com,East,2027-06-03
CUST008352,Ayaan,Sharma,ayaan.sharma8352@example.com,East,2027-01-05
CUST008353,Ananya,Nair,ananya.nair8353@example.com,East,2027-05-29
CUST008354,Aditya,Kapoor,aditya.kapoor8354@example.com,West,2026-08-17
CUST008355,Vihaan,Rao,vihaan.rao8355@example.com,Central,2026-02-01
CUST008356,Priya,Das,priya.das8356@example.com,East,2027-11-25
CUST008357,Ayaan,Kapoor,ayaan.kapoor8357@example.com,North,2026-12-23
CUST008358,Ishaan,Rao,ishaan.rao8358@example.com,East,2027-09-27
CUST008359,Vihaan,Das,vihaan.das8359@example.com,Central,2027-10-15
CUST008360,Ayaan,Kapoor,ayaan.kapoor8360@example.com,West,2026-05-24
CUST008361,Kabir,Bhat,kabir.bhat8361@example.com,East,2026-11-10
CUST008362,Reyansh,Das,reyansh.das8362@example.com,South,2027-08-21
CUST008363,Saanvi,Verma,saanvi.verma8363@example.com,Central,2026-11-20
CUST008364,Aarav,Patel,aarav.patel8364@example.com,South,2027-06-13
CUST008365,Riya,Bhat,riya.bhat8365@example.com,West,2026-01-09
CUST008366,Vivaan,Joshi,vivaan.joshi8366@example.com,West,2027-10-13
CUST008367,Kabir,Reddy,kabir.reddy8367@example.com,West,2027-07-27
CUST008368,Ananya,Gupta,ananya.gupta8368@example.com,North,2026-12-21
CUST008369,Kabir,Joshi,kabir.joshi8369@example.com,East,2026-08-13
CUST008370,Ananya,Iyer,ananya.iyer8370@example.com,North,2027-04-06
CUST008371,Riya,Singh,riya.singh8371@example.com,West,2027-05-31
CUST008372,Sai,Kapoor,sai.kapoor8372@example.com,South,2026-04-19
CUST008373,Vivaan,Singh,vivaan.singh8373@example.com,South,2027-11-27
CUST008374,Ananya,Sharma,ananya.sharma8374@example.com,Central,2026-11-14
CUST008375,Aditya,Verma,aditya.verma8375@example.com,South,2026-10-30
CUST008376,Vihaan,Joshi,vihaan.joshi8376@example.com,West,2027-01-11
CUST008377,Aarav,Bhat,aarav.bhat8377@example.com,East,2026-04-08
CUST008378,Diya,Rao,diya.rao8378@example.com,West,2027-02-23
CUST008379,Aditya,Rao,aditya.rao8379@example.com,West,2026-09-21
CUST008380,Arjun,Patel,arjun.patel8380@example.com,South,2026-10-27
CUST008381,Anika,Sharma,anika.sharma8381@example.com,East,2027-07-31
CUST008382,Riya,Singh,riya.singh8382@example.com,North,2026-04-28
CUST008383,Vihaan,Rao,vihaan.rao8383@example.com,West,2027-04-23
CUST008384,Ayaan,Reddy,ayaan.reddy8384@example.com,South,2026-12-01
CUST008385,Vivaan,Joshi,vivaan.joshi8385@example.com,East,2027-11-07
CUST008386,Ayaan,Das,ayaan.das8386@example.com,North,2027-04-20
CUST008387,Arjun,Iyer,arjun.iyer8387@example.com,West,2027-11-07
CUST008388,Anika,Kapoor,anika.kapoor8388@example.com,East,2027-09-08
CUST008389,Reyansh,Kapoor,reyansh.kapoor8389@example.com,North,2026-09-25
CUST008390,Vihaan,Das,vihaan.das8390@example.com,West,2027-03-29
CUST008391,Arjun,Iyer,arjun.iyer8391@example.com,West,2027-08-11
CUST008392,Diya,Singh,diya.singh8392@example.com,North,2026-10-17
CUST008393,Vihaan,Verma,vihaan.verma8393@example.com,South,2026-03-02
CUST008394,Riya,Das,riya.das8394@example.com,East,2026-09-08
CUST008395,Ayaan,Verma,ayaan.verma8395@example.com,East,2027-01-01
CUST008396,Kabir,Verma,kabir.verma8396@example.com,Central,2026-05-08
CUST008397,Saanvi,Nair,saanvi.nair8397@example.com,Central,2026-03-24
CUST008398,Vivaan,Sharma,vivaan.sharma8398@example.com,South,2026-10-05
CUST008399,Saanvi,Iyer,saanvi.iyer8399@example.com,South,2026-06-08
CUST008400,Priya,Das,priya.das8400@example.com,West,2026-10-31
CUST008401,Ishaan,Reddy,ishaan.reddy8401@example.com,West,2026-05-22
CUST008402,Aditya,Bhat,aditya.bhat8402@example.com,South,2026-07-30
CUST008403,Aditya,Chowdhury,aditya.chowdhury8403@example.com,East,2026-09-22
CUST008404,Aditya,Verma,aditya.verma8404@example.com,Central,2026-01-28
CUST008405,Arjun,Sharma,arjun.sharma8405@example.com,West,2026-01-12
CUST008406,Vihaan,Reddy,vihaan.reddy8406@example.com,West,2027-10-28
CUST008407,Reyansh,Sharma,reyansh.sharma8407@example.com,North,2027-01-05
CUST008408,Sai,Verma,sai.verma8408@example.com,East,2026-09-29
CUST008409,Riya,Das,riya.das8409@example.com,West,2027-11-01
CUST008410,Kabir,Chowdhury,kabir.chowdhury8410@example.com,South,2027-07-28
CUST008411,Arjun,Nair,arjun.nair8411@example.com,West,2026-05-03
CUST008412,Riya,Verma,riya.verma8412@example.com,East,2027-11-16
CUST008413,Diya,Iyer,diya.iyer8413@example.com,South,2027-02-28
CUST008414,Ananya,Chowdhury,ananya.chowdhury8414@example.com,East,2026-11-19
CUST008415,Saanvi,Das,saanvi.das8415@example.com,East,2027-07-03
CUST008416,Priya,Rao,priya.rao8416@example.com,South,2027-10-19
CUST008417,Kabir,Sharma,kabir.sharma8417@example.com,Central,2026-04-20
CUST008418,Diya,Sharma,diya.sharma8418@example.com,South,2026-07-16
CUST008419,Reyansh,Nair,reyansh.nair8419@example.com,Central,2027-01-15
CUST008420,Ayaan,Chowdhury,ayaan.chowdhury8420@example.com,East,2027-06-08
CUST008421,Reyansh,Kapoor,reyansh.kapoor8421@example.com,East,2027-10-23
CUST008422,Aarav,Nair,aarav.nair8422@example.com,North,2027-05-23
CUST008423,Vivaan,Chowdhury,vivaan.chowdhury8423@example.com,West,2027-11-13
CUST008424,Aditya,Mehta,aditya.mehta8424@example.com,West,2026-08-05
CUST008425,Ananya,Das,ananya.das8425@example.com,East,2026-05-15
CUST008426,Sai,Iyer,sai.iyer8426@example.com,West,2027-05-20
CUST008427,Anika,Iyer,anika.iyer8427@example.com,East,2026-10-08
CUST008428,Priya,Iyer,priya.iyer8428@example.com,Central,2026-09-09
CUST008429,Diya,Patel,diya.patel8429@example.com,East,2026-02-24
CUST008430,Riya,Sharma,riya.sharma8430@example.com,West,2027-08-05
CUST008431,Arjun,Patel,arjun.patel8431@example.com,East,2027-07-14
CUST008432,Arjun,Joshi,arjun.joshi8432@example.com,West,2027-01-08
CUST008433,Reyansh,Singh,reyansh.singh8433@example.com,West,2027-08-31
CUST008434,Kabir,Bhat,kabir.bhat8434@example.com,East,2027-10-31
CUST008435,Aarav,Mehta,aarav.mehta8435@example.com,North,2026-05-24
CUST008436,Aarav,Bhat,aarav.bhat8436@example.com,East,2026-01-25
CUST008437,Sai,Chowdhury,sai.chowdhury8437@example.com,East,2026-09-17
CUST008438,Reyansh,Mehta,reyansh.mehta8438@example.com,West,2026-02-14
CUST008439,Riya,Sharma,riya.sharma8439@example.com,Central,2027-09-22
CUST008440,Arjun,Chowdhury,arjun.chowdhury8440@example.com,East,2027-04-25
CUST008441,Saanvi,Mehta,saanvi.mehta8441@example.com,South,2027-02-11
CUST008442,Kabir,Kapoor,kabir.kapoor8442@example.com,North,2027-05-04
CUST008443,Reyansh,Verma,reyansh.verma8443@example.com,West,2026-02-28
CUST008444,Arjun,Nair,arjun.nair8444@example.com,North,2027-10-27
CUST008445,Diya,Reddy,diya.reddy8445@example.com,Central,2027-06-05
CUST008446,Ananya,Iyer,ananya.iyer8446@example.com,South,2027-04-16
CUST008447,Kabir,Gupta,kabir.gupta8447@example.com,South,2027-03-14
CUST008448,Anika,Mehta,anika.mehta8448@example.com,East,2027-08-07
CUST008449,Ananya,Nair,ananya.nair8449@example.com,East,2027-09-12
CUST008450,Kabir,Chowdhury,kabir.chowdhury8450@example.com,West,2027-06-04
CUST008451,Sai,Singh,sai.singh8451@example.com,South,2026-04-22
CUST008452,Diya,Kapoor,diya.kapoor8452@example.com,South,2027-03-26
CUST008453,Ayaan,Gupta,ayaan.gupta8453@example.com,South,2027-12-01
CUST008454,Aarav,Gupta,aarav.gupta8454@example.com,South,2027-09-07
CUST008455,Priya,Chowdhury,priya.chowdhury8455@example.com,South,2027-05-03
CUST008456,Vihaan,Singh,vihaan.singh8456@example.com,West,2026-10-05
CUST008457,Ananya,Sharma,ananya.sharma8457@example.com,East,2027-02-03
CUST008458,Kabir,Verma,kabir.verma8458@example.com,North,2026-06-17
CUST008459,Priya,Reddy,priya.reddy8459@example.com,Central,2026-03-23
CUST008460,Aarav,Nair,aarav.nair8460@example.com,North,2026-05-20
CUST008461,Sai,Sharma,sai.sharma8461@example.com,West,2027-10-28
CUST008462,Ishaan,Mehta,ishaan.mehta8462@example.com,East,2026-06-23
CUST008463,Arjun,Singh,arjun.singh8463@example.com,West,2027-05-18
CUST008464,Ananya,Gupta,ananya.gupta8464@example.com,South,2027-10-02
CUST008465,Ishaan,Joshi,ishaan.joshi8465@example.com,East,2026-08-11
CUST008466,Saanvi,Reddy,saanvi.reddy8466@example.com,South,2027-03-28
CUST008467,Reyansh,Mehta,reyansh.mehta8467@example.com,West,2027-08-16
CUST008468,Aditya,Chowdhury,aditya.chowdhury8468@example.com,East,2026-05-03
CUST008469,Aarav,Gupta,aarav.gupta8469@example.com,West,2026-01-02
CUST008470,Saanvi,Das,saanvi.das8470@example.com,South,2026-03-11
CUST008471,Reyansh,Bhat,reyansh.bhat8471@example.com,East,2027-06-19
CUST008472,Priya,Das,priya.das8472@example.com,East,2026-08-10
CUST008473,Aditya,Nair,aditya.nair8473@example.com,East,2027-05-03
CUST008474,Vihaan,Sharma,vihaan.sharma8474@example.com,East,2026-07-05
CUST008475,Reyansh,Verma,reyansh.verma8475@example.com,Central,2027-04-10
CUST008476,Aarav,Kapoor,aarav.kapoor8476@example.com,Central,2027-01-06
CUST008477,Anika,Mehta,anika.mehta8477@example.com,South,2026-08-27
CUST008478,Saanvi,Chowdhury,saanvi.chowdhury8478@example.com,South,2026-04-18
CUST008479,Anika,Reddy,anika.reddy8479@example.com,East,2026-03-29
CUST008480,Ishaan,Sharma,ishaan.sharma@@mail,West,2027-11-17
CUST008481,Aarav,Rao,aarav.rao8481@example.com,South,2027-02-26
CUST008482,Aarav,Sharma,aarav.sharma8482@example.com,Central,2026-03-02
CUST008483,Arjun,Gupta,arjun.gupta8483@example.com,North,2027-07-29
CUST008484,Anika,Verma,anika.verma8484@example.com,South,2026-05-05
CUST008485,Ananya,Nair,ananya.nair8485@example.com,South,2026-09-09
CUST008486,Ishaan,Mehta,ishaan.mehta8486@example.com,West,2026-02-08
CUST008487,Ayaan,Reddy,ayaan.reddy8487@example.com,North,2026-12-02
CUST008488,Saanvi,Nair,saanvi.nair8488@example.com,North,2027-04-17
CUST008489,Saanvi,Das,saanvi.das8489@example.com,Central,2026-01-31
CUST008490,Sai,Reddy,sai.reddy8490@example.com,North,2027-07-19
CUST008491,Vivaan,Das,vivaan.das8491@example.com,West,2026-01-04
CUST008492,Diya,Verma,diya.verma8492@example.com,West,2026-12-11
CUST008493,Sai,Das,sai.das8493@example.com,East,2026-05-05
CUST008494,Aarav,Sharma,aarav.sharma8494@example.com,West,2027-06-10
CUST008495,Riya,Singh,riya.singh8495@example.com,East,2027-06-13
CUST008496,Ishaan,Nair,ishaan.nair8496@example.com,Central,2026-12-13
CUST008497,Ishaan,Mehta,ishaan.mehta8497@example.com,North,2026-11-07
CUST008498,Vivaan,Iyer,vivaan.iyer8498@example.com,Central,2027-03-25
CUST008499,Ayaan,Patel,ayaan.patel8499@example.com,West,2027-09-29
CUST008500,Priya,Gupta,priya.gupta8500@example.com,West,2026-07-02
CUST008501,Riya,Nair,riya.nair8501@example.com,North,2027-07-08
CUST008502,Diya,Das,diya.das8502@example.com,South,2026-02-10
CUST008503,Ayaan,Kapoor,ayaan.kapoor8503@example.com,Central,2026-10-04
CUST008504,Vivaan,Kapoor,vivaan.kapoor8504@example.com,East,2027-02-15
CUST008505,Vihaan,Singh,vihaan.singh8505@example.com,West,2026-09-25
CUST008506,Diya,Mehta,diya.mehta8506@example.com,South,2027-08-11
CUST008507,Vihaan,Patel,vihaan.patel8507@example.com,West,2027-04-05
CUST008508,Vivaan,Singh,vivaan.singh8508@example.com,Central,2027-11-27
CUST008509,Riya,Mehta,riya.mehta8509@example.com,Central,2027-01-04
CUST008510,Ishaan,Singh,ishaan.singh8510@example.com,East,2027-09-28
CUST008511,Aditya,Sharma,aditya.sharma8511@example.com,West,2027-10-24
CUST008512,Saanvi,Kapoor,saanvi.kapoor8512@example.com,South,2027-03-16
CUST008513,Aditya,Rao,aditya.rao8513@example.com,West,2027-10-02
CUST008514,Saanvi,Rao,saanvi.rao8514@example.com,Central,2026-11-21
CUST008515,Saanvi,Singh,saanvi.singh8515@example.com,North,2026-03-16
CUST008516,Ananya,Mehta,ananya.mehta8516@example.com,South,2026-04-23
CUST008517,Ananya,Nair,ananya.nair8517@example.com,Central,2027-06-19
CUST008518,Ananya,Reddy,ananya.reddy8518@example.com,West,2027-07-14
CUST008519,Ananya,Singh,ananya.singh8519@example.com,North,2026-10-27
CUST008520,Anika,Kapoor,anika.kapoor8520@example.com,Central,2026-07-25
CUST008521,Kabir,Verma,kabir.verma8521@example.com,Central,2027-04-03
CUST008522,Priya,Das,priya.das8522@example.com,Central,2026-07-02
CUST008523,Arjun,Das,arjun.das8523@example.com,North,2026-08-14
CUST008524,Anika,Reddy,anika.reddy8524@example.com,East,2027-05-24
CUST008525,Arjun,Nair,arjun.nair8525@example.com,West,2027-05-11
CUST008526,Aditya,Gupta,aditya.gupta8526@example.com,South,2026-01-05
CUST008527,Ishaan,Singh,ishaan.singh8527@example.com,Central,2027-08-13
CUST008528,Vihaan,Nair,vihaan.nair8528@example.com,South,2026-05-26
CUST008529,Sai,Nair,sai.nair8529@example.com,West,2027-01-25
CUST008530,Aarav,Mehta,aarav.mehta8530@example.com,Central,2026-01-01
CUST008531,Anika,Das,anika.das8531@example.com,Central,2026-08-06
CUST008532,Vivaan,Joshi,vivaan.joshi8532@example.com,South,2026-02-01
CUST008533,Ananya,Verma,ananya.verma8533@example.com,South,2027-10-15
CUST008534,Ishaan,Kapoor,ishaan.kapoor8534@example.com,South,2026-05-09
CUST008535,Ishaan,Patel,ishaan.patel8535@example.com,Central,2026-10-01
CUST008536,Saanvi,Chowdhury,saanvi.chowdhury8536@example.com,West,2026-01-29
CUST008537,Vivaan,Patel,vivaan.patel8537@example.com,North,2026-01-26
CUST008538,Ananya,Patel,ananya.patel8538@example.com,North,2026-10-12
CUST008539,Ayaan,Chowdhury,ayaan.chowdhury8539@example.com,West,2026-02-02
CUST008540,Ananya,Joshi,ananya.joshi8540@example.com,Central,2026-03-23
CUST008541,Diya,Bhat,diya.bhat8541@example.com,East,2026-07-21
CUST008542,Saanvi,Verma,saanvi.verma8542@example.com,West,2026-09-02
CUST008543,Saanvi,Patel,saanvi.patel8543@example.com,South,2026-03-23
CUST008544,Anika,Joshi,anika.joshi8544@example.com,West,2026-11-05
CUST008545,Ishaan,Iyer,ishaan.iyer8545@example.com,East,2027-05-29
CUST008546,Riya,Verma,riya.verma8546@example.com,Central,2026-06-02
CUST008547,Anika,Iyer,anika.iyer8547@example.com,North,2026-10-08
CUST008548,Anika,Rao,anika.rao8548@example.com,East,2026-08-28
CUST008549,Aditya,Iyer,aditya.iyer8549@example.com,North,2027-09-11
CUST008550,Anika,Gupta,anika.gupta8550@example.com,West,2026-08-01
CUST008551,Sai,Verma,sai.verma8551@example.com,South,2026-05-20
CUST008552,Ayaan,Mehta,ayaan.mehta8552@example.com,Central,2027-06-21
CUST008553,Vihaan,Nair,vihaan.nair8553@example.com,Central,2026-01-25
CUST008554,Saanvi,Joshi,saanvi.joshi8554@example.com,North,2026-08-05
CUST008555,Aarav,Iyer,aarav.iyer8555@example.com,East,2027-06-08
CUST008556,Kabir,Patel,kabir.patel8556@example.com,West,2027-05-10
CUST008557,Kabir,Chowdhury,kabir.chowdhury8557@example.com,East,2026-04-24
CUST008558,Priya,Patel,priya.patel8558@example.com,North,2026-10-31
CUST008559,Riya,Rao,riya.rao8559@example.com,Central,2026-08-25
CUST008560,Aditya,Bhat,aditya.bhat8560@example.com,North,2027-02-16
CUST008561,Kabir,Singh,kabir.singh8561@example.com,West,2027-05-19
CUST008562,Priya,Bhat,priya.bhat8562@example.com,East,2027-05-01
CUST008563,Priya,Patel,priya.patel8563@example.com,East,2027-05-08
CUST008564,Vivaan,Rao,vivaan.rao8564@example.com,East,2026-05-09
CUST008565,Ishaan,Chowdhury,ishaan.chowdhury8565@example.com,South,2027-08-24
CUST008566,Diya,Nair,diya.nair8566@example.com,East,2026-07-09
CUST008567,Anika,Nair,anika.nair8567@example.com,North,2026-10-22
CUST008568,Anika,Rao,anika.rao8568@example.com,South,2027-08-31
CUST008569,Anika,Gupta,anika.gupta8569@example.com,West,2027-01-05
CUST008570,Ananya,Gupta,ananya.gupta8570@example.com,South,2026-01-06
CUST008571,Aditya,Kapoor,aditya.kapoor8571@example.com,Central,2027-01-06
CUST008572,Riya,Bhat,riya.bhat8572@example.com,Central,2026-06-24
CUST008573,Saanvi,Das,saanvi.das8573@example.com,South,2027-10-23
CUST008574,Riya,Das,riya.das8574@example.com,East,2026-02-05
CUST008575,Priya,Das,priya.das8575@example.com,West,2026-05-24
CUST008576,Riya,Chowdhury,riya.chowdhury8576@example.com,West,2026-07-27
CUST008577,Vivaan,Reddy,vivaan.reddy8577@example.com,South,2026-03-31
CUST008578,Ayaan,Sharma,ayaan.sharma8578@example.com,South,2026-04-02
CUST008579,Reyansh,Mehta,reyansh.mehta8579@example.com,South,2026-09-05
CUST008580,Aditya,Verma,aditya.verma8580@example.com,North,2027-06-05
CUST008581,Aarav,Patel,aarav.patel8581@example.com,East,2026-09-15
CUST008582,Ishaan,Nair,ishaan.nair8582@example.com,Central,2027-05-26
CUST008583,Kabir,Gupta,kabir.gupta8583@example.com,East,2026-12-31
CUST008584,Priya,Verma,priya.verma8584@example.com,East,2026-03-18
CUST008585,Reyansh,Patel,reyansh.patel8585@example.com,Central,2027-04-14
CUST008586,Kabir,Singh,kabir.singh8586@example.com,Central,2026-08-05
CUST008587,Aditya,Bhat,aditya.bhat8587@example.com,West,2027-08-09
CUST008588,Reyansh,Kapoor,reyansh.kapoor8588@example.com,Central,2027-04-13
CUST008589,Ayaan,Nair,ayaan.nair8589@example.com,East,2027-02-11
CUST008590,Riya,Bhat,riya.bhat8590@example.com,South,2027-11-04
CUST008591,Kabir,Joshi,kabir.joshi8591@example.com,Central,2027-03-24
CUST008592,Aditya,Singh,aditya.singh8592@example.com,Central,2026-05-25
CUST008593,Priya,Bhat,priya.bhat8593@example.com,North,2026-05-06
CUST008594,Vihaan,Das,vihaan.das8594@example.com,West,2026-05-13
CUST008595,Riya,Bhat,riya.bhat8595@example.com,Central,2026-11-10
CUST008596,Anika,Patel,anika.patel8596@example.com,South,2027-08-30
CUST008597,Priya,Das,priya.das8597@example.com,Central,2026-10-18
CUST008598,Riya,Rao,riya.rao8598@example.com,East,2026-04-30
CUST008599,Saanvi,Reddy,saanvi.reddy8599@example.com,West,2027-05-08
CUST008600,Vivaan,Verma,vivaan.verma8600@example.com,North,2026-05-15
CUST008601,Anika,Chowdhury,anika.chowdhury8601@example.com,North,2027-09-14
CUST008602,Ishaan,Chowdhury,ishaan.chowdhury8602@example.com,South,2026-01-10
CUST008603,Saanvi,Gupta,saanvi.gupta8603@example.com,North,2026-05-12
CUST008604,Kabir,Kapoor,kabir.kapoor8604@example.com,North,2027-08-09
CUST008605,Ananya,Bhat,ananya.bhat8605@example.com,East,2027-01-27
CUST008606,Diya,Chowdhury,diya.chowdhury8606@example.com,East,2027-03-04
CUST008607,Arjun,Sharma,arjun.sharma8607@example.com,North,2027-02-05
CUST008608,Riya,Patel,riya.patel8608@example.com,South,2027-10-10
CUST008609,Reyansh,Kapoor,reyansh.kapoor8609@example.com,East,2026-02-07
CUST008610,Arjun,Iyer,arjun.iyer8610@example.com,South,2026-05-15
CUST008611,Arjun,Nair,arjun.nair8611@example.com,South,2027-11-21
CUST008612,Aditya,Iyer,aditya.iyer8612@example.com,North,2026-08-29
CUST008613,Anika,Nair,anika.nair8613@example.com,East,2027-09-02
CUST008614,Diya,Verma,diya.verma8614@example.com,East,2026-06-13
CUST008615,Arjun,Bhat,arjun.bhat8615@example.com,East,2027-06-26
CUST008616,Reyansh,Das,reyansh.das8616@example.com,East,2026-02-20
CUST008617,Ananya,Nair,ananya.nair8617@example.com,North,2027-09-07
CUST008618,Ayaan,Gupta,ayaan.gupta8618@example.com,Central,2026-02-25
CUST008619,Saanvi,Sharma,saanvi.sharma8619@example.com,South,2026-09-29
CUST008620,Aarav,Iyer,aarav.iyer8620@example.com,South,2026-03-30
CUST008621,Aarav,Singh,aarav.singh8621@example.com,West,2026-04-09
CUST008622,Sai,Reddy,sai.reddy8622@example.com,East,2026-09-05
CUST008623,Anika,Singh,anika.singh8623@example.com,South,2027-05-17
CUST008624,Kabir,Nair,kabir.nair8624@example.com,East,2027-03-28
CUST008625,Aditya,Singh,aditya.singh8625@example.com,South,2027-03-31
CUST008626,Anika,Reddy,anika.reddy8626@example.com,East,2026-11-25
CUST008627,Vihaan,Iyer,vihaan.iyer8627@example.com,West,2026-04-10
CUST008628,Priya,Patel,priya.patel8628@example.com,West,2026-04-19
CUST008629,Ayaan,Mehta,ayaan.mehta8629@example.com,South,2027-08-14
CUST008630,Ananya,Gupta,ananya.gupta8630@example.com,West,2026-02-22
CUST008631,Aditya,Nair,aditya.nair8631@example.com,North,2027-10-20
CUST008632,Reyansh,Bhat,reyansh.bhat8632@example.com,East,2026-08-16
CUST008633,Ayaan,Mehta,ayaan.mehta8633@example.com,North,2027-03-24
CUST008634,Anika,Mehta,anika.mehta8634@example.com,Central,2027-09-20
CUST008635,Ishaan,Rao,ishaan.rao8635@example.com,South,2026-10-22
CUST008636,Anika,Reddy,anika.reddy8636@example.com,South,2027-08-02
CUST008637,Arjun,Mehta,arjun.mehta8637@example.com,Central,2026-02-14
CUST008638,Saanvi,Bhat,saanvi.bhat8638@example.com,North,2027-09-07
CUST008639,Arjun,Singh,arjun.singh8639@example.com,East,2027-09-06
CUST008640,Kabir,Nair,kabir.nair8640@example.com,West,2027-11-15
CUST008641,Diya,Das,diya.das8641@example.com,South,2026-03-28
CUST008642,Riya,Kapoor,riya.kapoor8642@example.com,South,2026-07-01
CUST008643,Priya,Chowdhury,priya.chowdhury8643@example.com,East,2027-09-05
CUST008644,Vivaan,Sharma,vivaan.sharma8644@example.com,East,2026-09-15
CUST008645,Priya,Iyer,priya.iyer8645@example.com,South,2027-02-06
CUST008646,Diya,Iyer,diya.iyer@@mail,South,2027-07-31
CUST008647,Aditya,Iyer,aditya.iyer8647@example.com,South,2026-06-10
CUST008648,Vivaan,Singh,vivaan.singh8648@example.com,South,2026-06-19
CUST008649,Priya,Joshi,priya.joshi8649@example.com,Central,2026-09-02
CUST008650,Sai,Singh,sai.singh8650@example.com,Central,2026-02-18
CUST008651,Saanvi,Bhat,saanvi.bhat8651@example.com,Central,2026-11-24
CUST008652,Vihaan,Sharma,vihaan.sharma8652@example.com,Central,2026-08-12
CUST008653,Kabir,Reddy,kabir.reddy8653@example.com,North,2026-01-15
CUST008654,Vivaan,Bhat,vivaan.bhat8654@example.com,North,2027-11-13
CUST008655,Reyansh,Kapoor,reyansh.kapoor8655@example.com,South,2026-12-17
CUST008656,Riya,Kapoor,riya.kapoor8656@example.com,West,2027-04-02
CUST008657,Diya,Patel,diya.patel8657@example.com,East,2027-07-19
CUST008658,Vihaan,Singh,vihaan.singh8658@example.com,South,2027-07-21
CUST008659,Diya,Singh,diya.singh8659@example.com,North,2026-09-05
CUST008660,Ananya,Das,ananya.das8660@example.com,West,2027-10-16
CUST008661,Ayaan,Gupta,ayaan.gupta8661@example.com,East,2027-01-23
CUST008662,Riya,Chowdhury,riya.chowdhury8662@example.com,Central,2026-10-19
CUST008663,Ishaan,Iyer,ishaan.iyer8663@example.com,West,2026-07-25
CUST008664,Vihaan,Singh,vihaan.singh8664@example.com,East,2027-05-22
CUST008665,Ishaan,Das,ishaan.das8665@example.com,North,2027-06-12
CUST008666,Vihaan,Das,vihaan.das8666@example.com,West,2027-02-10
CUST008667,Priya,Nair,priya.nair8667@example.com,Central,2027-01-05
CUST008668,Riya,Nair,riya.nair8668@example.com,West,2026-01-13
CUST008669,Ayaan,Joshi,ayaan.joshi8669@example.com,South,2027-04-04
CUST008670,Arjun,Gupta,,West,2026-10-06
CUST008671,Ananya,Kapoor,ananya.kapoor8671@example.com,South,2026-04-01
CUST008672,Sai,Gupta,sai.gupta8672@example.com,South,2026-11-30
CUST008673,Ananya,Nair,ananya.nair8673@example.com,East,2027-05-07
CUST008674,Kabir,Chowdhury,kabir.chowdhury8674@example.com,South,2027-04-10
CUST008675,Arjun,Reddy,arjun.reddy8675@example.com,West,2027-02-11
CUST008676,Vivaan,Iyer,vivaan.iyer8676@example.com,North,2026-10-19
CUST008677,Riya,Iyer,riya.iyer8677@example.com,South,2026-02-28
CUST008678,Anika,Sharma,anika.sharma8678@example.com,Central,2026-03-21
CUST008679,Anika,Gupta,anika.gupta8679@example.com,South,2027-08-28
CUST008680,Arjun,Verma,arjun.verma8680@example.com,North,2027-09-27
CUST008681,Kabir,Kapoor,kabir.kapoor8681@example.com,South,2026-11-15
CUST008682,Arjun,Gupta,arjun.gupta8682@example.com,Central,2027-10-16
CUST008683,Vivaan,Verma,vivaan.verma8683@example.com,East,2027-08-05
CUST008684,Arjun,Rao,arjun.rao8684@example.com,East,2026-01-27
CUST008685,Riya,Kapoor,riya.kapoor8685@example.com,Central,2026-12-03
CUST008686,Vivaan,Bhat,vivaan.bhat8686@example.com,Central,2027-04-25
CUST008687,Reyansh,Kapoor,reyansh.kapoor8687@example.com,East,2027-05-26
CUST008688,Saanvi,Kapoor,saanvi.kapoor8688@example.com,Central,2026-01-25
CUST008689,Saanvi,Rao,saanvi.rao8689@example.com,South,2026-11-15
CUST008690,Priya,Patel,  priya@mail.com,West,2027-09-15
CUST008691,Ayaan,Patel,ayaan.patel8691@example.com,North,2027-11-28
CUST008692,Diya,Reddy,diya.reddy8692@example.com,Central,2027-02-23
CUST008693,Sai,Bhat,sai.bhat8693@example.com,East,2026-01-17
CUST008694,Ishaan,Nair,ishaan.nair8694@example.com,Central,2026-07-05
CUST008695,Riya,Gupta,riya.gupta8695@example.com,Central,2027-05-04
CUST008696,Priya,Patel,priya.patel8696@example.com,Central,2026-05-30
CUST008697,Arjun,Nair,arjun.nair8697@example.com,West,2026-06-12
CUST008698,Ayaan,Kapoor,ayaan.kapoor8698@example.com,East,2027-02-27
CUST008699,Sai,Singh,sai.singh8699@example.com,North,2027-11-30
CUST008700,Saanvi,Gupta,saanvi.gupta8700@example.com,South,2027-11-20
CUST008701,Ananya,Kapoor,ananya.kapoor8701@example.com,East,2027-03-17
CUST008702,Priya,Verma,priya.verma8702@example.com,North,2026-12-28
CUST008703,Diya,Mehta,diya.mehta8703@example.com,West,2026-03-31
CUST008704,Vivaan,Patel,vivaan.patel8704@example.com,Central,2027-02-10
CUST008705,Priya,Das,priya.das8705@example.com,Central,2027-06-19
CUST008706,Sai,Iyer,sai.iyer8706@example.com,East,2027-09-11
CUST008707,Aarav,Das,aarav.das8707@example.com,South,2027-11-28
CUST008708,Kabir,Verma,kabir.verma8708@example.com,Central,2027-03-14
CUST008709,Ishaan,Patel,ishaan.patel8709@example.com,North,2026-08-24
CUST008710,Ananya,Sharma,ananya.sharma8710@example.com,Central,2027-07-08
CUST008711,Ayaan,Chowdhury,ayaan.chowdhury8711@example.com,North,2027-07-12
CUST008712,Aarav,Verma,aarav.verma8712@example.com,West,2027-08-17
CUST008713,Ananya,Singh,ananya.singh8713@example.com,West,2027-08-23
CUST008714,Arjun,Kapoor,arjun.kapoor8714@example.com,South,2027-05-21
CUST008715,Ayaan,Kapoor,ayaan.kapoor8715@example.com,Central,2027-07-19
CUST008716,Aditya,Das,aditya.das8716@example.com,South,2026-06-13
CUST008717,Aditya,Patel,aditya.patel8717@example.com,South,2026-04-09
CUST008718,Kabir,Gupta,kabir.gupta8718@example.com,North,2026-01-07
CUST008719,Arjun,Reddy,arjun.reddy8719@example.com,Central,2026-04-12
CUST008720,Arjun,Reddy,arjun.reddy8720@example.com,North,2026-07-19
CUST008721,Priya,Kapoor,priya.kapoor8721@example.com,South,2027-11-27
CUST008722,Diya,Das,diya.das8722@example.com,North,2027-08-31
CUST008723,Sai,Verma,sai.verma8723@example.com,South,2027-05-12
CUST008724,Sai,Reddy,sai.reddy8724@example.com,North,2027-07-17
CUST008725,Riya,Singh,riya.singh8725@example.com,South,2026-02-05
CUST008726,Sai,Mehta,sai.mehta8726@example.com,East,2027-09-11
CUST008727,Ayaan,Verma,ayaan.verma8727@example.com,West,2027-05-13
CUST008728,Ishaan,Patel,,North,2026-01-08
CUST008729,Vihaan,Kapoor,vihaan.kapoor8729@example.com,Central,2027-10-17
CUST008730,Saanvi,Patel,saanvi.patel8730@example.com,East,2026-08-06
CUST008731,Diya,Chowdhury,diya.chowdhury8731@example.com,East,2027-06-27
CUST008732,Ananya,Reddy,ananya.reddy8732@example.com,Central,2027-05-08
CUST008733,Kabir,Bhat,kabir.bhat8733@example.com,North,2026-11-17
CUST008734,Anika,Iyer,anika.iyer8734@example.com,West,2027-09-26
CUST008735,Vihaan,Singh,vihaan.singh8735@example.com,North,2027-07-20
CUST008736,Aarav,Gupta,aarav.gupta8736@example.com,West,2026-05-25
CUST008737,Sai,Bhat,sai.bhat8737@example.com,North,2026-09-18
CUST008738,Vivaan,Mehta,vivaan.mehta8738@example.com,South,2027-11-04
CUST008739,Aarav,Chowdhury,aarav.chowdhury8739@example.com,Central,2026-07-26
CUST008740,Vihaan,Gupta,vihaan.gupta8740@example.com,South,2026-06-21
CUST008741,Priya,Kapoor,priya.kapoor8741@example.com,North,2026-01-26
CUST008742,Reyansh,Gupta,reyansh.gupta8742@example.com,East,2026-03-19
CUST008743,Ayaan,Gupta,ayaan.gupta8743@example.com,East,2026-07-11
CUST008744,Priya,Gupta,priya.gupta8744@example.com,East,2026-06-01
CUST008745,Vivaan,Bhat,vivaan.bhat8745@example.com,South,2026-04-01
CUST008746,Vihaan,Verma,vihaan.verma8746@example.com,West,2027-04-24
CUST008747,Kabir,Joshi,kabir.joshi8747@example.com,East,2026-06-19
CUST008748,Reyansh,Gupta,reyansh.gupta8748@example.com,West,2027-05-21
CUST008749,Vihaan,Joshi,vihaan.joshi8749@example.com,North,2027-02-15
CUST008750,Vihaan,Verma,vihaan.verma8750@example.com,West,2027-04-25
CUST008751,Riya,Joshi,riya.joshi8751@example.com,South,2027-09-05
CUST008752,Sai,Nair,sainairgmail.com,East,2026-07-13
CUST008753,Priya,Chowdhury,priya.chowdhury8753@example.com,East,2026-06-23
CUST008754,Saanvi,Reddy,saanvi.reddy8754@example.com,North,2026-06-24
CUST008755,Vivaan,Mehta,vivaan.mehta8755@example.com,Central,2026-11-03
CUST008756,Anika,Kapoor,anika.kapoor8756@example.com,East,2026-08-02
CUST008757,Aarav,Iyer,aarav.iyer8757@example.com,North,2027-01-05
CUST008758,Aditya,Mehta,aditya.mehta8758@example.com,Central,2026-10-15
CUST008759,Vivaan,Kapoor,vivaan.kapoor8759@example.com,East,2026-01-29
CUST008760,Ishaan,Das,ishaan.das8760@example.com,East,2026-01-03
CUST008761,Ananya,Rao,ananya.rao8761@example.com,East,2026-06-17
CUST008762,Diya,Patel,diya.patel8762@example.com,West,2027-04-03
CUST008763,Ayaan,Das,ayaan.das8763@example.com,West,2027-06-01
CUST008764,Riya,Singh,riya.singh8764@example.com,Central,2027-05-19
CUST008765,Aarav,Rao,aarav.rao8765@example.com,South,2026-01-25
CUST008766,Saanvi,Patel,saanvi.patel8766@example.com,East,2027-11-07
CUST008767,Vivaan,Nair,vivaan.nair8767@example.com,Central,2026-08-26
CUST008768,Ishaan,Joshi,ishaan.joshi8768@example.com,North,2026-03-28
CUST008769,Sai,Singh,sai.singh8769@example.com,South,2027-04-11
CUST008770,Saanvi,Reddy,saanvi.reddy8770@example.com,South,2027-07-16
CUST008771,Aarav,Verma,aarav.verma8771@example.com,Central,2026-08-30
CUST008772,Aarav,Nair,aarav.nair8772@example.com,North,2026-04-03
CUST008773,Aditya,Chowdhury,aditya.chowdhury8773@example.com,South,2026-09-19
CUST008774,Riya,Bhat,riya.bhat8774@example.com,South,2027-01-28
CUST008775,Aarav,Verma,aarav.verma8775@example.com,Central,2027-09-03
CUST008776,Kabir,Sharma,kabir.sharma8776@example.com,South,2026-11-07
CUST008777,Priya,Nair,priya.nair8777@example.com,North,2026-03-09
CUST008778,Ananya,Chowdhury,ananya.chowdhury8778@example.com,West,2026-03-21
CUST008779,Saanvi,Sharma,saanvi.sharma8779@example.com,West,2026-10-06
CUST008780,Kabir,Das,kabir.das8780@example.com,West,2027-08-04
CUST008781,Priya,Reddy,priya.reddy8781@example.com,North,2026-06-17
CUST008782,Vivaan,Singh,vivaan.singh8782@example.com,Central,2026-01-26
CUST008783,Diya,Rao,diya.rao8783@example.com,North,2026-09-10
CUST008784,Vihaan,Mehta,vihaan.mehta8784@example.com,North,2026-05-08
CUST008785,Ananya,Chowdhury,ananya.chowdhury8785@example.com,East,2027-02-21
CUST008786,Priya,Singh,  priya@mail.com,West,2026-03-14
CUST008787,Ishaan,Gupta,ishaan.gupta8787@example.com,East,2027-08-02
CUST008788,Aarav,Verma,aarav.verma8788@example.com,West,2026-02-09
CUST008789,Arjun,Das,arjun.das8789@example.com,North,2027-04-06
CUST008790,Diya,Nair,diya.nair8790@example.com,North,2027-05-10
CUST008791,Vivaan,Gupta,vivaan.gupta8791@example.com,South,2027-11-13
CUST008792,Aarav,Iyer,aarav.iyer8792@example.com,East,2026-08-24
CUST008793,Saanvi,Rao,saanvi.rao8793@example.com,South,2027-03-27
CUST008794,Arjun,Nair,arjun.nair8794@example.com,South,2026-06-02
CUST008795,Kabir,Kapoor,kabir.kapoor8795@example.com,Central,2027-10-22
CUST008796,Ananya,Rao,ananya.rao8796@example.com,Central,2027-07-23
CUST008797,Ayaan,Nair,ayaan.nair8797@example.com,Central,2027-05-26
CUST008798,Saanvi,Gupta,,Central,2026-07-14
CUST008799,Ishaan,Joshi,ishaan.joshi8799@example.com,West,2027-12-02
CUST008800,Aarav,Gupta,aarav.gupta8800@example.com,East,2026-01-31
CUST008801,Ayaan,Mehta,ayaan.mehta8801@example.com,Central,2027-02-15
CUST008802,Reyansh,Joshi,reyansh.joshi8802@example.com,Central,2027-06-26
CUST008803,Priya,Iyer,priya.iyer8803@example.com,Central,2026-10-20
CUST008804,Arjun,Kapoor,arjun.kapoor8804@example.com,West,2026-09-12
CUST008805,Ayaan,Nair,ayaan.nair8805@example.com,West,2027-11-25
CUST008806,Arjun,Joshi,arjun.joshi8806@example.com,South,2027-09-10
CUST008807,Riya,Kapoor,riya.kapoor8807@example.com,West,2027-02-19
CUST008808,Arjun,Singh,arjun.singh8808@example.com,South,2026-12-08
CUST008809,Ayaan,Chowdhury,ayaan.chowdhury8809@example.com,East,2026-01-04
CUST008810,Sai,Sharma,sai.sharma8810@example.com,North,2027-02-25
CUST008811,Reyansh,Reddy,reyansh.reddy8811@example.com,East,2026-03-02
CUST008812,Ananya,Joshi,ananya.joshi8812@example.com,South,2026-04-05
CUST008813,Priya,Joshi,priya.joshi8813@example.com,South,2026-09-19
CUST008814,Sai,Chowdhury,sai.chowdhury8814@example.com,West,2026-08-05
CUST008815,Sai,Das,sai.das8815@example.com,Central,2027-07-24
CUST008816,Sai,Bhat,sai.bhat8816@example.com,South,2026-07-19
CUST008817,Saanvi,Sharma,saanvi.sharma8817@example.com,East,2026-10-10
CUST008818,Kabir,Nair,kabir.nair8818@example.com,North,2027-10-31
CUST008819,Reyansh,Iyer,reyansh.iyer8819@example.com,East,2026-05-31
CUST008820,Aditya,Verma,aditya.verma8820@example.com,West,2026-12-14
CUST008821,Ananya,Iyer,ananya.iyer8821@example.com,Central,2026-12-07
CUST008822,Diya,Gupta,diya.gupta8822@example.com,North,2027-10-09
CUST008823,Diya,Gupta,diya.gupta8823@example.com,East,2027-01-23
CUST008824,Vihaan,Bhat,vihaan.bhat8824@example.com,East,2026-03-18
CUST008825,Vihaan,Verma,vihaan.verma8825@example.com,West,2026-10-07
CUST008826,Sai,Bhat,sai.bhat8826@example.com,East,2027-11-08
CUST008827,Diya,Gupta,diya.gupta8827@example.com,Central,2027-09-03
CUST008828,Saanvi,Gupta,saanvi.gupta8828@example.com,East,2027-03-28
CUST008829,Ishaan,Reddy,ishaan.reddy8829@example.com,Central,2027-09-26
CUST008830,Anika,Nair,anika.nair8830@example.com,Central,2026-05-02
CUST008831,Ayaan,Chowdhury,ayaanchowdhurygmail.com,North,2027-04-21
CUST008832,Vihaan,Iyer,vihaan.iyer8832@example.com,East,2027-10-29
CUST008833,Ayaan,Chowdhury,ayaan.chowdhury8833@example.com,East,2027-05-07
CUST008834,Sai,Bhat,sai.bhat8834@example.com,South,2026-02-19
CUST008835,Saanvi,Chowdhury,saanvi.chowdhury8835@example.com,Central,2026-06-25
CUST008836,Ishaan,Joshi,ishaan.joshi@@mail,North,2026-01-27
CUST008837,Aditya,Gupta,aditya.gupta8837@example.com,East,2027-02-19
CUST008838,Ayaan,Joshi,  ayaan@mail.com,Central,2027-10-18
CUST008839,Sai,Iyer,sai.iyer8839@example.com,South,2026-02-18
CUST008840,Aditya,Bhat,aditya.bhat8840@example.com,East,2027-10-10
CUST008841,Aarav,Patel,aarav.patel8841@example.com,West,2027-08-28
CUST008842,Vihaan,Joshi,vihaan.joshi8842@example.com,North,2027-01-22
CUST008843,Riya,Reddy,riya.reddy8843@example.com,West,2026-11-13
CUST008844,Vihaan,Bhat,vihaan.bhat8844@example.com,South,2026-03-07
CUST008845,Anika,Mehta,anika.mehta8845@example.com,North,2027-01-31
CUST008846,Aarav,Patel,aarav.patel8846@example.com,North,2026-09-30
CUST008847,Aditya,Nair,aditya.nair8847@example.com,Central,2026-01-10
CUST008848,Vihaan,Bhat,vihaan.bhat8848@example.com,South,2026-11-23
CUST008849,Arjun,Joshi,arjun.joshi8849@example.com,South,2026-03-25
CUST008850,Vivaan,Sharma,vivaan.sharma8850@example.com,East,2026-02-23
CUST008851,Anika,Gupta,anika.gupta8851@example.com,Central,2027-09-28
CUST008852,Riya,Das,riya.das8852@example.com,Central,2026-08-21
CUST008853,Arjun,Verma,arjun.verma8853@example.com,South,2026-03-03
CUST008854,Priya,Bhat,priya.bhat8854@example.com,North,2026-09-28
CUST008855,Diya,Gupta,diya.gupta8855@example.com,East,2026-02-07
CUST008856,Priya,Das,priya.das8856@example.com,West,2027-09-25
CUST008857,Saanvi,Rao,saanvi.rao8857@example.com,East,2026-06-17
CUST008858,Vivaan,Kapoor,vivaan.kapoor8858@example.com,North,2026-10-20
CUST008859,Ananya,Chowdhury,ananya.chowdhury8859@example.com,East,2026-05-20
CUST008860,Priya,Sharma,priya.sharma8860@example.com,West,2026-08-17
CUST008861,Sai,Reddy,sai.reddy8861@example.com,Central,2027-03-10
CUST008862,Kabir,Mehta,kabir.mehta8862@example.com,East,2026-06-23
CUST008863,Ishaan,Joshi,ishaan.joshi8863@example.com,Central,2027-09-07
CUST008864,Saanvi,Nair,saanvi.nair8864@example.com,West,2027-03-24
CUST008865,Anika,Joshi,anika.joshi8865@example.com,Central,2027-05-31
CUST008866,Ayaan,Sharma,ayaan.sharma8866@example.com,East,2026-11-18
CUST008867,Anika,Mehta,anika.mehta8867@example.com,West,2027-11-07
CUST008868,Reyansh,Patel,reyansh.patel8868@example.com,West,2027-03-21
CUST008869,Anika,Iyer,anika.iyer8869@example.com,North,2026-02-11
CUST008870,Reyansh,Mehta,reyansh.mehta8870@example.com,East,2027-11-20
CUST008871,Vihaan,Nair,vihaan.nair8871@example.com,North,2026-10-15
CUST008872,Vivaan,Reddy,vivaan.reddy8872@example.com,East,2027-03-21
CUST008873,Arjun,Rao,arjun.rao8873@example.com,East,2027-07-19
CUST008874,Riya,Mehta,riya.mehta8874@example.com,West,2027-03-12
CUST008875,Riya,Reddy,riya.reddy8875@example.com,East,2026-11-11
CUST008876,Priya,Sharma,priya.sharma8876@example.com,West,2026-12-01
CUST008877,Sai,Verma,sai.verma8877@example.com,North,2026-04-01
CUST008878,Diya,Gupta,diya.gupta8878@example.com,West,2026-06-19
CUST008879,Priya,Iyer,priya.iyer8879@example.com,East,2026-04-17
CUST008880,Aarav,Bhat,aarav.bhat8880@example.com,South,2026-10-12
CUST008881,Diya,Sharma,diya.sharma8881@example.com,Central,2026-12-24
CUST008882,Ayaan,Nair,ayaan.nair8882@example.com,West,2027-01-18
CUST008883,Ishaan,Gupta,ishaan.gupta8883@example.com,East,2027-10-19
CUST008884,Anika,Das,anika.das8884@example.com,West,2027-08-28
CUST008885,Vivaan,Chowdhury,vivaan.chowdhury8885@example.com,West,2027-03-04
CUST008886,Ishaan,Singh,ishaan.singh8886@example.com,South,2027-05-13
CUST008887,Kabir,Joshi,kabir.joshi8887@example.com,South,2026-12-05
CUST008888,Sai,Gupta,sai.gupta8888@example.com,East,2027-07-19
CUST008889,Riya,Singh,riya.singh8889@example.com,Central,2027-10-18
CUST008890,Aditya,Kapoor,aditya.kapoor8890@example.com,West,2026-11-29
CUST008891,Sai,Chowdhury,sai.chowdhury8891@example.com,West,2027-08-27
CUST008892,Sai,Mehta,sai.mehta8892@example.com,East,2027-07-31
CUST008893,Ishaan,Bhat,ishaan.bhat8893@example.com,South,2026-08-03
CUST008894,Priya,Singh,priya.singh8894@example.com,East,2027-11-26
CUST008895,Vivaan,Gupta,vivaan.gupta8895@example.com,North,2026-08-18
CUST008896,Ishaan,Iyer,ishaan.iyer8896@example.com,North,2027-03-25
CUST008897,Vivaan,Rao,vivaan.rao8897@example.com,East,2026-04-02
CUST008898,Aditya,Gupta,aditya.gupta8898@example.com,East,2026-05-27
CUST008899,Ishaan,Singh,ishaan.singh8899@example.com,East,2026-08-15
CUST008900,Ishaan,Verma,ishaan.verma8900@example.com,South,2027-11-23
CUST008901,Anika,Patel,anika.patel8901@example.com,South,2026-12-08
CUST008902,Diya,Patel,diya.patel8902@example.com,North,2026-11-16
CUST008903,Riya,Joshi,riya.joshi8903@example.com,South,2026-01-23
CUST008904,Vivaan,Rao,vivaan.rao8904@example.com,East,2026-05-25
CUST008905,Priya,Das,priya.das8905@example.com,South,2026-07-29
CUST008906,Riya,Verma,riya.verma8906@example.com,North,2027-06-24
CUST008907,Anika,Rao,anika.rao8907@example.com,West,2026-07-13
CUST008908,Arjun,Rao,arjun.rao8908@example.com,South,2027-10-29
CUST008909,Kabir,Mehta,kabir.mehta8909@example.com,South,2027-11-06
CUST008910,Vivaan,Iyer,vivaan.iyer8910@example.com,North,2027-09-20
CUST008911,Anika,Verma,anika.verma8911@example.com,West,2026-02-19
CUST008912,Reyansh,Chowdhury,reyansh.chowdhury8912@example.com,South,2026-03-04
CUST008913,Kabir,Iyer,kabir.iyer8913@example.com,East,2026-03-30
CUST008914,Diya,Reddy,diya.reddy8914@example.com,West,2027-10-31
CUST008915,Vivaan,Kapoor,vivaan.kapoor8915@example.com,South,2027-11-25
CUST008916,Reyansh,Verma,reyansh.verma8916@example.com,South,2027-04-28
CUST008917,Vivaan,Joshi,vivaan.joshi8917@example.com,South,2027-12-02
CUST008918,Vivaan,Mehta,vivaan.mehta8918@example.com,South,2027-03-02
CUST008919,Riya,Singh,riya.singh8919@example.com,West,2027-04-20
CUST008920,Ayaan,Chowdhury,ayaan.chowdhury8920@example.com,West,2026-12-17
CUST008921,Priya,Iyer,priya.iyer8921@example.com,East,2026-12-23
CUST008922,Ishaan,Mehta,ishaan.mehta8922@example.com,North,2026-08-02
CUST008923,Vihaan,Mehta,vihaan.mehta8923@example.com,East,2026-09-14
CUST008924,Kabir,Das,kabir.das8924@example.com,North,2026-04-21
CUST008925,Arjun,Patel,arjun.patel8925@example.com,Central,2026-07-29
CUST008926,Ishaan,Nair,ishaan.nair8926@example.com,South,2026-08-29
CUST008927,Arjun,Reddy,arjun.reddy8927@example.com,South,2026-07-13
CUST008928,Aditya,Reddy,aditya.reddy8928@example.com,East,2027-11-27
CUST008929,Diya,Kapoor,,East,2026-12-11
CUST008930,Saanvi,Sharma,saanvi.sharma8930@example.com,South,2027-01-21
CUST008931,Aarav,Patel,aarav.patel8931@example.com,South,2027-03-09
CUST008932,Priya,Singh,priya.singh8932@example.com,East,2026-04-19
CUST008933,Vihaan,Joshi,vihaan.joshi8933@example.com,East,2026-11-10
CUST008934,Anika,Patel,anika.patel8934@example.com,South,2026-04-20
CUST008935,Diya,Rao,diya.rao8935@example.com,South,2026-09-19
CUST008936,Saanvi,Joshi,,West,2026-09-13
CUST008937,Sai,Mehta,sai.mehta8937@example.com,East,2026-02-24
CUST008938,Ishaan,Chowdhury,ishaan.chowdhury8938@example.com,West,2026-06-22
CUST008939,Sai,Kapoor,sai.kapoor8939@example.com,North,2026-06-11
CUST008940,Kabir,Rao,kabir.rao8940@example.com,Central,2026-07-31
CUST008941,Saanvi,Das,saanvi.das8941@example.com,North,2026-06-14
CUST008942,Sai,Rao,sai.rao8942@example.com,East,2027-06-28
CUST008943,Aditya,Mehta,aditya.mehta8943@example.com,Central,2026-11-04
CUST008944,Kabir,Verma,kabir.verma8944@example.com,West,2027-11-26
CUST008945,Aditya,Joshi,aditya.joshi8945@example.com,Central,2026-10-10
CUST008946,Priya,Kapoor,priya.kapoor8946@example.com,East,2026-11-02
CUST008947,Ananya,Das,ananya.das8947@example.com,East,2026-05-28
CUST008948,Aarav,Sharma,aarav.sharma8948@example.com,East,2026-03-16
CUST008949,Sai,Iyer,sai.iyer8949@example.com,South,2027-06-23
CUST008950,Anika,Rao,anika.rao8950@example.com,East,2026-12-05
CUST008951,Anika,Bhat,anika.bhat8951@example.com,North,2026-03-12
CUST008952,Anika,Das,anika.das8952@example.com,West,2027-09-06
CUST008953,Vivaan,Verma,vivaan.verma8953@example.com,East,2027-01-20
CUST008954,Vivaan,Joshi,vivaan.joshi8954@example.com,Central,2027-11-27
CUST008955,Riya,Singh,riya.singh8955@example.com,South,2027-10-20
CUST008956,Vivaan,Joshi,vivaan.joshi8956@example.com,South,2027-05-31
CUST008957,Vivaan,Das,vivaan.das8957@example.com,East,2027-11-14
CUST008958,Saanvi,Singh,saanvi.singh8958@example.com,North,2027-10-13
CUST008959,Ayaan,Iyer,ayaan.iyer8959@example.com,West,2026-02-13
CUST008960,Vihaan,Patel,vihaan.patel8960@example.com,North,2026-08-15
CUST008961,Aarav,Joshi,aarav.joshi8961@example.com,West,2027-08-25
CUST008962,Arjun,Das,arjun.das8962@example.com,North,2027-01-30
CUST008963,Kabir,Singh,kabir.singh8963@example.com,East,2026-07-01
CUST008964,Kabir,Iyer,kabir.iyer8964@example.com,South,2027-05-30
CUST008965,Arjun,Das,arjun.das8965@example.com,Central,2027-02-14
CUST008966,Ishaan,Bhat,ishaan.bhat8966@example.com,North,2026-12-30
CUST008967,Riya,Bhat,riya.bhat8967@example.com,West,2027-06-18
CUST008968,Aditya,Nair,aditya.nair8968@example.com,East,2027-04-25
CUST008969,Ishaan,Nair,ishaan.nair8969@example.com,West,2027-11-25
CUST008970,Aditya,Chowdhury,aditya.chowdhury8970@example.com,West,2027-03-01
CUST008971,Diya,Sharma,diya.sharma8971@example.com,Central,2026-09-03
CUST008972,Ayaan,Patel,ayaan.patel8972@example.com,East,2027-02-22
CUST008973,Aarav,Nair,aarav.nair8973@example.com,Central,2027-01-15
CUST008974,Vihaan,Joshi,vihaan.joshi8974@example.com,West,2026-04-30
CUST008975,Ayaan,Reddy,ayaan.reddy8975@example.com,Central,2026-12-09
CUST008976,Reyansh,Gupta,reyansh.gupta8976@example.com,South,2026-09-25
CUST008977,Aditya,Rao,aditya.rao8977@example.com,South,2027-01-18
CUST008978,Priya,Verma,priya.verma8978@example.com,Central,2026-05-12
CUST008979,Arjun,Kapoor,arjun.kapoor8979@example.com,West,2027-08-05
CUST008980,Diya,Rao,diya.rao8980@example.com,West,2027-08-17
CUST008981,Diya,Rao,diya.rao8981@example.com,West,2027-08-08
CUST008982,Riya,Joshi,riya.joshi8982@example.com,South,2026-03-29
CUST008983,Riya,Bhat,riya.bhat8983@example.com,South,2026-03-01
CUST008984,Sai,Singh,sai.singh8984@example.com,North,2026-09-24
CUST008985,Priya,Mehta,priya.mehta8985@example.com,South,2026-07-04
CUST008986,Aditya,Patel,aditya.patel8986@example.com,East,2026-05-17
CUST008987,Aarav,Verma,aarav.verma8987@example.com,South,2027-05-10
CUST008988,Priya,Mehta,priya.mehta8988@example.com,North,2026-04-24
CUST008989,Priya,Reddy,priya.reddy8989@example.com,North,2027-09-13
CUST008990,Riya,Reddy,riya.reddy8990@example.com,West,2027-11-30
CUST008991,Aarav,Chowdhury,aarav.chowdhury8991@example.com,Central,2027-01-07
CUST008992,Ayaan,Das,ayaan.das8992@example.com,West,2026-01-05
CUST008993,Arjun,Gupta,arjun.gupta8993@example.com,South,2026-01-13
CUST008994,Reyansh,Nair,reyansh.nair8994@example.com,West,2027-04-27
CUST008995,Kabir,Singh,kabir.singh8995@example.com,West,2027-01-18
CUST008996,Diya,Gupta,diya.gupta8996@example.com,Central,2027-06-18
CUST008997,Aditya,Sharma,aditya.sharma8997@example.com,East,2026-01-09
CUST008998,Reyansh,Chowdhury,reyansh.chowdhury8998@example.com,South,2027-04-26
CUST008999,Aarav,Reddy,aarav.reddy8999@example.com,South,2026-11-12
CUST009000,Sai,Joshi,sai.joshi9000@example.com,West,2026-11-08
CUST009001,Reyansh,Joshi,reyansh.joshi9001@example.com,East,2026-05-11
CUST009002,Ishaan,Chowdhury,ishaan.chowdhury9002@example.com,West,2026-03-24
CUST009003,Arjun,Sharma,arjun.sharma9003@example.com,South,2027-07-08
CUST009004,Riya,Chowdhury,riya.chowdhury9004@example.com,Central,2026-12-04
CUST009005,Riya,Gupta,riya.gupta9005@example.com,North,2027-07-30
CUST009006,Reyansh,Bhat,reyansh.bhat9006@example.com,North,2026-04-16
CUST009007,Sai,Rao,sai.rao9007@example.com,North,2027-04-23
CUST009008,Aarav,Das,aarav.das@@mail,West,2027-03-11
CUST009009,Priya,Reddy,priya.reddy9009@example.com,West,2027-10-29
CUST009010,Diya,Singh,diya.singh9010@example.com,South,2027-06-04
CUST009011,Ayaan,Gupta,ayaan.gupta9011@example.com,West,2026-12-01
CUST009012,Ananya,Nair,ananya.nair9012@example.com,North,2026-07-17
CUST009013,Anika,Mehta,anika.mehta9013@example.com,North,2026-06-27
CUST009014,Ananya,Sharma,ananya.sharma9014@example.com,South,2027-05-18
CUST009015,Reyansh,Nair,reyansh.nair9015@example.com,South,2027-11-14
CUST009016,Reyansh,Gupta,reyansh.gupta9016@example.com,East,2026-12-18
CUST009017,Saanvi,Joshi,saanvi.joshi9017@example.com,East,2027-03-01
CUST009018,Vihaan,Mehta,vihaan.mehta9018@example.com,East,2026-02-18
CUST009019,Vivaan,Nair,vivaan.nair9019@example.com,West,2027-05-29
CUST009020,Vivaan,Singh,vivaan.singh9020@example.com,North,2026-05-09
CUST009021,Ishaan,Gupta,ishaan.gupta9021@example.com,East,2027-09-30
CUST009022,Aditya,Rao,aditya.rao9022@example.com,East,2026-06-13
CUST009023,Ayaan,Rao,ayaan.rao9023@example.com,Central,2026-06-23
CUST009024,Aditya,Nair,aditya.nair9024@example.com,North,2026-10-11
CUST009025,Saanvi,Singh,saanvi.singh9025@example.com,West,2027-02-28
CUST009026,Aditya,Reddy,aditya.reddy9026@example.com,West,2026-03-28
CUST009027,Kabir,Singh,kabir.singh9027@example.com,West,2026-12-21
CUST009028,Sai,Gupta,sai.gupta9028@example.com,West,2026-04-22
CUST009029,Ishaan,Kapoor,ishaan.kapoor9029@example.com,East,2027-08-01
CUST009030,Arjun,Mehta,arjun.mehta9030@example.com,East,2027-07-30
CUST009031,Diya,Reddy,diya.reddy9031@example.com,East,2026-11-24
CUST009032,Anika,Chowdhury,anika.chowdhury9032@example.com,West,2027-02-09
CUST009033,Ayaan,Bhat,ayaan.bhat9033@example.com,Central,2027-07-03
CUST009034,Ishaan,Kapoor,ishaan.kapoor9034@example.com,East,2026-01-17
CUST009035,Aditya,Joshi,aditya.joshi9035@example.com,East,2027-09-01
CUST009036,Priya,Joshi,priya.joshi9036@example.com,West,2027-06-12
CUST009037,Arjun,Reddy,arjun.reddy9037@example.com,Central,2027-10-29
CUST009038,Reyansh,Patel,reyansh.patel9038@example.com,North,2026-04-30
CUST009039,Diya,Verma,diya.verma9039@example.com,South,2027-10-15
CUST009040,Aarav,Patel,aarav.patel9040@example.com,West,2026-04-19
CUST009041,Ishaan,Kapoor,ishaan.kapoor9041@example.com,South,2027-02-24
CUST009042,Anika,Rao,anika.rao9042@example.com,North,2027-03-25
CUST009043,Aarav,Kapoor,aarav.kapoor9043@example.com,South,2026-01-30
CUST009044,Reyansh,Rao,reyansh.rao9044@example.com,Central,2026-04-13
CUST009045,Sai,Sharma,,Central,2027-03-14
CUST009046,Anika,Patel,anika.patel9046@example.com,South,2027-03-30
CUST009047,Aarav,Reddy,aarav.reddy9047@example.com,West,2026-08-17
CUST009048,Ananya,Rao,ananya.rao9048@example.com,South,2027-01-20
CUST009049,Riya,Singh,riya.singh9049@example.com,North,2027-04-17
CUST009050,Vihaan,Mehta,vihaan.mehta9050@example.com,North,2026-12-22
CUST009051,Ishaan,Singh,ishaan.singh9051@example.com,East,2026-07-18
CUST009052,Riya,Singh,riya.singh9052@example.com,West,2026-02-04
CUST009053,Ananya,Patel,ananya.patel9053@example.com,West,2026-07-26
CUST009054,Ayaan,Verma,ayaan.verma9054@example.com,West,2026-09-15
CUST009055,Aarav,Mehta,aarav.mehta9055@example.com,East,2026-10-05
CUST009056,Anika,Joshi,anika.joshi9056@example.com,South,2027-11-08
CUST009057,Kabir,Rao,kabir.rao9057@example.com,Central,2027-03-16
CUST009058,Vihaan,Sharma,vihaan.sharma9058@example.com,South,2026-12-05
CUST009059,Vihaan,Gupta,vihaan.gupta9059@example.com,Central,2026-06-30
CUST009060,Riya,Gupta,riya.gupta9060@example.com,East,2026-10-06
CUST009061,Vivaan,Kapoor,vivaan.kapoor9061@example.com,North,2027-08-01
CUST009062,Vivaan,Iyer,vivaan.iyer9062@example.com,North,2026-04-03
CUST009063,Priya,Verma,priya.verma9063@example.com,East,2027-09-15
CUST009064,Aarav,Sharma,aarav.sharma9064@example.com,North,2026-03-14
CUST009065,Vivaan,Bhat,vivaanbhatgmail.com,West,2026-08-03
CUST009066,Ishaan,Iyer,ishaan.iyer9066@example.com,West,2027-03-28
CUST009067,Diya,Joshi,diya.joshi9067@example.com,West,2026-10-17
CUST009068,Priya,Das,priya.das9068@example.com,Central,2026-08-26
CUST009069,Vivaan,Rao,vivaan.rao9069@example.com,Central,2026-10-10
CUST009070,Reyansh,Verma,reyansh.verma9070@example.com,Central,2027-06-28
CUST009071,Priya,Singh,priya.singh9071@example.com,North,2027-06-21
CUST009072,Arjun,Verma,arjun.verma9072@example.com,South,2026-01-14
CUST009073,Diya,Gupta,diya.gupta9073@example.com,Central,2027-10-15
CUST009074,Sai,Nair,sai.nair9074@example.com,North,2026-04-17
CUST009075,Vivaan,Reddy,vivaan.reddy9075@example.com,East,2027-09-08
CUST009076,Aarav,Mehta,aaravmehta.com,South,2027-11-09
CUST009077,Diya,Verma,diya.verma9077@example.com,South,2026-11-18
CUST009078,Saanvi,Mehta,saanvi.mehta9078@example.com,Central,2027-08-27
CUST009079,Ayaan,Das,ayaan.das9079@example.com,South,2026-09-10
CUST009080,Saanvi,Kapoor,saanvi.kapoor9080@example.com,West,2027-04-25
CUST009081,Riya,Sharma,riya.sharma9081@example.com,West,2026-06-19
CUST009082,Ishaan,Bhat,ishaan.bhat9082@example.com,North,2026-07-26
CUST009083,Aarav,Kapoor,aarav.kapoor9083@example.com,South,2027-08-01
CUST009084,Anika,Rao,anika.rao9084@example.com,South,2027-07-01
CUST009085,Diya,Iyer,diya.iyer9085@example.com,South,2026-01-22
CUST009086,Vihaan,Rao,vihaan.rao9086@example.com,South,2027-02-22
CUST009087,Sai,Joshi,sai.joshi9087@example.com,Central,2027-11-12
CUST009088,Saanvi,Joshi,saanvi.joshi9088@example.com,North,2026-07-04
CUST009089,Priya,Reddy,priya.reddy9089@example.com,Central,2026-06-20
CUST009090,Anika,Verma,anika.verma9090@example.com,East,2026-11-13
CUST009091,Aditya,Rao,aditya.rao9091@example.com,East,2026-05-01
CUST009092,Ayaan,Chowdhury,ayaan.chowdhury9092@example.com,North,2026-03-21
CUST009093,Riya,Sharma,riya.sharma9093@example.com,East,2027-03-25
CUST009094,Priya,Chowdhury,priya.chowdhury9094@example.com,West,2027-05-21
CUST009095,Arjun,Joshi,arjun.joshi9095@example.com,Central,2027-07-20
CUST009096,Arjun,Das,arjun.das9096@example.com,North,2026-08-22
CUST009097,Arjun,Rao,arjun.rao9097@example.com,West,2026-11-24
CUST009098,Ananya,Sharma,ananya.sharma9098@example.com,East,2027-05-31
CUST009099,Sai,Reddy,sai.reddy9099@example.com,North,2026-08-03
CUST009100,Aarav,Patel,aarav.patel9100@example.com,West,2027-05-16
CUST009101,Anika,Verma,anika.verma9101@example.com,Central,2027-10-21
CUST009102,Ananya,Das,ananya.das9102@example.com,Central,2027-04-29
CUST009103,Priya,Nair,priya.nair9103@example.com,East,2027-04-22
CUST009104,Reyansh,Bhat,reyansh.bhat9104@example.com,West,2026-10-16
CUST009105,Riya,Singh,riya.singh9105@example.com,East,2027-01-08
CUST009106,Diya,Nair,diya.nair9106@example.com,South,2027-04-09
CUST009107,Sai,Nair,sai.nair9107@example.com,West,2026-11-04
CUST009108,Arjun,Chowdhury,arjun.chowdhury9108@example.com,East,2026-05-23
CUST009109,Vivaan,Joshi,vivaan.joshi9109@example.com,North,2027-06-18
CUST009110,Vihaan,Das,vihaan.das9110@example.com,North,2026-04-25
CUST009111,Riya,Singh,riya.singh9111@example.com,South,2026-08-26
CUST009112,Kabir,Verma,kabir.verma9112@example.com,East,2027-04-16
CUST009113,Diya,Joshi,diya.joshi9113@example.com,West,2027-05-22
CUST009114,Kabir,Sharma,kabir.sharma9114@example.com,West,2027-06-29
CUST009115,Reyansh,Rao,reyansh.rao9115@example.com,South,2026-03-11
CUST009116,Ayaan,Iyer,ayaan.iyer9116@example.com,West,2026-11-28
CUST009117,Sai,Das,sai.das9117@example.com,West,2026-11-24
CUST009118,Riya,Sharma,riya.sharma9118@example.com,South,2027-10-03
CUST009119,Kabir,Patel,kabir.patel9119@example.com,South,2026-09-04
CUST009120,Arjun,Reddy,arjun.reddy9120@example.com,East,2027-10-01
CUST009121,Arjun,Iyer,arjun.iyer9121@example.com,East,2027-04-08
CUST009122,Ishaan,Verma,ishaan.verma9122@example.com,East,2026-12-12
CUST009123,Arjun,Patel,arjun.patel9123@example.com,South,2027-07-03
CUST009124,Aarav,Chowdhury,aarav.chowdhury9124@example.com,South,2026-06-20
CUST009125,Arjun,Singh,arjun.singh9125@example.com,North,2027-01-22
CUST009126,Priya,Das,priya.das@@mail,Central,2027-10-10
CUST009127,Saanvi,Joshi,saanvi.joshi9127@example.com,East,2027-05-08
CUST009128,Sai,Bhat,sai.bhat9128@example.com,South,2027-10-10
CUST009129,Aarav,Reddy,aarav.reddy9129@example.com,Central,2026-12-19
CUST009130,Ananya,Singh,ananya.singh9130@example.com,Central,2027-03-31
CUST009131,Riya,Rao,riya.rao9131@example.com,North,2027-08-08
CUST009132,Vihaan,Das,vihaan.das9132@example.com,Central,2026-06-08
CUST009133,Ananya,Verma,ananya.verma9133@example.com,South,2026-08-17
CUST009134,Aarav,Chowdhury,aarav.chowdhury9134@example.com,West,2026-07-09
CUST009135,Ayaan,Kapoor,ayaan.kapoor9135@example.com,Central,2026-09-14
CUST009136,Kabir,Iyer,kabir.iyer9136@example.com,East,2027-01-12
CUST009137,Aditya,Chowdhury,aditya.chowdhury9137@example.com,Central,2027-09-20
CUST009138,Ishaan,Rao,ishaan.rao9138@example.com,Central,2026-09-02
CUST009139,Ananya,Das,ananya.das9139@example.com,North,2026-02-22
CUST009140,Kabir,Patel,kabir.patel9140@example.com,South,2026-01-29
CUST009141,Sai,Rao,sai.rao9141@example.com,South,2027-03-18
CUST009142,Reyansh,Nair,reyansh.nair9142@example.com,East,2027-09-20
CUST009143,Diya,Singh,diya.singh9143@example.com,Central,2027-07-14
CUST009144,Kabir,Singh,kabir.singh9144@example.com,North,2027-03-13
CUST009145,Riya,Kapoor,riya.kapoor9145@example.com,South,2026-04-05
CUST009146,Arjun,Das,arjun.das9146@example.com,East,2026-03-03
CUST009147,Riya,Gupta,riya.gupta9147@example.com,Central,2027-02-22
CUST009148,Ishaan,Patel,ishaan.patel9148@example.com,East,2027-10-03
CUST009149,Diya,Singh,diya.singh9149@example.com,West,2026-02-21
CUST009150,Sai,Reddy,sai.reddy9150@example.com,North,2027-08-14
CUST009151,Kabir,Rao,kabir.rao9151@example.com,West,2026-07-01
CUST009152,Diya,Patel,diya.patel9152@example.com,West,2027-11-12
CUST009153,Priya,Reddy,priya.reddy9153@example.com,North,2027-02-11
CUST009154,Ayaan,Sharma,ayaan.sharma9154@example.com,Central,2026-10-28
CUST009155,Vivaan,Verma,vivaan.verma9155@example.com,West,2026-06-11
CUST009156,Arjun,Rao,arjun.rao9156@example.com,North,2026-08-30
CUST009157,Priya,Iyer,priya.iyer9157@example.com,Central,2026-02-20
CUST009158,Diya,Das,diya.das9158@example.com,West,2026-10-16
CUST009159,Aditya,Kapoor,aditya.kapoor9159@example.com,North,2027-03-20
CUST009160,Ananya,Chowdhury,ananya.chowdhury9160@example.com,South,2027-11-28
CUST009161,Ayaan,Verma,ayaan.verma9161@example.com,North,2026-04-11
CUST009162,Riya,Reddy,riya.reddy9162@example.com,West,2027-03-18
CUST009163,Arjun,Rao,arjun.rao9163@example.com,East,2027-01-07
CUST009164,Diya,Verma,diya.verma9164@example.com,East,2026-01-03
CUST009165,Ishaan,Singh,ishaan.singh9165@example.com,Central,2027-01-23
CUST009166,Sai,Bhat,sai.bhat9166@example.com,Central,2026-12-27
CUST009167,Vihaan,Kapoor,vihaan.kapoor9167@example.com,North,2027-06-08
CUST009168,Riya,Verma,riya.verma9168@example.com,North,2027-01-27
CUST009169,Vivaan,Joshi,vivaan.joshi9169@example.com,North,2026-07-07
CUST009170,Aarav,Iyer,aarav.iyer9170@example.com,West,2027-08-29
CUST009171,Vihaan,Singh,vihaan.singh9171@example.com,East,2027-09-20
CUST009172,Reyansh,Rao,reyansh.rao9172@example.com,Central,2026-04-19
CUST009173,Arjun,Bhat,arjun.bhat9173@example.com,East,2026-10-12
CUST009174,Aarav,Patel,aarav.patel9174@example.com,West,2027-10-04
CUST009175,Diya,Nair,diya.nair9175@example.com,West,2026-08-15
CUST009176,Aditya,Patel,aditya.patel9176@example.com,East,2026-02-27
CUST009177,Ananya,Gupta,ananya.gupta9177@example.com,South,2027-06-22
CUST009178,Reyansh,Nair,reyansh.nair9178@example.com,East,2026-09-18
CUST009179,Saanvi,Verma,saanvi.verma9179@example.com,North,2027-10-20
CUST009180,Saanvi,Das,saanvi.das9180@example.com,South,2027-09-24
CUST009181,Kabir,Sharma,kabir.sharma9181@example.com,South,2026-09-07
CUST009182,Aarav,Nair,aarav.nair9182@example.com,North,2027-03-12
CUST009183,Saanvi,Verma,saanvi.verma9183@example.com,East,2027-07-08
CUST009184,Ayaan,Bhat,ayaan.bhat9184@example.com,South,2027-11-04
CUST009185,Vihaan,Singh,vihaan.singh9185@example.com,North,2026-09-18
CUST009186,Ishaan,Nair,ishaan.nair9186@example.com,East,2026-03-09
CUST009187,Sai,Iyer,sai.iyer9187@example.com,Central,2026-07-02
CUST009188,Aarav,Chowdhury,aarav.chowdhury9188@example.com,South,2027-06-04
CUST009189,Aditya,Nair,aditya.nair9189@example.com,South,2026-02-18
CUST009190,Kabir,Gupta,kabir.gupta9190@example.com,North,2027-03-28
CUST009191,Aarav,Verma,aarav.verma9191@example.com,South,2027-03-04
CUST009192,Riya,Gupta,riya.gupta9192@example.com,East,2026-02-16
CUST009193,Vivaan,Singh,vivaan.singh9193@example.com,South,2026-05-20
CUST009194,Aditya,Reddy,aditya.reddy9194@example.com,Central,2026-10-30
CUST009195,Vivaan,Reddy,vivaan.reddy9195@example.com,South,2027-01-10
CUST009196,Sai,Singh,saisingh.com,Central,2027-02-11
CUST009197,Ayaan,Rao,ayaan.rao9197@example.com,South,2027-06-02
CUST009198,Diya,Sharma,diya.sharma@@mail,West,2027-10-20
CUST009199,Kabir,Iyer,kabir.iyer9199@example.com,South,2027-09-03
CUST009200,Ananya,Gupta,ananya.gupta9200@example.com,Central,2026-12-31
CUST009201,Aarav,Reddy,aarav.reddy9201@example.com,South,2026-01-27
CUST009202,Riya,Kapoor,riya.kapoor9202@example.com,East,2026-04-09
CUST009203,Riya,Kapoor,riya.kapoor9203@example.com,South,2026-05-12
CUST009204,Vivaan,Rao,vivaan.rao9204@example.com,East,2026-01-21
CUST009205,Vivaan,Das,vivaan.das9205@example.com,East,2027-11-19
CUST009206,Anika,Kapoor,anika.kapoor9206@example.com,North,2026-12-09
CUST009207,Aarav,Chowdhury,aarav.chowdhury9207@example.com,East,2026-05-01
CUST009208,Arjun,Bhat,arjun.bhat9208@example.com,South,2027-04-23
CUST009209,Sai,Verma,sai.verma9209@example.com,North,2027-09-22
CUST009210,Anika,Iyer,anika.iyer9210@example.com,East,2026-09-21
CUST009211,Ayaan,Mehta,ayaan.mehta9211@example.com,North,2026-03-15
CUST009212,Vihaan,Singh,vihaan.singh9212@example.com,East,2026-01-11
CUST009213,Reyansh,Joshi,reyansh.joshi9213@example.com,East,2027-01-01
CUST009214,Ananya,Bhat,ananya.bhat9214@example.com,Central,2027-02-10
CUST009215,Anika,Das,anika.das9215@example.com,South,2027-05-06
CUST009216,Ananya,Mehta,ananya.mehta9216@example.com,West,2027-02-19
CUST009217,Aarav,Singh,aarav.singh9217@example.com,South,2026-08-13
CUST009218,Priya,Joshi,priya.joshi9218@example.com,North,2026-10-27
CUST009219,Ananya,Verma,ananya.verma9219@example.com,South,2026-01-07
CUST009220,Vihaan,Rao,vihaan.rao9220@example.com,North,2026-07-17
CUST009221,Reyansh,Rao,reyansh.rao9221@example.com,South,2026-12-31
CUST009222,Diya,Sharma,diya.sharma9222@example.com,East,2026-08-10
CUST009223,Ayaan,Das,ayaan.das9223@example.com,East,2026-04-30
CUST009224,Aarav,Gupta,aarav.gupta9224@example.com,West,2027-09-15
CUST009225,Anika,Singh,anika.singh9225@example.com,East,2026-05-16
CUST009226,Riya,Rao,riya.rao9226@example.com,East,2027-07-27
CUST009227,Reyansh,Kapoor,reyansh.kapoor9227@example.com,North,2027-03-14
CUST009228,Priya,Singh,priya.singh9228@example.com,Central,2026-03-13
CUST009229,Ishaan,Gupta,ishaan.gupta9229@example.com,East,2027-10-26
CUST009230,Aditya,Reddy,aditya.reddy9230@example.com,East,2026-09-07
CUST009231,Priya,Bhat,priya.bhat9231@example.com,East,2026-06-10
CUST009232,Ayaan,Das,ayaan.das9232@example.com,Central,2026-08-14
CUST009233,Reyansh,Mehta,reyansh.mehta9233@example.com,East,2026-09-04
CUST009234,Kabir,Gupta,kabir.gupta9234@example.com,West,2026-02-12
CUST009235,Kabir,Reddy,kabir.reddy9235@example.com,South,2027-09-07
CUST009236,Saanvi,Bhat,saanvi.bhat9236@example.com,South,2026-10-25
CUST009237,Aditya,Verma,aditya.verma9237@example.com,East,2027-09-27
CUST009238,Anika,Chowdhury,anika.chowdhury9238@example.com,East,2027-04-12
CUST009239,Ananya,Joshi,ananya.joshi9239@example.com,West,2026-07-26
CUST009240,Saanvi,Chowdhury,saanvi.chowdhury9240@example.com,West,2026-02-07
CUST009241,Vivaan,Mehta,vivaan.mehta9241@example.com,West,2027-04-15
CUST009242,Aditya,Mehta,aditya.mehta9242@example.com,East,2027-01-09
CUST009243,Ishaan,Mehta,ishaan.mehta9243@example.com,West,2027-04-07
CUST009244,Priya,Verma,priya.verma9244@example.com,North,2027-11-11
CUST009245,Ananya,Sharma,ananya.sharma9245@example.com,East,2027-04-27
CUST009246,Priya,Rao,priya.rao9246@example.com,Central,2026-04-09
CUST009247,Aarav,Iyer,aarav.iyer9247@example.com,North,2027-11-22
CUST009248,Ishaan,Patel,ishaan.patel9248@example.com,Central,2027-10-17
CUST009249,Reyansh,Sharma,reyansh.sharma9249@example.com,West,2026-06-15
CUST009250,Saanvi,Kapoor,saanvi.kapoor9250@example.com,West,2026-03-11
CUST009251,Vihaan,Patel,vihaan.patel9251@example.com,East,2027-06-03
CUST009252,Sai,Reddy,sai.reddy9252@example.com,West,2026-09-11
CUST009253,Aditya,Verma,aditya.verma9253@example.com,North,2026-09-28
CUST009254,Ishaan,Singh,ishaan.singh9254@example.com,Central,2027-03-06
CUST009255,Vihaan,Gupta,vihaan.gupta9255@example.com,West,2026-12-02
CUST009256,Sai,Rao,sai.rao9256@example.com,North,2027-07-21
CUST009257,Vihaan,Gupta,vihaan.gupta9257@example.com,West,2027-07-30
CUST009258,Kabir,Bhat,kabir.bhat9258@example.com,South,2026-09-22
CUST009259,Aditya,Mehta,aditya.mehta9259@example.com,West,2026-01-27
CUST009260,Diya,Verma,diya.verma9260@example.com,East,2027-11-25
CUST009261,Ishaan,Bhat,ishaan.bhat9261@example.com,East,2026-07-17
CUST009262,Ayaan,Sharma,ayaan.sharma9262@example.com,East,2026-08-08
CUST009263,Riya,Reddy,riya.reddy9263@example.com,North,2027-06-27
CUST009264,Kabir,Mehta,kabir.mehta9264@example.com,West,2027-05-21
CUST009265,Anika,Chowdhury,anika.chowdhury9265@example.com,North,2027-03-22
CUST009266,Ananya,Iyer,ananya.iyer9266@example.com,Central,2026-04-08
CUST009267,Diya,Sharma,diya.sharma9267@example.com,North,2026-03-02
CUST009268,Vivaan,Das,vivaan.das9268@example.com,West,2027-01-14
CUST009269,Vivaan,Gupta,vivaan.gupta9269@example.com,South,2026-05-06
CUST009270,Riya,Iyer,riya.iyer9270@example.com,North,2027-04-01
CUST009271,Anika,Gupta,anika.gupta9271@example.com,Central,2027-02-25
CUST009272,Sai,Gupta,sai.gupta9272@example.com,Central,2027-05-31
CUST009273,Diya,Gupta,diya.gupta9273@example.com,West,2026-07-31
CUST009274,Ananya,Mehta,ananya.mehta9274@example.com,West,2027-08-13
CUST009275,Arjun,Bhat,arjun.bhat9275@example.com,East,2026-04-28
CUST009276,Anika,Joshi,anika.joshi9276@example.com,South,2027-02-25
CUST009277,Ishaan,Iyer,ishaan.iyer9277@example.com,West,2027-01-11
CUST009278,Saanvi,Chowdhury,saanvi.chowdhury9278@example.com,Central,2027-11-15
CUST009279,Anika,Bhat,anika.bhat9279@example.com,North,2026-03-03
CUST009280,Reyansh,Mehta,reyansh.mehta9280@example.com,South,2026-12-30
CUST009281,Vivaan,Das,vivaan.das9281@example.com,West,2027-05-23
CUST009282,Vihaan,Rao,vihaan.rao9282@example.com,East,2026-07-19
CUST009283,Aarav,Das,aarav.das9283@example.com,North,2027-05-02
CUST009284,Ayaan,Joshi,ayaan.joshi9284@example.com,North,2026-09-21
CUST009285,Sai,Nair,sai.nair9285@example.com,West,2026-03-02
CUST009286,Diya,Verma,diya.verma9286@example.com,South,2026-04-12
CUST009287,Priya,Chowdhury,priya.chowdhury9287@example.com,West,2027-04-22
CUST009288,Arjun,Singh,arjun.singh9288@example.com,North,2027-03-25
CUST009289,Arjun,Bhat,arjun.bhat9289@example.com,West,2027-08-13
CUST009290,Vihaan,Singh,vihaan.singh9290@example.com,West,2026-08-07
CUST009291,Aarav,Patel,aarav.patel9291@example.com,East,2026-07-02
CUST009292,Sai,Mehta,sai.mehta9292@example.com,Central,2026-01-25
CUST009293,Reyansh,Rao,,North,2027-05-14
CUST009294,Saanvi,Patel,saanvi.patel9294@example.com,South,2026-06-21
CUST009295,Vivaan,Gupta,vivaan.gupta9295@example.com,East,2026-11-16
CUST009296,Aditya,Patel,aditya.patel@@mail,Central,2026-03-10
CUST009297,Diya,Patel,diya.patel9297@example.com,East,2027-05-10
CUST009298,Ishaan,Patel,ishaan.patel9298@example.com,North,2026-10-17
CUST009299,Saanvi,Bhat,saanvi.bhat9299@example.com,Central,2026-06-11
CUST009300,Vivaan,Kapoor,vivaan.kapoor9300@example.com,South,2027-03-23
CUST009301,Aarav,Patel,aarav.patel9301@example.com,North,2026-11-24
CUST009302,Vivaan,Kapoor,vivaan.kapoor9302@example.com,South,2027-02-07
CUST009303,Ayaan,Iyer,ayaan.iyer9303@example.com,North,2027-10-01
CUST009304,Ayaan,Verma,ayaan.verma9304@example.com,South,2026-06-08
CUST009305,Riya,Patel,riya.patel9305@example.com,West,2027-03-22
CUST009306,Ishaan,Iyer,ishaan.iyer9306@example.com,North,2026-11-29
CUST009307,Sai,Iyer,sai.iyer9307@example.com,South,2027-10-05
CUST009308,Vihaan,Joshi,vihaan.joshi9308@example.com,West,2027-08-02
CUST009309,Ayaan,Nair,ayaan.nair9309@example.com,South,2026-06-20
CUST009310,Riya,Bhat,riya.bhat9310@example.com,North,2027-04-23
CUST009311,Aarav,Nair,aarav.nair9311@example.com,Central,2026-03-11
CUST009312,Vivaan,Nair,vivaan.nair9312@example.com,West,2026-08-18
CUST009313,Vihaan,Reddy,vihaan.reddy9313@example.com,West,2027-03-31
CUST009314,Priya,Iyer,priya.iyer9314@example.com,East,2026-12-07
CUST009315,Arjun,Patel,arjun.patel9315@example.com,North,2026-11-19
CUST009316,Aarav,Singh,aarav.singh9316@example.com,North,2026-12-23
CUST009317,Anika,Sharma,anika.sharma9317@example.com,East,2026-06-10
CUST009318,Kabir,Sharma,kabir.sharma9318@example.com,Central,2027-02-13
CUST009319,Anika,Bhat,anika.bhat9319@example.com,East,2026-10-24
CUST009320,Arjun,Das,arjun.das9320@example.com,South,2026-12-18
CUST009321,Riya,Kapoor,riya.kapoor9321@example.com,South,2026-11-22
CUST009322,Priya,Mehta,priya.mehta9322@example.com,South,2027-02-13
CUST009323,Ishaan,Patel,ishaan.patel9323@example.com,North,2026-02-05
CUST009324,Sai,Nair,sai.nair9324@example.com,East,2026-03-06
CUST009325,Aditya,Singh,aditya.singh9325@example.com,Central,2027-04-03
CUST009326,Aditya,Chowdhury,aditya.chowdhury9326@example.com,Central,2026-07-25
CUST009327,Ananya,Mehta,ananya.mehta9327@example.com,East,2026-08-12
CUST009328,Sai,Singh,sai.singh9328@example.com,South,2026-10-01
CUST009329,Ishaan,Rao,ishaan.rao9329@example.com,North,2027-11-17
CUST009330,Anika,Patel,anika.patel9330@example.com,South,2026-04-25
CUST009331,Ananya,Patel,ananya.patel9331@example.com,North,2027-02-11
CUST009332,Priya,Verma,priya.verma9332@example.com,East,2026-06-02
CUST009333,Ishaan,Reddy,ishaan.reddy9333@example.com,South,2026-05-25
CUST009334,Ananya,Bhat,ananya.bhat9334@example.com,West,2026-02-10
CUST009335,Vihaan,Sharma,vihaan.sharma9335@example.com,North,2026-10-04
CUST009336,Vihaan,Gupta,vihaan.gupta9336@example.com,Central,2027-03-30
CUST009337,Ananya,Sharma,ananya.sharma9337@example.com,Central,2027-09-08
CUST009338,Ananya,Reddy,ananya.reddy9338@example.com,West,2026-11-06
CUST009339,Vihaan,Das,vihaan.das9339@example.com,South,2027-02-16
CUST009340,Vihaan,Singh,vihaan.singh9340@example.com,Central,2026-09-13
CUST009341,Aarav,Rao,aarav.rao9341@example.com,North,2026-11-28
CUST009342,Aarav,Nair,aarav.nair9342@example.com,Central,2026-02-12
CUST009343,Vihaan,Iyer,vihaan.iyer9343@example.com,North,2026-07-17
CUST009344,Diya,Joshi,diya.joshi9344@example.com,North,2026-12-15
CUST009345,Vihaan,Joshi,vihaan.joshi9345@example.com,North,2026-12-14
CUST009346,Ayaan,Nair,ayaan.nair9346@example.com,Central,2027-11-05
CUST009347,Vivaan,Kapoor,vivaan.kapoor9347@example.com,South,2026-04-19
CUST009348,Aditya,Verma,aditya.verma9348@example.com,West,2027-03-01
CUST009349,Diya,Patel,diya.patel9349@example.com,North,2026-05-21
CUST009350,Aditya,Gupta,aditya.gupta9350@example.com,East,2027-03-17
CUST009351,Riya,Das,riya.das9351@example.com,East,2026-05-28
CUST009352,Vihaan,Gupta,vihaan.gupta9352@example.com,East,2027-08-03
CUST009353,Reyansh,Patel,reyansh.patel9353@example.com,South,2026-02-22
CUST009354,Ananya,Mehta,ananya.mehta9354@example.com,Central,2027-07-28
CUST009355,Ishaan,Mehta,ishaan.mehta9355@example.com,North,2026-06-26
CUST009356,Aarav,Chowdhury,aarav.chowdhury9356@example.com,Central,2026-06-02
CUST009357,Ayaan,Reddy,ayaan.reddy9357@example.com,North,2026-09-23
CUST009358,Kabir,Patel,kabir.patel9358@example.com,East,2027-05-23
CUST009359,Riya,Patel,riya.patel9359@example.com,East,2027-05-18
CUST009360,Vihaan,Reddy,vihaan.reddy9360@example.com,North,2026-10-20
CUST009361,Kabir,Chowdhury,kabir.chowdhury9361@example.com,North,2026-11-07
CUST009362,Priya,Iyer,priya.iyer9362@example.com,North,2027-02-12
CUST009363,Kabir,Sharma,kabir.sharma9363@example.com,Central,2027-01-30
CUST009364,Ishaan,Reddy,ishaan.reddy9364@example.com,South,2026-05-11
CUST009365,Aarav,Singh,aarav.singh9365@example.com,South,2026-10-05
CUST009366,Anika,Patel,anika.patel9366@example.com,East,2026-04-07
CUST009367,Riya,Verma,riya.verma9367@example.com,South,2027-11-17
CUST009368,Kabir,Chowdhury,kabir.chowdhury9368@example.com,East,2027-05-17
CUST009369,Ishaan,Rao,ishaan.rao9369@example.com,West,2026-05-02
CUST009370,Aarav,Joshi,aarav.joshi9370@example.com,East,2027-06-01
CUST009371,Ayaan,Iyer,ayaan.iyer9371@example.com,North,2027-06-15
CUST009372,Kabir,Iyer,kabir.iyer9372@example.com,East,2026-05-25
CUST009373,Anika,Rao,anika.rao9373@example.com,Central,2026-12-28
CUST009374,Vihaan,Mehta,vihaan.mehta9374@example.com,South,2026-01-16
CUST009375,Priya,Nair,priya.nair9375@example.com,West,2027-09-20
CUST009376,Sai,Nair,sai.nair9376@example.com,Central,2027-03-01
CUST009377,Saanvi,Patel,saanvi.patel9377@example.com,South,2026-05-23
CUST009378,Riya,Rao,riya.rao9378@example.com,South,2026-03-26
CUST009379,Anika,Nair,anika.nair9379@example.com,South,2026-09-18
CUST009380,Reyansh,Mehta,reyansh.mehta9380@example.com,Central,2026-12-19
CUST009381,Anika,Chowdhury,anika.chowdhury9381@example.com,Central,2026-02-03
CUST009382,Arjun,Bhat,arjun.bhat9382@example.com,Central,2026-01-19
CUST009383,Saanvi,Singh,saanvi.singh9383@example.com,North,2027-11-26
CUST009384,Riya,Gupta,riya.gupta9384@example.com,Central,2026-10-31
CUST009385,Aarav,Gupta,aarav.gupta9385@example.com,West,2027-11-08
CUST009386,Diya,Iyer,diya.iyer9386@example.com,West,2026-08-17
CUST009387,Reyansh,Iyer,reyansh.iyer9387@example.com,North,2027-10-20
CUST009388,Ayaan,Mehta,ayaan.mehta9388@example.com,North,2026-02-01
CUST009389,Sai,Reddy,sai.reddy9389@example.com,North,2027-06-26
CUST009390,Riya,Singh,riya.singh9390@example.com,Central,2027-10-15
CUST009391,Riya,Patel,riya.patel9391@example.com,West,2026-09-21
CUST009392,Anika,Kapoor,anika.kapoor9392@example.com,South,2026-02-22
CUST009393,Aditya,Kapoor,aditya.kapoor9393@example.com,North,2026-10-30
CUST009394,Ayaan,Rao,ayaan.rao9394@example.com,East,2026-09-10
CUST009395,Sai,Patel,sai.patel9395@example.com,North,2026-03-28
CUST009396,Saanvi,Singh,saanvi.singh9396@example.com,West,2027-09-28
CUST009397,Ayaan,Reddy,ayaan.reddy9397@example.com,East,2026-05-26
CUST009398,Ishaan,Reddy,ishaan.reddy9398@example.com,Central,2026-08-20
CUST009399,Arjun,Gupta,arjun.gupta9399@example.com,East,2026-05-12
CUST009400,Anika,Singh,anika.singh9400@example.com,West,2026-07-05
CUST009401,Saanvi,Iyer,saanvi.iyer9401@example.com,East,2027-04-02
CUST009402,Vivaan,Gupta,vivaan.gupta9402@example.com,North,2027-11-06
CUST009403,Kabir,Gupta,kabir.gupta9403@example.com,North,2026-04-13
CUST009404,Diya,Patel,diya.patel9404@example.com,North,2026-08-21
CUST009405,Reyansh,Rao,reyansh.rao9405@example.com,South,2027-08-20
CUST009406,Anika,Rao,anika.rao9406@example.com,Central,2026-11-01
CUST009407,Aarav,Das,aarav.das9407@example.com,East,2027-04-19
CUST009408,Ayaan,Nair,ayaan.nair9408@example.com,Central,2027-09-01
CUST009409,Saanvi,Das,saanvi.das9409@example.com,West,2026-02-27
CUST009410,Ayaan,Kapoor,ayaan.kapoor9410@example.com,Central,2026-07-01
CUST009411,Ishaan,Reddy,ishaan.reddy9411@example.com,South,2027-10-23
CUST009412,Vivaan,Gupta,vivaan.gupta9412@example.com,East,2026-11-14
CUST009413,Aditya,Chowdhury,aditya.chowdhury9413@example.com,West,2027-11-13
CUST009414,Anika,Mehta,anika.mehta9414@example.com,East,2027-02-26
CUST009415,Saanvi,Rao,saanvi.rao9415@example.com,North,2027-06-17
CUST009416,Riya,Reddy,riya.reddy9416@example.com,West,2026-03-22
CUST009417,Ishaan,Mehta,ishaan.mehta9417@example.com,East,2027-10-15
CUST009418,Arjun,Joshi,arjun.joshi9418@example.com,North,2026-04-28
CUST009419,Ishaan,Joshi,ishaan.joshi9419@example.com,West,2026-06-27
CUST009420,Ishaan,Kapoor,ishaan.kapoor9420@example.com,North,2026-03-31
CUST009421,Ananya,Singh,ananya.singh9421@example.com,South,2027-05-22
CUST009422,Riya,Gupta,riya.gupta9422@example.com,West,2027-11-22
CUST009423,Priya,Bhat,priya.bhat9423@example.com,East,2026-10-27
CUST009424,Anika,Kapoor,anika.kapoor9424@example.com,West,2027-08-07
CUST009425,Anika,Rao,anika.rao9425@example.com,South,2026-05-19
CUST009426,Vivaan,Rao,vivaan.rao9426@example.com,North,2026-01-24
CUST009427,Vihaan,Joshi,vihaan.joshi9427@example.com,East,2026-07-02
CUST009428,Riya,Kapoor,riya.kapoor9428@example.com,West,2027-09-03
CUST009429,Priya,Gupta,priya.gupta9429@example.com,East,2026-03-29
CUST009430,Anika,Nair,anika.nair9430@example.com,Central,2026-12-15
CUST009431,Ananya,Chowdhury,ananya.chowdhury9431@example.com,Central,2026-02-13
CUST009432,Priya,Singh,priya.singh9432@example.com,North,2027-10-10
CUST009433,Aarav,Sharma,aarav.sharma9433@example.com,East,2027-10-09
CUST009434,Anika,Bhat,anika.bhat9434@example.com,South,2026-10-07
CUST009435,Sai,Singh,sai.singh9435@example.com,East,2027-08-27
CUST009436,Riya,Nair,riya.nair9436@example.com,South,2027-09-27
CUST009437,Reyansh,Chowdhury,reyansh.chowdhury9437@example.com,North,2026-12-20
CUST009438,Saanvi,Verma,saanvi.verma9438@example.com,Central,2027-04-21
CUST009439,Ishaan,Verma,ishaan.verma9439@example.com,South,2027-10-31
CUST009440,Ananya,Reddy,ananya.reddy9440@example.com,South,2026-12-02
CUST009441,Riya,Singh,riya.singh9441@example.com,East,2027-11-23
CUST009442,Anika,Singh,anika.singh9442@example.com,West,2026-08-06
CUST009443,Arjun,Patel,arjun.patel9443@example.com,East,2027-06-29
CUST009444,Ishaan,Sharma,ishaan.sharma9444@example.com,South,2027-11-13
CUST009445,Aarav,Iyer,aarav.iyer9445@example.com,Central,2027-03-25
CUST009446,Aditya,Iyer,aditya.iyer9446@example.com,North,2027-04-27
CUST009447,Aditya,Kapoor,aditya.kapoor9447@example.com,South,2027-06-07
CUST009448,Riya,Verma,riya.verma9448@example.com,Central,2027-09-03
CUST009449,Anika,Chowdhury,anika.chowdhury9449@example.com,East,2027-02-08
CUST009450,Riya,Mehta,riya.mehta9450@example.com,West,2027-11-16
CUST009451,Anika,Gupta,anika.gupta9451@example.com,North,2027-04-16
CUST009452,Sai,Iyer,sai.iyer9452@example.com,South,2027-01-13
CUST009453,Riya,Rao,riya.rao9453@example.com,South,2026-02-21
CUST009454,Arjun,Nair,arjun.nair9454@example.com,South,2027-02-01
CUST009455,Kabir,Joshi,kabir.joshi9455@example.com,South,2027-01-07
CUST009456,Saanvi,Joshi,saanvi.joshi9456@example.com,West,2027-05-17
CUST009457,Ishaan,Joshi,ishaan.joshi9457@example.com,North,2027-05-01
CUST009458,Aditya,Joshi,aditya.joshi9458@example.com,North,2027-11-09
CUST009459,Sai,Rao,sai.rao9459@example.com,South,2027-10-31
CUST009460,Diya,Das,  diya@mail.com,West,2026-10-02
CUST009461,Aditya,Gupta,aditya.gupta9461@example.com,West,2026-04-01
CUST009462,Reyansh,Kapoor,reyansh.kapoor9462@example.com,West,2027-11-18
CUST009463,Vihaan,Das,vihaan.das9463@example.com,Central,2027-02-09
CUST009464,Saanvi,Nair,saanvi.nair9464@example.com,West,2026-11-02
CUST009465,Ayaan,Mehta,ayaan.mehta9465@example.com,North,2027-08-21
CUST009466,Aditya,Kapoor,aditya.kapoor9466@example.com,Central,2026-12-11
CUST009467,Priya,Reddy,priya.reddy9467@example.com,North,2026-03-05
CUST009468,Priya,Reddy,priya.reddy9468@example.com,West,2026-05-29
CUST009469,Vivaan,Nair,vivaan.nair9469@example.com,North,2027-02-03
CUST009470,Vivaan,Singh,vivaan.singh9470@example.com,Central,2027-04-19
CUST009471,Vivaan,Chowdhury,vivaan.chowdhury9471@example.com,East,2027-05-29
CUST009472,Aditya,Reddy,aditya.reddy9472@example.com,East,2026-07-20
CUST009473,Ayaan,Mehta,ayaan.mehta9473@example.com,West,2027-01-09
CUST009474,Anika,Bhat,anika.bhat9474@example.com,South,2027-09-02
CUST009475,Priya,Singh,priya.singh9475@example.com,West,2027-04-26
CUST009476,Ishaan,Nair,ishaan.nair9476@example.com,East,2027-06-14
CUST009477,Vivaan,Singh,vivaan.singh9477@example.com,North,2026-07-06
CUST009478,Priya,Mehta,priya.mehta9478@example.com,Central,2026-04-09
CUST009479,Diya,Joshi,diya.joshi9479@example.com,Central,2026-07-07
CUST009480,Aarav,Sharma,aarav.sharma9480@example.com,South,2027-08-11
CUST009481,Reyansh,Das,reyansh.das9481@example.com,North,2026-08-06
CUST009482,Priya,Rao,priya.rao9482@example.com,Central,2026-07-19
CUST009483,Ananya,Patel,ananya.patel9483@example.com,North,2026-06-10
CUST009484,Ayaan,Patel,ayaan.patel9484@example.com,Central,2027-07-03
CUST009485,Aditya,Nair,aditya.nair9485@example.com,West,2027-05-09
CUST009486,Arjun,Joshi,arjun.joshi9486@example.com,Central,2026-03-11
CUST009487,Ananya,Gupta,ananya.gupta9487@example.com,East,2026-03-06
CUST009488,Kabir,Das,kabir.das9488@example.com,West,2026-03-29
CUST009489,Riya,Kapoor,riya.kapoor9489@example.com,East,2026-12-11
CUST009490,Sai,Gupta,sai.gupta9490@example.com,South,2027-01-13
CUST009491,Arjun,Joshi,arjun.joshi9491@example.com,Central,2026-11-27
CUST009492,Anika,Kapoor,anika.kapoor9492@example.com,North,2027-03-24
CUST009493,Aarav,Das,aarav.das9493@example.com,South,2026-06-01
CUST009494,Sai,Mehta,sai.mehta9494@example.com,South,2026-08-30
CUST009495,Arjun,Rao,arjun.rao9495@example.com,West,2027-06-24
CUST009496,Anika,Verma,anika.verma9496@example.com,East,2026-07-18
CUST009497,Riya,Iyer,riya.iyer9497@example.com,West,2026-06-10
CUST009498,Diya,Chowdhury,diya.chowdhury9498@example.com,West,2026-09-30
CUST009499,Ananya,Kapoor,ananya.kapoor9499@example.com,East,2026-11-25
CUST009500,Saanvi,Kapoor,saanvi.kapoor9500@example.com,South,2027-06-17
CUST009501,Vihaan,Das,vihaan.das9501@example.com,North,2026-05-06
CUST009502,Kabir,Joshi,kabir.joshi9502@example.com,North,2027-06-23
CUST009503,Vivaan,Bhat,vivaan.bhat9503@example.com,Central,2027-05-07
CUST009504,Priya,Joshi,priya.joshi9504@example.com,East,2026-12-26
CUST009505,Ishaan,Rao,ishaan.rao9505@example.com,North,2027-10-29
CUST009506,Ishaan,Rao,ishaan.rao9506@example.com,North,2026-04-22
CUST009507,Riya,Singh,riya.singh9507@example.com,Central,2027-05-19
CUST009508,Ananya,Singh,ananya.singh9508@example.com,West,2026-03-23
CUST009509,Reyansh,Singh,reyansh.singh9509@example.com,Central,2027-07-16
CUST009510,Priya,Reddy,priya.reddy9510@example.com,West,2027-10-12
CUST009511,Priya,Das,priya.das9511@example.com,East,2026-09-06
CUST009512,Ayaan,Iyer,ayaan.iyer9512@example.com,West,2027-03-30
CUST009513,Riya,Reddy,riya.reddy9513@example.com,South,2027-05-07
CUST009514,Arjun,Gupta,arjun.gupta9514@example.com,West,2026-06-24
CUST009515,Vihaan,Mehta,vihaan.mehta9515@example.com,North,2026-12-20
CUST009516,Sai,Reddy,sai.reddy9516@example.com,West,2026-10-25
CUST009517,Anika,Reddy,anika.reddy9517@example.com,East,2026-11-17
CUST009518,Ishaan,Gupta,ishaan.gupta9518@example.com,North,2027-09-07
CUST009519,Aarav,Nair,aarav.nair9519@example.com,North,2026-09-16
CUST009520,Arjun,Das,arjun.das9520@example.com,West,2026-01-28
CUST009521,Anika,Chowdhury,anika.chowdhury9521@example.com,Central,2027-03-14
CUST009522,Aditya,Iyer,aditya.iyer9522@example.com,East,2027-08-25
CUST009523,Saanvi,Reddy,saanvi.reddy9523@example.com,West,2027-01-22
CUST009524,Ishaan,Mehta,ishaan.mehta9524@example.com,North,2027-09-14
CUST009525,Aditya,Singh,aditya.singh9525@example.com,East,2027-05-12
CUST009526,Priya,Patel,priya.patel9526@example.com,East,2026-07-29
CUST009527,Saanvi,Kapoor,saanvi.kapoor9527@example.com,Central,2027-06-24
CUST009528,Saanvi,Das,saanvi.das9528@example.com,East,2027-06-03
CUST009529,Kabir,Bhat,kabir.bhat9529@example.com,East,2027-04-09
CUST009530,Ayaan,Verma,ayaan.verma9530@example.com,Central,2027-07-03
CUST009531,Ananya,Iyer,ananya.iyer9531@example.com,Central,2027-02-04
CUST009532,Riya,Reddy,riya.reddy9532@example.com,Central,2026-11-24
CUST009533,Ishaan,Singh,ishaan.singh9533@example.com,East,2027-05-04
CUST009534,Anika,Iyer,anika.iyer9534@example.com,South,2027-03-26
CUST009535,Sai,Verma,sai.verma9535@example.com,South,2026-08-16
CUST009536,Ananya,Rao,ananya.rao9536@example.com,West,2027-04-01
CUST009537,Priya,Bhat,priya.bhat9537@example.com,North,2027-09-28
CUST009538,Anika,Nair,anika.nair9538@example.com,East,2027-05-20
CUST009539,Ayaan,Gupta,ayaan.gupta9539@example.com,South,2027-09-01
CUST009540,Aarav,Bhat,aarav.bhat9540@example.com,North,2026-11-28
CUST009541,Aarav,Nair,aarav.nair9541@example.com,East,2026-12-26
CUST009542,Saanvi,Reddy,saanvi.reddy9542@example.com,West,2026-11-26
CUST009543,Kabir,Iyer,kabir.iyer9543@example.com,North,2026-11-27
CUST009544,Aditya,Mehta,aditya.mehta9544@example.com,South,2026-10-11
CUST009545,Sai,Iyer,sai.iyer9545@example.com,West,2026-05-09
CUST009546,Anika,Verma,anika.verma9546@example.com,South,2026-07-12
CUST009547,Ayaan,Reddy,ayaan.reddy9547@example.com,North,2027-02-21
CUST009548,Ayaan,Reddy,ayaan.reddy9548@example.com,East,2026-07-19
CUST009549,Anika,Nair,anika.nair9549@example.com,Central,2027-11-18
CUST009550,Aarav,Mehta,aarav.mehta9550@example.com,West,2026-06-10
CUST009551,Sai,Joshi,sai.joshi9551@example.com,North,2027-09-01
CUST009552,Aarav,Rao,aarav.rao9552@example.com,West,2027-07-28
CUST009553,Ishaan,Kapoor,ishaan.kapoor9553@example.com,West,2027-06-01
CUST009554,Arjun,Das,arjun.das9554@example.com,West,2026-07-14
CUST009555,Riya,Reddy,riya.reddy9555@example.com,North,2027-08-26
CUST009556,Saanvi,Reddy,saanvi.reddy9556@example.com,Central,2027-10-19
CUST009557,Ayaan,Chowdhury,ayaan.chowdhury9557@example.com,West,2027-01-30
CUST009558,Aarav,Mehta,aarav.mehta9558@example.com,West,2027-11-05
CUST009559,Anika,Rao,anika.rao9559@example.com,East,2026-12-10
CUST009560,Vivaan,Kapoor,vivaan.kapoor9560@example.com,East,2026-10-12
CUST009561,Vivaan,Singh,vivaan.singh@@mail,Central,2027-02-14
CUST009562,Aarav,Kapoor,aarav.kapoor9562@example.com,North,2026-01-18
CUST009563,Ayaan,Joshi,ayaan.joshi9563@example.com,South,2026-06-01
CUST009564,Kabir,Gupta,kabir.gupta9564@example.com,West,2027-06-14
CUST009565,Kabir,Iyer,kabir.iyer9565@example.com,West,2026-09-01
CUST009566,Ishaan,Mehta,ishaan.mehta9566@example.com,East,2027-11-18
CUST009567,Kabir,Patel,kabir.patel9567@example.com,West,2026-05-04
CUST009568,Saanvi,Singh,saanvi.singh9568@example.com,East,2026-07-28
CUST009569,Saanvi,Gupta,saanvi.gupta9569@example.com,East,2027-10-15
CUST009570,Aditya,Joshi,aditya.joshi9570@example.com,Central,2027-07-21
CUST009571,Vivaan,Rao,vivaan.rao9571@example.com,Central,2026-11-08
CUST009572,Anika,Nair,anika.nair9572@example.com,East,2026-07-25
CUST009573,Aarav,Nair,aarav.nair9573@example.com,South,2027-02-06
CUST009574,Anika,Gupta,anika.gupta9574@example.com,West,2027-06-19
CUST009575,Kabir,Sharma,kabir.sharma9575@example.com,West,2026-01-25
CUST009576,Aditya,Das,aditya.das9576@example.com,South,2026-02-16
CUST009577,Riya,Singh,riya.singh9577@example.com,South,2026-03-08
CUST009578,Vihaan,Nair,  vihaan@mail.com,Central,2026-09-06
CUST009579,Saanvi,Das,saanvi.das9579@example.com,North,2026-07-07
CUST009580,Ishaan,Reddy,ishaan.reddy9580@example.com,West,2027-08-06
CUST009581,Arjun,Verma,arjun.verma9581@example.com,East,2027-08-11
CUST009582,Diya,Verma,diya.verma9582@example.com,South,2027-04-30
CUST009583,Anika,Reddy,anika.reddy9583@example.com,North,2027-03-13
CUST009584,Vivaan,Chowdhury,vivaan.chowdhury9584@example.com,Central,2027-01-16
CUST009585,Reyansh,Sharma,reyansh.sharma9585@example.com,West,2027-07-27
CUST009586,Reyansh,Chowdhury,reyansh.chowdhury9586@example.com,West,2027-06-13
CUST009587,Riya,Singh,riya.singh9587@example.com,South,2026-07-23
CUST009588,Priya,Patel,priya.patel9588@example.com,East,2027-11-14
CUST009589,Vivaan,Bhat,vivaan.bhat9589@example.com,West,2027-05-02
CUST009590,Kabir,Bhat,kabir.bhat9590@example.com,East,2027-08-01
CUST009591,Saanvi,Das,saanvi.das9591@example.com,South,2026-12-01
CUST009592,Vihaan,Das,vihaan.das9592@example.com,North,2026-11-23
CUST009593,Saanvi,Singh,saanvi.singh9593@example.com,South,2026-12-29
CUST009594,Diya,Sharma,diya.sharma9594@example.com,South,2026-12-03
CUST009595,Aditya,Sharma,aditya.sharma9595@example.com,Central,2026-11-24
CUST009596,Saanvi,Gupta,saanvi.gupta9596@example.com,South,2026-12-17
CUST009597,Diya,Das,diya.das9597@example.com,East,2027-04-29
CUST009598,Arjun,Sharma,arjun.sharma9598@example.com,Central,2026-01-22
CUST009599,Diya,Verma,diya.verma9599@example.com,North,2026-10-21
CUST009600,Kabir,Sharma,kabir.sharma9600@example.com,West,2026-11-07
CUST009601,Ayaan,Verma,ayaan.verma9601@example.com,West,2027-01-24
CUST009602,Vihaan,Patel,vihaan.patel9602@example.com,North,2026-03-30
CUST009603,Kabir,Kapoor,kabir.kapoor9603@example.com,West,2027-03-24
CUST009604,Ayaan,Kapoor,ayaan.kapoor9604@example.com,East,2026-01-18
CUST009605,Saanvi,Kapoor,saanvi.kapoor9605@example.com,East,2026-02-16
CUST009606,Vivaan,Chowdhury,vivaan.chowdhury9606@example.com,East,2026-12-10
CUST009607,Diya,Sharma,diya.sharma9607@example.com,Central,2027-08-25
CUST009608,Arjun,Kapoor,arjun.kapoor9608@example.com,West,2026-01-24
CUST009609,Vivaan,Bhat,vivaan.bhat9609@example.com,West,2026-11-14
CUST009610,Diya,Mehta,diya.mehta9610@example.com,South,2026-12-07
CUST009611,Kabir,Joshi,kabir.joshi9611@example.com,Central,2026-02-11
CUST009612,Priya,Reddy,priya.reddy9612@example.com,Central,2026-08-11
CUST009613,Diya,Singh,diya.singh9613@example.com,South,2026-06-18
CUST009614,Kabir,Nair,kabir.nair9614@example.com,Central,2026-04-10
CUST009615,Vivaan,Rao,vivaan.rao9615@example.com,South,2026-08-30
CUST009616,Aditya,Das,aditya.das9616@example.com,East,2027-10-21
CUST009617,Ananya,Iyer,ananya.iyer9617@example.com,Central,2027-10-08
CUST009618,Priya,Joshi,priya.joshi9618@example.com,South,2027-11-19
CUST009619,Vivaan,Das,vivaan.das9619@example.com,North,2026-02-05
CUST009620,Kabir,Reddy,kabir.reddy9620@example.com,Central,2027-07-16
CUST009621,Ananya,Joshi,ananya.joshi9621@example.com,Central,2027-07-11
CUST009622,Anika,Kapoor,anika.kapoor9622@example.com,South,2026-11-20
CUST009623,Diya,Sharma,diya.sharma9623@example.com,Central,2027-01-21
CUST009624,Saanvi,Sharma,saanvi.sharma9624@example.com,Central,2027-08-17
CUST009625,Saanvi,Reddy,saanvi.reddy9625@example.com,North,2027-05-25
CUST009626,Vihaan,Bhat,vihaan.bhat9626@example.com,West,2027-02-21
CUST009627,Vihaan,Reddy,vihaan.reddy9627@example.com,North,2026-08-24
CUST009628,Diya,Patel,diya.patel9628@example.com,Central,2026-04-22
CUST009629,Vihaan,Nair,vihaan.nair9629@example.com,North,2026-04-14
CUST009630,Ananya,Nair,ananya.nair9630@example.com,East,2027-02-23
CUST009631,Arjun,Nair,arjun.nair9631@example.com,West,2026-08-26
CUST009632,Arjun,Chowdhury,arjun.chowdhury9632@example.com,East,2026-08-13
CUST009633,Vihaan,Gupta,vihaan.gupta9633@example.com,West,2027-02-17
CUST009634,Saanvi,Patel,saanvi.patel9634@example.com,South,2026-06-15
CUST009635,Kabir,Bhat,kabir.bhat9635@example.com,West,2027-10-17
CUST009636,Diya,Singh,diya.singh9636@example.com,East,2027-01-08
CUST009637,Vivaan,Kapoor,vivaan.kapoor9637@example.com,Central,2027-10-26
CUST009638,Saanvi,Verma,saanvi.verma9638@example.com,West,2026-08-26
CUST009639,Ayaan,Verma,ayaanverma.com,West,2026-04-07
CUST009640,Vivaan,Bhat,vivaan.bhat9640@example.com,East,2026-06-26
CUST009641,Aditya,Iyer,aditya.iyer9641@example.com,East,2027-04-04
CUST009642,Riya,Nair,riyanairgmail.com,East,2026-09-26
CUST009643,Kabir,Gupta,kabir.gupta9643@example.com,West,2026-09-25
CUST009644,Kabir,Kapoor,kabir.kapoor9644@example.com,Central,2027-10-11
CUST009645,Riya,Joshi,riya.joshi9645@example.com,Central,2026-10-20
CUST009646,Ananya,Verma,ananya.verma9646@example.com,Central,2026-04-28
CUST009647,Saanvi,Rao,saanvi.rao9647@example.com,North,2026-09-18
CUST009648,Anika,Chowdhury,anika.chowdhury9648@example.com,West,2026-05-19
CUST009649,Reyansh,Das,reyansh.das9649@example.com,Central,2026-07-16
CUST009650,Ayaan,Mehta,ayaan.mehta9650@example.com,West,2026-11-30
CUST009651,Diya,Bhat,diya.bhat9651@example.com,South,2027-05-02
CUST009652,Aarav,Joshi,aarav.joshi9652@example.com,West,2026-10-16
CUST009653,Diya,Patel,diya.patel9653@example.com,East,2026-10-04
CUST009654,Sai,Patel,sai.patel9654@example.com,North,2026-07-14
CUST009655,Reyansh,Iyer,reyansh.iyer@@mail,East,2026-12-28
CUST009656,Priya,Verma,priya.verma9656@example.com,Central,2026-07-22
CUST009657,Riya,Joshi,riya.joshi9657@example.com,South,2026-04-01
CUST009658,Ananya,Verma,ananya.verma9658@example.com,East,2026-12-19
CUST009659,Aarav,Mehta,aarav.mehta9659@example.com,East,2026-10-07
CUST009660,Kabir,Das,kabir.das9660@example.com,South,2027-05-08
CUST009661,Aarav,Nair,aarav.nair9661@example.com,West,2027-07-09
CUST009662,Vivaan,Rao,vivaan.rao9662@example.com,East,2027-10-25
CUST009663,Sai,Joshi,sai.joshi9663@example.com,North,2027-03-26
CUST009664,Anika,Verma,anika.verma9664@example.com,South,2027-02-05
CUST009665,Reyansh,Iyer,reyansh.iyer9665@example.com,North,2027-11-11
CUST009666,Reyansh,Singh,reyansh.singh9666@example.com,Central,2026-04-18
CUST009667,Arjun,Patel,arjun.patel9667@example.com,West,2026-06-12
CUST009668,Ayaan,Reddy,ayaan.reddy9668@example.com,South,2027-02-24
CUST009669,Saanvi,Singh,saanvi.singh9669@example.com,West,2027-03-26
CUST009670,Riya,Bhat,riya.bhat9670@example.com,Central,2026-12-10
CUST009671,Vihaan,Mehta,vihaan.mehta9671@example.com,East,2027-01-30
CUST009672,Saanvi,Kapoor,saanvi.kapoor9672@example.com,West,2026-10-29
CUST009673,Arjun,Mehta,arjun.mehta9673@example.com,East,2026-10-02
CUST009674,Reyansh,Das,reyansh.das9674@example.com,North,2026-07-26
CUST009675,Anika,Nair,  anika@mail.com,South,2027-02-17
CUST009676,Ananya,Joshi,ananya.joshi9676@example.com,Central,2026-01-05
CUST009677,Ayaan,Patel,ayaan.patel9677@example.com,West,2027-03-26
CUST009678,Reyansh,Das,reyansh.das9678@example.com,South,2026-02-02
CUST009679,Aditya,Patel,aditya.patel9679@example.com,North,2026-07-31
CUST009680,Anika,Singh,anika.singh9680@example.com,Central,2026-01-16
CUST009681,Ayaan,Iyer,ayaan.iyer9681@example.com,North,2026-08-01
CUST009682,Ayaan,Reddy,ayaan.reddy9682@example.com,South,2026-04-15
CUST009683,Ishaan,Das,ishaan.das9683@example.com,North,2027-06-09
CUST009684,Vihaan,Patel,vihaan.patel9684@example.com,West,2026-10-14
CUST009685,Aarav,Gupta,aarav.gupta9685@example.com,South,2027-03-10
CUST009686,Vivaan,Chowdhury,vivaan.chowdhury9686@example.com,North,2027-09-04
CUST009687,Kabir,Reddy,kabir.reddy9687@example.com,North,2026-04-23
CUST009688,Ananya,Das,ananya.das9688@example.com,South,2027-07-31
CUST009689,Vihaan,Nair,vihaan.nair9689@example.com,West,2026-09-09
CUST009690,Aditya,Chowdhury,aditya.chowdhury9690@example.com,East,2027-08-17
CUST009691,Aarav,Kapoor,aarav.kapoor9691@example.com,West,2027-03-13
CUST009692,Riya,Chowdhury,riya.chowdhury9692@example.com,South,2026-08-30
CUST009693,Kabir,Sharma,kabir.sharma9693@example.com,East,2027-02-11
CUST009694,Arjun,Patel,arjun.patel9694@example.com,South,2026-05-27
CUST009695,Anika,Rao,anika.rao9695@example.com,Central,2026-05-15
CUST009696,Ishaan,Verma,ishaan.verma9696@example.com,Central,2026-05-30
CUST009697,Vihaan,Das,vihaan.das9697@example.com,South,2026-12-12
CUST009698,Riya,Gupta,riya.gupta9698@example.com,North,2026-03-03
CUST009699,Diya,Sharma,diya.sharma9699@example.com,North,2026-11-27
CUST009700,Anika,Bhat,anika.bhat9700@example.com,North,2027-02-09
CUST009701,Aditya,Sharma,aditya.sharma9701@example.com,Central,2027-09-19
CUST009702,Kabir,Gupta,kabir.gupta9702@example.com,West,2027-06-28
CUST009703,Riya,Bhat,riya.bhat9703@example.com,East,2026-02-20
CUST009704,Reyansh,Patel,reyansh.patel9704@example.com,Central,2026-04-06
CUST009705,Sai,Verma,sai.verma9705@example.com,East,2026-02-12
CUST009706,Ayaan,Singh,ayaan.singh9706@example.com,South,2026-02-25
CUST009707,Saanvi,Verma,saanvi.verma9707@example.com,East,2026-07-22
CUST009708,Aarav,Reddy,aarav.reddy9708@example.com,Central,2026-01-11
CUST009709,Arjun,Sharma,arjun.sharma9709@example.com,North,2026-12-16
CUST009710,Sai,Patel,sai.patel9710@example.com,North,2027-05-09
CUST009711,Sai,Kapoor,sai.kapoor9711@example.com,East,2027-05-20
CUST009712,Ishaan,Bhat,ishaan.bhat9712@example.com,West,2027-10-01
CUST009713,Sai,Verma,sai.verma9713@example.com,South,2026-06-22
CUST009714,Ayaan,Rao,ayaan.rao9714@example.com,North,2026-12-05
CUST009715,Arjun,Mehta,arjun.mehta9715@example.com,South,2026-06-27
CUST009716,Saanvi,Kapoor,saanvi.kapoor9716@example.com,South,2026-12-02
CUST009717,Vivaan,Verma,vivaan.verma9717@example.com,East,2027-08-30
CUST009718,Diya,Singh,diya.singh9718@example.com,East,2026-10-26
CUST009719,Aditya,Rao,aditya.rao9719@example.com,Central,2027-02-16
CUST009720,Kabir,Mehta,kabir.mehta9720@example.com,East,2027-04-11
CUST009721,Vivaan,Sharma,vivaan.sharma9721@example.com,West,2027-10-07
CUST009722,Sai,Joshi,sai.joshi9722@example.com,East,2027-03-15
CUST009723,Priya,Patel,priya.patel9723@example.com,Central,2027-06-20
CUST009724,Anika,Chowdhury,anika.chowdhury9724@example.com,East,2027-01-04
CUST009725,Kabir,Kapoor,kabir.kapoor9725@example.com,North,2026-10-14
CUST009726,Ayaan,Rao,ayaan.rao9726@example.com,West,2027-01-05
CUST009727,Aarav,Chowdhury,aarav.chowdhury9727@example.com,West,2027-04-21
CUST009728,Vivaan,Joshi,vivaan.joshi9728@example.com,South,2026-04-29
CUST009729,Arjun,Verma,arjun.verma9729@example.com,North,2026-08-21
CUST009730,Aarav,Iyer,aarav.iyer9730@example.com,South,2026-08-03
CUST009731,Vihaan,Das,vihaan.das9731@example.com,East,2027-11-21
CUST009732,Riya,Iyer,riya.iyer9732@example.com,North,2026-04-29
CUST009733,Aditya,Iyer,aditya.iyer9733@example.com,West,2026-02-01
CUST009734,Reyansh,Bhat,reyansh.bhat9734@example.com,South,2026-12-01
CUST009735,Aarav,Chowdhury,aarav.chowdhury9735@example.com,West,2026-06-20
CUST009736,Priya,Sharma,priya.sharma9736@example.com,Central,2026-08-01
CUST009737,Priya,Joshi,priya.joshi9737@example.com,East,2026-05-14
CUST009738,Priya,Chowdhury,priya.chowdhury9738@example.com,South,2026-08-25
CUST009739,Priya,Verma,priya.verma9739@example.com,East,2026-02-23
CUST009740,Arjun,Reddy,arjun.reddy9740@example.com,North,2026-01-08
CUST009741,Anika,Verma,anika.verma9741@example.com,West,2026-05-04
CUST009742,Diya,Nair,diya.nair9742@example.com,West,2026-09-14
CUST009743,Ishaan,Das,ishaan.das9743@example.com,North,2027-09-11
CUST009744,Kabir,Sharma,kabir.sharma9744@example.com,Central,2026-03-17
CUST009745,Aarav,Sharma,aarav.sharma9745@example.com,East,2027-02-27
CUST009746,Ayaan,Kapoor,ayaan.kapoor9746@example.com,East,2026-06-11
CUST009747,Ayaan,Nair,ayaan.nair9747@example.com,Central,2027-01-13
CUST009748,Anika,Das,anika.das9748@example.com,West,2026-09-02
CUST009749,Sai,Iyer,sai.iyer9749@example.com,North,2026-09-03
CUST009750,Aarav,Gupta,aarav.gupta9750@example.com,South,2027-06-24
CUST009751,Anika,Verma,anika.verma9751@example.com,North,2027-02-11
CUST009752,Ishaan,Joshi,ishaan.joshi9752@example.com,West,2026-01-23
CUST009753,Diya,Mehta,diya.mehta9753@example.com,South,2026-07-17
CUST009754,Saanvi,Singh,saanvi.singh9754@example.com,West,2026-10-22
CUST009755,Diya,Mehta,diya.mehta9755@example.com,North,2027-01-12
CUST009756,Aditya,Singh,aditya.singh9756@example.com,East,2026-07-16
CUST009757,Arjun,Joshi,arjun.joshi9757@example.com,West,2027-11-30
CUST009758,Anika,Joshi,anika.joshi9758@example.com,East,2026-06-17
CUST009759,Vihaan,Nair,vihaan.nair9759@example.com,Central,2027-04-21
CUST009760,Vihaan,Patel,vihaan.patel9760@example.com,Central,2026-09-13
CUST009761,Anika,Verma,anika.verma9761@example.com,East,2026-04-27
CUST009762,Aditya,Iyer,aditya.iyer9762@example.com,South,2026-09-27
CUST009763,Sai,Iyer,sai.iyer9763@example.com,Central,2026-11-16
CUST009764,Diya,Patel,  diya@mail.com,South,2026-03-18
CUST009765,Saanvi,Verma,saanvi.verma9765@example.com,West,2026-09-28
CUST009766,Aarav,Kapoor,aarav.kapoor9766@example.com,West,2027-02-16
CUST009767,Ishaan,Iyer,ishaan.iyer9767@example.com,East,2027-11-02
CUST009768,Kabir,Singh,kabir.singh9768@example.com,North,2026-07-16
CUST009769,Aarav,Bhat,aarav.bhat9769@example.com,North,2027-10-28
CUST009770,Anika,Patel,anika.patel9770@example.com,North,2027-04-18
CUST009771,Priya,Verma,priya.verma9771@example.com,South,2027-10-28
CUST009772,Vihaan,Verma,vihaan.verma@@mail,West,2026-08-07
CUST009773,Ayaan,Chowdhury,ayaan.chowdhury9773@example.com,North,2027-11-12
CUST009774,Aditya,Singh,aditya.singh9774@example.com,South,2026-01-31
CUST009775,Ishaan,Singh,ishaan.singh9775@example.com,Central,2027-01-25
CUST009776,Riya,Iyer,riya.iyer9776@example.com,North,2026-02-01
CUST009777,Aditya,Kapoor,aditya.kapoor9777@example.com,East,2026-10-25
CUST009778,Priya,Joshi,priya.joshi9778@example.com,North,2027-03-25
CUST009779,Arjun,Chowdhury,arjun.chowdhury9779@example.com,East,2026-03-18
CUST009780,Riya,Chowdhury,riya.chowdhury9780@example.com,East,2026-07-30
CUST009781,Sai,Iyer,sai.iyer9781@example.com,North,2026-05-06
CUST009782,Anika,Nair,anika.nair9782@example.com,East,2027-11-06
CUST009783,Riya,Gupta,riya.gupta9783@example.com,East,2027-06-25
CUST009784,Arjun,Reddy,arjun.reddy9784@example.com,North,2027-10-22
CUST009785,Diya,Gupta,diya.gupta9785@example.com,North,2026-03-23
CUST009786,Ananya,Patel,ananya.patel9786@example.com,North,2026-08-18
CUST009787,Kabir,Verma,kabir.verma9787@example.com,East,2027-09-21
CUST009788,Ayaan,Iyer,ayaan.iyer9788@example.com,West,2027-02-05
CUST009789,Arjun,Verma,arjun.verma9789@example.com,West,2026-10-21
CUST009790,Ananya,Nair,ananya.nair9790@example.com,South,2026-08-28
CUST009791,Riya,Das,riya.das9791@example.com,East,2027-08-18
CUST009792,Aarav,Patel,aarav.patel9792@example.com,North,2026-11-28
CUST009793,Diya,Verma,diya.verma9793@example.com,North,2026-08-07
CUST009794,Vihaan,Bhat,vihaan.bhat9794@example.com,South,2027-10-20
CUST009795,Riya,Joshi,riya.joshi9795@example.com,South,2027-10-10
CUST009796,Aarav,Singh,aarav.singh9796@example.com,Central,2027-09-05
CUST009797,Anika,Rao,anika.rao9797@example.com,West,2027-08-14
CUST009798,Saanvi,Joshi,saanvi.joshi9798@example.com,West,2026-02-24
CUST009799,Ayaan,Sharma,ayaan.sharma9799@example.com,East,2026-04-20
CUST009800,Ananya,Kapoor,ananya.kapoor9800@example.com,East,2027-05-16
CUST009801,Anika,Reddy,anika.reddy9801@example.com,South,2026-10-01
CUST009802,Kabir,Kapoor,kabir.kapoor9802@example.com,Central,2027-04-26
CUST009803,Riya,Das,riya.das9803@example.com,Central,2027-05-05
CUST009804,Vihaan,Kapoor,vihaan.kapoor9804@example.com,West,2027-05-30
CUST009805,Arjun,Chowdhury,arjun.chowdhury9805@example.com,East,2026-09-05
CUST009806,Anika,Das,anika.das9806@example.com,East,2026-02-19
CUST009807,Aarav,Das,aarav.das9807@example.com,Central,2026-08-08
CUST009808,Aarav,Verma,aarav.verma9808@example.com,North,2027-06-15
CUST009809,Priya,Rao,priya.rao9809@example.com,Central,2027-04-04
CUST009810,Aarav,Joshi,aarav.joshi9810@example.com,Central,2027-01-03
CUST009811,Aarav,Nair,aarav.nair9811@example.com,East,2026-02-03
CUST009812,Kabir,Singh,kabir.singh9812@example.com,Central,2026-06-06
CUST009813,Aditya,Rao,aditya.rao9813@example.com,East,2027-04-03
CUST009814,Priya,Patel,,North,2027-02-11
CUST009815,Sai,Iyer,sai.iyer9815@example.com,North,2027-03-13
CUST009816,Vihaan,Verma,vihaan.verma9816@example.com,Central,2026-12-21
CUST009817,Vivaan,Das,vivaan.das9817@example.com,West,2026-07-01
CUST009818,Aarav,Rao,aarav.rao9818@example.com,Central,2027-11-03
CUST009819,Priya,Rao,priya.rao9819@example.com,South,2026-04-02
CUST009820,Arjun,Kapoor,arjun.kapoor9820@example.com,North,2027-04-17
CUST009821,Ishaan,Mehta,ishaan.mehta9821@example.com,South,2027-07-22
CUST009822,Sai,Reddy,sai.reddy9822@example.com,South,2026-03-25
CUST009823,Ishaan,Patel,ishaan.patel9823@example.com,West,2027-05-26
CUST009824,Kabir,Sharma,kabir.sharma9824@example.com,South,2027-06-16
CUST009825,Riya,Verma,riya.verma9825@example.com,West,2026-06-29
CUST009826,Vihaan,Iyer,vihaan.iyer9826@example.com,North,2026-07-14
CUST009827,Sai,Singh,sai.singh9827@example.com,West,2026-07-13
CUST009828,Reyansh,Nair,reyansh.nair9828@example.com,West,2026-08-27
CUST009829,Ananya,Gupta,ananya.gupta9829@example.com,North,2027-11-24
CUST009830,Arjun,Sharma,arjun.sharma9830@example.com,Central,2026-09-16
CUST009831,Vivaan,Singh,vivaan.singh9831@example.com,Central,2026-09-02
CUST009832,Ananya,Verma,ananya.verma9832@example.com,East,2027-10-28
CUST009833,Saanvi,Verma,saanvi.verma9833@example.com,Central,2027-09-24
CUST009834,Arjun,Nair,arjun.nair9834@example.com,North,2027-11-10
CUST009835,Arjun,Kapoor,arjun.kapoor9835@example.com,East,2026-08-20
CUST009836,Aarav,Chowdhury,aarav.chowdhury9836@example.com,Central,2027-01-08
CUST009837,Anika,Singh,anika.singh9837@example.com,Central,2027-09-14
CUST009838,Priya,Iyer,priya.iyer9838@example.com,South,2027-05-16
CUST009839,Saanvi,Mehta,saanvi.mehta9839@example.com,East,2027-04-10
CUST009840,Ayaan,Rao,ayaan.rao9840@example.com,North,2027-03-09
CUST009841,Arjun,Mehta,arjun.mehta9841@example.com,South,2026-03-29
CUST009842,Ishaan,Verma,ishaan.verma9842@example.com,North,2027-11-07
CUST009843,Aditya,Reddy,aditya.reddy9843@example.com,South,2026-02-21
CUST009844,Aarav,Singh,aarav.singh9844@example.com,East,2026-07-12
CUST009845,Vivaan,Gupta,vivaan.gupta9845@example.com,East,2027-02-19
CUST009846,Ananya,Rao,ananya.rao9846@example.com,East,2026-04-17
CUST009847,Reyansh,Gupta,reyansh.gupta9847@example.com,South,2026-07-05
CUST009848,Sai,Bhat,sai.bhat9848@example.com,North,2027-07-26
CUST009849,Ayaan,Rao,ayaan.rao9849@example.com,East,2027-05-01
CUST009850,Diya,Reddy,diya.reddy9850@example.com,Central,2026-04-18
CUST009851,Anika,Sharma,anika.sharma9851@example.com,Central,2026-12-28
CUST009852,Saanvi,Rao,saanvi.rao9852@example.com,South,2027-05-07
CUST009853,Sai,Verma,sai.verma9853@example.com,South,2026-04-25
CUST009854,Sai,Gupta,sai.gupta9854@example.com,West,2027-10-28
CUST009855,Aarav,Mehta,aarav.mehta9855@example.com,Central,2026-08-03
CUST009856,Aditya,Nair,aditya.nair9856@example.com,North,2027-10-02
CUST009857,Aditya,Bhat,aditya.bhat9857@example.com,West,2027-07-11
CUST009858,Ananya,Joshi,ananya.joshi9858@example.com,Central,2027-07-12
CUST009859,Ayaan,Rao,ayaan.rao9859@example.com,North,2026-07-22
CUST009860,Ananya,Kapoor,ananya.kapoor9860@example.com,West,2026-08-25
CUST009861,Vihaan,Verma,vihaan.verma9861@example.com,South,2026-08-02
CUST009862,Vivaan,Kapoor,vivaan.kapoor9862@example.com,East,2027-08-12
CUST009863,Priya,Gupta,priya.gupta9863@example.com,East,2027-01-11
CUST009864,Diya,Sharma,  diya@mail.com,West,2026-01-16
CUST009865,Ishaan,Bhat,ishaan.bhat9865@example.com,South,2026-12-31
CUST009866,Arjun,Chowdhury,arjun.chowdhury9866@example.com,South,2026-09-28
CUST009867,Vihaan,Kapoor,vihaan.kapoor9867@example.com,North,2027-06-08
CUST009868,Sai,Mehta,sai.mehta9868@example.com,South,2027-06-14
CUST009869,Vivaan,Das,vivaan.das9869@example.com,South,2027-07-02
CUST009870,Anika,Singh,anika.singh9870@example.com,Central,2027-07-21
CUST009871,Ishaan,Rao,ishaan.rao9871@example.com,West,2026-12-29
CUST009872,Saanvi,Verma,saanvi.verma9872@example.com,East,2027-03-13
CUST009873,Vihaan,Nair,vihaan.nair9873@example.com,South,2026-08-10
CUST009874,Saanvi,Das,saanvi.das9874@example.com,North,2027-01-26
CUST009875,Riya,Kapoor,riya.kapoor9875@example.com,West,2026-03-04
CUST009876,Priya,Reddy,priya.reddy9876@example.com,South,2026-04-03
CUST009877,Aditya,Joshi,aditya.joshi9877@example.com,West,2026-04-06
CUST009878,Ishaan,Nair,ishaan.nair9878@example.com,South,2026-01-27
CUST009879,Ayaan,Singh,ayaan.singh9879@example.com,South,2026-04-27
CUST009880,Ananya,Kapoor,ananya.kapoor9880@example.com,North,2026-08-24
CUST009881,Anika,Mehta,anika.mehta9881@example.com,North,2027-04-23
CUST009882,Reyansh,Singh,reyansh.singh9882@example.com,Central,2027-10-09
CUST009883,Reyansh,Sharma,reyansh.sharma9883@example.com,West,2026-04-10
CUST009884,Arjun,Bhat,arjun.bhat9884@example.com,North,2026-01-15
CUST009885,Kabir,Rao,kabir.rao9885@example.com,South,2026-02-16
CUST009886,Arjun,Das,arjun.das9886@example.com,North,2027-02-05
CUST009887,Ananya,Singh,ananya.singh9887@example.com,East,2026-05-11
CUST009888,Riya,Rao,riya.rao9888@example.com,East,2027-05-05
CUST009889,Arjun,Nair,arjun.nair9889@example.com,East,2026-03-04
CUST009890,Ishaan,Chowdhury,ishaan.chowdhury9890@example.com,South,2027-08-13
CUST009891,Aarav,Nair,aarav.nair9891@example.com,South,2027-01-29
CUST009892,Vihaan,Gupta,vihaanguptagmail.com,West,2026-06-12
CUST009893,Kabir,Singh,kabir.singh9893@example.com,Central,2027-11-09
CUST009894,Aarav,Chowdhury,aarav.chowdhury9894@example.com,South,2026-11-18
CUST009895,Aarav,Bhat,aarav.bhat9895@example.com,Central,2026-04-12
CUST009896,Riya,Rao,riya.rao9896@example.com,East,2026-10-12
CUST009897,Riya,Nair,riya.nair9897@example.com,West,2027-07-06
CUST009898,Saanvi,Iyer,saanvi.iyer9898@example.com,East,2026-07-09
CUST009899,Ishaan,Iyer,ishaan.iyer9899@example.com,North,2027-10-14
CUST009900,Aditya,Bhat,aditya.bhat9900@example.com,East,2027-11-13
CUST009901,Riya,Singh,riya.singh9901@example.com,East,2026-01-10
CUST009902,Sai,Sharma,sai.sharma9902@example.com,North,2027-02-08
CUST009903,Anika,Das,anika.das9903@example.com,East,2027-09-08
CUST009904,Ayaan,Sharma,ayaan.sharma9904@example.com,North,2026-03-15
CUST009905,Ananya,Chowdhury,ananya.chowdhury9905@example.com,North,2026-11-07
CUST009906,Kabir,Joshi,kabir.joshi9906@example.com,Central,2026-02-23
CUST009907,Anika,Sharma,anika.sharma9907@example.com,Central,2026-03-15
CUST009908,Ananya,Patel,ananya.patel9908@example.com,East,2026-11-13
CUST009909,Ananya,Sharma,ananya.sharma9909@example.com,North,2026-01-14
CUST009910,Diya,Sharma,diya.sharma9910@example.com,North,2026-10-27
CUST009911,Ananya,Chowdhury,ananya.chowdhury9911@example.com,East,2026-09-15
CUST009912,Saanvi,Patel,saanvi.patel9912@example.com,Central,2026-08-05
CUST009913,Saanvi,Nair,saanvi.nair9913@example.com,South,2027-01-05
CUST009914,Aarav,Iyer,aarav.iyer9914@example.com,Central,2027-08-18
CUST009915,Arjun,Chowdhury,arjun.chowdhury9915@example.com,East,2027-02-10
CUST009916,Arjun,Nair,arjun.nair9916@example.com,West,2027-03-09
CUST009917,Aditya,Reddy,aditya.reddy9917@example.com,Central,2026-02-10
CUST009918,Ishaan,Joshi,ishaan.joshi9918@example.com,North,2026-04-02
CUST009919,Vihaan,Gupta,vihaan.gupta9919@example.com,North,2027-01-29
CUST009920,Sai,Kapoor,sai.kapoor9920@example.com,East,2026-03-03
CUST009921,Vihaan,Nair,vihaan.nair9921@example.com,Central,2026-12-04
CUST009922,Aarav,Iyer,aarav.iyer9922@example.com,South,2026-04-22
CUST009923,Aarav,Singh,aarav.singh9923@example.com,North,2027-05-25
CUST009924,Aditya,Kapoor,aditya.kapoor9924@example.com,West,2027-12-02
CUST009925,Anika,Das,anika.das9925@example.com,West,2027-11-09
CUST009926,Reyansh,Chowdhury,reyansh.chowdhury9926@example.com,North,2027-10-03
CUST009927,Ayaan,Das,ayaan.das9927@example.com,South,2026-09-11
CUST009928,Saanvi,Patel,saanvi.patel9928@example.com,West,2026-03-01
CUST009929,Kabir,Iyer,kabir.iyer9929@example.com,West,2026-04-13
CUST009930,Ananya,Bhat,ananya.bhat9930@example.com,East,2026-10-12
CUST009931,Riya,Iyer,riya.iyer9931@example.com,East,2027-10-22
CUST009932,Sai,Iyer,sai.iyer9932@example.com,East,2026-03-28
CUST009933,Ayaan,Gupta,ayaan.gupta9933@example.com,Central,2026-03-10
CUST009934,Ayaan,Chowdhury,ayaan.chowdhury9934@example.com,West,2027-10-10
CUST009935,Ananya,Joshi,ananya.joshi9935@example.com,East,2027-05-20
CUST009936,Sai,Das,sai.das9936@example.com,Central,2027-04-14
CUST009937,Aditya,Joshi,aditya.joshi9937@example.com,East,2026-11-03
CUST009938,Diya,Sharma,diya.sharma9938@example.com,North,2027-08-12
CUST009939,Priya,Nair,,East,2027-02-19
CUST009940,Arjun,Kapoor,arjun.kapoor9940@example.com,East,2027-07-28
CUST009941,Anika,Rao,anika.rao9941@example.com,North,2027-10-22
CUST009942,Ayaan,Singh,ayaan.singh9942@example.com,West,2027-11-14
CUST009943,Anika,Patel,anika.patel9943@example.com,East,2027-08-09
CUST009944,Reyansh,Singh,reyansh.singh9944@example.com,Central,2026-02-16
CUST009945,Ayaan,Iyer,ayaan.iyer9945@example.com,South,2026-12-26
CUST009946,Vihaan,Chowdhury,vihaan.chowdhury9946@example.com,Central,2027-04-11
CUST009947,Riya,Gupta,riya.gupta9947@example.com,Central,2027-08-09
CUST009948,Diya,Singh,diya.singh9948@example.com,West,2027-04-14
CUST009949,Riya,Joshi,riya.joshi9949@example.com,West,2026-02-28
CUST009950,Aditya,Mehta,aditya.mehta9950@example.com,North,2027-09-08
CUST009951,Kabir,Gupta,kabir.gupta9951@example.com,West,2026-09-17
CUST009952,Ishaan,Mehta,ishaan.mehta9952@example.com,Central,2026-08-04
CUST009953,Saanvi,Patel,saanvi.patel9953@example.com,Central,2027-05-24
CUST009954,Kabir,Patel,kabir.patel9954@example.com,West,2026-11-23
CUST009955,Vihaan,Sharma,vihaan.sharma9955@example.com,East,2027-10-31
CUST009956,Reyansh,Das,reyansh.das9956@example.com,Central,2027-10-30
CUST009957,Anika,Sharma,anika.sharma9957@example.com,East,2026-10-12
CUST009958,Anika,Singh,anika.singh9958@example.com,North,2026-10-06
CUST009959,Kabir,Das,kabir.das9959@example.com,West,2027-04-25
CUST009960,Arjun,Nair,arjun.nair9960@example.com,North,2026-03-29
CUST009961,Kabir,Iyer,kabir.iyer9961@example.com,East,2027-09-25
CUST009962,Vivaan,Kapoor,vivaan.kapoor9962@example.com,Central,2027-09-30
CUST009963,Ishaan,Singh,ishaan.singh9963@example.com,East,2026-05-16
CUST009964,Priya,Kapoor,priya.kapoor9964@example.com,South,2027-05-18
CUST009965,Ananya,Bhat,ananya.bhat9965@example.com,Central,2026-10-03
CUST009966,Ishaan,Joshi,ishaan.joshi9966@example.com,East,2027-11-17
CUST009967,Anika,Patel,anika.patel9967@example.com,West,2026-08-04
CUST009968,Ishaan,Joshi,ishaan.joshi9968@example.com,East,2026-07-08
CUST009969,Ishaan,Sharma,ishaan.sharma9969@example.com,Central,2026-12-16
CUST009970,Aarav,Kapoor,aarav.kapoor9970@example.com,West,2026-06-14
CUST009971,Anika,Gupta,anika.gupta9971@example.com,Central,2027-10-03
CUST009972,Anika,Patel,anika.patel9972@example.com,Central,2026-12-01
CUST009973,Anika,Sharma,anika.sharma9973@example.com,Central,2027-08-19
CUST009974,Sai,Joshi,sai.joshi9974@example.com,West,2027-02-17
CUST009975,Ayaan,Patel,ayaan.patel9975@example.com,West,2027-09-17
CUST009976,Aarav,Das,aarav.das9976@example.com,South,2027-04-21
CUST009977,Diya,Iyer,diya.iyer9977@example.com,Central,2026-06-26
CUST009978,Diya,Reddy,diyareddy.com,North,2026-02-27
CUST009979,Priya,Das,priya.das9979@example.com,North,2027-03-19
CUST009980,Ayaan,Singh,ayaan.singh9980@example.com,West,2027-04-24
CUST009981,Ananya,Gupta,ananyagupta.com,West,2026-04-19
CUST009982,Diya,Mehta,diya.mehta9982@example.com,North,2027-08-24
CUST009983,Priya,Reddy,priya.reddy9983@example.com,West,2027-08-19
CUST009984,Aarav,Chowdhury,aarav.chowdhury9984@example.com,West,2026-06-27
CUST009985,Sai,Nair,sai.nair9985@example.com,North,2026-04-12
CUST009986,Aditya,Nair,aditya.nair9986@example.com,West,2027-09-20
CUST009987,Vivaan,Singh,vivaan.singh9987@example.com,Central,2027-06-06
CUST009988,Reyansh,Sharma,reyansh.sharma9988@example.com,West,2027-11-17
CUST009989,Aarav,Rao,aarav.rao9989@example.com,North,2026-07-21
CUST009990,Diya,Chowdhury,diya.chowdhury9990@example.com,Central,2026-01-19
CUST009991,Reyansh,Das,reyansh.das9991@example.com,West,2026-11-03
CUST009992,Sai,Chowdhury,sai.chowdhury9992@example.com,West,2027-08-11
CUST009993,Ananya,Mehta,ananya.mehta9993@example.com,East,2026-04-11
CUST009994,Aarav,Verma,aarav.verma9994@example.com,West,2027-11-20
CUST009995,Kabir,Bhat,kabir.bhat9995@example.com,Central,2027-09-20
CUST009996,Vihaan,Kapoor,vihaan.kapoor9996@example.com,South,2027-08-10
CUST009997,Riya,Bhat,riya.bhat9997@example.com,East,2026-02-10
CUST009998,Aditya,Verma,aditya.verma9998@example.com,Central,2026-06-09
CUST009999,Saanvi,Mehta,saanvi.mehta9999@example.com,North,2026-09-27
CUST010000,Kabir,Mehta,kabir.mehta10000@example.com,East,2026-04-09
