sku,product_name,category,warehouse,stock_quantity,reorder_level
SKU00001,Product 1,Beauty,WH-BLR,202,15
SKU00002,Product 2,Apparel,WH-HYD,416,13
SKU00003,Product 3,Electronics,WH-DEL,355,39
SKU00004,Product 4,Sports,WH-BLR,140,15
SKU00005,Product 5,Beauty,WH-MUM,463,36
SKU00006,Product 6,Electronics,WH-HYD,487,24
SKU00007,Product 7,Apparel,WH-DEL,3,38
SKU00008,Product 8,Beauty,WH-BLR,109,25
SKU00009,Product 9,Sports,WH-HYD,426,50
SKU00010,Product 10,Electronics,WH-DEL,337,10
SKU00011,Product 11,Books,WH-MUM,50,46
SKU00012,Product 12,Beauty,WH-BLR,87,14
SKU00013,Product 13,Toys,WH-PUN,423,49
SKU00014,Product 14,Apparel,WH-BLR,436,26
SKU00015,Product 15,Electronics,WH-HYD,7,14
SKU00016,Product 16,Sports,WH-HYD,106,31
SKU00017,Product 17,Toys,WH-PUN,138,37
SKU00018,Product 18,Beauty,WH-DEL,474,20
SKU00019,Product 19,Books,WH-MUM,468,15
SKU00020,Product 20,Home,WH-BLR,499,31
SKU00021,Product 21,Books,WH-DEL,277,27
SKU00022,Product 22,Beauty,WH-DEL,424,14
SKU00023,Product 23,Sports,WH-DEL,424,12
SKU00024,Product 24,Home,WH-MUM,489,13
SKU00025,Product 25,Home,WH-BLR,42,14
SKU00026,Product 26,Electronics,WH-PUN,362,30
SKU00027,Product 27,Toys,WH-HYD,312,13
SKU00028,Product 28,Apparel,WH-HYD,425,35
SKU00029,Product 29,Toys,WH-BLR,307,27
SKU00030,Product 30,Toys,WH-HYD,407,41
SKU00031,Product 31,Beauty,WH-HYD,310,13
SKU00032,Product 32,Home,WH-MUM,433,42
SKU00033,Product 33,Home,WH-HYD,431,19
SKU00034,Product 34,Beauty,WH-MUM,162,10
SKU00035,Product 35,Home,WH-BLR,428,21
SKU00036,Product 36,Beauty,WH-MUM,158,13
SKU00037,Product 37,Sports,WH-MUM,198,42
SKU00038,Product 38,Toys,WH-DEL,212,41
SKU00039,Product 39,Toys,WH-MUM,172,16
SKU00040,Product 40,Sports,WH-BLR,378,41
SKU00041,Product 41,Beauty,WH-DEL,397,17
SKU00042,Product 42,Sports,WH-PUN,153,16
SKU00043,Product 43,Electronics,WH-MUM,195,45
SKU00044,Product 44,Electronics,WH-PUN,10,41
SKU00045,Product 45,Toys,WH-MUM,343,32
SKU00046,Product 46,Beauty,WH-DEL,466,45
SKU00047,Product 47,Beauty,WH-HYD,87,45
SKU00048,Product 48,Toys,WH-MUM,195,12
SKU00049,Product 49,Home,WH-MUM,134,15
SKU00050,Product 50,Home,WH-MUM,461,18
SKU00051,Product 51,Home,WH-BLR,319,35
SKU00052,Product 52,Toys,WH-DEL,252,43
SKU00053,Product 53,Electronics,WH-MUM,275,12
SKU00054,Product 54,Home,WH-DEL,33,24
SKU00055,Product 55,Books,WH-PUN,224,36
SKU00056,Product 56,Apparel,WH-HYD,394,42
SKU00057,Product 57,Sports,WH-HYD,129,12
SKU00058,Product 58,Apparel,WH-MUM,150,14
SKU00059,Product 59,Books,WH-PUN,210,42
SKU00060,Product 60,Home,WH-BLR,59,10
SKU00061,Product 61,Beauty,WH-PUN,227,15
SKU00062,Product 62,Books,WH-DEL,224,12
SKU00063,Product 63,Sports,WH-DEL,219,26
SKU00064,Product 64,Beauty,WH-MUM,112,46
SKU00065,Product 65,Apparel,WH-BLR,241,48
SKU00066,Product 66,Books,WH-HYD,,35
SKU00067,Product 67,Books,WH-DEL,210,13
SKU00068,Product 68,Home,WH-DEL,160,39
SKU00069,Product 69,Electronics,WH-MUM,401,12
SKU00070,Product 70,Toys,WH-HYD,14,37
SKU00071,Product 71,Electronics,WH-HYD,7,32
SKU00072,Product 72,Electronics,WH-PUN,387,10
SKU00073,Product 73,Beauty,WH-HYD,2,45
SKU00074,Product 74,Apparel,WH-PUN,128,28
SKU00075,Product 75,Home,WH-MUM,498,39
SKU00076,Product 76,Electronics,WH-PUN,223,50
SKU00077,Product 77,Beauty,WH-HYD,219,12
SKU00078,Product 78,Beauty,WH-HYD,221,18
SKU00079,Product 79,Electronics,WH-PUN,352,20
SKU00080,Product 80,Toys,WH-BLR,,45
SKU00081,Product 81,Apparel,WH-MUM,388,47
SKU00082,Product 82,Electronics,WH-MUM,442,23
SKU00083,Product 83,Books,WH-PUN,5,19
SKU00084,Product 84,Home,WH-BLR,56,38
SKU00085,Product 85,Apparel,WH-MUM,487,49
SKU00086,Product 86,Sports,WH-BLR,248,22
SKU00087,Product 87,Toys,WH-HYD,216,27
SKU00088,Product 88,Books,WH-DEL,401,43
SKU00089,Product 89,Sports,WH-DEL,347,20
SKU00090,Product 90,Toys,WH-DEL,351,32
SKU00091,Product 91,Sports,WH-MUM,303,28
SKU00092,Product 92,Beauty,WH-HYD,352,47
SKU00093,Product 93,Toys,WH-PUN,376,44
SKU00094,Product 94,Electronics,WH-BLR,14,20
SKU00095,Product 95,Toys,WH-HYD,175,18
SKU00096,Product 96,Sports,WH-BLR,31,36
SKU00097,Product 97,Books,WH-DEL,49,45
SKU00098,Product 98,Electronics,WH-BLR,276,32
SKU00099,Product 99,Toys,WH-DEL,251,14
SKU00100,Product 100,Beauty,WH-BLR,435,13
SKU00101,Product 101,Books,WH-HYD,376,25
SKU00102,Product 102,Electronics,WH-BLR,234,33
SKU00103,Product 103,Home,WH-PUN,474,32
SKU00104,Product 104,Sports,WH-DEL,453,30
SKU00105,Product 105,Beauty,WH-HYD,63,34
SKU00106,Product 106,Electronics,WH-HYD,385,36
SKU00107,Product 107,Sports,WH-HYD,77,32
SKU00108,Product 108,Toys,WH-HYD,277,22
SKU00109,Product 109,Toys,WH-DEL,197,18
SKU00110,Product 110,Home,WH-BLR,399,34
SKU00111,Product 111,Beauty,WH-BLR,262,19
SKU00112,Product 112,Electronics,WH-PUN,414,19
SKU00113,Product 113,Home,WH-MUM,91,33
SKU00114,Product 114,Toys,WH-PUN,23,11
SKU00115,Product 115,Sports,WH-MUM,198,11
SKU00116,Product 116,Beauty,WH-PUN,313,39
SKU00117,Product 117,Apparel,WH-PUN,419,41
SKU00118,Product 118,Electronics,WH-PUN,466,22
SKU00119,Product 119,Home,WH-DEL,325,13
SKU00120,Product 120,Books,WH-DEL,26,37
SKU00121,Product 121,Home,WH-PUN,199,28
SKU00122,Product 122,Home,WH-BLR,263,46
SKU00123,Product 123,Electronics,WH-DEL,118,27
SKU00124,Product 124,Electronics,WH-BLR,220,30
SKU00125,Product 125,Books,WH-HYD,428,10
SKU00126,Product 126,Sports,WH-PUN,362,50
SKU00127,Product 127,Electronics,WH-HYD,254,27
SKU00128,Product 128,Toys,WH-BLR,289,40
SKU00129,Product 129,Sports,WH-DEL,190,28
SKU00130,Product 130,Beauty,WH-PUN,144,13
SKU00131,Product 131,Toys,WH-MUM,325,45
SKU00132,Product 132,Apparel,WH-DEL,420,26
SKU00133,Product 133,Electronics,WH-BLR,240,41
SKU00134,Product 134,Sports,WH-PUN,335,11
SKU00135,Product 135,Toys,WH-HYD,81,37
SKU00136,Product 136,Home,WH-DEL,134,22
SKU00137,Product 137,Books,WH-DEL,2,30
SKU00138,Product 138,Books,WH-DEL,471,17
SKU00139,Product 139,Sports,WH-PUN,458,30
SKU00140,Product 140,Beauty,WH-MUM,468,29
SKU00141,Product 141,Apparel,WH-PUN,246,42
SKU00142,Product 142,Electronics,WH-PUN,396,28
SKU00143,Product 143,Beauty,WH-MUM,92,11
SKU00144,Product 144,Apparel,WH-PUN,195,20
SKU00145,Product 145,Home,WH-DEL,256,38
SKU00146,Product 146,Home,WH-MUM,83,24
SKU00147,Product 147,Electronics,WH-MUM,94,18
SKU00148,Product 148,Sports,WH-MUM,,14
SKU00149,Product 149,Toys,WH-MUM,163,13
SKU00150,Product 150,Electronics,WH-BLR,,31
SKU00151,Product 151,Home,WH-HYD,80,15
SKU00152,Product 152,Toys,WH-HYD,47,45
SKU00153,Product 153,Beauty,WH-MUM,261,10
SKU00154,Product 154,Home,WH-DEL,368,23
SKU00155,Product 155,Sports,WH-DEL,443,43
SKU00156,Product 156,Home,WH-DEL,325,42
SKU00157,Product 157,Home,WH-DEL,12,28
SKU00158,Product 158,Apparel,WH-DEL,52,10
SKU00159,Product 159,Home,WH-DEL,252,27
SKU00160,Product 160,Home,WH-DEL,376,31
SKU00161,Product 161,Sports,WH-PUN,219,23
SKU00162,Product 162,Toys,WH-BLR,110,40
SKU00163,Product 163,Books,WH-PUN,208,19
SKU00164,Product 164,Toys,WH-HYD,401,45
SKU00165,Product 165,Sports,WH-MUM,292,38
SKU00166,Product 166,Apparel,WH-PUN,,39
SKU00167,Product 167,Sports,WH-BLR,428,12
SKU00168,Product 168,Apparel,WH-MUM,290,21
SKU00169,Product 169,Apparel,WH-PUN,435,13
SKU00170,Product 170,Electronics,WH-MUM,192,36
SKU00171,Product 171,Beauty,WH-DEL,101,38
SKU00172,Product 172,Apparel,WH-MUM,41,17
SKU00173,Product 173,Beauty,WH-BLR,104,49
SKU00174,Product 174,Home,WH-PUN,432,15
SKU00175,Product 175,Books,WH-MUM,70,44
SKU00176,Product 176,Electronics,WH-PUN,416,24
SKU00177,Product 177,Beauty,WH-HYD,457,47
SKU00178,Product 178,Toys,WH-BLR,147,37
SKU00179,Product 179,Apparel,WH-HYD,152,32
SKU00180,Product 180,Books,WH-BLR,347,15
SKU00181,Product 181,Home,WH-MUM,336,48
SKU00182,Product 182,Toys,WH-MUM,499,33
SKU00183,Product 183,Beauty,WH-PUN,487,17
SKU00184,Product 184,Electronics,WH-PUN,188,47
SKU00185,Product 185,Electronics,WH-MUM,163,34
SKU00186,Product 186,Apparel,WH-DEL,359,44
SKU00187,Product 187,Sports,WH-PUN,229,47
SKU00188,Product 188,Beauty,WH-BLR,245,25
SKU00189,Product 189,Books,WH-DEL,499,18
SKU00190,Product 190,Electronics,WH-MUM,101,19
SKU00191,Product 191,Toys,WH-BLR,414,25
SKU00192,Product 192,Apparel,WH-PUN,416,43
SKU00193,Product 193,Toys,WH-BLR,323,16
SKU00194,Product 194,Sports,WH-HYD,338,10
SKU00195,Product 195,Apparel,WH-MUM,393,11
SKU00196,Product 196,Books,WH-BLR,312,41
SKU00197,Product 197,Home,WH-DEL,8,11
SKU00198,Product 198,Home,WH-BLR,398,44
SKU00199,Product 199,Beauty,WH-HYD,469,37
SKU00200,Product 200,Home,WH-HYD,263,12
SKU00201,Product 201,Beauty,WH-BLR,415,34
SKU00202,Product 202,Books,WH-BLR,21,39
SKU00203,Product 203,Beauty,WH-PUN,161,48
SKU00204,Product 204,Beauty,WH-BLR,214,36
SKU00205,Product 205,Electronics,WH-MUM,257,23
SKU00206,Product 206,Beauty,WH-BLR,497,43
SKU00207,Product 207,Toys,WH-PUN,29,43
SKU00208,Product 208,Apparel,WH-BLR,499,22
SKU00209,Product 209,Toys,WH-DEL,452,46
SKU00210,Product 210,Electronics,WH-DEL,235,48
SKU00211,Product 211,Sports,WH-PUN,408,20
SKU00212,Product 212,Beauty,WH-HYD,150,13
SKU00213,Product 213,Books,WH-HYD,323,33
SKU00214,Product 214,Sports,WH-HYD,50,18
SKU00215,Product 215,Electronics,WH-PUN,53,42
SKU00216,Product 216,Books,WH-HYD,338,22
SKU00217,Product 217,Beauty,WH-PUN,206,21
SKU00218,Product 218,Books,WH-DEL,258,37
SKU00219,Product 219,Sports,WH-HYD,278,10
SKU00220,Product 220,Beauty,WH-HYD,7,42
SKU00221,Product 221,Sports,WH-DEL,348,20
SKU00222,Product 222,Sports,WH-DEL,249,29
SKU00223,Product 223,Toys,WH-BLR,372,33
SKU00224,Product 224,Sports,WH-MUM,87,34
SKU00225,Product 225,Sports,WH-DEL,165,37
SKU00226,Product 226,Sports,WH-DEL,,38
SKU00227,Product 227,Apparel,WH-BLR,305,50
SKU00228,Product 228,Electronics,WH-PUN,146,49
SKU00229,Product 229,Beauty,WH-PUN,402,38
SKU00230,Product 230,Apparel,WH-DEL,4,12
SKU00231,Product 231,Electronics,WH-PUN,285,23
SKU00232,Product 232,Sports,WH-DEL,135,49
SKU00233,Product 233,Toys,WH-MUM,279,26
SKU00234,Product 234,Sports,WH-HYD,131,45
SKU00235,Product 235,Electronics,WH-MUM,293,44
SKU00236,Product 236,Apparel,WH-MUM,126,36
SKU00237,Product 237,Toys,WH-MUM,460,44
SKU00238,Product 238,Books,WH-HYD,193,50
SKU00239,Product 239,Beauty,WH-DEL,69,21
SKU00240,Product 240,Apparel,WH-DEL,51,42
SKU00241,Product 241,Electronics,WH-HYD,352,37
SKU00242,Product 242,Books,WH-HYD,382,29
SKU00243,Product 243,Home,WH-PUN,28,46
SKU00244,Product 244,Books,WH-MUM,243,24
SKU00245,Product 245,Electronics,WH-PUN,327,41
SKU00246,Product 246,Books,WH-PUN,,10
SKU00247,Product 247,Books,WH-BLR,431,38
SKU00248,Product 248,Apparel,WH-MUM,268,25
SKU00249,Product 249,Beauty,WH-DEL,,18
SKU00250,Product 250,Books,WH-PUN,214,43
SKU00251,Product 251,Electronics,WH-MUM,254,15
SKU00252,Product 252,Toys,WH-MUM,170,41
SKU00253,Product 253,Books,WH-DEL,276,25
SKU00254,Product 254,Books,WH-HYD,323,22
SKU00255,Product 255,Electronics,WH-MUM,365,20
SKU00256,Product 256,Electronics,WH-HYD,498,31
SKU00257,Product 257,Apparel,WH-MUM,198,40
SKU00258,Product 258,Sports,WH-MUM,304,26
SKU00259,Product 259,Apparel,WH-DEL,126,41
SKU00260,Product 260,Sports,WH-BLR,499,38
SKU00261,Product 261,Books,WH-DEL,115,32
SKU00262,Product 262,Toys,WH-PUN,332,40
SKU00263,Product 263,Beauty,WH-BLR,209,12
SKU00264,Product 264,Home,WH-DEL,270,38
SKU00265,Product 265,Home,WH-HYD,266,26
SKU00266,Product 266,Electronics,WH-DEL,459,31
SKU00267,Product 267,Beauty,WH-MUM,226,36
SKU00268,Product 268,Beauty,WH-BLR,496,17
SKU00269,Product 269,Sports,WH-HYD,307,42
SKU00270,Product 270,Home,WH-HYD,339,31
SKU00271,Product 271,Apparel,WH-MUM,323,31
SKU00272,Product 272,Toys,WH-MUM,339,19
SKU00273,Product 273,Home,WH-PUN,134,37
SKU00274,Product 274,Beauty,WH-BLR,205,49
SKU00275,Product 275,Sports,WH-PUN,91,13
SKU00276,Product 276,Apparel,WH-BLR,237,36
SKU00277,Product 277,Sports,WH-MUM,241,12
SKU00278,Product 278,Books,WH-DEL,221,16
SKU00279,Product 279,Toys,WH-MUM,160,16
SKU00280,Product 280,Sports,WH-BLR,116,38
SKU00281,Product 281,Apparel,WH-PUN,367,36
SKU00282,Product 282,Sports,WH-PUN,343,23
SKU00283,Product 283,Sports,WH-BLR,121,22
SKU00284,Product 284,Sports,WH-PUN,427,43
SKU00285,Product 285,Apparel,WH-BLR,199,32
SKU00286,Product 286,Home,WH-HYD,331,42
SKU00287,Product 287,Beauty,WH-BLR,378,46
SKU00288,Product 288,Beauty,WH-DEL,211,13
SKU00289,Product 289,Home,WH-HYD,116,33
SKU00290,Product 290,Home,WH-PUN,254,13
SKU00291,Product 291,Home,WH-BLR,286,41
SKU00292,Product 292,Electronics,WH-MUM,333,47
SKU00293,Product 293,Beauty,WH-BLR,82,40
SKU00294,Product 294,Books,WH-MUM,118,10
SKU00295,Product 295,Beauty,WH-DEL,331,13
SKU00296,Product 296,Electronics,WH-BLR,373,37
SKU00297,Product 297,Toys,WH-MUM,211,34
SKU00298,Product 298,Toys,WH-DEL,325,47
SKU00299,Product 299,Beauty,WH-DEL,409,28
SKU00300,Product 300,Toys,WH-DEL,309,46
SKU00301,Product 301,Toys,WH-DEL,464,10
SKU00302,Product 302,Sports,WH-DEL,24,37
SKU00303,Product 303,Home,WH-PUN,200,30
SKU00304,Product 304,Home,WH-MUM,158,25
SKU00305,Product 305,Electronics,WH-DEL,19,40
SKU00306,Product 306,Sports,WH-MUM,453,35
SKU00307,Product 307,Books,WH-HYD,66,29
SKU00308,Product 308,Toys,WH-BLR,441,10
SKU00309,Product 309,Books,WH-MUM,466,21
SKU00310,Product 310,Books,WH-BLR,420,31
SKU00311,Product 311,Books,WH-PUN,340,46
SKU00312,Product 312,Beauty,WH-BLR,259,13
SKU00313,Product 313,Toys,WH-BLR,255,20
SKU00314,Product 314,Beauty,WH-HYD,55,33
SKU00315,Product 315,Toys,WH-HYD,420,46
SKU00316,Product 316,Electronics,WH-DEL,453,38
SKU00317,Product 317,Books,WH-PUN,30,35
SKU00318,Product 318,Electronics,WH-DEL,384,41
SKU00319,Product 319,Apparel,WH-MUM,47,10
SKU00320,Product 320,Apparel,WH-MUM,327,12
SKU00321,Product 321,Electronics,WH-HYD,486,27
SKU00322,Product 322,Apparel,WH-HYD,90,36
SKU00323,Product 323,Toys,WH-MUM,464,25
SKU00324,Product 324,Toys,WH-PUN,158,29
SKU00325,Product 325,Books,WH-HYD,390,31
SKU00326,Product 326,Beauty,WH-MUM,71,13
SKU00327,Product 327,Home,WH-BLR,433,28
SKU00328,Product 328,Beauty,WH-MUM,255,15
SKU00329,Product 329,Beauty,WH-DEL,41,20
SKU00330,Product 330,Home,WH-PUN,260,32
SKU00331,Product 331,Books,WH-PUN,98,44
SKU00332,Product 332,Beauty,WH-MUM,369,32
SKU00333,Product 333,Books,WH-PUN,306,41
SKU00334,Product 334,Home,WH-PUN,472,21
SKU00335,Product 335,Home,WH-DEL,30,32
SKU00336,Product 336,Home,WH-BLR,451,43
SKU00337,Product 337,Toys,WH-BLR,377,24
SKU00338,Product 338,Toys,WH-DEL,25,35
SKU00339,Product 339,Home,WH-BLR,472,11
SKU00340,Product 340,Books,WH-BLR,466,50
SKU00341,Product 341,Apparel,WH-PUN,494,41
SKU00342,Product 342,Books,WH-MUM,234,28
SKU00343,Product 343,Toys,WH-MUM,329,24
SKU00344,Product 344,Toys,WH-BLR,116,47
SKU00345,Product 345,Home,WH-MUM,359,39
SKU00346,Product 346,Beauty,WH-HYD,268,28
SKU00347,Product 347,Books,WH-DEL,449,28
SKU00348,Product 348,Beauty,WH-HYD,438,18
SKU00349,Product 349,Books,WH-HYD,134,27
SKU00350,Product 350,Sports,WH-HYD,467,19
SKU00351,Product 351,Toys,WH-PUN,402,23
SKU00352,Product 352,Toys,WH-MUM,338,16
SKU00353,Product 353,Toys,WH-DEL,288,36
SKU00354,Product 354,Books,WH-DEL,230,11
SKU00355,Product 355,Sports,WH-PUN,16,38
SKU00356,Product 356,Home,WH-MUM,286,21
SKU00357,Product 357,Sports,WH-BLR,314,47
SKU00358,Product 358,Apparel,WH-DEL,291,34
SKU00359,Product 359,Home,WH-BLR,325,17
SKU00360,Product 360,Sports,WH-BLR,65,37
SKU00361,Product 361,Sports,WH-MUM,182,48
SKU00362,Product 362,Toys,WH-DEL,240,21
SKU00363,Product 363,Sports,WH-PUN,145,14
SKU00364,Product 364,Home,WH-MUM,0,40
SKU00365,Product 365,Sports,WH-PUN,288,15
SKU00366,Product 366,Toys,WH-PUN,185,26
SKU00367,Product 367,Home,WH-MUM,117,34
SKU00368,Product 368,Electronics,WH-BLR,179,24
SKU00369,Product 369,Apparel,WH-MUM,146,27
SKU00370,Product 370,Books,WH-HYD,28,11
SKU00371,Product 371,Toys,WH-DEL,263,36
SKU00372,Product 372,Books,WH-BLR,436,14
SKU00373,Product 373,Books,WH-BLR,481,47
SKU00374,Product 374,Sports,WH-MUM,168,25
SKU00375,Product 375,Beauty,WH-PUN,165,27
SKU00376,Product 376,Home,WH-PUN,438,11
SKU00377,Product 377,Beauty,WH-BLR,380,17
SKU00378,Product 378,Sports,WH-BLR,79,14
SKU00379,Product 379,Electronics,WH-DEL,326,21
SKU00380,Product 380,Home,WH-BLR,201,16
SKU00381,Product 381,Books,WH-PUN,497,15
SKU00382,Product 382,Home,WH-MUM,,26
SKU00383,Product 383,Beauty,WH-PUN,393,42
SKU00384,Product 384,Apparel,WH-HYD,298,50
SKU00385,Product 385,Beauty,WH-DEL,497,41
SKU00386,Product 386,Home,WH-DEL,29,38
SKU00387,Product 387,Sports,WH-MUM,12,11
SKU00388,Product 388,Beauty,WH-BLR,326,34
SKU00389,Product 389,Apparel,WH-BLR,342,38
SKU00390,Product 390,Apparel,WH-MUM,207,22
SKU00391,Product 391,Beauty,WH-MUM,66,38
SKU00392,Product 392,Electronics,WH-HYD,78,48
SKU00393,Product 393,Electronics,WH-MUM,268,41
SKU00394,Product 394,Beauty,WH-PUN,20,49
SKU00395,Product 395,Books,WH-BLR,405,38
SKU00396,Product 396,Sports,WH-HYD,309,41
SKU00397,Product 397,Home,WH-BLR,339,22
SKU00398,Product 398,Sports,WH-PUN,317,37
SKU00399,Product 399,Toys,WH-BLR,427,34
SKU00400,Product 400,Toys,WH-DEL,289,43
SKU00401,Product 401,Home,WH-MUM,153,27
SKU00402,Product 402,Toys,WH-PUN,55,44
SKU00403,Product 403,Apparel,WH-PUN,344,33
SKU00404,Product 404,Books,WH-PUN,231,19
SKU00405,Product 405,Apparel,WH-HYD,269,19
SKU00406,Product 406,Sports,WH-DEL,380,16
SKU00407,Product 407,Toys,WH-MUM,214,16
SKU00408,Product 408,Sports,WH-PUN,161,30
SKU00409,Product 409,Beauty,WH-MUM,84,38
SKU00410,Product 410,Toys,WH-PUN,436,41
SKU00411,Product 411,Electronics,WH-MUM,490,31
SKU00412,Product 412,Books,WH-BLR,,22
SKU00413,Product 413,Apparel,WH-DEL,492,38
SKU00414,Product 414,Toys,WH-BLR,293,14
SKU00415,Product 415,Books,WH-BLR,406,29
SKU00416,Product 416,Beauty,WH-MUM,418,34
SKU00417,Product 417,Electronics,WH-PUN,450,37
SKU00418,Product 418,Electronics,WH-HYD,383,34
SKU00419,Product 419,Books,WH-DEL,184,19
SKU00420,Product 420,Toys,WH-DEL,57,11
SKU00421,Product 421,Electronics,WH-BLR,402,41
SKU00422,Product 422,Beauty,WH-MUM,270,49
SKU00423,Product 423,Sports,WH-MUM,394,43
SKU00424,Product 424,Toys,WH-HYD,343,13
SKU00425,Product 425,Electronics,WH-MUM,393,17
SKU00426,Product 426,Apparel,WH-MUM,325,24
SKU00427,Product 427,Sports,WH-DEL,,36
SKU00428,Product 428,Electronics,WH-PUN,98,10
SKU00429,Product 429,Apparel,WH-HYD,169,34
SKU00430,Product 430,Apparel,WH-BLR,306,45
SKU00431,Product 431,Books,WH-PUN,239,20
SKU00432,Product 432,Toys,WH-HYD,362,28
SKU00433,Product 433,Toys,WH-HYD,345,21
SKU00434,Product 434,Beauty,WH-PUN,91,49
SKU00435,Product 435,Home,WH-BLR,243,15
SKU00436,Product 436,Books,WH-MUM,39,20
SKU00437,Product 437,Home,WH-BLR,342,44
SKU00438,Product 438,Apparel,WH-DEL,251,38
SKU00439,Product 439,Beauty,WH-PUN,166,22
SKU00440,Product 440,Books,WH-DEL,,29
SKU00441,Product 441,Books,WH-MUM,440,26
SKU00442,Product 442,Sports,WH-MUM,334,17
SKU00443,Product 443,Books,WH-PUN,303,34
SKU00444,Product 444,Home,WH-MUM,337,46
SKU00445,Product 445,Toys,WH-HYD,497,21
SKU00446,Product 446,Home,WH-BLR,324,45
SKU00447,Product 447,Electronics,WH-PUN,142,19
SKU00448,Product 448,Beauty,WH-HYD,392,14
SKU00449,Product 449,Home,WH-HYD,432,24
SKU00450,Product 450,Books,WH-HYD,340,43
SKU00451,Product 451,Electronics,WH-HYD,169,13
SKU00452,Product 452,Books,WH-DEL,164,44
SKU00453,Product 453,Home,WH-DEL,79,17
SKU00454,Product 454,Electronics,WH-BLR,404,15
SKU00455,Product 455,Sports,WH-HYD,334,38
SKU00456,Product 456,Electronics,WH-HYD,66,32
SKU00457,Product 457,Electronics,WH-MUM,296,27
SKU00458,Product 458,Books,WH-MUM,424,36
SKU00459,Product 459,Electronics,WH-PUN,219,36
SKU00460,Product 460,Beauty,WH-HYD,412,34
SKU00461,Product 461,Toys,WH-DEL,,15
SKU00462,Product 462,Home,WH-DEL,368,27
SKU00463,Product 463,Home,WH-DEL,120,15
SKU00464,Product 464,Apparel,WH-HYD,0,33
SKU00465,Product 465,Beauty,WH-HYD,175,29
SKU00466,Product 466,Home,WH-HYD,236,35
SKU00467,Product 467,Books,WH-HYD,185,22
SKU00468,Product 468,Apparel,WH-PUN,371,40
SKU00469,Product 469,Home,WH-DEL,245,13
SKU00470,Product 470,Electronics,WH-HYD,172,43
SKU00471,Product 471,Sports,WH-DEL,166,19
SKU00472,Product 472,Apparel,WH-DEL,123,49
SKU00473,Product 473,Home,WH-HYD,401,21
SKU00474,Product 474,Home,WH-HYD,60,50
SKU00475,Product 475,Toys,WH-HYD,11,16
SKU00476,Product 476,Beauty,WH-MUM,428,24
SKU00477,Product 477,Toys,WH-HYD,435,24
SKU00478,Product 478,Toys,WH-DEL,428,30
SKU00479,Product 479,Toys,WH-MUM,104,20
SKU00480,Product 480,Sports,WH-DEL,278,41
SKU00481,Product 481,Sports,WH-DEL,363,50
SKU00482,Product 482,Toys,WH-HYD,456,19
SKU00483,Product 483,Apparel,WH-DEL,296,46
SKU00484,Product 484,Books,WH-HYD,411,17
SKU00485,Product 485,Toys,WH-DEL,180,40
SKU00486,Product 486,Toys,WH-DEL,57,37
SKU00487,Product 487,Electronics,WH-HYD,203,48
SKU00488,Product 488,Electronics,WH-BLR,,37
SKU00489,Product 489,Toys,WH-HYD,433,13
SKU00490,Product 490,Sports,WH-DEL,169,27
SKU00491,Product 491,Electronics,WH-HYD,60,46
SKU00492,Product 492,Toys,WH-HYD,327,38
SKU00493,Product 493,Beauty,WH-BLR,311,16
SKU00494,Product 494,Sports,WH-MUM,304,36
SKU00495,Product 495,Electronics,WH-PUN,226,49
SKU00496,Product 496,Books,WH-DEL,198,45
SKU00497,Product 497,Home,WH-PUN,236,36
SKU00498,Product 498,Electronics,WH-BLR,423,19
SKU00499,Product 499,Toys,WH-PUN,309,24
SKU00500,Product 500,Sports,WH-HYD,9,44
SKU00501,Product 501,Home,WH-HYD,264,38
SKU00502,Product 502,Sports,WH-PUN,434,42
SKU00503,Product 503,Sports,WH-BLR,464,26
SKU00504,Product 504,Apparel,WH-HYD,398,32
SKU00505,Product 505,Beauty,WH-PUN,318,35
SKU00506,Product 506,Books,WH-HYD,275,21
SKU00507,Product 507,Home,WH-PUN,228,21
SKU00508,Product 508,Books,WH-BLR,480,10
SKU00509,Product 509,Toys,WH-DEL,446,46
SKU00510,Product 510,Beauty,WH-DEL,365,30
SKU00511,Product 511,Beauty,WH-MUM,131,47
SKU00512,Product 512,Electronics,WH-DEL,181,22
SKU00513,Product 513,Toys,WH-BLR,436,34
SKU00514,Product 514,Toys,WH-BLR,231,15
SKU00515,Product 515,Toys,WH-MUM,33,34
SKU00516,Product 516,Toys,WH-PUN,228,14
SKU00517,Product 517,Home,WH-DEL,,44
SKU00518,Product 518,Sports,WH-BLR,81,28
SKU00519,Product 519,Toys,WH-HYD,385,29
SKU00520,Product 520,Sports,WH-DEL,480,25
SKU00521,Product 521,Electronics,WH-HYD,230,30
SKU00522,Product 522,Sports,WH-MUM,28,50
SKU00523,Product 523,Books,WH-BLR,85,16
SKU00524,Product 524,Sports,WH-HYD,191,50
SKU00525,Product 525,Beauty,WH-PUN,120,15
SKU00526,Product 526,Apparel,WH-DEL,407,49
SKU00527,Product 527,Home,WH-DEL,32,42
SKU00528,Product 528,Electronics,WH-BLR,372,34
SKU00529,Product 529,Sports,WH-DEL,413,11
SKU00530,Product 530,Beauty,WH-PUN,141,13
SKU00531,Product 531,Beauty,WH-MUM,155,28
SKU00532,Product 532,Home,WH-DEL,306,32
SKU00533,Product 533,Toys,WH-PUN,349,14
SKU00534,Product 534,Electronics,WH-PUN,168,24
SKU00535,Product 535,Home,WH-BLR,315,41
SKU00536,Product 536,Sports,WH-DEL,286,50
SKU00537,Product 537,Electronics,WH-PUN,500,20
SKU00538,Product 538,Toys,WH-PUN,222,48
SKU00539,Product 539,Electronics,WH-PUN,27,42
SKU00540,Product 540,Beauty,WH-DEL,432,50
SKU00541,Product 541,Toys,WH-PUN,216,14
SKU00542,Product 542,Toys,WH-MUM,456,29
SKU00543,Product 543,Electronics,WH-HYD,440,50
SKU00544,Product 544,Toys,WH-HYD,218,16
SKU00545,Product 545,Beauty,WH-HYD,52,19
SKU00546,Product 546,Sports,WH-MUM,427,20
SKU00547,Product 547,Electronics,WH-HYD,496,40
SKU00548,Product 548,Sports,WH-DEL,25,31
SKU00549,Product 549,Sports,WH-MUM,379,45
SKU00550,Product 550,Home,WH-DEL,78,26
SKU00551,Product 551,Books,WH-HYD,319,41
SKU00552,Product 552,Books,WH-PUN,364,30
SKU00553,Product 553,Beauty,WH-BLR,359,28
SKU00554,Product 554,Electronics,WH-BLR,3,13
SKU00555,Product 555,Electronics,WH-MUM,101,14
SKU00556,Product 556,Toys,WH-PUN,382,36
SKU00557,Product 557,Beauty,WH-MUM,47,47
SKU00558,Product 558,Sports,WH-HYD,285,21
SKU00559,Product 559,Apparel,WH-MUM,395,49
SKU00560,Product 560,Books,WH-HYD,155,36
SKU00561,Product 561,Books,WH-DEL,135,49
SKU00562,Product 562,Sports,WH-MUM,138,42
SKU00563,Product 563,Apparel,WH-BLR,477,33
SKU00564,Product 564,Sports,WH-PUN,38,12
SKU00565,Product 565,Electronics,WH-BLR,42,35
SKU00566,Product 566,Apparel,WH-BLR,,26
SKU00567,Product 567,Sports,WH-BLR,477,19
SKU00568,Product 568,Toys,WH-HYD,226,40
SKU00569,Product 569,Sports,WH-MUM,28,46
SKU00570,Product 570,Toys,WH-BLR,156,37
SKU00571,Product 571,Apparel,WH-BLR,259,49
SKU00572,Product 572,Books,WH-MUM,337,33
SKU00573,Product 573,Apparel,WH-MUM,135,26
SKU00574,Product 574,Toys,WH-BLR,275,15
SKU00575,Product 575,Sports,WH-DEL,123,17
SKU00576,Product 576,Home,WH-MUM,61,40
SKU00577,Product 577,Sports,WH-MUM,207,16
SKU00578,Product 578,Home,WH-DEL,344,23
SKU00579,Product 579,Sports,WH-MUM,318,33
SKU00580,Product 580,Apparel,WH-BLR,412,23
SKU00581,Product 581,Home,WH-DEL,240,42
SKU00582,Product 582,Apparel,WH-PUN,388,41
SKU00583,Product 583,Electronics,WH-HYD,124,30
SKU00584,Product 584,Apparel,WH-MUM,459,19
SKU00585,Product 585,Books,WH-BLR,348,19
SKU00586,Product 586,Apparel,WH-MUM,142,19
SKU00587,Product 587,Books,WH-BLR,49,46
SKU00588,Product 588,Toys,WH-HYD,178,46
SKU00589,Product 589,Beauty,WH-MUM,453,37
SKU00590,Product 590,Sports,WH-DEL,84,41
SKU00591,Product 591,Apparel,WH-MUM,101,11
SKU00592,Product 592,Beauty,WH-MUM,6,30
SKU00593,Product 593,Home,WH-PUN,394,12
SKU00594,Product 594,Home,WH-PUN,457,20
SKU00595,Product 595,Home,WH-DEL,313,40
SKU00596,Product 596,Books,WH-PUN,439,20
SKU00597,Product 597,Beauty,WH-BLR,265,33
SKU00598,Product 598,Home,WH-PUN,376,38
SKU00599,Product 599,Apparel,WH-PUN,383,22
SKU00600,Product 600,Books,WH-HYD,444,11
SKU00601,Product 601,Beauty,WH-BLR,392,50
SKU00602,Product 602,Home,WH-PUN,327,39
SKU00603,Product 603,Apparel,WH-HYD,370,11
SKU00604,Product 604,Electronics,WH-MUM,268,32
SKU00605,Product 605,Apparel,WH-BLR,275,36
SKU00606,Product 606,Toys,WH-BLR,73,15
SKU00607,Product 607,Beauty,WH-HYD,497,33
SKU00608,Product 608,Electronics,WH-DEL,434,15
SKU00609,Product 609,Home,WH-BLR,,18
SKU00610,Product 610,Beauty,WH-DEL,325,23
SKU00611,Product 611,Home,WH-DEL,427,28
SKU00612,Product 612,Beauty,WH-HYD,,31
SKU00613,Product 613,Beauty,WH-PUN,387,42
SKU00614,Product 614,Books,WH-HYD,356,23
SKU00615,Product 615,Beauty,WH-DEL,376,25
SKU00616,Product 616,Sports,WH-PUN,225,44
SKU00617,Product 617,Electronics,WH-PUN,241,11
SKU00618,Product 618,Toys,WH-MUM,441,25
SKU00619,Product 619,Apparel,WH-PUN,259,47
SKU00620,Product 620,Books,WH-DEL,281,21
SKU00621,Product 621,Apparel,WH-BLR,360,49
SKU00622,Product 622,Toys,WH-MUM,199,38
SKU00623,Product 623,Books,WH-MUM,352,22
SKU00624,Product 624,Books,WH-HYD,388,34
SKU00625,Product 625,Toys,WH-MUM,138,31
SKU00626,Product 626,Apparel,WH-MUM,58,34
SKU00627,Product 627,Apparel,WH-BLR,79,10
SKU00628,Product 628,Books,WH-BLR,277,27
SKU00629,Product 629,Beauty,WH-MUM,395,27
SKU00630,Product 630,Apparel,WH-PUN,409,46
SKU00631,Product 631,Books,WH-HYD,351,17
SKU00632,Product 632,Sports,WH-DEL,107,38
SKU00633,Product 633,Sports,WH-HYD,38,12
SKU00634,Product 634,Books,WH-HYD,468,46
SKU00635,Product 635,Sports,WH-BLR,,48
SKU00636,Product 636,Home,WH-MUM,306,14
SKU00637,Product 637,Beauty,WH-PUN,18,22
SKU00638,Product 638,Books,WH-BLR,265,49
SKU00639,Product 639,Electronics,WH-HYD,72,19
SKU00640,Product 640,Sports,WH-PUN,498,34
SKU00641,Product 641,Home,WH-BLR,7,41
SKU00642,Product 642,Home,WH-HYD,259,16
SKU00643,Product 643,Electronics,WH-BLR,384,36
SKU00644,Product 644,Apparel,WH-DEL,333,33
SKU00645,Product 645,Sports,WH-MUM,192,36
SKU00646,Product 646,Apparel,WH-MUM,467,50
SKU00647,Product 647,Electronics,WH-PUN,,34
SKU00648,Product 648,Home,WH-DEL,314,18
SKU00649,Product 649,Home,WH-BLR,109,45
SKU00650,Product 650,Sports,WH-PUN,,49
SKU00651,Product 651,Sports,WH-DEL,,45
SKU00652,Product 652,Sports,WH-PUN,455,34
SKU00653,Product 653,Electronics,WH-PUN,390,14
SKU00654,Product 654,Electronics,WH-HYD,46,16
SKU00655,Product 655,Sports,WH-BLR,144,23
SKU00656,Product 656,Beauty,WH-DEL,360,25
SKU00657,Product 657,Beauty,WH-PUN,399,11
SKU00658,Product 658,Books,WH-MUM,259,45
SKU00659,Product 659,Sports,WH-MUM,339,26
SKU00660,Product 660,Toys,WH-MUM,400,23
SKU00661,Product 661,Toys,WH-HYD,410,18
SKU00662,Product 662,Electronics,WH-BLR,399,21
SKU00663,Product 663,Toys,WH-HYD,220,41
SKU00664,Product 664,Beauty,WH-BLR,437,45
SKU00665,Product 665,Apparel,WH-DEL,400,47
SKU00666,Product 666,Books,WH-PUN,38,13
SKU00667,Product 667,Home,WH-BLR,410,42
SKU00668,Product 668,Home,WH-BLR,456,12
SKU00669,Product 669,Sports,WH-HYD,394,46
SKU00670,Product 670,Beauty,WH-MUM,495,34
SKU00671,Product 671,Books,WH-MUM,262,21
SKU00672,Product 672,Sports,WH-DEL,60,45
SKU00673,Product 673,Electronics,WH-DEL,388,43
SKU00674,Product 674,Books,WH-HYD,434,27
SKU00675,Product 675,Apparel,WH-PUN,236,15
SKU00676,Product 676,Books,WH-BLR,365,16
SKU00677,Product 677,Apparel,WH-HYD,62,32
SKU00678,Product 678,Books,WH-HYD,316,29
SKU00679,Product 679,Electronics,WH-BLR,198,13
SKU00680,Product 680,Books,WH-BLR,67,16
SKU00681,Product 681,Electronics,WH-HYD,68,43
SKU00682,Product 682,Beauty,WH-DEL,58,29
SKU00683,Product 683,Books,WH-BLR,90,18
SKU00684,Product 684,Beauty,WH-MUM,,43
SKU00685,Product 685,Sports,WH-DEL,278,15
SKU00686,Product 686,Home,WH-PUN,272,20
SKU00687,Product 687,Beauty,WH-BLR,12,11
SKU00688,Product 688,Home,WH-DEL,438,34
SKU00689,Product 689,Apparel,WH-HYD,176,20
SKU00690,Product 690,Beauty,WH-DEL,448,45
SKU00691,Product 691,Sports,WH-DEL,454,10
SKU00692,Product 692,Home,WH-BLR,294,16
SKU00693,Product 693,Electronics,WH-DEL,478,14
SKU00694,Product 694,Sports,WH-BLR,235,30
SKU00695,Product 695,Apparel,WH-HYD,32,50
SKU00696,Product 696,Apparel,WH-BLR,86,44
SKU00697,Product 697,Electronics,WH-DEL,333,23
SKU00698,Product 698,Beauty,WH-DEL,339,21
SKU00699,Product 699,Toys,WH-PUN,15,45
SKU00700,Product 700,Toys,WH-DEL,454,48
SKU00701,Product 701,Electronics,WH-DEL,159,27
SKU00702,Product 702,Sports,WH-HYD,198,15
SKU00703,Product 703,Books,WH-BLR,443,35
SKU00704,Product 704,Beauty,WH-HYD,18,19
SKU00705,Product 705,Beauty,WH-BLR,457,12
SKU00706,Product 706,Books,WH-MUM,323,33
SKU00707,Product 707,Books,WH-PUN,24,45
SKU00708,Product 708,Beauty,WH-BLR,3,32
SKU00709,Product 709,Apparel,WH-BLR,117,33
SKU00710,Product 710,Electronics,WH-HYD,13,21
SKU00711,Product 711,Apparel,WH-MUM,215,14
SKU00712,Product 712,Home,WH-PUN,18,27
SKU00713,Product 713,Electronics,WH-HYD,193,25
SKU00714,Product 714,Home,WH-DEL,18,31
SKU00715,Product 715,Apparel,WH-BLR,51,18
SKU00716,Product 716,Sports,WH-HYD,15,38
SKU00717,Product 717,Electronics,WH-PUN,103,19
SKU00718,Product 718,Electronics,WH-HYD,150,29
SKU00719,Product 719,Books,WH-BLR,47,31
SKU00720,Product 720,Books,WH-HYD,290,36
SKU00721,Product 721,Apparel,WH-BLR,172,46
SKU00722,Product 722,Apparel,WH-HYD,25,24
SKU00723,Product 723,Sports,WH-MUM,338,40
SKU00724,Product 724,Apparel,WH-BLR,142,48
SKU00725,Product 725,Sports,WH-MUM,51,42
SKU00726,Product 726,Books,WH-DEL,9,11
SKU00727,Product 727,Sports,WH-MUM,407,16
SKU00728,Product 728,Apparel,WH-HYD,200,41
SKU00729,Product 729,Electronics,WH-DEL,184,29
SKU00730,Product 730,Sports,WH-BLR,220,17
SKU00731,Product 731,Beauty,WH-MUM,137,10
SKU00732,Product 732,Toys,WH-DEL,494,24
SKU00733,Product 733,Home,WH-MUM,295,33
SKU00734,Product 734,Books,WH-MUM,261,34
SKU00735,Product 735,Books,WH-MUM,440,20
SKU00736,Product 736,Electronics,WH-PUN,30,16
SKU00737,Product 737,Books,WH-PUN,390,11
SKU00738,Product 738,Apparel,WH-BLR,71,10
SKU00739,Product 739,Beauty,WH-MUM,48,16
SKU00740,Product 740,Sports,WH-PUN,307,48
SKU00741,Product 741,Beauty,WH-DEL,3,48
SKU00742,Product 742,Toys,WH-HYD,57,32
SKU00743,Product 743,Beauty,WH-MUM,16,17
SKU00744,Product 744,Books,WH-PUN,470,20
SKU00745,Product 745,Toys,WH-HYD,199,40
SKU00746,Product 746,Home,WH-DEL,324,27
SKU00747,Product 747,Electronics,WH-HYD,205,20
SKU00748,Product 748,Apparel,WH-PUN,338,50
SKU00749,Product 749,Home,WH-BLR,484,48
SKU00750,Product 750,Beauty,WH-MUM,345,37
SKU00751,Product 751,Books,WH-PUN,275,50
SKU00752,Product 752,Toys,WH-BLR,255,10
SKU00753,Product 753,Electronics,WH-MUM,72,45
SKU00754,Product 754,Electronics,WH-DEL,248,24
SKU00755,Product 755,Toys,WH-MUM,196,24
SKU00756,Product 756,Beauty,WH-HYD,145,28
SKU00757,Product 757,Home,WH-MUM,45,19
SKU00758,Product 758,Books,WH-HYD,369,17
SKU00759,Product 759,Sports,WH-HYD,351,28
SKU00760,Product 760,Apparel,WH-DEL,172,28
SKU00761,Product 761,Sports,WH-MUM,186,32
SKU00762,Product 762,Sports,WH-DEL,7,13
SKU00763,Product 763,Books,WH-PUN,74,11
SKU00764,Product 764,Books,WH-PUN,218,32
SKU00765,Product 765,Beauty,WH-BLR,156,30
SKU00766,Product 766,Home,WH-BLR,217,38
SKU00767,Product 767,Apparel,WH-PUN,352,26
SKU00768,Product 768,Beauty,WH-DEL,104,12
SKU00769,Product 769,Toys,WH-PUN,488,11
SKU00770,Product 770,Sports,WH-BLR,289,26
SKU00771,Product 771,Electronics,WH-PUN,165,17
SKU00772,Product 772,Books,WH-HYD,135,29
SKU00773,Product 773,Electronics,WH-BLR,226,22
SKU00774,Product 774,Electronics,WH-HYD,214,28
SKU00775,Product 775,Beauty,WH-DEL,57,37
SKU00776,Product 776,Apparel,WH-BLR,6,33
SKU00777,Product 777,Home,WH-MUM,86,22
SKU00778,Product 778,Books,WH-DEL,338,22
SKU00779,Product 779,Books,WH-DEL,130,38
SKU00780,Product 780,Apparel,WH-BLR,215,44
SKU00781,Product 781,Sports,WH-MUM,14,29
SKU00782,Product 782,Electronics,WH-HYD,474,33
SKU00783,Product 783,Books,WH-DEL,136,16
SKU00784,Product 784,Apparel,WH-HYD,198,49
SKU00785,Product 785,Home,WH-PUN,18,27
SKU00786,Product 786,Apparel,WH-PUN,283,17
SKU00787,Product 787,Apparel,WH-PUN,228,23
SKU00788,Product 788,Toys,WH-PUN,108,35
SKU00789,Product 789,Books,WH-DEL,316,11
SKU00790,Product 790,Toys,WH-PUN,389,20
SKU00791,Product 791,Sports,WH-HYD,410,32
SKU00792,Product 792,Electronics,WH-BLR,222,13
SKU00793,Product 793,Toys,WH-HYD,400,28
SKU00794,Product 794,Home,WH-HYD,197,40
SKU00795,Product 795,Home,WH-HYD,192,45
SKU00796,Product 796,Home,WH-HYD,418,20
SKU00797,Product 797,Electronics,WH-PUN,169,26
SKU00798,Product 798,Home,WH-DEL,471,14
SKU00799,Product 799,Toys,WH-MUM,332,25
SKU00800,Product 800,Toys,WH-PUN,406,47
SKU00801,Product 801,Apparel,WH-MUM,289,39
SKU00802,Product 802,Electronics,WH-PUN,451,47
SKU00803,Product 803,Apparel,WH-PUN,452,37
SKU00804,Product 804,Electronics,WH-BLR,61,43
SKU00805,Product 805,Books,WH-MUM,176,16
SKU00806,Product 806,Apparel,WH-PUN,128,19
SKU00807,Product 807,Books,WH-MUM,165,19
SKU00808,Product 808,Apparel,WH-BLR,5,44
SKU00809,Product 809,Beauty,WH-MUM,389,46
SKU00810,Product 810,Sports,WH-DEL,60,46
SKU00811,Product 811,Toys,WH-PUN,405,12
SKU00812,Product 812,Home,WH-BLR,398,43
SKU00813,Product 813,Apparel,WH-PUN,438,12
SKU00814,Product 814,Toys,WH-MUM,435,22
SKU00815,Product 815,Beauty,WH-HYD,7,24
SKU00816,Product 816,Electronics,WH-PUN,455,24
SKU00817,Product 817,Toys,WH-DEL,,24
SKU00818,Product 818,Sports,WH-MUM,287,11
SKU00819,Product 819,Books,WH-HYD,53,50
SKU00820,Product 820,Beauty,WH-HYD,243,47
SKU00821,Product 821,Books,WH-DEL,72,47
SKU00822,Product 822,Toys,WH-DEL,,11
SKU00823,Product 823,Electronics,WH-HYD,168,16
SKU00824,Product 824,Beauty,WH-DEL,296,48
SKU00825,Product 825,Beauty,WH-MUM,181,29
SKU00826,Product 826,Books,WH-MUM,178,11
SKU00827,Product 827,Beauty,WH-PUN,435,17
SKU00828,Product 828,Home,WH-BLR,455,42
SKU00829,Product 829,Toys,WH-HYD,232,40
SKU00830,Product 830,Sports,WH-MUM,106,25
SKU00831,Product 831,Toys,WH-MUM,59,33
SKU00832,Product 832,Beauty,WH-HYD,211,48
SKU00833,Product 833,Sports,WH-HYD,161,49
SKU00834,Product 834,Sports,WH-HYD,83,21
SKU00835,Product 835,Beauty,WH-BLR,377,20
SKU00836,Product 836,Beauty,WH-BLR,366,20
SKU00837,Product 837,Home,WH-BLR,493,41
SKU00838,Product 838,Toys,WH-DEL,,22
SKU00839,Product 839,Toys,WH-PUN,346,15
SKU00840,Product 840,Books,WH-DEL,292,30
SKU00841,Product 841,Beauty,WH-MUM,209,16
SKU00842,Product 842,Home,WH-DEL,473,24
SKU00843,Product 843,Apparel,WH-DEL,157,38
SKU00844,Product 844,Sports,WH-BLR,203,19
SKU00845,Product 845,Sports,WH-PUN,486,38
SKU00846,Product 846,Toys,WH-PUN,196,15
SKU00847,Product 847,Books,WH-HYD,328,12
SKU00848,Product 848,Home,WH-DEL,477,47
SKU00849,Product 849,Beauty,WH-DEL,52,20
SKU00850,Product 850,Home,WH-BLR,348,25
SKU00851,Product 851,Books,WH-BLR,219,38
SKU00852,Product 852,Books,WH-BLR,128,39
SKU00853,Product 853,Sports,WH-DEL,127,14
SKU00854,Product 854,Electronics,WH-PUN,111,26
SKU00855,Product 855,Home,WH-DEL,98,22
SKU00856,Product 856,Toys,WH-HYD,176,17
SKU00857,Product 857,Beauty,WH-PUN,412,19
SKU00858,Product 858,Electronics,WH-DEL,211,16
SKU00859,Product 859,Home,WH-HYD,379,34
SKU00860,Product 860,Apparel,WH-DEL,473,38
SKU00861,Product 861,Home,WH-HYD,104,44
SKU00862,Product 862,Toys,WH-BLR,246,32
SKU00863,Product 863,Electronics,WH-MUM,159,30
SKU00864,Product 864,Home,WH-HYD,477,29
SKU00865,Product 865,Apparel,WH-DEL,231,16
SKU00866,Product 866,Beauty,WH-PUN,398,44
SKU00867,Product 867,Sports,WH-BLR,167,35
SKU00868,Product 868,Apparel,WH-HYD,206,50
SKU00869,Product 869,Electronics,WH-DEL,371,44
SKU00870,Product 870,Books,WH-PUN,444,48
SKU00871,Product 871,Apparel,WH-PUN,137,22
SKU00872,Product 872,Electronics,WH-MUM,23,45
SKU00873,Product 873,Home,WH-HYD,341,42
SKU00874,Product 874,Electronics,WH-HYD,376,33
SKU00875,Product 875,Beauty,WH-DEL,461,43
SKU00876,Product 876,Electronics,WH-MUM,271,14
SKU00877,Product 877,Books,WH-PUN,260,12
SKU00878,Product 878,Books,WH-BLR,384,28
SKU00879,Product 879,Beauty,WH-BLR,145,45
SKU00880,Product 880,Toys,WH-BLR,269,37
SKU00881,Product 881,Beauty,WH-BLR,33,26
SKU00882,Product 882,Beauty,WH-DEL,354,44
SKU00883,Product 883,Apparel,WH-HYD,234,22
SKU00884,Product 884,Home,WH-PUN,40,22
SKU00885,Product 885,Electronics,WH-PUN,353,15
SKU00886,Product 886,Beauty,WH-BLR,97,19
SKU00887,Product 887,Books,WH-BLR,301,43
SKU00888,Product 888,Electronics,WH-MUM,381,31
SKU00889,Product 889,Books,WH-BLR,3,10
SKU00890,Product 890,Books,WH-PUN,397,24
SKU00891,Product 891,Sports,WH-DEL,141,15
SKU00892,Product 892,Home,WH-HYD,205,36
SKU00893,Product 893,Sports,WH-BLR,130,40
SKU00894,Product 894,Sports,WH-HYD,101,45
SKU00895,Product 895,Electronics,WH-BLR,414,24
SKU00896,Product 896,Books,WH-HYD,474,18
SKU00897,Product 897,Books,WH-BLR,454,50
SKU00898,Product 898,Toys,WH-PUN,249,16
SKU00899,Product 899,Electronics,WH-MUM,285,32
SKU00900,Product 900,Apparel,WH-PUN,459,21
SKU00901,Product 901,Books,WH-PUN,186,44
SKU00902,Product 902,Electronics,WH-BLR,127,15
SKU00903,Product 903,Beauty,WH-HYD,102,14
SKU00904,Product 904,Electronics,WH-BLR,208,25
SKU00905,Product 905,Home,WH-DEL,257,40
SKU00906,Product 906,Sports,WH-HYD,388,35
SKU00907,Product 907,Apparel,WH-PUN,6,41
SKU00908,Product 908,Sports,WH-DEL,158,40
SKU00909,Product 909,Beauty,WH-MUM,81,43
SKU00910,Product 910,Electronics,WH-DEL,260,31
SKU00911,Product 911,Electronics,WH-BLR,355,47
SKU00912,Product 912,Beauty,WH-HYD,45,44
SKU00913,Product 913,Apparel,WH-PUN,38,42
SKU00914,Product 914,Apparel,WH-HYD,342,49
SKU00915,Product 915,Apparel,WH-PUN,324,44
SKU00916,Product 916,Books,WH-PUN,168,24
SKU00917,Product 917,Toys,WH-DEL,482,45
SKU00918,Product 918,Apparel,WH-BLR,457,38
SKU00919,Product 919,Sports,WH-DEL,330,27
SKU00920,Product 920,Sports,WH-MUM,217,25
SKU00921,Product 921,Home,WH-BLR,303,36
SKU00922,Product 922,Sports,WH-BLR,302,25
SKU00923,Product 923,Toys,WH-BLR,484,12
SKU00924,Product 924,Apparel,WH-MUM,224,42
SKU00925,Product 925,Electronics,WH-DEL,212,31
SKU00926,Product 926,Toys,WH-BLR,221,24
SKU00927,Product 927,Toys,WH-HYD,26,41
SKU00928,Product 928,Electronics,WH-DEL,282,46
SKU00929,Product 929,Beauty,WH-HYD,143,12
SKU00930,Product 930,Home,WH-DEL,43,19
SKU00931,Product 931,Electronics,WH-MUM,287,28
SKU00932,Product 932,Electronics,WH-BLR,224,12
SKU00933,Product 933,Sports,WH-BLR,,36
SKU00934,Product 934,Home,WH-PUN,65,38
SKU00935,Product 935,Sports,WH-MUM,157,35
SKU00936,Product 936,Apparel,WH-HYD,95,44
SKU00937,Product 937,Sports,WH-HYD,331,14
SKU00938,Product 938,Apparel,WH-BLR,245,38
SKU00939,Product 939,Beauty,WH-DEL,235,36
SKU00940,Product 940,Toys,WH-BLR,498,49
SKU00941,Product 941,Books,WH-MUM,448,50
SKU00942,Product 942,Books,WH-BLR,33,36
SKU00943,Product 943,Sports,WH-PUN,285,13
SKU00944,Product 944,Home,WH-HYD,218,28
SKU00945,Product 945,Books,WH-HYD,38,47
SKU00946,Product 946,Home,WH-BLR,280,36
SKU00947,Product 947,Books,WH-BLR,207,25
SKU00948,Product 948,Books,WH-MUM,243,36
SKU00949,Product 949,Electronics,WH-PUN,399,27
SKU00950,Product 950,Apparel,WH-MUM,181,40
SKU00951,Product 951,Beauty,WH-HYD,231,43
SKU00952,Product 952,Sports,WH-BLR,185,49
SKU00953,Product 953,Home,WH-PUN,141,24
SKU00954,Product 954,Electronics,WH-PUN,211,42
SKU00955,Product 955,Books,WH-BLR,466,38
SKU00956,Product 956,Home,WH-PUN,149,46
SKU00957,Product 957,Apparel,WH-BLR,462,49
SKU00958,Product 958,Beauty,WH-DEL,453,28
SKU00959,Product 959,Home,WH-MUM,66,30
SKU00960,Product 960,Apparel,WH-MUM,2,34
SKU00961,Product 961,Books,WH-DEL,254,19
SKU00962,Product 962,Beauty,WH-PUN,61,21
SKU00963,Product 963,Home,WH-PUN,316,45
SKU00964,Product 964,Electronics,WH-HYD,279,16
SKU00965,Product 965,Electronics,WH-BLR,370,38
SKU00966,Product 966,Beauty,WH-BLR,369,20
SKU00967,Product 967,Home,WH-DEL,301,24
SKU00968,Product 968,Toys,WH-PUN,427,11
SKU00969,Product 969,Apparel,WH-HYD,155,26
SKU00970,Product 970,Books,WH-BLR,46,37
SKU00971,Product 971,Toys,WH-PUN,312,10
SKU00972,Product 972,Books,WH-HYD,262,30
SKU00973,Product 973,Toys,WH-DEL,163,10
SKU00974,Product 974,Beauty,WH-DEL,268,49
SKU00975,Product 975,Sports,WH-HYD,422,10
SKU00976,Product 976,Beauty,WH-PUN,443,23
SKU00977,Product 977,Toys,WH-BLR,319,15
SKU00978,Product 978,Apparel,WH-PUN,120,29
SKU00979,Product 979,Apparel,WH-HYD,16,33
SKU00980,Product 980,Home,WH-BLR,301,32
SKU00981,Product 981,Electronics,WH-DEL,461,35
SKU00982,Product 982,Beauty,WH-MUM,191,33
SKU00983,Product 983,Beauty,WH-MUM,163,43
SKU00984,Product 984,Apparel,WH-BLR,193,45
SKU00985,Product 985,Electronics,WH-HYD,36,10
SKU00986,Product 986,Home,WH-HYD,401,13
SKU00987,Product 987,Home,WH-MUM,446,40
SKU00988,Product 988,Sports,WH-MUM,107,17
SKU00989,Product 989,Sports,WH-HYD,26,10
SKU00990,Product 990,Electronics,WH-HYD,398,34
SKU00991,Product 991,Electronics,WH-HYD,423,14
SKU00992,Product 992,Home,WH-BLR,337,15
SKU00993,Product 993,Beauty,WH-HYD,225,11
SKU00994,Product 994,Books,WH-BLR,411,28
SKU00995,Product 995,Books,WH-MUM,149,34
SKU00996,Product 996,Beauty,WH-PUN,307,15
SKU00997,Product 997,Electronics,WH-MUM,261,23
SKU00998,Product 998,Toys,WH-HYD,117,49
SKU00999,Product 999,Beauty,WH-MUM,499,39
SKU01000,Product 1000,Toys,WH-MUM,170,26
SKU01001,Product 1001,Toys,WH-DEL,201,34
SKU01002,Product 1002,Apparel,WH-MUM,284,21
SKU01003,Product 1003,Electronics,WH-MUM,213,22
SKU01004,Product 1004,Toys,WH-PUN,120,44
SKU01005,Product 1005,Toys,WH-MUM,80,48
SKU01006,Product 1006,Sports,WH-HYD,360,47
SKU01007,Product 1007,Beauty,WH-DEL,204,44
SKU01008,Product 1008,Toys,WH-DEL,360,42
SKU01009,Product 1009,Toys,WH-MUM,238,43
SKU01010,Product 1010,Electronics,WH-MUM,284,16
SKU01011,Product 1011,Books,WH-DEL,148,22
SKU01012,Product 1012,Apparel,WH-MUM,214,43
SKU01013,Product 1013,Home,WH-MUM,227,16
SKU01014,Product 1014,Toys,WH-HYD,70,17
SKU01015,Product 1015,Sports,WH-BLR,464,38
SKU01016,Product 1016,Electronics,WH-BLR,313,20
SKU01017,Product 1017,Books,WH-PUN,335,23
SKU01018,Product 1018,Electronics,WH-PUN,450,28
SKU01019,Product 1019,Apparel,WH-DEL,150,20
SKU01020,Product 1020,Toys,WH-BLR,43,27
SKU01021,Product 1021,Books,WH-MUM,435,31
SKU01022,Product 1022,Beauty,WH-PUN,425,49
SKU01023,Product 1023,Electronics,WH-DEL,305,40
SKU01024,Product 1024,Home,WH-HYD,94,34
SKU01025,Product 1025,Toys,WH-PUN,400,41
SKU01026,Product 1026,Apparel,WH-DEL,67,34
SKU01027,Product 1027,Apparel,WH-HYD,328,32
SKU01028,Product 1028,Toys,WH-PUN,228,22
SKU01029,Product 1029,Books,WH-DEL,226,33
SKU01030,Product 1030,Toys,WH-DEL,55,28
SKU01031,Product 1031,Apparel,WH-HYD,50,41
SKU01032,Product 1032,Beauty,WH-HYD,233,41
SKU01033,Product 1033,Home,WH-PUN,310,22
SKU01034,Product 1034,Apparel,WH-BLR,380,27
SKU01035,Product 1035,Sports,WH-HYD,445,40
SKU01036,Product 1036,Beauty,WH-DEL,111,47
SKU01037,Product 1037,Beauty,WH-MUM,215,31
SKU01038,Product 1038,Beauty,WH-PUN,399,17
SKU01039,Product 1039,Apparel,WH-DEL,414,48
SKU01040,Product 1040,Home,WH-MUM,156,11
SKU01041,Product 1041,Apparel,WH-PUN,472,49
SKU01042,Product 1042,Books,WH-MUM,452,29
SKU01043,Product 1043,Sports,WH-PUN,104,18
SKU01044,Product 1044,Toys,WH-PUN,193,38
SKU01045,Product 1045,Sports,WH-MUM,206,17
SKU01046,Product 1046,Books,WH-HYD,120,34
SKU01047,Product 1047,Home,WH-PUN,249,43
SKU01048,Product 1048,Toys,WH-PUN,218,48
SKU01049,Product 1049,Beauty,WH-PUN,298,10
SKU01050,Product 1050,Toys,WH-HYD,265,43
SKU01051,Product 1051,Apparel,WH-PUN,217,15
SKU01052,Product 1052,Home,WH-DEL,488,44
SKU01053,Product 1053,Apparel,WH-MUM,354,47
SKU01054,Product 1054,Books,WH-PUN,19,28
SKU01055,Product 1055,Electronics,WH-MUM,312,28
SKU01056,Product 1056,Beauty,WH-MUM,133,21
SKU01057,Product 1057,Electronics,WH-HYD,234,18
SKU01058,Product 1058,Home,WH-MUM,185,31
SKU01059,Product 1059,Apparel,WH-HYD,371,45
SKU01060,Product 1060,Electronics,WH-DEL,210,48
SKU01061,Product 1061,Home,WH-HYD,171,20
SKU01062,Product 1062,Beauty,WH-MUM,281,13
SKU01063,Product 1063,Home,WH-DEL,233,49
SKU01064,Product 1064,Sports,WH-DEL,125,26
SKU01065,Product 1065,Toys,WH-DEL,195,25
SKU01066,Product 1066,Sports,WH-BLR,229,45
SKU01067,Product 1067,Electronics,WH-BLR,481,30
SKU01068,Product 1068,Sports,WH-PUN,211,48
SKU01069,Product 1069,Electronics,WH-DEL,352,45
SKU01070,Product 1070,Books,WH-MUM,333,44
SKU01071,Product 1071,Beauty,WH-HYD,253,10
SKU01072,Product 1072,Books,WH-HYD,456,32
SKU01073,Product 1073,Electronics,WH-BLR,15,46
SKU01074,Product 1074,Books,WH-PUN,334,23
SKU01075,Product 1075,Toys,WH-PUN,429,50
SKU01076,Product 1076,Home,WH-HYD,88,38
SKU01077,Product 1077,Sports,WH-HYD,428,29
SKU01078,Product 1078,Books,WH-HYD,395,25
SKU01079,Product 1079,Toys,WH-HYD,47,40
SKU01080,Product 1080,Sports,WH-HYD,34,21
SKU01081,Product 1081,Beauty,WH-HYD,208,43
SKU01082,Product 1082,Electronics,WH-HYD,210,24
SKU01083,Product 1083,Apparel,WH-PUN,407,35
SKU01084,Product 1084,Toys,WH-PUN,106,17
SKU01085,Product 1085,Electronics,WH-BLR,123,19
SKU01086,Product 1086,Toys,WH-HYD,381,18
SKU01087,Product 1087,Books,WH-PUN,155,43
SKU01088,Product 1088,Home,WH-DEL,215,49
SKU01089,Product 1089,Beauty,WH-HYD,129,33
SKU01090,Product 1090,Toys,WH-MUM,414,46
SKU01091,Product 1091,Beauty,WH-DEL,249,30
SKU01092,Product 1092,Beauty,WH-MUM,115,27
SKU01093,Product 1093,Toys,WH-BLR,493,26
SKU01094,Product 1094,Sports,WH-MUM,494,28
SKU01095,Product 1095,Apparel,WH-DEL,52,39
SKU01096,Product 1096,Apparel,WH-DEL,194,44
SKU01097,Product 1097,Electronics,WH-DEL,333,21
SKU01098,Product 1098,Sports,WH-PUN,442,25
SKU01099,Product 1099,Home,WH-PUN,459,20
SKU01100,Product 1100,Electronics,WH-DEL,272,47
SKU01101,Product 1101,Toys,WH-DEL,83,32
SKU01102,Product 1102,Toys,WH-HYD,126,30
SKU01103,Product 1103,Home,WH-MUM,13,35
SKU01104,Product 1104,Sports,WH-HYD,,49
SKU01105,Product 1105,Sports,WH-DEL,214,12
SKU01106,Product 1106,Electronics,WH-PUN,474,20
SKU01107,Product 1107,Apparel,WH-BLR,448,15
SKU01108,Product 1108,Home,WH-BLR,402,29
SKU01109,Product 1109,Home,WH-DEL,7,30
SKU01110,Product 1110,Beauty,WH-MUM,326,42
SKU01111,Product 1111,Home,WH-BLR,353,39
SKU01112,Product 1112,Sports,WH-HYD,216,15
SKU01113,Product 1113,Toys,WH-BLR,333,40
SKU01114,Product 1114,Toys,WH-PUN,229,22
SKU01115,Product 1115,Apparel,WH-BLR,411,25
SKU01116,Product 1116,Home,WH-HYD,424,49
SKU01117,Product 1117,Apparel,WH-DEL,159,15
SKU01118,Product 1118,Home,WH-MUM,282,30
SKU01119,Product 1119,Beauty,WH-HYD,229,15
SKU01120,Product 1120,Beauty,WH-BLR,,46
SKU01121,Product 1121,Toys,WH-MUM,430,13
SKU01122,Product 1122,Beauty,WH-MUM,374,14
SKU01123,Product 1123,Apparel,WH-DEL,7,44
SKU01124,Product 1124,Electronics,WH-HYD,157,25
SKU01125,Product 1125,Apparel,WH-HYD,342,33
SKU01126,Product 1126,Apparel,WH-BLR,423,26
SKU01127,Product 1127,Beauty,WH-MUM,324,33
SKU01128,Product 1128,Beauty,WH-DEL,144,18
SKU01129,Product 1129,Books,WH-DEL,418,24
SKU01130,Product 1130,Toys,WH-PUN,389,27
SKU01131,Product 1131,Beauty,WH-HYD,377,21
SKU01132,Product 1132,Home,WH-MUM,223,13
SKU01133,Product 1133,Toys,WH-PUN,38,42
SKU01134,Product 1134,Apparel,WH-PUN,316,48
SKU01135,Product 1135,Home,WH-BLR,58,31
SKU01136,Product 1136,Home,WH-MUM,108,21
SKU01137,Product 1137,Books,WH-HYD,175,18
SKU01138,Product 1138,Sports,WH-HYD,424,10
SKU01139,Product 1139,Books,WH-PUN,254,15
SKU01140,Product 1140,Toys,WH-BLR,427,42
SKU01141,Product 1141,Books,WH-HYD,145,31
SKU01142,Product 1142,Electronics,WH-BLR,433,26
SKU01143,Product 1143,Electronics,WH-HYD,396,27
SKU01144,Product 1144,Electronics,WH-PUN,316,30
SKU01145,Product 1145,Home,WH-PUN,9,18
SKU01146,Product 1146,Home,WH-DEL,342,32
SKU01147,Product 1147,Home,WH-MUM,343,36
SKU01148,Product 1148,Home,WH-DEL,364,18
SKU01149,Product 1149,Beauty,WH-PUN,30,11
SKU01150,Product 1150,Books,WH-HYD,338,16
SKU01151,Product 1151,Sports,WH-MUM,49,47
SKU01152,Product 1152,Apparel,WH-HYD,232,19
SKU01153,Product 1153,Home,WH-BLR,,10
SKU01154,Product 1154,Electronics,WH-MUM,118,44
SKU01155,Product 1155,Beauty,WH-MUM,139,24
SKU01156,Product 1156,Toys,WH-PUN,494,26
SKU01157,Product 1157,Toys,WH-BLR,138,45
SKU01158,Product 1158,Books,WH-MUM,8,26
SKU01159,Product 1159,Electronics,WH-DEL,344,47
SKU01160,Product 1160,Toys,WH-BLR,84,16
SKU01161,Product 1161,Home,WH-DEL,294,40
SKU01162,Product 1162,Beauty,WH-BLR,286,10
SKU01163,Product 1163,Toys,WH-MUM,450,22
SKU01164,Product 1164,Electronics,WH-DEL,297,25
SKU01165,Product 1165,Home,WH-BLR,388,21
SKU01166,Product 1166,Sports,WH-BLR,381,34
SKU01167,Product 1167,Electronics,WH-MUM,72,33
SKU01168,Product 1168,Books,WH-MUM,393,32
SKU01169,Product 1169,Books,WH-HYD,480,19
SKU01170,Product 1170,Sports,WH-MUM,454,48
SKU01171,Product 1171,Home,WH-HYD,254,32
SKU01172,Product 1172,Beauty,WH-PUN,375,24
SKU01173,Product 1173,Toys,WH-BLR,427,48
SKU01174,Product 1174,Sports,WH-PUN,124,28
SKU01175,Product 1175,Electronics,WH-DEL,106,47
SKU01176,Product 1176,Home,WH-DEL,349,44
SKU01177,Product 1177,Sports,WH-PUN,,32
SKU01178,Product 1178,Beauty,WH-PUN,390,38
SKU01179,Product 1179,Apparel,WH-PUN,271,10
SKU01180,Product 1180,Toys,WH-PUN,347,31
SKU01181,Product 1181,Apparel,WH-PUN,246,25
SKU01182,Product 1182,Beauty,WH-PUN,309,22
SKU01183,Product 1183,Books,WH-DEL,6,45
SKU01184,Product 1184,Sports,WH-HYD,308,33
SKU01185,Product 1185,Books,WH-PUN,323,43
SKU01186,Product 1186,Beauty,WH-DEL,149,38
SKU01187,Product 1187,Home,WH-MUM,385,36
SKU01188,Product 1188,Books,WH-MUM,80,34
SKU01189,Product 1189,Books,WH-HYD,,10
SKU01190,Product 1190,Apparel,WH-BLR,458,38
SKU01191,Product 1191,Sports,WH-PUN,50,38
SKU01192,Product 1192,Sports,WH-HYD,182,31
SKU01193,Product 1193,Toys,WH-PUN,27,45
SKU01194,Product 1194,Toys,WH-DEL,,18
SKU01195,Product 1195,Beauty,WH-MUM,17,18
SKU01196,Product 1196,Home,WH-HYD,23,47
SKU01197,Product 1197,Electronics,WH-HYD,466,28
SKU01198,Product 1198,Sports,WH-DEL,106,50
SKU01199,Product 1199,Toys,WH-MUM,204,44
SKU01200,Product 1200,Beauty,WH-HYD,128,22
SKU01201,Product 1201,Apparel,WH-DEL,314,19
SKU01202,Product 1202,Books,WH-MUM,152,27
SKU01203,Product 1203,Books,WH-HYD,6,25
SKU01204,Product 1204,Electronics,WH-PUN,325,40
SKU01205,Product 1205,Sports,WH-PUN,41,10
SKU01206,Product 1206,Electronics,WH-BLR,61,13
SKU01207,Product 1207,Apparel,WH-HYD,387,41
SKU01208,Product 1208,Apparel,WH-PUN,465,14
SKU01209,Product 1209,Beauty,WH-PUN,376,50
SKU01210,Product 1210,Apparel,WH-HYD,129,15
SKU01211,Product 1211,Toys,WH-HYD,326,36
SKU01212,Product 1212,Beauty,WH-MUM,339,40
SKU01213,Product 1213,Electronics,WH-HYD,33,46
SKU01214,Product 1214,Home,WH-BLR,112,38
SKU01215,Product 1215,Beauty,WH-MUM,174,18
SKU01216,Product 1216,Books,WH-DEL,358,44
SKU01217,Product 1217,Electronics,WH-BLR,126,10
SKU01218,Product 1218,Electronics,WH-DEL,333,34
SKU01219,Product 1219,Books,WH-PUN,40,24
SKU01220,Product 1220,Electronics,WH-MUM,91,20
SKU01221,Product 1221,Electronics,WH-DEL,291,41
SKU01222,Product 1222,Electronics,WH-HYD,151,34
SKU01223,Product 1223,Books,WH-MUM,364,23
SKU01224,Product 1224,Electronics,WH-PUN,486,34
SKU01225,Product 1225,Toys,WH-MUM,12,19
SKU01226,Product 1226,Toys,WH-BLR,284,16
SKU01227,Product 1227,Beauty,WH-BLR,203,23
SKU01228,Product 1228,Toys,WH-MUM,66,34
SKU01229,Product 1229,Books,WH-MUM,428,27
SKU01230,Product 1230,Electronics,WH-DEL,242,34
SKU01231,Product 1231,Toys,WH-HYD,24,13
SKU01232,Product 1232,Beauty,WH-BLR,220,41
SKU01233,Product 1233,Beauty,WH-PUN,464,44
SKU01234,Product 1234,Sports,WH-BLR,453,14
SKU01235,Product 1235,Electronics,WH-PUN,130,17
SKU01236,Product 1236,Electronics,WH-HYD,20,20
SKU01237,Product 1237,Sports,WH-DEL,412,42
SKU01238,Product 1238,Home,WH-HYD,338,49
SKU01239,Product 1239,Toys,WH-PUN,414,12
SKU01240,Product 1240,Electronics,WH-DEL,371,39
SKU01241,Product 1241,Books,WH-MUM,31,35
SKU01242,Product 1242,Beauty,WH-HYD,138,31
SKU01243,Product 1243,Books,WH-MUM,276,39
SKU01244,Product 1244,Home,WH-HYD,387,47
SKU01245,Product 1245,Apparel,WH-BLR,10,35
SKU01246,Product 1246,Beauty,WH-MUM,321,50
SKU01247,Product 1247,Toys,WH-MUM,301,41
SKU01248,Product 1248,Sports,WH-DEL,477,11
SKU01249,Product 1249,Sports,WH-PUN,418,49
SKU01250,Product 1250,Toys,WH-BLR,298,40
SKU01251,Product 1251,Home,WH-PUN,270,35
SKU01252,Product 1252,Apparel,WH-BLR,161,12
SKU01253,Product 1253,Electronics,WH-MUM,275,30
SKU01254,Product 1254,Apparel,WH-BLR,429,26
SKU01255,Product 1255,Apparel,WH-DEL,449,26
SKU01256,Product 1256,Toys,WH-PUN,313,21
SKU01257,Product 1257,Toys,WH-HYD,13,12
SKU01258,Product 1258,Electronics,WH-BLR,1,35
SKU01259,Product 1259,Toys,WH-HYD,487,32
SKU01260,Product 1260,Home,WH-HYD,172,32
SKU01261,Product 1261,Toys,WH-PUN,103,37
SKU01262,Product 1262,Home,WH-DEL,412,37
SKU01263,Product 1263,Sports,WH-BLR,107,31
SKU01264,Product 1264,Electronics,WH-DEL,,40
SKU01265,Product 1265,Toys,WH-BLR,437,50
SKU01266,Product 1266,Electronics,WH-BLR,103,32
SKU01267,Product 1267,Apparel,WH-DEL,259,40
SKU01268,Product 1268,Apparel,WH-HYD,410,24
SKU01269,Product 1269,Apparel,WH-DEL,350,44
SKU01270,Product 1270,Electronics,WH-MUM,392,45
SKU01271,Product 1271,Toys,WH-DEL,477,44
SKU01272,Product 1272,Books,WH-PUN,455,37
SKU01273,Product 1273,Books,WH-DEL,450,16
SKU01274,Product 1274,Toys,WH-MUM,85,42
SKU01275,Product 1275,Home,WH-MUM,10,24
SKU01276,Product 1276,Beauty,WH-MUM,30,39
SKU01277,Product 1277,Beauty,WH-BLR,472,15
SKU01278,Product 1278,Apparel,WH-HYD,51,16
SKU01279,Product 1279,Beauty,WH-PUN,359,16
SKU01280,Product 1280,Sports,WH-PUN,0,16
SKU01281,Product 1281,Toys,WH-HYD,493,36
SKU01282,Product 1282,Beauty,WH-BLR,460,33
SKU01283,Product 1283,Electronics,WH-MUM,65,19
SKU01284,Product 1284,Beauty,WH-HYD,477,22
SKU01285,Product 1285,Books,WH-HYD,423,17
SKU01286,Product 1286,Electronics,WH-HYD,37,10
SKU01287,Product 1287,Beauty,WH-PUN,479,36
SKU01288,Product 1288,Books,WH-HYD,269,27
SKU01289,Product 1289,Books,WH-MUM,214,16
SKU01290,Product 1290,Beauty,WH-BLR,148,32
SKU01291,Product 1291,Sports,WH-MUM,447,37
SKU01292,Product 1292,Sports,WH-MUM,281,22
SKU01293,Product 1293,Beauty,WH-MUM,325,21
SKU01294,Product 1294,Home,WH-BLR,,30
SKU01295,Product 1295,Beauty,WH-HYD,235,44
SKU01296,Product 1296,Toys,WH-PUN,298,50
SKU01297,Product 1297,Beauty,WH-HYD,355,24
SKU01298,Product 1298,Books,WH-PUN,,33
SKU01299,Product 1299,Beauty,WH-HYD,45,12
SKU01300,Product 1300,Books,WH-BLR,114,25
SKU01301,Product 1301,Beauty,WH-DEL,336,16
SKU01302,Product 1302,Books,WH-DEL,135,49
SKU01303,Product 1303,Home,WH-DEL,,38
SKU01304,Product 1304,Books,WH-DEL,407,32
SKU01305,Product 1305,Toys,WH-DEL,329,49
SKU01306,Product 1306,Beauty,WH-BLR,312,19
SKU01307,Product 1307,Electronics,WH-MUM,114,41
SKU01308,Product 1308,Beauty,WH-BLR,466,31
SKU01309,Product 1309,Sports,WH-HYD,367,14
SKU01310,Product 1310,Electronics,WH-MUM,359,50
SKU01311,Product 1311,Books,WH-PUN,493,32
SKU01312,Product 1312,Books,WH-BLR,351,24
SKU01313,Product 1313,Toys,WH-PUN,411,28
SKU01314,Product 1314,Beauty,WH-BLR,46,47
SKU01315,Product 1315,Toys,WH-DEL,349,37
SKU01316,Product 1316,Sports,WH-PUN,94,15
SKU01317,Product 1317,Books,WH-HYD,164,35
SKU01318,Product 1318,Books,WH-BLR,27,11
SKU01319,Product 1319,Sports,WH-PUN,496,13
SKU01320,Product 1320,Electronics,WH-PUN,179,23
SKU01321,Product 1321,Apparel,WH-MUM,134,46
SKU01322,Product 1322,Beauty,WH-BLR,104,30
SKU01323,Product 1323,Sports,WH-DEL,222,43
SKU01324,Product 1324,Beauty,WH-PUN,255,50
SKU01325,Product 1325,Toys,WH-BLR,470,28
SKU01326,Product 1326,Apparel,WH-MUM,249,26
SKU01327,Product 1327,Books,WH-HYD,48,39
SKU01328,Product 1328,Apparel,WH-DEL,198,44
SKU01329,Product 1329,Books,WH-MUM,251,25
SKU01330,Product 1330,Sports,WH-HYD,10,28
SKU01331,Product 1331,Home,WH-BLR,255,48
SKU01332,Product 1332,Apparel,WH-BLR,327,35
SKU01333,Product 1333,Apparel,WH-MUM,270,43
SKU01334,Product 1334,Electronics,WH-PUN,247,50
SKU01335,Product 1335,Sports,WH-MUM,88,16
SKU01336,Product 1336,Books,WH-BLR,215,45
SKU01337,Product 1337,Sports,WH-DEL,363,45
SKU01338,Product 1338,Home,WH-MUM,159,43
SKU01339,Product 1339,Apparel,WH-HYD,404,18
SKU01340,Product 1340,Beauty,WH-BLR,224,24
SKU01341,Product 1341,Toys,WH-BLR,52,31
SKU01342,Product 1342,Electronics,WH-BLR,266,45
SKU01343,Product 1343,Beauty,WH-HYD,466,35
SKU01344,Product 1344,Home,WH-DEL,114,26
SKU01345,Product 1345,Electronics,WH-PUN,408,38
SKU01346,Product 1346,Toys,WH-MUM,499,26
SKU01347,Product 1347,Beauty,WH-HYD,471,31
SKU01348,Product 1348,Apparel,WH-BLR,366,29
SKU01349,Product 1349,Toys,WH-PUN,205,35
SKU01350,Product 1350,Toys,WH-MUM,264,17
SKU01351,Product 1351,Sports,WH-BLR,211,14
SKU01352,Product 1352,Home,WH-DEL,244,39
SKU01353,Product 1353,Apparel,WH-MUM,53,19
SKU01354,Product 1354,Sports,WH-MUM,322,30
SKU01355,Product 1355,Home,WH-HYD,,11
SKU01356,Product 1356,Books,WH-MUM,364,10
SKU01357,Product 1357,Electronics,WH-MUM,320,38
SKU01358,Product 1358,Home,WH-MUM,,43
SKU01359,Product 1359,Electronics,WH-HYD,488,36
SKU01360,Product 1360,Home,WH-PUN,214,39
SKU01361,Product 1361,Home,WH-DEL,265,24
SKU01362,Product 1362,Books,WH-BLR,279,17
SKU01363,Product 1363,Beauty,WH-HYD,91,12
SKU01364,Product 1364,Sports,WH-BLR,253,22
SKU01365,Product 1365,Sports,WH-MUM,179,44
SKU01366,Product 1366,Books,WH-BLR,90,26
SKU01367,Product 1367,Apparel,WH-MUM,185,44
SKU01368,Product 1368,Electronics,WH-HYD,274,10
SKU01369,Product 1369,Apparel,WH-MUM,339,25
SKU01370,Product 1370,Electronics,WH-HYD,158,37
SKU01371,Product 1371,Toys,WH-MUM,358,29
SKU01372,Product 1372,Electronics,WH-MUM,208,16
SKU01373,Product 1373,Books,WH-PUN,52,16
SKU01374,Product 1374,Books,WH-DEL,16,28
SKU01375,Product 1375,Toys,WH-HYD,344,24
SKU01376,Product 1376,Books,WH-DEL,290,50
SKU01377,Product 1377,Toys,WH-PUN,86,42
SKU01378,Product 1378,Books,WH-BLR,419,30
SKU01379,Product 1379,Home,WH-MUM,266,45
SKU01380,Product 1380,Books,WH-DEL,458,16
SKU01381,Product 1381,Beauty,WH-HYD,68,14
SKU01382,Product 1382,Beauty,WH-HYD,69,16
SKU01383,Product 1383,Home,WH-HYD,468,42
SKU01384,Product 1384,Apparel,WH-PUN,173,10
SKU01385,Product 1385,Sports,WH-DEL,426,38
SKU01386,Product 1386,Home,WH-HYD,144,46
SKU01387,Product 1387,Home,WH-DEL,465,43
SKU01388,Product 1388,Books,WH-BLR,1,11
SKU01389,Product 1389,Toys,WH-PUN,406,48
SKU01390,Product 1390,Apparel,WH-BLR,375,46
SKU01391,Product 1391,Electronics,WH-HYD,325,26
SKU01392,Product 1392,Electronics,WH-PUN,423,49
SKU01393,Product 1393,Beauty,WH-MUM,391,45
SKU01394,Product 1394,Home,WH-DEL,383,19
SKU01395,Product 1395,Sports,WH-BLR,355,39
SKU01396,Product 1396,Home,WH-MUM,215,18
SKU01397,Product 1397,Beauty,WH-MUM,420,45
SKU01398,Product 1398,Apparel,WH-PUN,231,10
SKU01399,Product 1399,Apparel,WH-BLR,475,45
SKU01400,Product 1400,Beauty,WH-MUM,449,36
SKU01401,Product 1401,Beauty,WH-DEL,91,10
SKU01402,Product 1402,Electronics,WH-MUM,283,47
SKU01403,Product 1403,Electronics,WH-DEL,278,43
SKU01404,Product 1404,Sports,WH-PUN,393,10
SKU01405,Product 1405,Electronics,WH-BLR,,10
SKU01406,Product 1406,Home,WH-BLR,0,39
SKU01407,Product 1407,Apparel,WH-PUN,275,35
SKU01408,Product 1408,Sports,WH-HYD,443,50
SKU01409,Product 1409,Toys,WH-BLR,82,13
SKU01410,Product 1410,Toys,WH-BLR,465,10
SKU01411,Product 1411,Electronics,WH-DEL,232,44
SKU01412,Product 1412,Toys,WH-HYD,32,46
SKU01413,Product 1413,Apparel,WH-BLR,377,23
SKU01414,Product 1414,Books,WH-PUN,447,39
SKU01415,Product 1415,Books,WH-HYD,193,20
SKU01416,Product 1416,Home,WH-MUM,57,14
SKU01417,Product 1417,Toys,WH-DEL,178,47
SKU01418,Product 1418,Electronics,WH-HYD,287,10
SKU01419,Product 1419,Toys,WH-BLR,429,39
SKU01420,Product 1420,Apparel,WH-PUN,375,20
SKU01421,Product 1421,Toys,WH-PUN,425,29
SKU01422,Product 1422,Toys,WH-BLR,434,45
SKU01423,Product 1423,Apparel,WH-MUM,209,44
SKU01424,Product 1424,Toys,WH-BLR,393,29
SKU01425,Product 1425,Apparel,WH-HYD,298,22
SKU01426,Product 1426,Sports,WH-PUN,286,41
SKU01427,Product 1427,Books,WH-MUM,330,49
SKU01428,Product 1428,Home,WH-PUN,165,15
SKU01429,Product 1429,Sports,WH-BLR,27,24
SKU01430,Product 1430,Apparel,WH-MUM,481,33
SKU01431,Product 1431,Sports,WH-PUN,434,32
SKU01432,Product 1432,Toys,WH-BLR,233,42
SKU01433,Product 1433,Apparel,WH-MUM,332,35
SKU01434,Product 1434,Apparel,WH-PUN,335,48
SKU01435,Product 1435,Beauty,WH-DEL,49,48
SKU01436,Product 1436,Home,WH-MUM,13,45
SKU01437,Product 1437,Home,WH-BLR,249,11
SKU01438,Product 1438,Books,WH-BLR,357,47
SKU01439,Product 1439,Electronics,WH-MUM,209,47
SKU01440,Product 1440,Books,WH-DEL,307,49
SKU01441,Product 1441,Electronics,WH-HYD,152,39
SKU01442,Product 1442,Home,WH-BLR,289,12
SKU01443,Product 1443,Beauty,WH-PUN,95,42
SKU01444,Product 1444,Books,WH-DEL,314,27
SKU01445,Product 1445,Toys,WH-MUM,168,44
SKU01446,Product 1446,Toys,WH-DEL,41,45
SKU01447,Product 1447,Sports,WH-DEL,487,40
SKU01448,Product 1448,Apparel,WH-PUN,320,27
SKU01449,Product 1449,Toys,WH-PUN,172,29
SKU01450,Product 1450,Books,WH-HYD,274,27
SKU01451,Product 1451,Home,WH-DEL,300,12
SKU01452,Product 1452,Toys,WH-BLR,295,36
SKU01453,Product 1453,Sports,WH-PUN,94,35
SKU01454,Product 1454,Books,WH-PUN,177,11
SKU01455,Product 1455,Beauty,WH-BLR,453,11
SKU01456,Product 1456,Electronics,WH-PUN,424,50
SKU01457,Product 1457,Electronics,WH-MUM,338,39
SKU01458,Product 1458,Electronics,WH-DEL,410,46
SKU01459,Product 1459,Beauty,WH-MUM,462,23
SKU01460,Product 1460,Toys,WH-MUM,493,38
SKU01461,Product 1461,Books,WH-BLR,164,49
SKU01462,Product 1462,Home,WH-MUM,65,33
SKU01463,Product 1463,Books,WH-HYD,447,42
SKU01464,Product 1464,Books,WH-PUN,12,27
SKU01465,Product 1465,Toys,WH-PUN,217,10
SKU01466,Product 1466,Electronics,WH-MUM,0,45
SKU01467,Product 1467,Apparel,WH-BLR,56,34
SKU01468,Product 1468,Apparel,WH-MUM,438,21
SKU01469,Product 1469,Home,WH-PUN,,28
SKU01470,Product 1470,Beauty,WH-DEL,401,10
SKU01471,Product 1471,Home,WH-DEL,69,46
SKU01472,Product 1472,Electronics,WH-HYD,354,38
SKU01473,Product 1473,Apparel,WH-MUM,462,27
SKU01474,Product 1474,Beauty,WH-DEL,399,49
SKU01475,Product 1475,Home,WH-HYD,,41
SKU01476,Product 1476,Apparel,WH-MUM,459,44
SKU01477,Product 1477,Beauty,WH-MUM,245,39
SKU01478,Product 1478,Apparel,WH-DEL,197,44
SKU01479,Product 1479,Home,WH-HYD,108,18
SKU01480,Product 1480,Sports,WH-PUN,342,11
SKU01481,Product 1481,Sports,WH-DEL,483,13
SKU01482,Product 1482,Books,WH-HYD,18,25
SKU01483,Product 1483,Books,WH-HYD,136,29
SKU01484,Product 1484,Toys,WH-DEL,321,42
SKU01485,Product 1485,Toys,WH-MUM,7,18
SKU01486,Product 1486,Books,WH-BLR,23,20
SKU01487,Product 1487,Electronics,WH-MUM,99,46
SKU01488,Product 1488,Home,WH-HYD,244,25
SKU01489,Product 1489,Toys,WH-HYD,109,45
SKU01490,Product 1490,Books,WH-BLR,396,42
SKU01491,Product 1491,Beauty,WH-HYD,434,32
SKU01492,Product 1492,Beauty,WH-MUM,490,32
SKU01493,Product 1493,Apparel,WH-MUM,177,42
SKU01494,Product 1494,Sports,WH-MUM,211,34
SKU01495,Product 1495,Sports,WH-MUM,448,11
SKU01496,Product 1496,Beauty,WH-HYD,371,27
SKU01497,Product 1497,Sports,WH-HYD,,43
SKU01498,Product 1498,Books,WH-HYD,85,29
SKU01499,Product 1499,Sports,WH-HYD,447,17
SKU01500,Product 1500,Electronics,WH-DEL,114,13
SKU01501,Product 1501,Home,WH-MUM,89,26
SKU01502,Product 1502,Books,WH-MUM,207,31
SKU01503,Product 1503,Apparel,WH-BLR,434,28
SKU01504,Product 1504,Sports,WH-PUN,227,32
SKU01505,Product 1505,Sports,WH-MUM,69,50
SKU01506,Product 1506,Sports,WH-MUM,320,28
SKU01507,Product 1507,Electronics,WH-MUM,233,17
SKU01508,Product 1508,Books,WH-MUM,352,33
SKU01509,Product 1509,Home,WH-HYD,18,23
SKU01510,Product 1510,Apparel,WH-HYD,391,12
SKU01511,Product 1511,Sports,WH-MUM,218,16
SKU01512,Product 1512,Electronics,WH-PUN,436,16
SKU01513,Product 1513,Beauty,WH-DEL,302,22
SKU01514,Product 1514,Books,WH-HYD,273,33
SKU01515,Product 1515,Sports,WH-MUM,335,30
SKU01516,Product 1516,Home,WH-BLR,288,21
SKU01517,Product 1517,Sports,WH-DEL,294,22
SKU01518,Product 1518,Books,WH-BLR,126,28
SKU01519,Product 1519,Sports,WH-PUN,39,39
SKU01520,Product 1520,Beauty,WH-DEL,433,15
SKU01521,Product 1521,Electronics,WH-DEL,266,34
SKU01522,Product 1522,Books,WH-HYD,226,28
SKU01523,Product 1523,Toys,WH-BLR,481,34
SKU01524,Product 1524,Toys,WH-MUM,26,44
SKU01525,Product 1525,Electronics,WH-PUN,319,43
SKU01526,Product 1526,Sports,WH-BLR,169,38
SKU01527,Product 1527,Home,WH-BLR,50,36
SKU01528,Product 1528,Toys,WH-MUM,293,40
SKU01529,Product 1529,Sports,WH-BLR,129,50
SKU01530,Product 1530,Toys,WH-HYD,156,34
SKU01531,Product 1531,Sports,WH-PUN,356,47
SKU01532,Product 1532,Books,WH-PUN,108,36
SKU01533,Product 1533,Beauty,WH-DEL,41,43
SKU01534,Product 1534,Beauty,WH-HYD,340,34
SKU01535,Product 1535,Books,WH-MUM,157,43
SKU01536,Product 1536,Electronics,WH-PUN,345,28
SKU01537,Product 1537,Electronics,WH-PUN,96,36
SKU01538,Product 1538,Home,WH-BLR,324,14
SKU01539,Product 1539,Books,WH-HYD,463,46
SKU01540,Product 1540,Electronics,WH-DEL,376,30
SKU01541,Product 1541,Books,WH-DEL,99,18
SKU01542,Product 1542,Electronics,WH-MUM,214,30
SKU01543,Product 1543,Toys,WH-HYD,356,29
SKU01544,Product 1544,Apparel,WH-PUN,31,29
SKU01545,Product 1545,Home,WH-PUN,,33
SKU01546,Product 1546,Toys,WH-HYD,275,37
SKU01547,Product 1547,Home,WH-MUM,293,46
SKU01548,Product 1548,Toys,WH-DEL,,50
SKU01549,Product 1549,Beauty,WH-PUN,87,15
SKU01550,Product 1550,Electronics,WH-HYD,116,43
SKU01551,Product 1551,Beauty,WH-BLR,123,16
SKU01552,Product 1552,Sports,WH-BLR,400,32
SKU01553,Product 1553,Home,WH-DEL,297,20
SKU01554,Product 1554,Apparel,WH-MUM,377,30
SKU01555,Product 1555,Books,WH-BLR,298,22
SKU01556,Product 1556,Toys,WH-MUM,90,43
SKU01557,Product 1557,Books,WH-BLR,28,28
SKU01558,Product 1558,Home,WH-HYD,177,14
SKU01559,Product 1559,Electronics,WH-HYD,469,21
SKU01560,Product 1560,Books,WH-HYD,415,27
SKU01561,Product 1561,Apparel,WH-MUM,394,16
SKU01562,Product 1562,Toys,WH-MUM,466,48
SKU01563,Product 1563,Sports,WH-HYD,64,22
SKU01564,Product 1564,Beauty,WH-DEL,68,19
SKU01565,Product 1565,Electronics,WH-HYD,105,26
SKU01566,Product 1566,Electronics,WH-BLR,324,43
SKU01567,Product 1567,Electronics,WH-DEL,380,34
SKU01568,Product 1568,Toys,WH-HYD,1,34
SKU01569,Product 1569,Toys,WH-MUM,118,27
SKU01570,Product 1570,Apparel,WH-MUM,106,36
SKU01571,Product 1571,Apparel,WH-HYD,1,23
SKU01572,Product 1572,Books,WH-MUM,125,35
SKU01573,Product 1573,Electronics,WH-HYD,142,50
SKU01574,Product 1574,Sports,WH-PUN,91,41
SKU01575,Product 1575,Toys,WH-BLR,19,31
SKU01576,Product 1576,Electronics,WH-MUM,77,15
SKU01577,Product 1577,Books,WH-BLR,137,32
SKU01578,Product 1578,Toys,WH-DEL,437,40
SKU01579,Product 1579,Books,WH-BLR,66,34
SKU01580,Product 1580,Sports,WH-MUM,472,12
SKU01581,Product 1581,Books,WH-MUM,134,44
SKU01582,Product 1582,Apparel,WH-HYD,186,13
SKU01583,Product 1583,Toys,WH-BLR,324,25
SKU01584,Product 1584,Home,WH-HYD,170,19
SKU01585,Product 1585,Apparel,WH-MUM,449,12
SKU01586,Product 1586,Home,WH-MUM,456,25
SKU01587,Product 1587,Toys,WH-HYD,23,14
SKU01588,Product 1588,Electronics,WH-BLR,492,49
SKU01589,Product 1589,Electronics,WH-MUM,8,33
SKU01590,Product 1590,Sports,WH-PUN,335,18
SKU01591,Product 1591,Home,WH-BLR,242,22
SKU01592,Product 1592,Electronics,WH-PUN,137,41
SKU01593,Product 1593,Toys,WH-MUM,18,36
SKU01594,Product 1594,Toys,WH-BLR,287,24
SKU01595,Product 1595,Home,WH-MUM,171,35
SKU01596,Product 1596,Sports,WH-MUM,122,47
SKU01597,Product 1597,Electronics,WH-PUN,284,19
SKU01598,Product 1598,Home,WH-BLR,284,49
SKU01599,Product 1599,Toys,WH-HYD,288,29
SKU01600,Product 1600,Toys,WH-HYD,271,47
SKU01601,Product 1601,Electronics,WH-DEL,286,32
SKU01602,Product 1602,Home,WH-HYD,366,23
SKU01603,Product 1603,Toys,WH-BLR,422,43
SKU01604,Product 1604,Beauty,WH-PUN,1,18
SKU01605,Product 1605,Books,WH-HYD,207,10
SKU01606,Product 1606,Books,WH-MUM,295,10
SKU01607,Product 1607,Home,WH-HYD,155,33
SKU01608,Product 1608,Electronics,WH-HYD,13,30
SKU01609,Product 1609,Home,WH-HYD,7,35
SKU01610,Product 1610,Toys,WH-MUM,177,43
SKU01611,Product 1611,Toys,WH-PUN,304,50
SKU01612,Product 1612,Books,WH-DEL,494,35
SKU01613,Product 1613,Sports,WH-HYD,165,47
SKU01614,Product 1614,Toys,WH-BLR,254,20
SKU01615,Product 1615,Apparel,WH-MUM,103,21
SKU01616,Product 1616,Home,WH-BLR,21,11
SKU01617,Product 1617,Beauty,WH-BLR,31,14
SKU01618,Product 1618,Electronics,WH-DEL,293,37
SKU01619,Product 1619,Sports,WH-HYD,436,16
SKU01620,Product 1620,Toys,WH-BLR,378,34
SKU01621,Product 1621,Toys,WH-BLR,,31
SKU01622,Product 1622,Electronics,WH-DEL,302,29
SKU01623,Product 1623,Apparel,WH-DEL,367,19
SKU01624,Product 1624,Beauty,WH-DEL,280,18
SKU01625,Product 1625,Apparel,WH-BLR,417,20
SKU01626,Product 1626,Beauty,WH-DEL,283,27
SKU01627,Product 1627,Books,WH-BLR,1,50
SKU01628,Product 1628,Home,WH-MUM,147,18
SKU01629,Product 1629,Home,WH-PUN,74,19
SKU01630,Product 1630,Home,WH-BLR,87,11
SKU01631,Product 1631,Apparel,WH-BLR,76,13
SKU01632,Product 1632,Electronics,WH-DEL,7,22
SKU01633,Product 1633,Beauty,WH-PUN,66,48
SKU01634,Product 1634,Sports,WH-BLR,87,26
SKU01635,Product 1635,Apparel,WH-MUM,339,13
SKU01636,Product 1636,Sports,WH-HYD,328,46
SKU01637,Product 1637,Books,WH-BLR,49,31
SKU01638,Product 1638,Toys,WH-BLR,117,48
SKU01639,Product 1639,Beauty,WH-DEL,165,50
SKU01640,Product 1640,Beauty,WH-HYD,481,21
SKU01641,Product 1641,Home,WH-PUN,301,27
SKU01642,Product 1642,Books,WH-HYD,208,34
SKU01643,Product 1643,Electronics,WH-PUN,146,48
SKU01644,Product 1644,Beauty,WH-HYD,444,47
SKU01645,Product 1645,Home,WH-BLR,478,34
SKU01646,Product 1646,Home,WH-DEL,35,45
SKU01647,Product 1647,Electronics,WH-HYD,96,12
SKU01648,Product 1648,Electronics,WH-HYD,305,25
SKU01649,Product 1649,Apparel,WH-HYD,458,13
SKU01650,Product 1650,Beauty,WH-BLR,65,17
SKU01651,Product 1651,Home,WH-HYD,369,40
SKU01652,Product 1652,Books,WH-BLR,429,36
SKU01653,Product 1653,Beauty,WH-BLR,35,37
SKU01654,Product 1654,Sports,WH-BLR,95,28
SKU01655,Product 1655,Toys,WH-PUN,164,44
SKU01656,Product 1656,Beauty,WH-HYD,292,39
SKU01657,Product 1657,Sports,WH-BLR,100,29
SKU01658,Product 1658,Sports,WH-BLR,99,14
SKU01659,Product 1659,Beauty,WH-BLR,143,48
SKU01660,Product 1660,Apparel,WH-BLR,81,20
SKU01661,Product 1661,Sports,WH-BLR,484,22
SKU01662,Product 1662,Books,WH-DEL,267,22
SKU01663,Product 1663,Home,WH-BLR,256,20
SKU01664,Product 1664,Home,WH-PUN,111,11
SKU01665,Product 1665,Apparel,WH-HYD,197,11
SKU01666,Product 1666,Sports,WH-MUM,394,12
SKU01667,Product 1667,Books,WH-DEL,449,27
SKU01668,Product 1668,Electronics,WH-BLR,153,29
SKU01669,Product 1669,Apparel,WH-BLR,173,47
SKU01670,Product 1670,Home,WH-MUM,79,34
SKU01671,Product 1671,Books,WH-DEL,226,43
SKU01672,Product 1672,Toys,WH-PUN,340,24
SKU01673,Product 1673,Books,WH-BLR,294,32
SKU01674,Product 1674,Home,WH-HYD,17,20
SKU01675,Product 1675,Books,WH-PUN,,22
SKU01676,Product 1676,Books,WH-HYD,100,27
SKU01677,Product 1677,Home,WH-BLR,57,31
SKU01678,Product 1678,Toys,WH-BLR,283,23
SKU01679,Product 1679,Sports,WH-HYD,366,42
SKU01680,Product 1680,Sports,WH-MUM,329,49
SKU01681,Product 1681,Books,WH-PUN,40,11
SKU01682,Product 1682,Apparel,WH-DEL,174,47
SKU01683,Product 1683,Books,WH-MUM,327,31
SKU01684,Product 1684,Beauty,WH-MUM,287,46
SKU01685,Product 1685,Electronics,WH-PUN,176,21
SKU01686,Product 1686,Toys,WH-HYD,176,18
SKU01687,Product 1687,Apparel,WH-BLR,115,10
SKU01688,Product 1688,Beauty,WH-DEL,2,45
SKU01689,Product 1689,Toys,WH-DEL,215,45
SKU01690,Product 1690,Sports,WH-MUM,223,42
SKU01691,Product 1691,Home,WH-HYD,422,39
SKU01692,Product 1692,Beauty,WH-MUM,145,20
SKU01693,Product 1693,Sports,WH-DEL,380,27
SKU01694,Product 1694,Apparel,WH-MUM,280,34
SKU01695,Product 1695,Home,WH-DEL,445,45
SKU01696,Product 1696,Toys,WH-HYD,326,46
SKU01697,Product 1697,Books,WH-BLR,69,39
SKU01698,Product 1698,Toys,WH-DEL,432,21
SKU01699,Product 1699,Toys,WH-BLR,170,33
SKU01700,Product 1700,Toys,WH-MUM,411,50
SKU01701,Product 1701,Toys,WH-DEL,52,13
SKU01702,Product 1702,Toys,WH-MUM,456,32
SKU01703,Product 1703,Books,WH-HYD,,21
SKU01704,Product 1704,Home,WH-DEL,334,19
SKU01705,Product 1705,Books,WH-HYD,216,38
SKU01706,Product 1706,Books,WH-PUN,215,11
SKU01707,Product 1707,Books,WH-PUN,402,26
SKU01708,Product 1708,Electronics,WH-MUM,486,46
SKU01709,Product 1709,Home,WH-HYD,205,12
SKU01710,Product 1710,Apparel,WH-HYD,127,27
SKU01711,Product 1711,Toys,WH-MUM,87,30
SKU01712,Product 1712,Apparel,WH-BLR,388,11
SKU01713,Product 1713,Beauty,WH-MUM,,27
SKU01714,Product 1714,Books,WH-BLR,435,18
SKU01715,Product 1715,Beauty,WH-DEL,500,28
SKU01716,Product 1716,Home,WH-DEL,112,23
SKU01717,Product 1717,Beauty,WH-DEL,,32
SKU01718,Product 1718,Toys,WH-MUM,76,22
SKU01719,Product 1719,Electronics,WH-DEL,406,48
SKU01720,Product 1720,Home,WH-HYD,33,44
SKU01721,Product 1721,Books,WH-DEL,126,49
SKU01722,Product 1722,Books,WH-MUM,467,25
SKU01723,Product 1723,Electronics,WH-BLR,372,20
SKU01724,Product 1724,Apparel,WH-HYD,186,27
SKU01725,Product 1725,Beauty,WH-MUM,300,38
SKU01726,Product 1726,Beauty,WH-DEL,281,37
SKU01727,Product 1727,Books,WH-HYD,224,28
SKU01728,Product 1728,Apparel,WH-PUN,144,36
SKU01729,Product 1729,Toys,WH-BLR,321,12
SKU01730,Product 1730,Books,WH-DEL,238,39
SKU01731,Product 1731,Electronics,WH-DEL,268,14
SKU01732,Product 1732,Electronics,WH-DEL,375,18
SKU01733,Product 1733,Toys,WH-MUM,150,43
SKU01734,Product 1734,Electronics,WH-MUM,394,35
SKU01735,Product 1735,Books,WH-MUM,310,18
SKU01736,Product 1736,Electronics,WH-PUN,53,40
SKU01737,Product 1737,Books,WH-PUN,157,11
SKU01738,Product 1738,Home,WH-MUM,13,47
SKU01739,Product 1739,Toys,WH-DEL,35,13
SKU01740,Product 1740,Apparel,WH-BLR,224,14
SKU01741,Product 1741,Toys,WH-MUM,374,46
SKU01742,Product 1742,Electronics,WH-MUM,88,46
SKU01743,Product 1743,Apparel,WH-DEL,307,36
SKU01744,Product 1744,Electronics,WH-MUM,148,15
SKU01745,Product 1745,Electronics,WH-DEL,66,39
SKU01746,Product 1746,Books,WH-MUM,20,23
SKU01747,Product 1747,Electronics,WH-MUM,38,33
SKU01748,Product 1748,Electronics,WH-BLR,402,15
SKU01749,Product 1749,Books,WH-PUN,186,42
SKU01750,Product 1750,Sports,WH-MUM,233,12
SKU01751,Product 1751,Beauty,WH-DEL,198,37
SKU01752,Product 1752,Toys,WH-MUM,227,17
SKU01753,Product 1753,Electronics,WH-MUM,136,43
SKU01754,Product 1754,Home,WH-DEL,116,31
SKU01755,Product 1755,Electronics,WH-PUN,206,32
SKU01756,Product 1756,Home,WH-BLR,61,39
SKU01757,Product 1757,Electronics,WH-BLR,242,14
SKU01758,Product 1758,Toys,WH-BLR,175,44
SKU01759,Product 1759,Electronics,WH-DEL,198,31
SKU01760,Product 1760,Electronics,WH-DEL,62,37
SKU01761,Product 1761,Toys,WH-HYD,89,16
SKU01762,Product 1762,Apparel,WH-MUM,131,49
SKU01763,Product 1763,Home,WH-DEL,98,12
SKU01764,Product 1764,Electronics,WH-HYD,201,30
SKU01765,Product 1765,Books,WH-MUM,5,41
SKU01766,Product 1766,Home,WH-MUM,95,23
SKU01767,Product 1767,Toys,WH-DEL,62,41
SKU01768,Product 1768,Beauty,WH-DEL,102,21
SKU01769,Product 1769,Electronics,WH-HYD,74,19
SKU01770,Product 1770,Books,WH-DEL,164,44
SKU01771,Product 1771,Home,WH-MUM,331,21
SKU01772,Product 1772,Electronics,WH-PUN,153,43
SKU01773,Product 1773,Books,WH-DEL,223,49
SKU01774,Product 1774,Books,WH-PUN,219,18
SKU01775,Product 1775,Toys,WH-BLR,162,25
SKU01776,Product 1776,Electronics,WH-DEL,208,10
SKU01777,Product 1777,Sports,WH-PUN,,46
SKU01778,Product 1778,Toys,WH-DEL,121,47
SKU01779,Product 1779,Toys,WH-MUM,50,13
SKU01780,Product 1780,Toys,WH-PUN,13,49
SKU01781,Product 1781,Sports,WH-DEL,349,20
SKU01782,Product 1782,Books,WH-PUN,427,38
SKU01783,Product 1783,Books,WH-DEL,482,47
SKU01784,Product 1784,Books,WH-BLR,69,43
SKU01785,Product 1785,Beauty,WH-MUM,266,14
SKU01786,Product 1786,Books,WH-PUN,171,26
SKU01787,Product 1787,Apparel,WH-MUM,318,26
SKU01788,Product 1788,Apparel,WH-MUM,325,31
SKU01789,Product 1789,Electronics,WH-BLR,420,35
SKU01790,Product 1790,Home,WH-BLR,218,40
SKU01791,Product 1791,Sports,WH-HYD,124,50
SKU01792,Product 1792,Toys,WH-HYD,304,37
SKU01793,Product 1793,Home,WH-PUN,457,14
SKU01794,Product 1794,Electronics,WH-DEL,449,31
SKU01795,Product 1795,Toys,WH-BLR,35,46
SKU01796,Product 1796,Books,WH-BLR,327,39
SKU01797,Product 1797,Toys,WH-MUM,75,22
SKU01798,Product 1798,Books,WH-HYD,9,41
SKU01799,Product 1799,Beauty,WH-PUN,241,43
SKU01800,Product 1800,Books,WH-HYD,119,39
SKU01801,Product 1801,Sports,WH-DEL,234,10
SKU01802,Product 1802,Electronics,WH-PUN,252,18
SKU01803,Product 1803,Electronics,WH-PUN,128,49
SKU01804,Product 1804,Apparel,WH-MUM,405,15
SKU01805,Product 1805,Books,WH-BLR,366,22
SKU01806,Product 1806,Books,WH-DEL,,32
SKU01807,Product 1807,Sports,WH-BLR,232,13
SKU01808,Product 1808,Apparel,WH-BLR,287,37
SKU01809,Product 1809,Electronics,WH-HYD,197,20
SKU01810,Product 1810,Electronics,WH-HYD,8,19
SKU01811,Product 1811,Toys,WH-MUM,301,17
SKU01812,Product 1812,Apparel,WH-HYD,347,35
SKU01813,Product 1813,Books,WH-PUN,29,36
SKU01814,Product 1814,Sports,WH-HYD,486,17
SKU01815,Product 1815,Electronics,WH-DEL,500,45
SKU01816,Product 1816,Electronics,WH-BLR,138,49
SKU01817,Product 1817,Books,WH-PUN,13,21
SKU01818,Product 1818,Books,WH-HYD,337,35
SKU01819,Product 1819,Beauty,WH-BLR,,36
SKU01820,Product 1820,Toys,WH-PUN,10,36
SKU01821,Product 1821,Toys,WH-BLR,117,23
SKU01822,Product 1822,Sports,WH-PUN,417,32
SKU01823,Product 1823,Beauty,WH-HYD,22,35
SKU01824,Product 1824,Beauty,WH-HYD,329,10
SKU01825,Product 1825,Books,WH-MUM,405,32
SKU01826,Product 1826,Sports,WH-DEL,10,12
SKU01827,Product 1827,Toys,WH-DEL,173,48
SKU01828,Product 1828,Sports,WH-BLR,27,12
SKU01829,Product 1829,Books,WH-PUN,213,21
SKU01830,Product 1830,Electronics,WH-PUN,184,42
SKU01831,Product 1831,Electronics,WH-MUM,424,33
SKU01832,Product 1832,Beauty,WH-MUM,456,29
SKU01833,Product 1833,Electronics,WH-PUN,409,46
SKU01834,Product 1834,Home,WH-DEL,383,18
SKU01835,Product 1835,Apparel,WH-HYD,133,14
SKU01836,Product 1836,Electronics,WH-MUM,200,10
SKU01837,Product 1837,Apparel,WH-PUN,357,50
SKU01838,Product 1838,Sports,WH-PUN,384,12
SKU01839,Product 1839,Beauty,WH-DEL,225,47
SKU01840,Product 1840,Toys,WH-PUN,60,17
SKU01841,Product 1841,Home,WH-PUN,379,44
SKU01842,Product 1842,Beauty,WH-HYD,107,43
SKU01843,Product 1843,Sports,WH-DEL,134,25
SKU01844,Product 1844,Toys,WH-DEL,68,38
SKU01845,Product 1845,Home,WH-PUN,226,15
SKU01846,Product 1846,Electronics,WH-HYD,498,37
SKU01847,Product 1847,Home,WH-MUM,224,11
SKU01848,Product 1848,Books,WH-DEL,496,27
SKU01849,Product 1849,Toys,WH-HYD,96,31
SKU01850,Product 1850,Toys,WH-BLR,328,16
SKU01851,Product 1851,Toys,WH-HYD,170,32
SKU01852,Product 1852,Books,WH-BLR,330,21
SKU01853,Product 1853,Home,WH-DEL,317,44
SKU01854,Product 1854,Toys,WH-PUN,126,35
SKU01855,Product 1855,Apparel,WH-PUN,18,13
SKU01856,Product 1856,Beauty,WH-HYD,109,28
SKU01857,Product 1857,Beauty,WH-HYD,284,33
SKU01858,Product 1858,Beauty,WH-HYD,451,33
SKU01859,Product 1859,Apparel,WH-MUM,436,14
SKU01860,Product 1860,Home,WH-BLR,454,26
SKU01861,Product 1861,Books,WH-HYD,338,28
SKU01862,Product 1862,Sports,WH-BLR,103,41
SKU01863,Product 1863,Sports,WH-DEL,0,20
SKU01864,Product 1864,Beauty,WH-PUN,29,12
SKU01865,Product 1865,Toys,WH-DEL,390,23
SKU01866,Product 1866,Sports,WH-DEL,252,10
SKU01867,Product 1867,Electronics,WH-BLR,59,50
SKU01868,Product 1868,Toys,WH-DEL,73,42
SKU01869,Product 1869,Toys,WH-BLR,77,26
SKU01870,Product 1870,Electronics,WH-HYD,464,10
SKU01871,Product 1871,Books,WH-PUN,305,11
SKU01872,Product 1872,Beauty,WH-MUM,295,41
SKU01873,Product 1873,Sports,WH-PUN,360,32
SKU01874,Product 1874,Beauty,WH-HYD,58,15
SKU01875,Product 1875,Electronics,WH-HYD,288,35
SKU01876,Product 1876,Home,WH-MUM,133,48
SKU01877,Product 1877,Home,WH-BLR,24,47
SKU01878,Product 1878,Books,WH-HYD,147,14
SKU01879,Product 1879,Books,WH-BLR,222,18
SKU01880,Product 1880,Apparel,WH-HYD,353,38
SKU01881,Product 1881,Beauty,WH-DEL,67,11
SKU01882,Product 1882,Home,WH-DEL,174,20
SKU01883,Product 1883,Beauty,WH-DEL,370,21
SKU01884,Product 1884,Books,WH-MUM,267,36
SKU01885,Product 1885,Books,WH-MUM,182,47
SKU01886,Product 1886,Electronics,WH-PUN,72,47
SKU01887,Product 1887,Beauty,WH-PUN,162,42
SKU01888,Product 1888,Beauty,WH-MUM,413,49
SKU01889,Product 1889,Sports,WH-BLR,,22
SKU01890,Product 1890,Sports,WH-HYD,342,27
SKU01891,Product 1891,Apparel,WH-PUN,180,14
SKU01892,Product 1892,Electronics,WH-BLR,272,24
SKU01893,Product 1893,Home,WH-PUN,277,38
SKU01894,Product 1894,Electronics,WH-MUM,210,29
SKU01895,Product 1895,Apparel,WH-BLR,130,38
SKU01896,Product 1896,Apparel,WH-HYD,462,12
SKU01897,Product 1897,Toys,WH-DEL,317,42
SKU01898,Product 1898,Beauty,WH-MUM,168,24
SKU01899,Product 1899,Books,WH-HYD,398,48
SKU01900,Product 1900,Beauty,WH-HYD,156,23
SKU01901,Product 1901,Sports,WH-BLR,53,26
SKU01902,Product 1902,Books,WH-PUN,92,11
SKU01903,Product 1903,Apparel,WH-MUM,6,47
SKU01904,Product 1904,Books,WH-HYD,84,44
SKU01905,Product 1905,Toys,WH-MUM,479,20
SKU01906,Product 1906,Apparel,WH-MUM,433,35
SKU01907,Product 1907,Books,WH-DEL,370,30
SKU01908,Product 1908,Toys,WH-BLR,35,17
SKU01909,Product 1909,Toys,WH-HYD,386,41
SKU01910,Product 1910,Books,WH-DEL,206,43
SKU01911,Product 1911,Sports,WH-HYD,476,12
SKU01912,Product 1912,Electronics,WH-HYD,45,37
SKU01913,Product 1913,Home,WH-PUN,447,49
SKU01914,Product 1914,Sports,WH-BLR,228,29
SKU01915,Product 1915,Books,WH-MUM,66,36
SKU01916,Product 1916,Sports,WH-BLR,184,46
SKU01917,Product 1917,Sports,WH-MUM,111,26
SKU01918,Product 1918,Books,WH-DEL,359,50
SKU01919,Product 1919,Home,WH-MUM,337,50
SKU01920,Product 1920,Electronics,WH-BLR,172,46
SKU01921,Product 1921,Beauty,WH-BLR,281,43
SKU01922,Product 1922,Apparel,WH-MUM,452,34
SKU01923,Product 1923,Beauty,WH-PUN,485,11
SKU01924,Product 1924,Electronics,WH-MUM,267,28
SKU01925,Product 1925,Sports,WH-HYD,310,12
SKU01926,Product 1926,Sports,WH-HYD,70,31
SKU01927,Product 1927,Apparel,WH-PUN,115,24
SKU01928,Product 1928,Electronics,WH-MUM,443,22
SKU01929,Product 1929,Beauty,WH-DEL,11,39
SKU01930,Product 1930,Sports,WH-DEL,456,49
SKU01931,Product 1931,Toys,WH-MUM,21,43
SKU01932,Product 1932,Beauty,WH-PUN,356,37
SKU01933,Product 1933,Electronics,WH-DEL,483,32
SKU01934,Product 1934,Sports,WH-BLR,31,25
SKU01935,Product 1935,Home,WH-MUM,476,14
SKU01936,Product 1936,Sports,WH-PUN,91,19
SKU01937,Product 1937,Books,WH-MUM,308,32
SKU01938,Product 1938,Toys,WH-DEL,139,42
SKU01939,Product 1939,Apparel,WH-HYD,106,45
SKU01940,Product 1940,Electronics,WH-MUM,266,41
SKU01941,Product 1941,Books,WH-MUM,385,19
SKU01942,Product 1942,Home,WH-DEL,452,39
SKU01943,Product 1943,Home,WH-BLR,411,43
SKU01944,Product 1944,Apparel,WH-DEL,432,22
SKU01945,Product 1945,Home,WH-DEL,304,13
SKU01946,Product 1946,Sports,WH-HYD,226,38
SKU01947,Product 1947,Toys,WH-MUM,228,31
SKU01948,Product 1948,Electronics,WH-MUM,0,22
SKU01949,Product 1949,Books,WH-MUM,497,40
SKU01950,Product 1950,Toys,WH-HYD,407,13
SKU01951,Product 1951,Apparel,WH-HYD,333,38
SKU01952,Product 1952,Apparel,WH-HYD,106,14
SKU01953,Product 1953,Apparel,WH-MUM,137,40
SKU01954,Product 1954,Electronics,WH-MUM,143,15
SKU01955,Product 1955,Beauty,WH-BLR,425,19
SKU01956,Product 1956,Home,WH-HYD,315,36
SKU01957,Product 1957,Electronics,WH-MUM,362,42
SKU01958,Product 1958,Toys,WH-BLR,451,26
SKU01959,Product 1959,Apparel,WH-HYD,334,29
SKU01960,Product 1960,Home,WH-DEL,279,38
SKU01961,Product 1961,Apparel,WH-HYD,270,33
SKU01962,Product 1962,Beauty,WH-HYD,381,22
SKU01963,Product 1963,Toys,WH-HYD,30,14
SKU01964,Product 1964,Toys,WH-HYD,133,11
SKU01965,Product 1965,Beauty,WH-MUM,40,15
SKU01966,Product 1966,Beauty,WH-MUM,304,11
SKU01967,Product 1967,Books,WH-DEL,459,13
SKU01968,Product 1968,Books,WH-PUN,422,19
SKU01969,Product 1969,Beauty,WH-PUN,167,22
SKU01970,Product 1970,Toys,WH-MUM,463,48
SKU01971,Product 1971,Books,WH-HYD,,18
SKU01972,Product 1972,Sports,WH-BLR,228,50
SKU01973,Product 1973,Sports,WH-HYD,413,40
SKU01974,Product 1974,Beauty,WH-MUM,245,26
SKU01975,Product 1975,Apparel,WH-BLR,0,29
SKU01976,Product 1976,Beauty,WH-DEL,480,28
SKU01977,Product 1977,Home,WH-DEL,,22
SKU01978,Product 1978,Home,WH-DEL,231,18
SKU01979,Product 1979,Books,WH-BLR,272,36
SKU01980,Product 1980,Home,WH-HYD,419,31
SKU01981,Product 1981,Sports,WH-BLR,92,34
SKU01982,Product 1982,Home,WH-HYD,245,21
SKU01983,Product 1983,Home,WH-MUM,232,31
SKU01984,Product 1984,Toys,WH-MUM,345,10
SKU01985,Product 1985,Toys,WH-MUM,119,47
SKU01986,Product 1986,Books,WH-PUN,,46
SKU01987,Product 1987,Sports,WH-HYD,126,33
SKU01988,Product 1988,Home,WH-MUM,317,25
SKU01989,Product 1989,Books,WH-MUM,204,50
SKU01990,Product 1990,Apparel,WH-BLR,480,13
SKU01991,Product 1991,Sports,WH-MUM,438,38
SKU01992,Product 1992,Home,WH-MUM,17,26
SKU01993,Product 1993,Toys,WH-HYD,253,32
SKU01994,Product 1994,Books,WH-BLR,258,49
SKU01995,Product 1995,Toys,WH-DEL,338,14
SKU01996,Product 1996,Sports,WH-HYD,,34
SKU01997,Product 1997,Books,WH-PUN,395,20
SKU01998,Product 1998,Beauty,WH-DEL,427,27
SKU01999,Product 1999,Apparel,WH-PUN,439,44
SKU02000,Product 2000,Books,WH-BLR,169,43
SKU02001,Product 2001,Electronics,WH-MUM,230,43
SKU02002,Product 2002,Home,WH-MUM,119,24
SKU02003,Product 2003,Apparel,WH-PUN,12,49
SKU02004,Product 2004,Books,WH-HYD,352,25
SKU02005,Product 2005,Home,WH-MUM,281,27
SKU02006,Product 2006,Toys,WH-BLR,446,27
SKU02007,Product 2007,Apparel,WH-PUN,31,26
SKU02008,Product 2008,Sports,WH-DEL,419,29
SKU02009,Product 2009,Beauty,WH-PUN,357,43
SKU02010,Product 2010,Books,WH-PUN,197,45
SKU02011,Product 2011,Sports,WH-DEL,325,44
SKU02012,Product 2012,Beauty,WH-HYD,364,22
SKU02013,Product 2013,Toys,WH-MUM,454,21
SKU02014,Product 2014,Apparel,WH-MUM,249,38
SKU02015,Product 2015,Beauty,WH-DEL,412,17
SKU02016,Product 2016,Home,WH-HYD,,45
SKU02017,Product 2017,Apparel,WH-HYD,233,44
SKU02018,Product 2018,Home,WH-HYD,43,17
SKU02019,Product 2019,Beauty,WH-BLR,429,14
SKU02020,Product 2020,Beauty,WH-BLR,379,34
SKU02021,Product 2021,Beauty,WH-DEL,477,25
SKU02022,Product 2022,Sports,WH-HYD,379,22
SKU02023,Product 2023,Home,WH-DEL,32,50
SKU02024,Product 2024,Electronics,WH-PUN,110,17
SKU02025,Product 2025,Beauty,WH-HYD,203,17
SKU02026,Product 2026,Apparel,WH-MUM,217,35
SKU02027,Product 2027,Books,WH-PUN,316,43
SKU02028,Product 2028,Sports,WH-HYD,370,40
SKU02029,Product 2029,Beauty,WH-BLR,450,14
SKU02030,Product 2030,Apparel,WH-BLR,257,29
SKU02031,Product 2031,Sports,WH-BLR,237,18
SKU02032,Product 2032,Beauty,WH-HYD,131,45
SKU02033,Product 2033,Beauty,WH-DEL,216,39
SKU02034,Product 2034,Beauty,WH-HYD,52,15
SKU02035,Product 2035,Home,WH-PUN,326,46
SKU02036,Product 2036,Home,WH-HYD,,49
SKU02037,Product 2037,Home,WH-HYD,72,44
SKU02038,Product 2038,Books,WH-BLR,189,22
SKU02039,Product 2039,Home,WH-BLR,489,48
SKU02040,Product 2040,Electronics,WH-DEL,257,49
SKU02041,Product 2041,Home,WH-DEL,96,24
SKU02042,Product 2042,Beauty,WH-BLR,397,26
SKU02043,Product 2043,Home,WH-MUM,,18
SKU02044,Product 2044,Beauty,WH-DEL,146,14
SKU02045,Product 2045,Home,WH-PUN,177,21
SKU02046,Product 2046,Apparel,WH-DEL,439,45
SKU02047,Product 2047,Toys,WH-PUN,57,31
SKU02048,Product 2048,Beauty,WH-DEL,43,48
SKU02049,Product 2049,Electronics,WH-HYD,495,11
SKU02050,Product 2050,Beauty,WH-HYD,222,37
SKU02051,Product 2051,Books,WH-PUN,499,22
SKU02052,Product 2052,Toys,WH-DEL,423,23
SKU02053,Product 2053,Toys,WH-HYD,49,29
SKU02054,Product 2054,Apparel,WH-PUN,160,22
SKU02055,Product 2055,Beauty,WH-MUM,98,20
SKU02056,Product 2056,Home,WH-DEL,178,24
SKU02057,Product 2057,Home,WH-BLR,492,25
SKU02058,Product 2058,Books,WH-BLR,355,15
SKU02059,Product 2059,Electronics,WH-BLR,16,31
SKU02060,Product 2060,Home,WH-HYD,485,38
SKU02061,Product 2061,Toys,WH-PUN,167,14
SKU02062,Product 2062,Sports,WH-PUN,149,48
SKU02063,Product 2063,Toys,WH-PUN,183,38
SKU02064,Product 2064,Electronics,WH-BLR,241,16
SKU02065,Product 2065,Toys,WH-HYD,359,10
SKU02066,Product 2066,Beauty,WH-PUN,184,18
SKU02067,Product 2067,Sports,WH-BLR,189,21
SKU02068,Product 2068,Electronics,WH-MUM,21,23
SKU02069,Product 2069,Home,WH-MUM,168,34
SKU02070,Product 2070,Toys,WH-BLR,411,35
SKU02071,Product 2071,Beauty,WH-PUN,447,42
SKU02072,Product 2072,Books,WH-BLR,263,37
SKU02073,Product 2073,Beauty,WH-BLR,256,36
SKU02074,Product 2074,Toys,WH-MUM,323,29
SKU02075,Product 2075,Home,WH-PUN,368,42
SKU02076,Product 2076,Electronics,WH-DEL,448,35
SKU02077,Product 2077,Apparel,WH-BLR,476,36
SKU02078,Product 2078,Beauty,WH-BLR,440,46
SKU02079,Product 2079,Books,WH-DEL,71,34
SKU02080,Product 2080,Toys,WH-DEL,,27
SKU02081,Product 2081,Toys,WH-PUN,71,28
SKU02082,Product 2082,Sports,WH-PUN,75,18
SKU02083,Product 2083,Electronics,WH-DEL,387,49
SKU02084,Product 2084,Apparel,WH-MUM,424,38
SKU02085,Product 2085,Apparel,WH-MUM,134,13
SKU02086,Product 2086,Sports,WH-HYD,220,44
SKU02087,Product 2087,Apparel,WH-DEL,460,46
SKU02088,Product 2088,Books,WH-BLR,296,42
SKU02089,Product 2089,Apparel,WH-DEL,245,16
SKU02090,Product 2090,Electronics,WH-BLR,70,42
SKU02091,Product 2091,Books,WH-PUN,77,49
SKU02092,Product 2092,Apparel,WH-PUN,258,48
SKU02093,Product 2093,Toys,WH-DEL,450,16
SKU02094,Product 2094,Electronics,WH-MUM,188,49
SKU02095,Product 2095,Home,WH-HYD,178,37
SKU02096,Product 2096,Beauty,WH-PUN,40,13
SKU02097,Product 2097,Books,WH-HYD,370,42
SKU02098,Product 2098,Apparel,WH-DEL,17,29
SKU02099,Product 2099,Toys,WH-DEL,372,10
SKU02100,Product 2100,Home,WH-MUM,442,36
SKU02101,Product 2101,Electronics,WH-DEL,266,22
SKU02102,Product 2102,Toys,WH-MUM,60,23
SKU02103,Product 2103,Apparel,WH-HYD,469,10
SKU02104,Product 2104,Home,WH-HYD,468,26
SKU02105,Product 2105,Apparel,WH-DEL,100,16
SKU02106,Product 2106,Home,WH-MUM,61,46
SKU02107,Product 2107,Home,WH-PUN,,50
SKU02108,Product 2108,Books,WH-PUN,378,18
SKU02109,Product 2109,Electronics,WH-HYD,295,48
SKU02110,Product 2110,Electronics,WH-PUN,376,34
SKU02111,Product 2111,Sports,WH-DEL,431,48
SKU02112,Product 2112,Electronics,WH-BLR,442,34
SKU02113,Product 2113,Electronics,WH-HYD,149,36
SKU02114,Product 2114,Books,WH-PUN,162,18
SKU02115,Product 2115,Toys,WH-MUM,9,46
SKU02116,Product 2116,Sports,WH-BLR,154,35
SKU02117,Product 2117,Sports,WH-DEL,12,14
SKU02118,Product 2118,Toys,WH-PUN,215,10
SKU02119,Product 2119,Toys,WH-DEL,54,31
SKU02120,Product 2120,Toys,WH-BLR,457,36
SKU02121,Product 2121,Sports,WH-HYD,9,28
SKU02122,Product 2122,Sports,WH-MUM,107,33
SKU02123,Product 2123,Toys,WH-BLR,323,27
SKU02124,Product 2124,Sports,WH-HYD,458,23
SKU02125,Product 2125,Electronics,WH-DEL,64,47
SKU02126,Product 2126,Electronics,WH-DEL,211,33
SKU02127,Product 2127,Home,WH-BLR,100,50
SKU02128,Product 2128,Toys,WH-DEL,498,32
SKU02129,Product 2129,Apparel,WH-MUM,112,37
SKU02130,Product 2130,Apparel,WH-MUM,381,45
SKU02131,Product 2131,Books,WH-PUN,279,44
SKU02132,Product 2132,Toys,WH-MUM,8,48
SKU02133,Product 2133,Electronics,WH-MUM,253,36
SKU02134,Product 2134,Sports,WH-MUM,141,30
SKU02135,Product 2135,Electronics,WH-HYD,182,46
SKU02136,Product 2136,Apparel,WH-BLR,374,28
SKU02137,Product 2137,Toys,WH-MUM,16,50
SKU02138,Product 2138,Beauty,WH-MUM,457,16
SKU02139,Product 2139,Books,WH-PUN,41,23
SKU02140,Product 2140,Apparel,WH-PUN,189,16
SKU02141,Product 2141,Electronics,WH-BLR,320,42
SKU02142,Product 2142,Toys,WH-PUN,329,14
SKU02143,Product 2143,Beauty,WH-HYD,355,41
SKU02144,Product 2144,Books,WH-DEL,225,49
SKU02145,Product 2145,Books,WH-MUM,444,19
SKU02146,Product 2146,Sports,WH-MUM,37,42
SKU02147,Product 2147,Beauty,WH-PUN,435,12
SKU02148,Product 2148,Books,WH-BLR,133,48
SKU02149,Product 2149,Apparel,WH-PUN,133,10
SKU02150,Product 2150,Toys,WH-PUN,16,43
SKU02151,Product 2151,Apparel,WH-MUM,300,44
SKU02152,Product 2152,Books,WH-MUM,424,40
SKU02153,Product 2153,Toys,WH-BLR,263,48
SKU02154,Product 2154,Toys,WH-PUN,366,12
SKU02155,Product 2155,Beauty,WH-DEL,98,23
SKU02156,Product 2156,Beauty,WH-BLR,231,15
SKU02157,Product 2157,Electronics,WH-MUM,78,45
SKU02158,Product 2158,Sports,WH-HYD,404,46
SKU02159,Product 2159,Books,WH-MUM,328,43
SKU02160,Product 2160,Apparel,WH-DEL,181,39
SKU02161,Product 2161,Sports,WH-HYD,129,45
SKU02162,Product 2162,Electronics,WH-BLR,,26
SKU02163,Product 2163,Electronics,WH-PUN,499,32
SKU02164,Product 2164,Books,WH-DEL,353,27
SKU02165,Product 2165,Home,WH-DEL,7,14
SKU02166,Product 2166,Electronics,WH-BLR,283,34
SKU02167,Product 2167,Beauty,WH-DEL,38,10
SKU02168,Product 2168,Home,WH-PUN,19,32
SKU02169,Product 2169,Books,WH-DEL,155,18
SKU02170,Product 2170,Apparel,WH-MUM,349,42
SKU02171,Product 2171,Electronics,WH-DEL,473,47
SKU02172,Product 2172,Books,WH-MUM,145,20
SKU02173,Product 2173,Home,WH-BLR,162,46
SKU02174,Product 2174,Apparel,WH-MUM,197,33
SKU02175,Product 2175,Electronics,WH-MUM,220,27
SKU02176,Product 2176,Apparel,WH-PUN,51,44
SKU02177,Product 2177,Electronics,WH-DEL,228,13
SKU02178,Product 2178,Apparel,WH-BLR,313,17
SKU02179,Product 2179,Apparel,WH-PUN,170,26
SKU02180,Product 2180,Beauty,WH-HYD,55,17
SKU02181,Product 2181,Electronics,WH-MUM,56,42
SKU02182,Product 2182,Apparel,WH-BLR,496,26
SKU02183,Product 2183,Books,WH-DEL,384,48
SKU02184,Product 2184,Books,WH-MUM,207,18
SKU02185,Product 2185,Books,WH-HYD,476,14
SKU02186,Product 2186,Electronics,WH-HYD,67,36
SKU02187,Product 2187,Sports,WH-MUM,365,43
SKU02188,Product 2188,Books,WH-DEL,45,10
SKU02189,Product 2189,Electronics,WH-BLR,39,23
SKU02190,Product 2190,Books,WH-DEL,112,17
SKU02191,Product 2191,Beauty,WH-PUN,214,34
SKU02192,Product 2192,Home,WH-HYD,172,39
SKU02193,Product 2193,Apparel,WH-BLR,463,24
SKU02194,Product 2194,Books,WH-BLR,280,34
SKU02195,Product 2195,Home,WH-DEL,258,28
SKU02196,Product 2196,Home,WH-MUM,123,35
SKU02197,Product 2197,Apparel,WH-BLR,456,42
SKU02198,Product 2198,Books,WH-HYD,11,26
SKU02199,Product 2199,Books,WH-PUN,,13
SKU02200,Product 2200,Apparel,WH-PUN,160,46
SKU02201,Product 2201,Books,WH-DEL,398,31
SKU02202,Product 2202,Sports,WH-MUM,373,10
SKU02203,Product 2203,Toys,WH-MUM,314,20
SKU02204,Product 2204,Books,WH-DEL,268,37
SKU02205,Product 2205,Apparel,WH-HYD,278,19
SKU02206,Product 2206,Beauty,WH-HYD,169,21
SKU02207,Product 2207,Electronics,WH-PUN,43,41
SKU02208,Product 2208,Beauty,WH-MUM,94,17
SKU02209,Product 2209,Electronics,WH-MUM,488,47
SKU02210,Product 2210,Home,WH-HYD,40,46
SKU02211,Product 2211,Books,WH-DEL,260,33
SKU02212,Product 2212,Home,WH-DEL,173,45
SKU02213,Product 2213,Sports,WH-MUM,159,33
SKU02214,Product 2214,Sports,WH-HYD,85,26
SKU02215,Product 2215,Books,WH-MUM,126,18
SKU02216,Product 2216,Electronics,WH-HYD,70,22
SKU02217,Product 2217,Sports,WH-MUM,65,19
SKU02218,Product 2218,Toys,WH-PUN,135,40
SKU02219,Product 2219,Books,WH-BLR,474,46
SKU02220,Product 2220,Electronics,WH-BLR,273,11
SKU02221,Product 2221,Apparel,WH-PUN,456,14
SKU02222,Product 2222,Beauty,WH-BLR,329,34
SKU02223,Product 2223,Toys,WH-DEL,160,25
SKU02224,Product 2224,Home,WH-BLR,368,12
SKU02225,Product 2225,Books,WH-MUM,159,41
SKU02226,Product 2226,Toys,WH-DEL,264,25
SKU02227,Product 2227,Home,WH-MUM,54,34
SKU02228,Product 2228,Books,WH-MUM,70,24
SKU02229,Product 2229,Apparel,WH-DEL,31,18
SKU02230,Product 2230,Toys,WH-DEL,143,24
SKU02231,Product 2231,Electronics,WH-DEL,8,17
SKU02232,Product 2232,Electronics,WH-MUM,107,37
SKU02233,Product 2233,Toys,WH-MUM,154,21
SKU02234,Product 2234,Home,WH-BLR,42,39
SKU02235,Product 2235,Beauty,WH-PUN,328,11
SKU02236,Product 2236,Toys,WH-MUM,493,31
SKU02237,Product 2237,Sports,WH-BLR,339,18
SKU02238,Product 2238,Beauty,WH-HYD,456,11
SKU02239,Product 2239,Books,WH-BLR,482,37
SKU02240,Product 2240,Books,WH-MUM,27,46
SKU02241,Product 2241,Beauty,WH-PUN,238,40
SKU02242,Product 2242,Sports,WH-PUN,313,38
SKU02243,Product 2243,Apparel,WH-MUM,356,35
SKU02244,Product 2244,Sports,WH-HYD,343,29
SKU02245,Product 2245,Electronics,WH-BLR,39,32
SKU02246,Product 2246,Toys,WH-HYD,7,37
SKU02247,Product 2247,Home,WH-PUN,402,49
SKU02248,Product 2248,Beauty,WH-BLR,194,38
SKU02249,Product 2249,Beauty,WH-BLR,361,23
SKU02250,Product 2250,Beauty,WH-PUN,289,11
SKU02251,Product 2251,Electronics,WH-HYD,484,17
SKU02252,Product 2252,Electronics,WH-PUN,466,28
SKU02253,Product 2253,Home,WH-DEL,255,32
SKU02254,Product 2254,Apparel,WH-BLR,325,12
SKU02255,Product 2255,Electronics,WH-BLR,48,40
SKU02256,Product 2256,Toys,WH-DEL,417,28
SKU02257,Product 2257,Apparel,WH-MUM,72,46
SKU02258,Product 2258,Apparel,WH-BLR,371,18
SKU02259,Product 2259,Toys,WH-PUN,107,15
SKU02260,Product 2260,Home,WH-BLR,413,23
SKU02261,Product 2261,Beauty,WH-DEL,57,37
SKU02262,Product 2262,Books,WH-PUN,207,40
SKU02263,Product 2263,Books,WH-MUM,157,36
SKU02264,Product 2264,Beauty,WH-DEL,298,41
SKU02265,Product 2265,Electronics,WH-PUN,58,43
SKU02266,Product 2266,Books,WH-PUN,413,31
SKU02267,Product 2267,Electronics,WH-DEL,459,17
SKU02268,Product 2268,Beauty,WH-PUN,189,39
SKU02269,Product 2269,Apparel,WH-PUN,65,13
SKU02270,Product 2270,Apparel,WH-HYD,467,17
SKU02271,Product 2271,Books,WH-MUM,164,43
SKU02272,Product 2272,Electronics,WH-BLR,205,35
SKU02273,Product 2273,Apparel,WH-BLR,154,35
SKU02274,Product 2274,Apparel,WH-MUM,445,31
SKU02275,Product 2275,Sports,WH-PUN,408,28
SKU02276,Product 2276,Beauty,WH-PUN,364,23
SKU02277,Product 2277,Beauty,WH-DEL,,27
SKU02278,Product 2278,Books,WH-PUN,236,41
SKU02279,Product 2279,Toys,WH-DEL,177,43
SKU02280,Product 2280,Electronics,WH-MUM,343,39
SKU02281,Product 2281,Electronics,WH-DEL,321,41
SKU02282,Product 2282,Home,WH-MUM,270,27
SKU02283,Product 2283,Electronics,WH-BLR,25,41
SKU02284,Product 2284,Home,WH-PUN,422,48
SKU02285,Product 2285,Apparel,WH-MUM,130,29
SKU02286,Product 2286,Apparel,WH-HYD,479,48
SKU02287,Product 2287,Apparel,WH-HYD,422,34
SKU02288,Product 2288,Electronics,WH-MUM,219,29
SKU02289,Product 2289,Toys,WH-HYD,275,39
SKU02290,Product 2290,Electronics,WH-PUN,59,43
SKU02291,Product 2291,Beauty,WH-DEL,38,43
SKU02292,Product 2292,Books,WH-HYD,86,38
SKU02293,Product 2293,Books,WH-BLR,,28
SKU02294,Product 2294,Beauty,WH-HYD,421,28
SKU02295,Product 2295,Beauty,WH-HYD,301,43
SKU02296,Product 2296,Home,WH-MUM,379,18
SKU02297,Product 2297,Apparel,WH-BLR,236,50
SKU02298,Product 2298,Electronics,WH-PUN,327,43
SKU02299,Product 2299,Home,WH-HYD,53,41
SKU02300,Product 2300,Toys,WH-MUM,167,17
SKU02301,Product 2301,Apparel,WH-MUM,419,27
SKU02302,Product 2302,Toys,WH-MUM,321,31
SKU02303,Product 2303,Beauty,WH-PUN,338,39
SKU02304,Product 2304,Toys,WH-DEL,326,39
SKU02305,Product 2305,Toys,WH-DEL,307,40
SKU02306,Product 2306,Beauty,WH-DEL,457,29
SKU02307,Product 2307,Books,WH-MUM,323,31
SKU02308,Product 2308,Apparel,WH-DEL,,11
SKU02309,Product 2309,Beauty,WH-BLR,36,16
SKU02310,Product 2310,Home,WH-DEL,397,19
SKU02311,Product 2311,Apparel,WH-MUM,241,47
SKU02312,Product 2312,Electronics,WH-BLR,89,46
SKU02313,Product 2313,Sports,WH-MUM,320,34
SKU02314,Product 2314,Books,WH-BLR,229,26
SKU02315,Product 2315,Home,WH-MUM,26,31
SKU02316,Product 2316,Books,WH-BLR,403,30
SKU02317,Product 2317,Toys,WH-DEL,435,41
SKU02318,Product 2318,Home,WH-PUN,240,32
SKU02319,Product 2319,Home,WH-BLR,220,35
SKU02320,Product 2320,Apparel,WH-MUM,157,23
SKU02321,Product 2321,Home,WH-BLR,224,42
SKU02322,Product 2322,Apparel,WH-BLR,381,11
SKU02323,Product 2323,Apparel,WH-DEL,94,27
SKU02324,Product 2324,Electronics,WH-HYD,37,28
SKU02325,Product 2325,Sports,WH-HYD,463,12
SKU02326,Product 2326,Apparel,WH-HYD,234,31
SKU02327,Product 2327,Books,WH-DEL,80,16
SKU02328,Product 2328,Home,WH-PUN,370,39
SKU02329,Product 2329,Electronics,WH-PUN,214,36
SKU02330,Product 2330,Apparel,WH-HYD,231,20
SKU02331,Product 2331,Electronics,WH-DEL,191,46
SKU02332,Product 2332,Apparel,WH-DEL,122,46
SKU02333,Product 2333,Beauty,WH-PUN,175,22
SKU02334,Product 2334,Apparel,WH-DEL,404,33
SKU02335,Product 2335,Electronics,WH-HYD,375,32
SKU02336,Product 2336,Beauty,WH-PUN,21,34
SKU02337,Product 2337,Books,WH-DEL,466,31
SKU02338,Product 2338,Sports,WH-PUN,468,26
SKU02339,Product 2339,Books,WH-MUM,139,18
SKU02340,Product 2340,Beauty,WH-MUM,111,47
SKU02341,Product 2341,Home,WH-DEL,,16
SKU02342,Product 2342,Books,WH-DEL,463,12
SKU02343,Product 2343,Books,WH-BLR,406,12
SKU02344,Product 2344,Sports,WH-HYD,275,41
SKU02345,Product 2345,Books,WH-DEL,206,29
SKU02346,Product 2346,Toys,WH-HYD,29,19
SKU02347,Product 2347,Apparel,WH-DEL,125,33
SKU02348,Product 2348,Books,WH-HYD,61,30
SKU02349,Product 2349,Sports,WH-HYD,63,40
SKU02350,Product 2350,Toys,WH-BLR,302,46
SKU02351,Product 2351,Electronics,WH-MUM,208,43
SKU02352,Product 2352,Beauty,WH-MUM,,24
SKU02353,Product 2353,Home,WH-BLR,41,27
SKU02354,Product 2354,Apparel,WH-BLR,460,12
SKU02355,Product 2355,Toys,WH-DEL,253,28
SKU02356,Product 2356,Electronics,WH-DEL,111,39
SKU02357,Product 2357,Apparel,WH-BLR,234,19
SKU02358,Product 2358,Beauty,WH-MUM,287,49
SKU02359,Product 2359,Sports,WH-MUM,476,42
SKU02360,Product 2360,Apparel,WH-HYD,290,41
SKU02361,Product 2361,Home,WH-BLR,477,44
SKU02362,Product 2362,Beauty,WH-DEL,372,15
SKU02363,Product 2363,Toys,WH-HYD,248,40
SKU02364,Product 2364,Toys,WH-PUN,341,38
SKU02365,Product 2365,Apparel,WH-PUN,489,43
SKU02366,Product 2366,Electronics,WH-DEL,29,14
SKU02367,Product 2367,Apparel,WH-DEL,412,32
SKU02368,Product 2368,Books,WH-PUN,88,19
SKU02369,Product 2369,Apparel,WH-PUN,483,24
SKU02370,Product 2370,Apparel,WH-BLR,186,23
SKU02371,Product 2371,Beauty,WH-MUM,238,12
SKU02372,Product 2372,Home,WH-PUN,138,11
SKU02373,Product 2373,Books,WH-BLR,203,50
SKU02374,Product 2374,Home,WH-MUM,95,45
SKU02375,Product 2375,Sports,WH-HYD,348,45
SKU02376,Product 2376,Beauty,WH-DEL,128,27
SKU02377,Product 2377,Toys,WH-DEL,,20
SKU02378,Product 2378,Electronics,WH-HYD,214,33
SKU02379,Product 2379,Books,WH-MUM,166,18
SKU02380,Product 2380,Sports,WH-BLR,239,22
SKU02381,Product 2381,Sports,WH-PUN,337,40
SKU02382,Product 2382,Apparel,WH-DEL,28,29
SKU02383,Product 2383,Beauty,WH-DEL,343,34
SKU02384,Product 2384,Toys,WH-DEL,313,29
SKU02385,Product 2385,Beauty,WH-HYD,,14
SKU02386,Product 2386,Apparel,WH-PUN,25,37
SKU02387,Product 2387,Toys,WH-MUM,338,26
SKU02388,Product 2388,Electronics,WH-PUN,150,12
SKU02389,Product 2389,Toys,WH-MUM,387,22
SKU02390,Product 2390,Beauty,WH-DEL,250,20
SKU02391,Product 2391,Books,WH-HYD,316,39
SKU02392,Product 2392,Electronics,WH-MUM,473,10
SKU02393,Product 2393,Home,WH-HYD,105,20
SKU02394,Product 2394,Beauty,WH-BLR,121,27
SKU02395,Product 2395,Books,WH-MUM,203,30
SKU02396,Product 2396,Beauty,WH-DEL,413,28
SKU02397,Product 2397,Toys,WH-MUM,275,15
SKU02398,Product 2398,Sports,WH-PUN,43,12
SKU02399,Product 2399,Beauty,WH-MUM,466,35
SKU02400,Product 2400,Apparel,WH-BLR,374,21
SKU02401,Product 2401,Beauty,WH-HYD,344,48
SKU02402,Product 2402,Toys,WH-DEL,36,14
SKU02403,Product 2403,Beauty,WH-PUN,416,31
SKU02404,Product 2404,Apparel,WH-MUM,58,48
SKU02405,Product 2405,Apparel,WH-HYD,364,21
SKU02406,Product 2406,Sports,WH-DEL,407,35
SKU02407,Product 2407,Home,WH-BLR,305,19
SKU02408,Product 2408,Toys,WH-PUN,66,19
SKU02409,Product 2409,Home,WH-BLR,473,44
SKU02410,Product 2410,Electronics,WH-PUN,131,38
SKU02411,Product 2411,Toys,WH-HYD,169,34
SKU02412,Product 2412,Beauty,WH-HYD,44,33
SKU02413,Product 2413,Beauty,WH-BLR,347,20
SKU02414,Product 2414,Books,WH-MUM,,33
SKU02415,Product 2415,Sports,WH-PUN,430,25
SKU02416,Product 2416,Beauty,WH-DEL,223,41
SKU02417,Product 2417,Sports,WH-BLR,299,25
SKU02418,Product 2418,Home,WH-DEL,339,42
SKU02419,Product 2419,Books,WH-BLR,102,40
SKU02420,Product 2420,Apparel,WH-HYD,261,50
SKU02421,Product 2421,Home,WH-PUN,57,21
SKU02422,Product 2422,Beauty,WH-HYD,436,43
SKU02423,Product 2423,Beauty,WH-PUN,207,11
SKU02424,Product 2424,Electronics,WH-HYD,277,47
SKU02425,Product 2425,Beauty,WH-MUM,189,25
SKU02426,Product 2426,Electronics,WH-DEL,26,21
SKU02427,Product 2427,Apparel,WH-HYD,415,33
SKU02428,Product 2428,Sports,WH-BLR,6,36
SKU02429,Product 2429,Toys,WH-DEL,337,27
SKU02430,Product 2430,Toys,WH-DEL,240,49
SKU02431,Product 2431,Sports,WH-DEL,79,25
SKU02432,Product 2432,Apparel,WH-HYD,458,15
SKU02433,Product 2433,Apparel,WH-DEL,135,23
SKU02434,Product 2434,Beauty,WH-MUM,411,38
SKU02435,Product 2435,Apparel,WH-HYD,421,46
SKU02436,Product 2436,Sports,WH-BLR,116,50
SKU02437,Product 2437,Books,WH-HYD,73,42
SKU02438,Product 2438,Home,WH-PUN,318,30
SKU02439,Product 2439,Apparel,WH-HYD,133,36
SKU02440,Product 2440,Apparel,WH-PUN,379,25
SKU02441,Product 2441,Books,WH-BLR,373,35
SKU02442,Product 2442,Sports,WH-PUN,374,23
SKU02443,Product 2443,Toys,WH-MUM,72,11
SKU02444,Product 2444,Beauty,WH-BLR,347,42
SKU02445,Product 2445,Toys,WH-PUN,43,32
SKU02446,Product 2446,Sports,WH-DEL,313,50
SKU02447,Product 2447,Books,WH-HYD,465,14
SKU02448,Product 2448,Sports,WH-DEL,340,47
SKU02449,Product 2449,Sports,WH-DEL,409,48
SKU02450,Product 2450,Sports,WH-DEL,273,26
SKU02451,Product 2451,Sports,WH-BLR,9,24
SKU02452,Product 2452,Books,WH-BLR,201,38
SKU02453,Product 2453,Home,WH-MUM,75,31
SKU02454,Product 2454,Apparel,WH-BLR,424,40
SKU02455,Product 2455,Sports,WH-MUM,184,18
SKU02456,Product 2456,Beauty,WH-BLR,199,18
SKU02457,Product 2457,Books,WH-HYD,,21
SKU02458,Product 2458,Apparel,WH-DEL,94,30
SKU02459,Product 2459,Apparel,WH-BLR,178,30
SKU02460,Product 2460,Toys,WH-DEL,25,35
SKU02461,Product 2461,Toys,WH-PUN,316,22
SKU02462,Product 2462,Toys,WH-BLR,397,46
SKU02463,Product 2463,Beauty,WH-MUM,477,33
SKU02464,Product 2464,Electronics,WH-HYD,49,31
SKU02465,Product 2465,Books,WH-DEL,417,37
SKU02466,Product 2466,Sports,WH-HYD,2,21
SKU02467,Product 2467,Home,WH-PUN,396,30
SKU02468,Product 2468,Electronics,WH-BLR,449,22
SKU02469,Product 2469,Beauty,WH-HYD,297,10
SKU02470,Product 2470,Books,WH-MUM,486,39
SKU02471,Product 2471,Toys,WH-BLR,165,46
SKU02472,Product 2472,Beauty,WH-MUM,207,40
SKU02473,Product 2473,Books,WH-DEL,33,42
SKU02474,Product 2474,Apparel,WH-BLR,43,10
SKU02475,Product 2475,Apparel,WH-BLR,232,46
SKU02476,Product 2476,Electronics,WH-PUN,,15
SKU02477,Product 2477,Home,WH-HYD,275,31
SKU02478,Product 2478,Home,WH-DEL,474,36
SKU02479,Product 2479,Apparel,WH-HYD,479,47
SKU02480,Product 2480,Books,WH-PUN,355,31
SKU02481,Product 2481,Toys,WH-DEL,463,34
SKU02482,Product 2482,Books,WH-HYD,234,33
SKU02483,Product 2483,Sports,WH-PUN,181,47
SKU02484,Product 2484,Sports,WH-HYD,38,36
SKU02485,Product 2485,Beauty,WH-HYD,299,13
SKU02486,Product 2486,Apparel,WH-BLR,379,22
SKU02487,Product 2487,Home,WH-MUM,193,46
SKU02488,Product 2488,Sports,WH-MUM,363,16
SKU02489,Product 2489,Home,WH-BLR,433,38
SKU02490,Product 2490,Electronics,WH-MUM,341,22
SKU02491,Product 2491,Books,WH-MUM,454,19
SKU02492,Product 2492,Sports,WH-DEL,151,36
SKU02493,Product 2493,Beauty,WH-BLR,79,17
SKU02494,Product 2494,Beauty,WH-HYD,254,27
SKU02495,Product 2495,Home,WH-BLR,362,21
SKU02496,Product 2496,Electronics,WH-BLR,74,29
SKU02497,Product 2497,Books,WH-DEL,67,47
SKU02498,Product 2498,Beauty,WH-BLR,430,42
SKU02499,Product 2499,Books,WH-PUN,47,11
SKU02500,Product 2500,Apparel,WH-MUM,469,38
SKU02501,Product 2501,Apparel,WH-DEL,,39
SKU02502,Product 2502,Electronics,WH-DEL,167,21
SKU02503,Product 2503,Home,WH-PUN,302,25
SKU02504,Product 2504,Sports,WH-MUM,373,10
SKU02505,Product 2505,Books,WH-BLR,259,25
SKU02506,Product 2506,Beauty,WH-DEL,86,11
SKU02507,Product 2507,Home,WH-BLR,152,30
SKU02508,Product 2508,Apparel,WH-MUM,44,37
SKU02509,Product 2509,Apparel,WH-MUM,374,24
SKU02510,Product 2510,Books,WH-HYD,33,14
SKU02511,Product 2511,Sports,WH-DEL,,34
SKU02512,Product 2512,Toys,WH-BLR,117,32
SKU02513,Product 2513,Beauty,WH-DEL,133,32
SKU02514,Product 2514,Home,WH-BLR,446,25
SKU02515,Product 2515,Books,WH-PUN,479,20
SKU02516,Product 2516,Home,WH-DEL,165,41
SKU02517,Product 2517,Beauty,WH-PUN,410,46
SKU02518,Product 2518,Apparel,WH-BLR,493,12
SKU02519,Product 2519,Sports,WH-BLR,203,46
SKU02520,Product 2520,Books,WH-PUN,484,26
SKU02521,Product 2521,Toys,WH-PUN,174,12
SKU02522,Product 2522,Sports,WH-MUM,88,32
SKU02523,Product 2523,Electronics,WH-PUN,235,36
SKU02524,Product 2524,Books,WH-DEL,293,46
SKU02525,Product 2525,Books,WH-PUN,339,15
SKU02526,Product 2526,Books,WH-BLR,218,33
SKU02527,Product 2527,Home,WH-PUN,482,48
SKU02528,Product 2528,Electronics,WH-MUM,100,30
SKU02529,Product 2529,Books,WH-HYD,127,31
SKU02530,Product 2530,Apparel,WH-BLR,51,43
SKU02531,Product 2531,Beauty,WH-DEL,494,24
SKU02532,Product 2532,Beauty,WH-MUM,212,34
SKU02533,Product 2533,Beauty,WH-DEL,41,37
SKU02534,Product 2534,Electronics,WH-MUM,422,27
SKU02535,Product 2535,Apparel,WH-HYD,123,11
SKU02536,Product 2536,Toys,WH-BLR,247,34
SKU02537,Product 2537,Electronics,WH-BLR,240,41
SKU02538,Product 2538,Home,WH-HYD,358,10
SKU02539,Product 2539,Sports,WH-MUM,213,25
SKU02540,Product 2540,Electronics,WH-BLR,411,16
SKU02541,Product 2541,Toys,WH-PUN,232,48
SKU02542,Product 2542,Toys,WH-DEL,154,34
SKU02543,Product 2543,Toys,WH-HYD,318,18
SKU02544,Product 2544,Beauty,WH-HYD,304,19
SKU02545,Product 2545,Electronics,WH-MUM,437,15
SKU02546,Product 2546,Beauty,WH-BLR,283,49
SKU02547,Product 2547,Electronics,WH-PUN,100,16
SKU02548,Product 2548,Beauty,WH-HYD,330,45
SKU02549,Product 2549,Books,WH-HYD,473,30
SKU02550,Product 2550,Books,WH-PUN,380,34
SKU02551,Product 2551,Home,WH-HYD,353,26
SKU02552,Product 2552,Toys,WH-DEL,7,48
SKU02553,Product 2553,Apparel,WH-MUM,420,32
SKU02554,Product 2554,Electronics,WH-HYD,126,31
SKU02555,Product 2555,Toys,WH-DEL,167,26
SKU02556,Product 2556,Toys,WH-DEL,200,37
SKU02557,Product 2557,Home,WH-BLR,57,44
SKU02558,Product 2558,Books,WH-MUM,432,13
SKU02559,Product 2559,Sports,WH-HYD,116,18
SKU02560,Product 2560,Beauty,WH-HYD,432,31
SKU02561,Product 2561,Home,WH-HYD,144,36
SKU02562,Product 2562,Sports,WH-DEL,419,47
SKU02563,Product 2563,Electronics,WH-MUM,150,18
SKU02564,Product 2564,Books,WH-DEL,182,49
SKU02565,Product 2565,Beauty,WH-BLR,180,36
SKU02566,Product 2566,Books,WH-DEL,346,23
SKU02567,Product 2567,Home,WH-MUM,260,20
SKU02568,Product 2568,Toys,WH-PUN,259,21
SKU02569,Product 2569,Apparel,WH-DEL,,23
SKU02570,Product 2570,Sports,WH-PUN,76,37
SKU02571,Product 2571,Sports,WH-BLR,248,29
SKU02572,Product 2572,Home,WH-PUN,103,33
SKU02573,Product 2573,Sports,WH-DEL,316,48
SKU02574,Product 2574,Toys,WH-HYD,237,36
SKU02575,Product 2575,Sports,WH-MUM,126,42
SKU02576,Product 2576,Beauty,WH-PUN,476,19
SKU02577,Product 2577,Home,WH-MUM,72,24
SKU02578,Product 2578,Books,WH-HYD,249,22
SKU02579,Product 2579,Beauty,WH-BLR,215,42
SKU02580,Product 2580,Electronics,WH-DEL,254,39
SKU02581,Product 2581,Electronics,WH-HYD,415,33
SKU02582,Product 2582,Apparel,WH-MUM,440,48
SKU02583,Product 2583,Home,WH-MUM,387,22
SKU02584,Product 2584,Home,WH-MUM,310,13
SKU02585,Product 2585,Books,WH-PUN,217,43
SKU02586,Product 2586,Home,WH-PUN,315,18
SKU02587,Product 2587,Home,WH-PUN,310,36
SKU02588,Product 2588,Toys,WH-DEL,120,48
SKU02589,Product 2589,Books,WH-HYD,293,19
SKU02590,Product 2590,Home,WH-MUM,266,50
SKU02591,Product 2591,Electronics,WH-HYD,141,47
SKU02592,Product 2592,Books,WH-PUN,104,29
SKU02593,Product 2593,Apparel,WH-DEL,467,29
SKU02594,Product 2594,Sports,WH-DEL,459,26
SKU02595,Product 2595,Apparel,WH-DEL,,32
SKU02596,Product 2596,Home,WH-DEL,129,47
SKU02597,Product 2597,Beauty,WH-HYD,205,19
SKU02598,Product 2598,Apparel,WH-PUN,159,33
SKU02599,Product 2599,Home,WH-DEL,253,29
SKU02600,Product 2600,Toys,WH-MUM,11,20
SKU02601,Product 2601,Books,WH-HYD,381,50
SKU02602,Product 2602,Beauty,WH-DEL,353,22
SKU02603,Product 2603,Home,WH-HYD,188,37
SKU02604,Product 2604,Beauty,WH-BLR,,13
SKU02605,Product 2605,Beauty,WH-HYD,493,46
SKU02606,Product 2606,Sports,WH-HYD,415,30
SKU02607,Product 2607,Books,WH-DEL,39,47
SKU02608,Product 2608,Beauty,WH-MUM,14,16
SKU02609,Product 2609,Toys,WH-MUM,318,11
SKU02610,Product 2610,Apparel,WH-BLR,249,27
SKU02611,Product 2611,Toys,WH-HYD,486,16
SKU02612,Product 2612,Books,WH-DEL,185,27
SKU02613,Product 2613,Books,WH-DEL,60,41
SKU02614,Product 2614,Sports,WH-BLR,25,46
SKU02615,Product 2615,Apparel,WH-DEL,77,47
SKU02616,Product 2616,Toys,WH-MUM,73,15
SKU02617,Product 2617,Books,WH-BLR,387,49
SKU02618,Product 2618,Electronics,WH-BLR,14,47
SKU02619,Product 2619,Home,WH-DEL,352,14
SKU02620,Product 2620,Books,WH-DEL,400,29
SKU02621,Product 2621,Home,WH-HYD,225,21
SKU02622,Product 2622,Sports,WH-DEL,315,32
SKU02623,Product 2623,Home,WH-BLR,189,25
SKU02624,Product 2624,Sports,WH-BLR,246,49
SKU02625,Product 2625,Home,WH-PUN,14,41
SKU02626,Product 2626,Beauty,WH-MUM,176,30
SKU02627,Product 2627,Sports,WH-MUM,192,28
SKU02628,Product 2628,Toys,WH-HYD,69,24
SKU02629,Product 2629,Apparel,WH-BLR,100,50
SKU02630,Product 2630,Sports,WH-MUM,285,36
SKU02631,Product 2631,Electronics,WH-PUN,175,12
SKU02632,Product 2632,Books,WH-MUM,106,45
SKU02633,Product 2633,Toys,WH-DEL,102,45
SKU02634,Product 2634,Home,WH-DEL,70,23
SKU02635,Product 2635,Electronics,WH-HYD,21,13
SKU02636,Product 2636,Books,WH-MUM,207,26
SKU02637,Product 2637,Sports,WH-DEL,411,22
SKU02638,Product 2638,Books,WH-PUN,187,25
SKU02639,Product 2639,Home,WH-DEL,447,41
SKU02640,Product 2640,Beauty,WH-BLR,349,23
SKU02641,Product 2641,Books,WH-BLR,145,50
SKU02642,Product 2642,Toys,WH-HYD,21,17
SKU02643,Product 2643,Books,WH-BLR,280,16
SKU02644,Product 2644,Toys,WH-PUN,320,20
SKU02645,Product 2645,Toys,WH-HYD,47,11
SKU02646,Product 2646,Beauty,WH-BLR,452,46
SKU02647,Product 2647,Apparel,WH-DEL,84,43
SKU02648,Product 2648,Beauty,WH-HYD,475,50
SKU02649,Product 2649,Books,WH-PUN,,17
SKU02650,Product 2650,Electronics,WH-DEL,345,44
SKU02651,Product 2651,Electronics,WH-BLR,410,25
SKU02652,Product 2652,Sports,WH-PUN,470,25
SKU02653,Product 2653,Beauty,WH-PUN,454,40
SKU02654,Product 2654,Electronics,WH-BLR,465,32
SKU02655,Product 2655,Sports,WH-MUM,230,25
SKU02656,Product 2656,Home,WH-HYD,400,29
SKU02657,Product 2657,Books,WH-DEL,138,14
SKU02658,Product 2658,Books,WH-BLR,310,32
SKU02659,Product 2659,Home,WH-HYD,,21
SKU02660,Product 2660,Beauty,WH-BLR,267,47
SKU02661,Product 2661,Books,WH-HYD,289,20
SKU02662,Product 2662,Toys,WH-DEL,156,20
SKU02663,Product 2663,Sports,WH-MUM,118,49
SKU02664,Product 2664,Electronics,WH-BLR,73,14
SKU02665,Product 2665,Books,WH-MUM,243,49
SKU02666,Product 2666,Home,WH-MUM,38,10
SKU02667,Product 2667,Electronics,WH-PUN,310,11
SKU02668,Product 2668,Apparel,WH-PUN,335,33
SKU02669,Product 2669,Beauty,WH-BLR,392,43
SKU02670,Product 2670,Beauty,WH-PUN,458,25
SKU02671,Product 2671,Home,WH-BLR,314,46
SKU02672,Product 2672,Books,WH-DEL,486,11
SKU02673,Product 2673,Toys,WH-HYD,196,24
SKU02674,Product 2674,Apparel,WH-PUN,112,21
SKU02675,Product 2675,Beauty,WH-MUM,227,23
SKU02676,Product 2676,Toys,WH-MUM,485,44
SKU02677,Product 2677,Electronics,WH-BLR,342,29
SKU02678,Product 2678,Beauty,WH-HYD,295,43
SKU02679,Product 2679,Sports,WH-BLR,315,25
SKU02680,Product 2680,Sports,WH-MUM,492,45
SKU02681,Product 2681,Books,WH-MUM,176,21
SKU02682,Product 2682,Electronics,WH-DEL,13,17
SKU02683,Product 2683,Books,WH-MUM,324,29
SKU02684,Product 2684,Toys,WH-MUM,155,45
SKU02685,Product 2685,Home,WH-HYD,434,48
SKU02686,Product 2686,Electronics,WH-HYD,72,27
SKU02687,Product 2687,Home,WH-DEL,29,45
SKU02688,Product 2688,Beauty,WH-DEL,438,22
SKU02689,Product 2689,Apparel,WH-BLR,347,16
SKU02690,Product 2690,Books,WH-HYD,369,39
SKU02691,Product 2691,Sports,WH-PUN,168,13
SKU02692,Product 2692,Home,WH-MUM,68,50
SKU02693,Product 2693,Sports,WH-BLR,305,46
SKU02694,Product 2694,Electronics,WH-BLR,38,21
SKU02695,Product 2695,Books,WH-MUM,3,16
SKU02696,Product 2696,Electronics,WH-BLR,370,50
SKU02697,Product 2697,Apparel,WH-PUN,249,14
SKU02698,Product 2698,Apparel,WH-PUN,28,39
SKU02699,Product 2699,Sports,WH-MUM,88,38
SKU02700,Product 2700,Home,WH-DEL,167,19
SKU02701,Product 2701,Apparel,WH-HYD,220,13
SKU02702,Product 2702,Electronics,WH-HYD,329,48
SKU02703,Product 2703,Toys,WH-BLR,218,23
SKU02704,Product 2704,Books,WH-DEL,,21
SKU02705,Product 2705,Home,WH-DEL,81,39
SKU02706,Product 2706,Beauty,WH-HYD,198,44
SKU02707,Product 2707,Sports,WH-BLR,318,17
SKU02708,Product 2708,Apparel,WH-HYD,463,28
SKU02709,Product 2709,Apparel,WH-DEL,213,23
SKU02710,Product 2710,Home,WH-MUM,109,46
SKU02711,Product 2711,Books,WH-MUM,455,45
SKU02712,Product 2712,Books,WH-PUN,90,33
SKU02713,Product 2713,Beauty,WH-MUM,492,35
SKU02714,Product 2714,Electronics,WH-PUN,81,20
SKU02715,Product 2715,Books,WH-MUM,306,48
SKU02716,Product 2716,Sports,WH-PUN,16,29
SKU02717,Product 2717,Home,WH-DEL,447,29
SKU02718,Product 2718,Home,WH-BLR,255,38
SKU02719,Product 2719,Toys,WH-BLR,218,38
SKU02720,Product 2720,Sports,WH-BLR,389,32
SKU02721,Product 2721,Beauty,WH-MUM,492,42
SKU02722,Product 2722,Sports,WH-HYD,181,29
SKU02723,Product 2723,Beauty,WH-HYD,254,47
SKU02724,Product 2724,Books,WH-MUM,183,41
SKU02725,Product 2725,Books,WH-DEL,248,30
SKU02726,Product 2726,Sports,WH-HYD,60,33
SKU02727,Product 2727,Toys,WH-DEL,481,35
SKU02728,Product 2728,Sports,WH-PUN,237,36
SKU02729,Product 2729,Home,WH-MUM,472,14
SKU02730,Product 2730,Home,WH-PUN,50,10
SKU02731,Product 2731,Sports,WH-BLR,160,31
SKU02732,Product 2732,Sports,WH-HYD,211,10
SKU02733,Product 2733,Toys,WH-BLR,158,37
SKU02734,Product 2734,Beauty,WH-PUN,134,41
SKU02735,Product 2735,Home,WH-DEL,316,44
SKU02736,Product 2736,Toys,WH-MUM,24,35
SKU02737,Product 2737,Toys,WH-DEL,208,50
SKU02738,Product 2738,Apparel,WH-PUN,199,21
SKU02739,Product 2739,Home,WH-DEL,258,28
SKU02740,Product 2740,Beauty,WH-BLR,52,39
SKU02741,Product 2741,Electronics,WH-BLR,169,11
SKU02742,Product 2742,Sports,WH-BLR,327,21
SKU02743,Product 2743,Apparel,WH-DEL,171,21
SKU02744,Product 2744,Toys,WH-BLR,392,45
SKU02745,Product 2745,Apparel,WH-PUN,6,28
SKU02746,Product 2746,Books,WH-HYD,135,18
SKU02747,Product 2747,Beauty,WH-HYD,459,25
SKU02748,Product 2748,Books,WH-DEL,165,28
SKU02749,Product 2749,Beauty,WH-MUM,261,47
SKU02750,Product 2750,Beauty,WH-DEL,436,30
SKU02751,Product 2751,Electronics,WH-BLR,343,48
SKU02752,Product 2752,Home,WH-MUM,485,33
SKU02753,Product 2753,Toys,WH-PUN,385,48
SKU02754,Product 2754,Books,WH-PUN,123,30
SKU02755,Product 2755,Books,WH-BLR,114,31
SKU02756,Product 2756,Toys,WH-MUM,256,46
SKU02757,Product 2757,Books,WH-PUN,311,49
SKU02758,Product 2758,Toys,WH-DEL,431,37
SKU02759,Product 2759,Home,WH-BLR,302,32
SKU02760,Product 2760,Toys,WH-PUN,472,31
SKU02761,Product 2761,Apparel,WH-PUN,73,40
SKU02762,Product 2762,Books,WH-MUM,333,15
SKU02763,Product 2763,Electronics,WH-PUN,66,12
SKU02764,Product 2764,Sports,WH-DEL,33,41
SKU02765,Product 2765,Home,WH-PUN,341,39
SKU02766,Product 2766,Toys,WH-DEL,127,17
SKU02767,Product 2767,Home,WH-PUN,40,37
SKU02768,Product 2768,Apparel,WH-HYD,122,11
SKU02769,Product 2769,Sports,WH-PUN,289,16
SKU02770,Product 2770,Toys,WH-DEL,475,30
SKU02771,Product 2771,Electronics,WH-MUM,342,30
SKU02772,Product 2772,Toys,WH-HYD,309,50
SKU02773,Product 2773,Electronics,WH-PUN,434,38
SKU02774,Product 2774,Books,WH-MUM,460,13
SKU02775,Product 2775,Toys,WH-MUM,14,49
SKU02776,Product 2776,Home,WH-PUN,251,23
SKU02777,Product 2777,Books,WH-MUM,134,32
SKU02778,Product 2778,Books,WH-MUM,307,20
SKU02779,Product 2779,Electronics,WH-MUM,45,20
SKU02780,Product 2780,Books,WH-PUN,8,28
SKU02781,Product 2781,Electronics,WH-PUN,416,21
SKU02782,Product 2782,Books,WH-HYD,279,30
SKU02783,Product 2783,Sports,WH-DEL,138,39
SKU02784,Product 2784,Beauty,WH-BLR,280,30
SKU02785,Product 2785,Electronics,WH-MUM,168,29
SKU02786,Product 2786,Home,WH-DEL,61,48
SKU02787,Product 2787,Sports,WH-BLR,24,39
SKU02788,Product 2788,Toys,WH-HYD,189,39
SKU02789,Product 2789,Toys,WH-HYD,1,47
SKU02790,Product 2790,Books,WH-DEL,194,35
SKU02791,Product 2791,Books,WH-HYD,47,47
SKU02792,Product 2792,Electronics,WH-BLR,141,33
SKU02793,Product 2793,Electronics,WH-BLR,417,44
SKU02794,Product 2794,Toys,WH-PUN,134,23
SKU02795,Product 2795,Toys,WH-PUN,194,30
SKU02796,Product 2796,Toys,WH-MUM,500,47
SKU02797,Product 2797,Home,WH-PUN,424,20
SKU02798,Product 2798,Beauty,WH-DEL,248,36
SKU02799,Product 2799,Sports,WH-BLR,298,18
SKU02800,Product 2800,Sports,WH-DEL,212,33
SKU02801,Product 2801,Sports,WH-MUM,198,48
SKU02802,Product 2802,Beauty,WH-DEL,14,43
SKU02803,Product 2803,Apparel,WH-HYD,330,37
SKU02804,Product 2804,Electronics,WH-DEL,63,20
SKU02805,Product 2805,Apparel,WH-MUM,364,14
SKU02806,Product 2806,Apparel,WH-DEL,336,49
SKU02807,Product 2807,Toys,WH-MUM,390,33
SKU02808,Product 2808,Books,WH-HYD,300,47
SKU02809,Product 2809,Home,WH-HYD,56,23
SKU02810,Product 2810,Home,WH-PUN,360,26
SKU02811,Product 2811,Apparel,WH-PUN,450,32
SKU02812,Product 2812,Books,WH-HYD,474,22
SKU02813,Product 2813,Beauty,WH-MUM,104,46
SKU02814,Product 2814,Sports,WH-MUM,443,47
SKU02815,Product 2815,Electronics,WH-BLR,354,44
SKU02816,Product 2816,Beauty,WH-PUN,376,41
SKU02817,Product 2817,Electronics,WH-DEL,445,45
SKU02818,Product 2818,Electronics,WH-DEL,264,17
SKU02819,Product 2819,Apparel,WH-BLR,369,40
SKU02820,Product 2820,Home,WH-BLR,312,23
SKU02821,Product 2821,Electronics,WH-MUM,103,25
SKU02822,Product 2822,Home,WH-DEL,85,50
SKU02823,Product 2823,Beauty,WH-DEL,463,39
SKU02824,Product 2824,Toys,WH-DEL,449,19
SKU02825,Product 2825,Sports,WH-HYD,250,48
SKU02826,Product 2826,Apparel,WH-BLR,213,42
SKU02827,Product 2827,Toys,WH-PUN,248,12
SKU02828,Product 2828,Sports,WH-DEL,430,22
SKU02829,Product 2829,Apparel,WH-BLR,345,13
SKU02830,Product 2830,Sports,WH-BLR,425,21
SKU02831,Product 2831,Electronics,WH-MUM,450,28
SKU02832,Product 2832,Home,WH-BLR,265,30
SKU02833,Product 2833,Sports,WH-HYD,57,42
SKU02834,Product 2834,Toys,WH-PUN,397,16
SKU02835,Product 2835,Home,WH-PUN,212,32
SKU02836,Product 2836,Electronics,WH-DEL,243,28
SKU02837,Product 2837,Apparel,WH-MUM,497,49
SKU02838,Product 2838,Electronics,WH-DEL,302,50
SKU02839,Product 2839,Sports,WH-MUM,95,20
SKU02840,Product 2840,Home,WH-DEL,68,41
SKU02841,Product 2841,Books,WH-DEL,22,44
SKU02842,Product 2842,Toys,WH-BLR,409,50
SKU02843,Product 2843,Electronics,WH-BLR,402,41
SKU02844,Product 2844,Books,WH-MUM,252,23
SKU02845,Product 2845,Electronics,WH-BLR,131,13
SKU02846,Product 2846,Home,WH-HYD,429,46
SKU02847,Product 2847,Home,WH-DEL,87,41
SKU02848,Product 2848,Apparel,WH-BLR,114,32
SKU02849,Product 2849,Electronics,WH-BLR,266,36
SKU02850,Product 2850,Apparel,WH-BLR,256,13
SKU02851,Product 2851,Books,WH-MUM,41,19
SKU02852,Product 2852,Books,WH-HYD,313,49
SKU02853,Product 2853,Sports,WH-MUM,214,28
SKU02854,Product 2854,Apparel,WH-DEL,206,15
SKU02855,Product 2855,Beauty,WH-DEL,197,50
SKU02856,Product 2856,Beauty,WH-BLR,27,12
SKU02857,Product 2857,Apparel,WH-DEL,263,18
SKU02858,Product 2858,Electronics,WH-HYD,137,34
SKU02859,Product 2859,Home,WH-MUM,221,23
SKU02860,Product 2860,Apparel,WH-PUN,199,18
SKU02861,Product 2861,Toys,WH-BLR,59,31
SKU02862,Product 2862,Books,WH-DEL,22,16
SKU02863,Product 2863,Home,WH-MUM,122,48
SKU02864,Product 2864,Sports,WH-PUN,193,30
SKU02865,Product 2865,Sports,WH-BLR,13,46
SKU02866,Product 2866,Toys,WH-PUN,42,28
SKU02867,Product 2867,Sports,WH-PUN,260,26
SKU02868,Product 2868,Home,WH-PUN,182,27
SKU02869,Product 2869,Sports,WH-HYD,376,19
SKU02870,Product 2870,Home,WH-HYD,180,19
SKU02871,Product 2871,Toys,WH-DEL,337,28
SKU02872,Product 2872,Home,WH-MUM,250,18
SKU02873,Product 2873,Electronics,WH-HYD,347,33
SKU02874,Product 2874,Apparel,WH-PUN,210,26
SKU02875,Product 2875,Electronics,WH-MUM,300,34
SKU02876,Product 2876,Electronics,WH-MUM,166,29
SKU02877,Product 2877,Home,WH-HYD,132,33
SKU02878,Product 2878,Home,WH-PUN,248,14
SKU02879,Product 2879,Home,WH-MUM,408,20
SKU02880,Product 2880,Apparel,WH-PUN,162,42
SKU02881,Product 2881,Books,WH-HYD,273,29
SKU02882,Product 2882,Home,WH-DEL,194,45
SKU02883,Product 2883,Apparel,WH-DEL,312,26
SKU02884,Product 2884,Electronics,WH-HYD,121,45
SKU02885,Product 2885,Apparel,WH-DEL,150,25
SKU02886,Product 2886,Sports,WH-DEL,480,24
SKU02887,Product 2887,Beauty,WH-PUN,397,49
SKU02888,Product 2888,Beauty,WH-MUM,,26
SKU02889,Product 2889,Apparel,WH-PUN,269,23
SKU02890,Product 2890,Beauty,WH-HYD,249,18
SKU02891,Product 2891,Toys,WH-HYD,383,17
SKU02892,Product 2892,Home,WH-BLR,185,20
SKU02893,Product 2893,Electronics,WH-BLR,131,30
SKU02894,Product 2894,Toys,WH-DEL,496,23
SKU02895,Product 2895,Sports,WH-BLR,436,27
SKU02896,Product 2896,Electronics,WH-BLR,387,28
SKU02897,Product 2897,Apparel,WH-BLR,243,24
SKU02898,Product 2898,Toys,WH-HYD,499,19
SKU02899,Product 2899,Beauty,WH-MUM,22,14
SKU02900,Product 2900,Beauty,WH-MUM,306,23
SKU02901,Product 2901,Beauty,WH-DEL,421,13
SKU02902,Product 2902,Beauty,WH-BLR,438,20
SKU02903,Product 2903,Sports,WH-PUN,120,45
SKU02904,Product 2904,Books,WH-PUN,339,41
SKU02905,Product 2905,Beauty,WH-BLR,480,24
SKU02906,Product 2906,Home,WH-BLR,489,16
SKU02907,Product 2907,Sports,WH-MUM,0,43
SKU02908,Product 2908,Books,WH-HYD,96,33
SKU02909,Product 2909,Books,WH-PUN,182,21
SKU02910,Product 2910,Beauty,WH-BLR,496,20
SKU02911,Product 2911,Electronics,WH-PUN,485,48
SKU02912,Product 2912,Toys,WH-MUM,143,16
SKU02913,Product 2913,Electronics,WH-PUN,372,43
SKU02914,Product 2914,Toys,WH-PUN,177,46
SKU02915,Product 2915,Books,WH-PUN,361,43
SKU02916,Product 2916,Books,WH-DEL,498,43
SKU02917,Product 2917,Electronics,WH-PUN,62,49
SKU02918,Product 2918,Apparel,WH-PUN,138,17
SKU02919,Product 2919,Toys,WH-PUN,254,25
SKU02920,Product 2920,Apparel,WH-DEL,146,36
SKU02921,Product 2921,Apparel,WH-BLR,130,47
SKU02922,Product 2922,Books,WH-MUM,381,31
SKU02923,Product 2923,Toys,WH-MUM,96,22
SKU02924,Product 2924,Home,WH-PUN,96,39
SKU02925,Product 2925,Electronics,WH-PUN,364,38
SKU02926,Product 2926,Books,WH-DEL,65,27
SKU02927,Product 2927,Electronics,WH-PUN,,23
SKU02928,Product 2928,Home,WH-BLR,94,27
SKU02929,Product 2929,Apparel,WH-DEL,396,11
SKU02930,Product 2930,Sports,WH-DEL,,39
SKU02931,Product 2931,Apparel,WH-DEL,,34
SKU02932,Product 2932,Apparel,WH-BLR,98,28
SKU02933,Product 2933,Apparel,WH-DEL,331,43
SKU02934,Product 2934,Toys,WH-HYD,335,20
SKU02935,Product 2935,Home,WH-HYD,156,42
SKU02936,Product 2936,Toys,WH-PUN,122,11
SKU02937,Product 2937,Beauty,WH-DEL,472,18
SKU02938,Product 2938,Apparel,WH-MUM,42,41
SKU02939,Product 2939,Toys,WH-PUN,317,47
SKU02940,Product 2940,Sports,WH-DEL,221,13
SKU02941,Product 2941,Home,WH-DEL,75,46
SKU02942,Product 2942,Toys,WH-BLR,257,40
SKU02943,Product 2943,Apparel,WH-MUM,391,28
SKU02944,Product 2944,Sports,WH-MUM,333,21
SKU02945,Product 2945,Beauty,WH-HYD,19,46
SKU02946,Product 2946,Books,WH-DEL,298,32
SKU02947,Product 2947,Toys,WH-PUN,73,23
SKU02948,Product 2948,Electronics,WH-PUN,43,39
SKU02949,Product 2949,Sports,WH-PUN,252,32
SKU02950,Product 2950,Beauty,WH-HYD,54,32
SKU02951,Product 2951,Electronics,WH-DEL,437,44
SKU02952,Product 2952,Electronics,WH-MUM,24,27
SKU02953,Product 2953,Electronics,WH-BLR,151,39
SKU02954,Product 2954,Beauty,WH-DEL,224,17
SKU02955,Product 2955,Toys,WH-BLR,340,24
SKU02956,Product 2956,Beauty,WH-BLR,49,31
SKU02957,Product 2957,Beauty,WH-MUM,431,15
SKU02958,Product 2958,Electronics,WH-DEL,12,23
SKU02959,Product 2959,Toys,WH-HYD,197,44
SKU02960,Product 2960,Beauty,WH-MUM,178,25
SKU02961,Product 2961,Toys,WH-HYD,299,25
SKU02962,Product 2962,Home,WH-HYD,280,50
SKU02963,Product 2963,Toys,WH-DEL,418,44
SKU02964,Product 2964,Toys,WH-MUM,137,42
SKU02965,Product 2965,Toys,WH-HYD,38,24
SKU02966,Product 2966,Electronics,WH-BLR,440,16
SKU02967,Product 2967,Sports,WH-DEL,89,44
SKU02968,Product 2968,Apparel,WH-HYD,81,22
SKU02969,Product 2969,Beauty,WH-BLR,436,31
SKU02970,Product 2970,Electronics,WH-DEL,422,18
SKU02971,Product 2971,Books,WH-PUN,305,12
SKU02972,Product 2972,Toys,WH-BLR,380,15
SKU02973,Product 2973,Apparel,WH-HYD,26,19
SKU02974,Product 2974,Beauty,WH-DEL,119,33
SKU02975,Product 2975,Beauty,WH-HYD,18,28
SKU02976,Product 2976,Books,WH-BLR,285,32
SKU02977,Product 2977,Toys,WH-BLR,81,46
SKU02978,Product 2978,Home,WH-MUM,81,35
SKU02979,Product 2979,Toys,WH-MUM,172,41
SKU02980,Product 2980,Apparel,WH-DEL,192,37
SKU02981,Product 2981,Electronics,WH-MUM,308,33
SKU02982,Product 2982,Sports,WH-DEL,181,23
SKU02983,Product 2983,Home,WH-BLR,197,32
SKU02984,Product 2984,Toys,WH-MUM,382,20
SKU02985,Product 2985,Apparel,WH-HYD,426,20
SKU02986,Product 2986,Home,WH-HYD,,37
SKU02987,Product 2987,Toys,WH-HYD,231,18
SKU02988,Product 2988,Beauty,WH-HYD,85,34
SKU02989,Product 2989,Beauty,WH-MUM,37,38
SKU02990,Product 2990,Electronics,WH-MUM,301,32
SKU02991,Product 2991,Home,WH-BLR,384,19
SKU02992,Product 2992,Books,WH-BLR,150,12
SKU02993,Product 2993,Sports,WH-HYD,184,26
SKU02994,Product 2994,Apparel,WH-MUM,496,28
SKU02995,Product 2995,Beauty,WH-PUN,309,13
SKU02996,Product 2996,Home,WH-BLR,192,40
SKU02997,Product 2997,Sports,WH-HYD,42,12
SKU02998,Product 2998,Books,WH-BLR,355,28
SKU02999,Product 2999,Toys,WH-PUN,435,49
SKU03000,Product 3000,Apparel,WH-DEL,248,16
SKU03001,Product 3001,Electronics,WH-DEL,219,32
SKU03002,Product 3002,Toys,WH-MUM,194,25
SKU03003,Product 3003,Sports,WH-PUN,454,33
SKU03004,Product 3004,Electronics,WH-DEL,94,50
SKU03005,Product 3005,Books,WH-MUM,374,27
SKU03006,Product 3006,Apparel,WH-MUM,415,10
SKU03007,Product 3007,Home,WH-DEL,47,26
SKU03008,Product 3008,Toys,WH-HYD,109,49
SKU03009,Product 3009,Toys,WH-DEL,499,43
SKU03010,Product 3010,Toys,WH-PUN,212,11
SKU03011,Product 3011,Sports,WH-PUN,,25
SKU03012,Product 3012,Sports,WH-MUM,173,32
SKU03013,Product 3013,Books,WH-BLR,257,37
SKU03014,Product 3014,Home,WH-MUM,133,50
SKU03015,Product 3015,Beauty,WH-MUM,287,49
SKU03016,Product 3016,Sports,WH-PUN,229,40
SKU03017,Product 3017,Apparel,WH-MUM,133,28
SKU03018,Product 3018,Apparel,WH-PUN,472,13
SKU03019,Product 3019,Toys,WH-MUM,374,23
SKU03020,Product 3020,Sports,WH-BLR,196,40
SKU03021,Product 3021,Beauty,WH-PUN,167,26
SKU03022,Product 3022,Beauty,WH-PUN,299,30
SKU03023,Product 3023,Toys,WH-HYD,31,43
SKU03024,Product 3024,Books,WH-HYD,441,40
SKU03025,Product 3025,Apparel,WH-MUM,474,24
SKU03026,Product 3026,Electronics,WH-PUN,,16
SKU03027,Product 3027,Sports,WH-DEL,170,44
SKU03028,Product 3028,Beauty,WH-HYD,439,43
SKU03029,Product 3029,Toys,WH-PUN,345,26
SKU03030,Product 3030,Electronics,WH-DEL,191,48
SKU03031,Product 3031,Apparel,WH-BLR,462,28
SKU03032,Product 3032,Beauty,WH-HYD,,14
SKU03033,Product 3033,Books,WH-PUN,330,49
SKU03034,Product 3034,Apparel,WH-HYD,303,31
SKU03035,Product 3035,Apparel,WH-HYD,87,16
SKU03036,Product 3036,Electronics,WH-BLR,10,49
SKU03037,Product 3037,Toys,WH-MUM,492,49
SKU03038,Product 3038,Beauty,WH-BLR,328,30
SKU03039,Product 3039,Toys,WH-PUN,37,41
SKU03040,Product 3040,Beauty,WH-DEL,179,33
SKU03041,Product 3041,Toys,WH-BLR,104,12
SKU03042,Product 3042,Books,WH-BLR,288,34
SKU03043,Product 3043,Apparel,WH-DEL,39,14
SKU03044,Product 3044,Home,WH-HYD,147,27
SKU03045,Product 3045,Electronics,WH-PUN,404,40
SKU03046,Product 3046,Books,WH-PUN,80,28
SKU03047,Product 3047,Books,WH-DEL,36,23
SKU03048,Product 3048,Beauty,WH-MUM,218,43
SKU03049,Product 3049,Electronics,WH-HYD,487,46
SKU03050,Product 3050,Books,WH-BLR,399,19
SKU03051,Product 3051,Books,WH-PUN,363,47
SKU03052,Product 3052,Electronics,WH-DEL,136,15
SKU03053,Product 3053,Electronics,WH-BLR,233,12
SKU03054,Product 3054,Apparel,WH-HYD,384,11
SKU03055,Product 3055,Beauty,WH-DEL,316,43
SKU03056,Product 3056,Beauty,WH-HYD,135,47
SKU03057,Product 3057,Sports,WH-HYD,29,40
SKU03058,Product 3058,Books,WH-BLR,409,40
SKU03059,Product 3059,Books,WH-DEL,110,36
SKU03060,Product 3060,Sports,WH-BLR,410,38
SKU03061,Product 3061,Sports,WH-BLR,176,41
SKU03062,Product 3062,Beauty,WH-DEL,158,15
SKU03063,Product 3063,Electronics,WH-HYD,22,50
SKU03064,Product 3064,Books,WH-HYD,311,40
SKU03065,Product 3065,Electronics,WH-DEL,149,48
SKU03066,Product 3066,Beauty,WH-DEL,352,14
SKU03067,Product 3067,Apparel,WH-BLR,262,33
SKU03068,Product 3068,Books,WH-HYD,322,34
SKU03069,Product 3069,Toys,WH-DEL,380,44
SKU03070,Product 3070,Beauty,WH-DEL,4,10
SKU03071,Product 3071,Home,WH-BLR,269,39
SKU03072,Product 3072,Electronics,WH-HYD,20,13
SKU03073,Product 3073,Electronics,WH-DEL,424,10
SKU03074,Product 3074,Apparel,WH-BLR,470,18
SKU03075,Product 3075,Electronics,WH-BLR,371,35
SKU03076,Product 3076,Toys,WH-BLR,286,49
SKU03077,Product 3077,Home,WH-DEL,21,12
SKU03078,Product 3078,Toys,WH-DEL,62,44
SKU03079,Product 3079,Electronics,WH-HYD,465,46
SKU03080,Product 3080,Toys,WH-MUM,100,47
SKU03081,Product 3081,Electronics,WH-HYD,57,39
SKU03082,Product 3082,Sports,WH-PUN,223,40
SKU03083,Product 3083,Electronics,WH-DEL,431,17
SKU03084,Product 3084,Sports,WH-MUM,144,15
SKU03085,Product 3085,Toys,WH-HYD,41,24
SKU03086,Product 3086,Apparel,WH-PUN,428,19
SKU03087,Product 3087,Apparel,WH-MUM,380,17
SKU03088,Product 3088,Beauty,WH-MUM,290,18
SKU03089,Product 3089,Sports,WH-MUM,466,42
SKU03090,Product 3090,Books,WH-HYD,,17
SKU03091,Product 3091,Beauty,WH-BLR,221,16
SKU03092,Product 3092,Toys,WH-HYD,32,11
SKU03093,Product 3093,Toys,WH-BLR,444,30
SKU03094,Product 3094,Toys,WH-MUM,129,48
SKU03095,Product 3095,Home,WH-MUM,199,12
SKU03096,Product 3096,Apparel,WH-MUM,497,20
SKU03097,Product 3097,Books,WH-DEL,461,43
SKU03098,Product 3098,Toys,WH-BLR,339,30
SKU03099,Product 3099,Toys,WH-MUM,426,50
SKU03100,Product 3100,Electronics,WH-MUM,268,39
SKU03101,Product 3101,Home,WH-PUN,485,31
SKU03102,Product 3102,Apparel,WH-MUM,1,19
SKU03103,Product 3103,Home,WH-BLR,495,36
SKU03104,Product 3104,Apparel,WH-MUM,110,21
SKU03105,Product 3105,Electronics,WH-HYD,116,50
SKU03106,Product 3106,Home,WH-PUN,164,38
SKU03107,Product 3107,Electronics,WH-BLR,254,19
SKU03108,Product 3108,Apparel,WH-DEL,1,35
SKU03109,Product 3109,Electronics,WH-BLR,,49
SKU03110,Product 3110,Books,WH-BLR,410,10
SKU03111,Product 3111,Electronics,WH-PUN,120,36
SKU03112,Product 3112,Beauty,WH-HYD,230,27
SKU03113,Product 3113,Sports,WH-BLR,157,21
SKU03114,Product 3114,Books,WH-HYD,261,45
SKU03115,Product 3115,Beauty,WH-BLR,5,49
SKU03116,Product 3116,Electronics,WH-MUM,31,49
SKU03117,Product 3117,Apparel,WH-DEL,221,47
SKU03118,Product 3118,Beauty,WH-HYD,468,35
SKU03119,Product 3119,Beauty,WH-HYD,443,21
SKU03120,Product 3120,Beauty,WH-DEL,290,50
SKU03121,Product 3121,Apparel,WH-PUN,,37
SKU03122,Product 3122,Books,WH-MUM,484,49
SKU03123,Product 3123,Electronics,WH-DEL,306,26
SKU03124,Product 3124,Books,WH-HYD,405,17
SKU03125,Product 3125,Home,WH-PUN,212,30
SKU03126,Product 3126,Home,WH-MUM,442,50
SKU03127,Product 3127,Toys,WH-MUM,257,29
SKU03128,Product 3128,Beauty,WH-MUM,465,39
SKU03129,Product 3129,Books,WH-DEL,236,25
SKU03130,Product 3130,Toys,WH-HYD,352,17
SKU03131,Product 3131,Apparel,WH-MUM,176,20
SKU03132,Product 3132,Sports,WH-PUN,238,23
SKU03133,Product 3133,Toys,WH-BLR,325,43
SKU03134,Product 3134,Toys,WH-HYD,465,23
SKU03135,Product 3135,Toys,WH-BLR,74,39
SKU03136,Product 3136,Beauty,WH-HYD,392,30
SKU03137,Product 3137,Toys,WH-PUN,131,50
SKU03138,Product 3138,Apparel,WH-HYD,148,29
SKU03139,Product 3139,Sports,WH-MUM,393,37
SKU03140,Product 3140,Home,WH-MUM,352,50
SKU03141,Product 3141,Books,WH-DEL,140,22
SKU03142,Product 3142,Books,WH-DEL,456,11
SKU03143,Product 3143,Apparel,WH-DEL,,29
SKU03144,Product 3144,Beauty,WH-HYD,119,30
SKU03145,Product 3145,Toys,WH-PUN,387,28
SKU03146,Product 3146,Apparel,WH-PUN,183,45
SKU03147,Product 3147,Apparel,WH-BLR,88,25
SKU03148,Product 3148,Toys,WH-MUM,156,25
SKU03149,Product 3149,Home,WH-HYD,111,36
SKU03150,Product 3150,Toys,WH-BLR,263,18
SKU03151,Product 3151,Toys,WH-PUN,396,48
SKU03152,Product 3152,Books,WH-HYD,493,33
SKU03153,Product 3153,Toys,WH-HYD,,33
SKU03154,Product 3154,Home,WH-PUN,,50
SKU03155,Product 3155,Books,WH-DEL,76,24
SKU03156,Product 3156,Books,WH-PUN,430,45
SKU03157,Product 3157,Electronics,WH-BLR,0,24
SKU03158,Product 3158,Books,WH-HYD,414,50
SKU03159,Product 3159,Electronics,WH-PUN,203,14
SKU03160,Product 3160,Home,WH-HYD,460,40
SKU03161,Product 3161,Electronics,WH-DEL,497,29
SKU03162,Product 3162,Electronics,WH-DEL,448,15
SKU03163,Product 3163,Books,WH-PUN,182,16
SKU03164,Product 3164,Beauty,WH-BLR,325,23
SKU03165,Product 3165,Home,WH-BLR,35,49
SKU03166,Product 3166,Apparel,WH-PUN,139,14
SKU03167,Product 3167,Home,WH-PUN,57,39
SKU03168,Product 3168,Books,WH-HYD,448,31
SKU03169,Product 3169,Sports,WH-DEL,19,34
SKU03170,Product 3170,Sports,WH-HYD,103,50
SKU03171,Product 3171,Electronics,WH-MUM,186,38
SKU03172,Product 3172,Books,WH-PUN,419,18
SKU03173,Product 3173,Toys,WH-MUM,61,14
SKU03174,Product 3174,Books,WH-PUN,19,45
SKU03175,Product 3175,Electronics,WH-DEL,424,11
SKU03176,Product 3176,Sports,WH-MUM,329,28
SKU03177,Product 3177,Electronics,WH-DEL,113,18
SKU03178,Product 3178,Beauty,WH-BLR,235,18
SKU03179,Product 3179,Electronics,WH-HYD,384,31
SKU03180,Product 3180,Sports,WH-MUM,203,19
SKU03181,Product 3181,Books,WH-HYD,228,50
SKU03182,Product 3182,Sports,WH-DEL,96,50
SKU03183,Product 3183,Apparel,WH-HYD,269,22
SKU03184,Product 3184,Apparel,WH-HYD,478,38
SKU03185,Product 3185,Books,WH-BLR,213,16
SKU03186,Product 3186,Home,WH-BLR,44,15
SKU03187,Product 3187,Electronics,WH-HYD,382,31
SKU03188,Product 3188,Toys,WH-PUN,117,42
SKU03189,Product 3189,Toys,WH-HYD,442,15
SKU03190,Product 3190,Electronics,WH-MUM,141,21
SKU03191,Product 3191,Books,WH-MUM,221,18
SKU03192,Product 3192,Apparel,WH-DEL,303,34
SKU03193,Product 3193,Toys,WH-MUM,343,34
SKU03194,Product 3194,Electronics,WH-MUM,454,22
SKU03195,Product 3195,Books,WH-BLR,259,42
SKU03196,Product 3196,Books,WH-DEL,446,36
SKU03197,Product 3197,Home,WH-BLR,254,44
SKU03198,Product 3198,Sports,WH-MUM,371,29
SKU03199,Product 3199,Electronics,WH-MUM,446,44
SKU03200,Product 3200,Books,WH-HYD,145,26
SKU03201,Product 3201,Sports,WH-PUN,126,28
SKU03202,Product 3202,Home,WH-BLR,250,42
SKU03203,Product 3203,Sports,WH-HYD,485,20
SKU03204,Product 3204,Home,WH-MUM,333,48
SKU03205,Product 3205,Sports,WH-PUN,234,47
SKU03206,Product 3206,Apparel,WH-BLR,278,28
SKU03207,Product 3207,Home,WH-MUM,174,11
SKU03208,Product 3208,Books,WH-MUM,372,19
SKU03209,Product 3209,Electronics,WH-DEL,62,17
SKU03210,Product 3210,Books,WH-PUN,153,49
SKU03211,Product 3211,Electronics,WH-DEL,204,40
SKU03212,Product 3212,Sports,WH-MUM,228,27
SKU03213,Product 3213,Apparel,WH-PUN,190,12
SKU03214,Product 3214,Home,WH-HYD,369,49
SKU03215,Product 3215,Beauty,WH-HYD,279,18
SKU03216,Product 3216,Books,WH-HYD,499,48
SKU03217,Product 3217,Toys,WH-BLR,90,25
SKU03218,Product 3218,Home,WH-BLR,290,10
SKU03219,Product 3219,Books,WH-BLR,16,32
SKU03220,Product 3220,Home,WH-BLR,377,48
SKU03221,Product 3221,Toys,WH-BLR,171,50
SKU03222,Product 3222,Beauty,WH-BLR,189,39
SKU03223,Product 3223,Toys,WH-HYD,431,23
SKU03224,Product 3224,Apparel,WH-MUM,54,20
SKU03225,Product 3225,Home,WH-PUN,159,41
SKU03226,Product 3226,Electronics,WH-DEL,413,24
SKU03227,Product 3227,Books,WH-DEL,48,14
SKU03228,Product 3228,Home,WH-DEL,227,41
SKU03229,Product 3229,Books,WH-BLR,121,33
SKU03230,Product 3230,Apparel,WH-HYD,285,19
SKU03231,Product 3231,Home,WH-PUN,456,50
SKU03232,Product 3232,Electronics,WH-MUM,90,15
SKU03233,Product 3233,Home,WH-HYD,,47
SKU03234,Product 3234,Home,WH-BLR,158,45
SKU03235,Product 3235,Sports,WH-HYD,253,14
SKU03236,Product 3236,Electronics,WH-BLR,234,30
SKU03237,Product 3237,Books,WH-PUN,486,23
SKU03238,Product 3238,Books,WH-PUN,178,47
SKU03239,Product 3239,Electronics,WH-MUM,42,27
SKU03240,Product 3240,Toys,WH-BLR,275,31
SKU03241,Product 3241,Apparel,WH-HYD,221,23
SKU03242,Product 3242,Sports,WH-HYD,,27
SKU03243,Product 3243,Books,WH-BLR,101,17
SKU03244,Product 3244,Electronics,WH-BLR,220,10
SKU03245,Product 3245,Sports,WH-PUN,329,19
SKU03246,Product 3246,Sports,WH-HYD,477,44
SKU03247,Product 3247,Books,WH-HYD,338,45
SKU03248,Product 3248,Apparel,WH-HYD,150,40
SKU03249,Product 3249,Electronics,WH-MUM,169,24
SKU03250,Product 3250,Books,WH-HYD,203,18
SKU03251,Product 3251,Books,WH-PUN,24,38
SKU03252,Product 3252,Books,WH-MUM,440,12
SKU03253,Product 3253,Beauty,WH-HYD,423,49
SKU03254,Product 3254,Electronics,WH-BLR,303,44
SKU03255,Product 3255,Toys,WH-HYD,160,43
SKU03256,Product 3256,Sports,WH-MUM,168,28
SKU03257,Product 3257,Beauty,WH-MUM,40,46
SKU03258,Product 3258,Apparel,WH-DEL,121,15
SKU03259,Product 3259,Home,WH-HYD,44,50
SKU03260,Product 3260,Sports,WH-MUM,362,29
SKU03261,Product 3261,Electronics,WH-BLR,493,34
SKU03262,Product 3262,Toys,WH-BLR,383,16
SKU03263,Product 3263,Electronics,WH-HYD,265,10
SKU03264,Product 3264,Apparel,WH-HYD,366,25
SKU03265,Product 3265,Apparel,WH-MUM,86,17
SKU03266,Product 3266,Home,WH-BLR,281,19
SKU03267,Product 3267,Books,WH-DEL,304,37
SKU03268,Product 3268,Home,WH-HYD,419,15
SKU03269,Product 3269,Books,WH-DEL,102,38
SKU03270,Product 3270,Toys,WH-BLR,376,49
SKU03271,Product 3271,Beauty,WH-DEL,263,28
SKU03272,Product 3272,Home,WH-MUM,261,27
SKU03273,Product 3273,Toys,WH-BLR,157,11
SKU03274,Product 3274,Beauty,WH-MUM,2,31
SKU03275,Product 3275,Books,WH-HYD,417,41
SKU03276,Product 3276,Home,WH-DEL,240,28
SKU03277,Product 3277,Beauty,WH-MUM,460,16
SKU03278,Product 3278,Apparel,WH-DEL,256,35
SKU03279,Product 3279,Apparel,WH-BLR,125,33
SKU03280,Product 3280,Toys,WH-BLR,113,37
SKU03281,Product 3281,Electronics,WH-MUM,100,39
SKU03282,Product 3282,Home,WH-HYD,376,42
SKU03283,Product 3283,Beauty,WH-HYD,416,13
SKU03284,Product 3284,Electronics,WH-BLR,232,31
SKU03285,Product 3285,Beauty,WH-HYD,11,37
SKU03286,Product 3286,Beauty,WH-DEL,,34
SKU03287,Product 3287,Books,WH-MUM,294,11
SKU03288,Product 3288,Home,WH-BLR,263,37
SKU03289,Product 3289,Electronics,WH-HYD,41,42
SKU03290,Product 3290,Beauty,WH-MUM,315,32
SKU03291,Product 3291,Toys,WH-BLR,440,18
SKU03292,Product 3292,Toys,WH-MUM,197,41
SKU03293,Product 3293,Toys,WH-DEL,138,26
SKU03294,Product 3294,Apparel,WH-MUM,32,10
SKU03295,Product 3295,Toys,WH-MUM,345,22
SKU03296,Product 3296,Beauty,WH-PUN,291,28
SKU03297,Product 3297,Toys,WH-BLR,263,30
SKU03298,Product 3298,Toys,WH-HYD,298,13
SKU03299,Product 3299,Electronics,WH-DEL,3,45
SKU03300,Product 3300,Books,WH-BLR,337,10
SKU03301,Product 3301,Sports,WH-HYD,461,16
SKU03302,Product 3302,Books,WH-BLR,198,43
SKU03303,Product 3303,Sports,WH-DEL,454,47
SKU03304,Product 3304,Books,WH-PUN,110,50
SKU03305,Product 3305,Apparel,WH-HYD,328,15
SKU03306,Product 3306,Electronics,WH-PUN,289,47
SKU03307,Product 3307,Toys,WH-BLR,294,45
SKU03308,Product 3308,Toys,WH-DEL,430,49
SKU03309,Product 3309,Beauty,WH-PUN,273,18
SKU03310,Product 3310,Beauty,WH-MUM,49,10
SKU03311,Product 3311,Toys,WH-PUN,49,14
SKU03312,Product 3312,Books,WH-MUM,238,39
SKU03313,Product 3313,Books,WH-DEL,215,16
SKU03314,Product 3314,Electronics,WH-PUN,261,37
SKU03315,Product 3315,Beauty,WH-MUM,364,18
SKU03316,Product 3316,Beauty,WH-BLR,64,29
SKU03317,Product 3317,Toys,WH-DEL,305,31
SKU03318,Product 3318,Books,WH-PUN,65,49
SKU03319,Product 3319,Apparel,WH-PUN,115,16
SKU03320,Product 3320,Toys,WH-HYD,464,37
SKU03321,Product 3321,Toys,WH-DEL,172,41
SKU03322,Product 3322,Beauty,WH-BLR,485,14
SKU03323,Product 3323,Electronics,WH-PUN,105,39
SKU03324,Product 3324,Home,WH-PUN,461,25
SKU03325,Product 3325,Apparel,WH-MUM,59,18
SKU03326,Product 3326,Toys,WH-HYD,365,37
SKU03327,Product 3327,Apparel,WH-MUM,409,31
SKU03328,Product 3328,Apparel,WH-HYD,315,37
SKU03329,Product 3329,Home,WH-DEL,337,15
SKU03330,Product 3330,Sports,WH-BLR,441,30
SKU03331,Product 3331,Toys,WH-HYD,223,50
SKU03332,Product 3332,Home,WH-DEL,396,34
SKU03333,Product 3333,Sports,WH-DEL,109,39
SKU03334,Product 3334,Beauty,WH-DEL,86,31
SKU03335,Product 3335,Sports,WH-BLR,128,36
SKU03336,Product 3336,Sports,WH-DEL,88,22
SKU03337,Product 3337,Electronics,WH-BLR,147,31
SKU03338,Product 3338,Apparel,WH-BLR,12,28
SKU03339,Product 3339,Electronics,WH-HYD,205,29
SKU03340,Product 3340,Beauty,WH-PUN,303,38
SKU03341,Product 3341,Beauty,WH-MUM,166,28
SKU03342,Product 3342,Books,WH-MUM,219,29
SKU03343,Product 3343,Home,WH-PUN,362,19
SKU03344,Product 3344,Sports,WH-HYD,58,23
SKU03345,Product 3345,Sports,WH-BLR,314,16
SKU03346,Product 3346,Apparel,WH-MUM,388,30
SKU03347,Product 3347,Sports,WH-HYD,261,40
SKU03348,Product 3348,Toys,WH-DEL,143,32
SKU03349,Product 3349,Apparel,WH-DEL,29,31
SKU03350,Product 3350,Apparel,WH-MUM,33,34
SKU03351,Product 3351,Electronics,WH-PUN,191,36
SKU03352,Product 3352,Books,WH-HYD,165,49
SKU03353,Product 3353,Beauty,WH-BLR,288,44
SKU03354,Product 3354,Toys,WH-MUM,251,28
SKU03355,Product 3355,Beauty,WH-DEL,245,24
SKU03356,Product 3356,Electronics,WH-BLR,157,31
SKU03357,Product 3357,Apparel,WH-PUN,381,50
SKU03358,Product 3358,Home,WH-DEL,127,11
SKU03359,Product 3359,Home,WH-HYD,217,18
SKU03360,Product 3360,Books,WH-PUN,312,38
SKU03361,Product 3361,Toys,WH-HYD,215,33
SKU03362,Product 3362,Toys,WH-BLR,215,12
SKU03363,Product 3363,Beauty,WH-HYD,448,50
SKU03364,Product 3364,Toys,WH-BLR,25,48
SKU03365,Product 3365,Apparel,WH-HYD,119,38
SKU03366,Product 3366,Books,WH-HYD,437,39
SKU03367,Product 3367,Home,WH-DEL,131,12
SKU03368,Product 3368,Books,WH-PUN,441,26
SKU03369,Product 3369,Sports,WH-HYD,103,17
SKU03370,Product 3370,Toys,WH-DEL,383,43
SKU03371,Product 3371,Books,WH-DEL,95,10
SKU03372,Product 3372,Books,WH-MUM,111,12
SKU03373,Product 3373,Books,WH-BLR,318,31
SKU03374,Product 3374,Toys,WH-PUN,377,21
SKU03375,Product 3375,Books,WH-DEL,244,41
SKU03376,Product 3376,Books,WH-BLR,101,13
SKU03377,Product 3377,Electronics,WH-DEL,108,37
SKU03378,Product 3378,Beauty,WH-MUM,203,37
SKU03379,Product 3379,Home,WH-DEL,359,42
SKU03380,Product 3380,Home,WH-HYD,477,42
SKU03381,Product 3381,Sports,WH-HYD,404,49
SKU03382,Product 3382,Sports,WH-PUN,239,42
SKU03383,Product 3383,Home,WH-PUN,155,50
SKU03384,Product 3384,Books,WH-HYD,360,49
SKU03385,Product 3385,Home,WH-HYD,375,47
SKU03386,Product 3386,Electronics,WH-DEL,244,28
SKU03387,Product 3387,Sports,WH-DEL,447,39
SKU03388,Product 3388,Sports,WH-MUM,469,36
SKU03389,Product 3389,Books,WH-PUN,34,13
SKU03390,Product 3390,Beauty,WH-PUN,476,21
SKU03391,Product 3391,Apparel,WH-PUN,409,32
SKU03392,Product 3392,Electronics,WH-PUN,49,23
SKU03393,Product 3393,Apparel,WH-HYD,485,43
SKU03394,Product 3394,Beauty,WH-HYD,492,43
SKU03395,Product 3395,Beauty,WH-PUN,438,48
SKU03396,Product 3396,Sports,WH-MUM,292,19
SKU03397,Product 3397,Electronics,WH-BLR,9,21
SKU03398,Product 3398,Beauty,WH-MUM,482,13
SKU03399,Product 3399,Apparel,WH-DEL,328,30
SKU03400,Product 3400,Apparel,WH-MUM,468,16
SKU03401,Product 3401,Home,WH-BLR,49,12
SKU03402,Product 3402,Beauty,WH-HYD,375,33
SKU03403,Product 3403,Electronics,WH-BLR,432,23
SKU03404,Product 3404,Apparel,WH-PUN,172,28
SKU03405,Product 3405,Home,WH-HYD,307,37
SKU03406,Product 3406,Apparel,WH-PUN,27,36
SKU03407,Product 3407,Books,WH-DEL,441,11
SKU03408,Product 3408,Home,WH-PUN,276,20
SKU03409,Product 3409,Books,WH-PUN,386,40
SKU03410,Product 3410,Home,WH-MUM,27,23
SKU03411,Product 3411,Beauty,WH-PUN,267,38
SKU03412,Product 3412,Electronics,WH-BLR,203,46
SKU03413,Product 3413,Beauty,WH-HYD,229,34
SKU03414,Product 3414,Electronics,WH-BLR,77,31
SKU03415,Product 3415,Books,WH-MUM,153,35
SKU03416,Product 3416,Electronics,WH-MUM,384,24
SKU03417,Product 3417,Electronics,WH-MUM,435,22
SKU03418,Product 3418,Books,WH-PUN,478,50
SKU03419,Product 3419,Books,WH-MUM,97,45
SKU03420,Product 3420,Toys,WH-PUN,421,47
SKU03421,Product 3421,Toys,WH-MUM,365,25
SKU03422,Product 3422,Electronics,WH-BLR,476,13
SKU03423,Product 3423,Sports,WH-MUM,16,46
SKU03424,Product 3424,Electronics,WH-MUM,472,13
SKU03425,Product 3425,Toys,WH-DEL,497,21
SKU03426,Product 3426,Electronics,WH-HYD,143,12
SKU03427,Product 3427,Beauty,WH-MUM,110,21
SKU03428,Product 3428,Apparel,WH-HYD,452,25
SKU03429,Product 3429,Electronics,WH-BLR,111,29
SKU03430,Product 3430,Books,WH-BLR,418,29
SKU03431,Product 3431,Home,WH-HYD,32,17
SKU03432,Product 3432,Sports,WH-PUN,410,40
SKU03433,Product 3433,Toys,WH-HYD,446,20
SKU03434,Product 3434,Electronics,WH-HYD,432,40
SKU03435,Product 3435,Toys,WH-MUM,310,19
SKU03436,Product 3436,Books,WH-PUN,492,21
SKU03437,Product 3437,Electronics,WH-DEL,50,41
SKU03438,Product 3438,Beauty,WH-MUM,69,44
SKU03439,Product 3439,Apparel,WH-DEL,392,31
SKU03440,Product 3440,Electronics,WH-HYD,457,31
SKU03441,Product 3441,Books,WH-HYD,10,46
SKU03442,Product 3442,Apparel,WH-DEL,215,24
SKU03443,Product 3443,Home,WH-DEL,73,27
SKU03444,Product 3444,Beauty,WH-DEL,300,49
SKU03445,Product 3445,Beauty,WH-MUM,460,15
SKU03446,Product 3446,Beauty,WH-HYD,312,20
SKU03447,Product 3447,Electronics,WH-MUM,246,32
SKU03448,Product 3448,Electronics,WH-HYD,247,30
SKU03449,Product 3449,Books,WH-PUN,474,37
SKU03450,Product 3450,Sports,WH-HYD,398,20
SKU03451,Product 3451,Toys,WH-BLR,427,38
SKU03452,Product 3452,Home,WH-HYD,261,39
SKU03453,Product 3453,Books,WH-HYD,49,17
SKU03454,Product 3454,Electronics,WH-PUN,91,47
SKU03455,Product 3455,Apparel,WH-PUN,292,15
SKU03456,Product 3456,Beauty,WH-HYD,252,10
SKU03457,Product 3457,Toys,WH-HYD,340,50
SKU03458,Product 3458,Electronics,WH-BLR,5,20
SKU03459,Product 3459,Beauty,WH-PUN,331,37
SKU03460,Product 3460,Toys,WH-BLR,,27
SKU03461,Product 3461,Home,WH-BLR,156,38
SKU03462,Product 3462,Toys,WH-MUM,258,22
SKU03463,Product 3463,Books,WH-DEL,0,24
SKU03464,Product 3464,Sports,WH-HYD,310,42
SKU03465,Product 3465,Toys,WH-DEL,326,36
SKU03466,Product 3466,Home,WH-HYD,400,31
SKU03467,Product 3467,Sports,WH-MUM,426,48
SKU03468,Product 3468,Books,WH-PUN,44,36
SKU03469,Product 3469,Books,WH-MUM,277,48
SKU03470,Product 3470,Sports,WH-HYD,333,27
SKU03471,Product 3471,Books,WH-BLR,308,21
SKU03472,Product 3472,Apparel,WH-PUN,3,19
SKU03473,Product 3473,Beauty,WH-PUN,85,35
SKU03474,Product 3474,Beauty,WH-DEL,256,23
SKU03475,Product 3475,Home,WH-MUM,240,41
SKU03476,Product 3476,Home,WH-MUM,272,30
SKU03477,Product 3477,Books,WH-HYD,247,30
SKU03478,Product 3478,Apparel,WH-DEL,,47
SKU03479,Product 3479,Home,WH-HYD,73,28
SKU03480,Product 3480,Electronics,WH-PUN,105,17
SKU03481,Product 3481,Apparel,WH-BLR,113,21
SKU03482,Product 3482,Beauty,WH-MUM,177,11
SKU03483,Product 3483,Electronics,WH-BLR,132,20
SKU03484,Product 3484,Beauty,WH-MUM,215,25
SKU03485,Product 3485,Toys,WH-MUM,354,10
SKU03486,Product 3486,Home,WH-MUM,292,33
SKU03487,Product 3487,Books,WH-HYD,495,24
SKU03488,Product 3488,Home,WH-PUN,50,19
SKU03489,Product 3489,Beauty,WH-HYD,337,21
SKU03490,Product 3490,Toys,WH-MUM,74,41
SKU03491,Product 3491,Beauty,WH-DEL,224,22
SKU03492,Product 3492,Apparel,WH-PUN,284,13
SKU03493,Product 3493,Electronics,WH-DEL,246,13
SKU03494,Product 3494,Home,WH-MUM,73,43
SKU03495,Product 3495,Toys,WH-PUN,395,37
SKU03496,Product 3496,Electronics,WH-HYD,139,47
SKU03497,Product 3497,Sports,WH-PUN,122,34
SKU03498,Product 3498,Beauty,WH-PUN,313,25
SKU03499,Product 3499,Toys,WH-BLR,336,49
SKU03500,Product 3500,Apparel,WH-BLR,392,42
SKU03501,Product 3501,Books,WH-BLR,100,43
SKU03502,Product 3502,Toys,WH-HYD,228,45
SKU03503,Product 3503,Apparel,WH-PUN,262,35
SKU03504,Product 3504,Sports,WH-PUN,267,19
SKU03505,Product 3505,Sports,WH-DEL,176,38
SKU03506,Product 3506,Sports,WH-HYD,107,44
SKU03507,Product 3507,Beauty,WH-MUM,52,21
SKU03508,Product 3508,Apparel,WH-BLR,380,31
SKU03509,Product 3509,Beauty,WH-PUN,19,50
SKU03510,Product 3510,Apparel,WH-HYD,315,44
SKU03511,Product 3511,Beauty,WH-BLR,499,50
SKU03512,Product 3512,Apparel,WH-DEL,184,47
SKU03513,Product 3513,Sports,WH-DEL,309,34
SKU03514,Product 3514,Sports,WH-MUM,482,48
SKU03515,Product 3515,Electronics,WH-BLR,206,23
SKU03516,Product 3516,Home,WH-BLR,475,48
SKU03517,Product 3517,Toys,WH-PUN,465,32
SKU03518,Product 3518,Sports,WH-HYD,29,39
SKU03519,Product 3519,Books,WH-BLR,78,36
SKU03520,Product 3520,Books,WH-HYD,339,21
SKU03521,Product 3521,Electronics,WH-DEL,273,38
SKU03522,Product 3522,Beauty,WH-HYD,206,38
SKU03523,Product 3523,Toys,WH-PUN,412,36
SKU03524,Product 3524,Beauty,WH-BLR,492,48
SKU03525,Product 3525,Electronics,WH-PUN,246,14
SKU03526,Product 3526,Electronics,WH-MUM,311,46
SKU03527,Product 3527,Home,WH-HYD,224,42
SKU03528,Product 3528,Toys,WH-PUN,486,46
SKU03529,Product 3529,Apparel,WH-DEL,116,33
SKU03530,Product 3530,Books,WH-HYD,110,27
SKU03531,Product 3531,Books,WH-HYD,21,20
SKU03532,Product 3532,Home,WH-BLR,498,34
SKU03533,Product 3533,Electronics,WH-BLR,60,25
SKU03534,Product 3534,Home,WH-PUN,77,40
SKU03535,Product 3535,Apparel,WH-HYD,255,32
SKU03536,Product 3536,Sports,WH-PUN,55,27
SKU03537,Product 3537,Sports,WH-DEL,399,49
SKU03538,Product 3538,Toys,WH-HYD,274,35
SKU03539,Product 3539,Apparel,WH-BLR,41,47
SKU03540,Product 3540,Electronics,WH-HYD,154,25
SKU03541,Product 3541,Home,WH-HYD,,21
SKU03542,Product 3542,Beauty,WH-HYD,135,23
SKU03543,Product 3543,Sports,WH-MUM,306,40
SKU03544,Product 3544,Apparel,WH-HYD,391,43
SKU03545,Product 3545,Home,WH-DEL,,10
SKU03546,Product 3546,Apparel,WH-PUN,238,29
SKU03547,Product 3547,Apparel,WH-PUN,431,32
SKU03548,Product 3548,Toys,WH-DEL,268,11
SKU03549,Product 3549,Sports,WH-PUN,296,42
SKU03550,Product 3550,Beauty,WH-PUN,219,20
SKU03551,Product 3551,Books,WH-MUM,401,30
SKU03552,Product 3552,Electronics,WH-MUM,353,14
SKU03553,Product 3553,Home,WH-PUN,446,11
SKU03554,Product 3554,Sports,WH-HYD,158,24
SKU03555,Product 3555,Books,WH-PUN,176,41
SKU03556,Product 3556,Home,WH-BLR,191,28
SKU03557,Product 3557,Toys,WH-MUM,487,25
SKU03558,Product 3558,Toys,WH-MUM,195,49
SKU03559,Product 3559,Beauty,WH-DEL,289,13
SKU03560,Product 3560,Beauty,WH-PUN,249,48
SKU03561,Product 3561,Beauty,WH-HYD,325,19
SKU03562,Product 3562,Apparel,WH-BLR,76,37
SKU03563,Product 3563,Toys,WH-HYD,157,15
SKU03564,Product 3564,Home,WH-BLR,387,25
SKU03565,Product 3565,Electronics,WH-DEL,486,19
SKU03566,Product 3566,Electronics,WH-BLR,254,39
SKU03567,Product 3567,Home,WH-DEL,396,40
SKU03568,Product 3568,Beauty,WH-PUN,431,40
SKU03569,Product 3569,Books,WH-HYD,391,46
SKU03570,Product 3570,Toys,WH-PUN,124,12
SKU03571,Product 3571,Home,WH-DEL,459,26
SKU03572,Product 3572,Apparel,WH-PUN,183,34
SKU03573,Product 3573,Sports,WH-DEL,332,17
SKU03574,Product 3574,Beauty,WH-PUN,,14
SKU03575,Product 3575,Toys,WH-DEL,79,41
SKU03576,Product 3576,Toys,WH-DEL,175,13
SKU03577,Product 3577,Beauty,WH-PUN,12,49
SKU03578,Product 3578,Electronics,WH-MUM,350,33
SKU03579,Product 3579,Home,WH-PUN,271,24
SKU03580,Product 3580,Sports,WH-BLR,443,19
SKU03581,Product 3581,Home,WH-MUM,443,30
SKU03582,Product 3582,Beauty,WH-MUM,182,21
SKU03583,Product 3583,Apparel,WH-BLR,108,16
SKU03584,Product 3584,Books,WH-PUN,155,49
SKU03585,Product 3585,Home,WH-DEL,158,22
SKU03586,Product 3586,Toys,WH-PUN,318,46
SKU03587,Product 3587,Home,WH-DEL,,38
SKU03588,Product 3588,Sports,WH-PUN,205,22
SKU03589,Product 3589,Electronics,WH-BLR,106,45
SKU03590,Product 3590,Home,WH-HYD,40,47
SKU03591,Product 3591,Sports,WH-DEL,167,40
SKU03592,Product 3592,Home,WH-HYD,6,48
SKU03593,Product 3593,Books,WH-DEL,189,10
SKU03594,Product 3594,Beauty,WH-BLR,429,36
SKU03595,Product 3595,Electronics,WH-DEL,462,18
SKU03596,Product 3596,Toys,WH-HYD,265,28
SKU03597,Product 3597,Books,WH-PUN,21,17
SKU03598,Product 3598,Beauty,WH-BLR,32,11
SKU03599,Product 3599,Beauty,WH-PUN,351,48
SKU03600,Product 3600,Toys,WH-PUN,117,19
SKU03601,Product 3601,Home,WH-MUM,35,18
SKU03602,Product 3602,Beauty,WH-PUN,279,47
SKU03603,Product 3603,Toys,WH-PUN,308,46
SKU03604,Product 3604,Apparel,WH-PUN,203,46
SKU03605,Product 3605,Apparel,WH-DEL,492,21
SKU03606,Product 3606,Home,WH-DEL,282,33
SKU03607,Product 3607,Electronics,WH-PUN,73,32
SKU03608,Product 3608,Home,WH-HYD,24,13
SKU03609,Product 3609,Apparel,WH-DEL,286,46
SKU03610,Product 3610,Apparel,WH-HYD,49,13
SKU03611,Product 3611,Books,WH-PUN,134,32
SKU03612,Product 3612,Sports,WH-PUN,381,36
SKU03613,Product 3613,Home,WH-PUN,166,45
SKU03614,Product 3614,Sports,WH-MUM,34,27
SKU03615,Product 3615,Electronics,WH-PUN,492,25
SKU03616,Product 3616,Toys,WH-HYD,278,32
SKU03617,Product 3617,Beauty,WH-DEL,157,49
SKU03618,Product 3618,Apparel,WH-HYD,394,13
SKU03619,Product 3619,Home,WH-MUM,351,42
SKU03620,Product 3620,Home,WH-PUN,234,40
SKU03621,Product 3621,Home,WH-HYD,18,34
SKU03622,Product 3622,Apparel,WH-DEL,78,13
SKU03623,Product 3623,Home,WH-HYD,426,10
SKU03624,Product 3624,Books,WH-MUM,299,27
SKU03625,Product 3625,Books,WH-HYD,,16
SKU03626,Product 3626,Electronics,WH-DEL,184,18
SKU03627,Product 3627,Toys,WH-BLR,430,31
SKU03628,Product 3628,Beauty,WH-HYD,26,50
SKU03629,Product 3629,Toys,WH-HYD,191,37
SKU03630,Product 3630,Toys,WH-DEL,,33
SKU03631,Product 3631,Home,WH-PUN,14,11
SKU03632,Product 3632,Sports,WH-MUM,427,33
SKU03633,Product 3633,Beauty,WH-HYD,356,31
SKU03634,Product 3634,Beauty,WH-PUN,,46
SKU03635,Product 3635,Toys,WH-HYD,108,46
SKU03636,Product 3636,Apparel,WH-PUN,358,16
SKU03637,Product 3637,Sports,WH-MUM,474,41
SKU03638,Product 3638,Apparel,WH-HYD,136,19
SKU03639,Product 3639,Sports,WH-PUN,448,12
SKU03640,Product 3640,Apparel,WH-MUM,360,19
SKU03641,Product 3641,Books,WH-PUN,42,34
SKU03642,Product 3642,Toys,WH-DEL,413,47
SKU03643,Product 3643,Electronics,WH-BLR,63,39
SKU03644,Product 3644,Toys,WH-MUM,216,41
SKU03645,Product 3645,Toys,WH-MUM,36,21
SKU03646,Product 3646,Books,WH-BLR,128,20
SKU03647,Product 3647,Electronics,WH-DEL,41,50
SKU03648,Product 3648,Electronics,WH-BLR,297,37
SKU03649,Product 3649,Beauty,WH-BLR,331,25
SKU03650,Product 3650,Beauty,WH-BLR,248,50
SKU03651,Product 3651,Sports,WH-DEL,477,24
SKU03652,Product 3652,Toys,WH-BLR,485,10
SKU03653,Product 3653,Sports,WH-BLR,313,16
SKU03654,Product 3654,Home,WH-BLR,134,25
SKU03655,Product 3655,Sports,WH-DEL,251,23
SKU03656,Product 3656,Beauty,WH-BLR,158,22
SKU03657,Product 3657,Apparel,WH-PUN,377,38
SKU03658,Product 3658,Books,WH-BLR,135,33
SKU03659,Product 3659,Home,WH-HYD,213,45
SKU03660,Product 3660,Beauty,WH-PUN,201,12
SKU03661,Product 3661,Books,WH-MUM,382,45
SKU03662,Product 3662,Electronics,WH-DEL,20,33
SKU03663,Product 3663,Sports,WH-PUN,464,32
SKU03664,Product 3664,Books,WH-BLR,471,44
SKU03665,Product 3665,Home,WH-HYD,59,33
SKU03666,Product 3666,Electronics,WH-DEL,442,30
SKU03667,Product 3667,Apparel,WH-PUN,138,31
SKU03668,Product 3668,Sports,WH-DEL,232,45
SKU03669,Product 3669,Electronics,WH-HYD,325,39
SKU03670,Product 3670,Books,WH-MUM,317,49
SKU03671,Product 3671,Books,WH-DEL,474,28
SKU03672,Product 3672,Sports,WH-PUN,450,17
SKU03673,Product 3673,Books,WH-DEL,177,28
SKU03674,Product 3674,Beauty,WH-HYD,138,15
SKU03675,Product 3675,Sports,WH-PUN,,31
SKU03676,Product 3676,Electronics,WH-HYD,129,15
SKU03677,Product 3677,Electronics,WH-HYD,18,33
SKU03678,Product 3678,Toys,WH-BLR,212,35
SKU03679,Product 3679,Beauty,WH-PUN,200,45
SKU03680,Product 3680,Home,WH-MUM,185,31
SKU03681,Product 3681,Toys,WH-HYD,120,24
SKU03682,Product 3682,Toys,WH-HYD,254,37
SKU03683,Product 3683,Home,WH-PUN,221,49
SKU03684,Product 3684,Home,WH-PUN,455,48
SKU03685,Product 3685,Apparel,WH-BLR,23,27
SKU03686,Product 3686,Toys,WH-BLR,144,24
SKU03687,Product 3687,Toys,WH-PUN,457,16
SKU03688,Product 3688,Beauty,WH-BLR,427,21
SKU03689,Product 3689,Beauty,WH-MUM,195,42
SKU03690,Product 3690,Home,WH-PUN,433,16
SKU03691,Product 3691,Books,WH-HYD,269,16
SKU03692,Product 3692,Beauty,WH-BLR,159,45
SKU03693,Product 3693,Apparel,WH-HYD,264,23
SKU03694,Product 3694,Home,WH-PUN,364,13
SKU03695,Product 3695,Home,WH-BLR,337,22
SKU03696,Product 3696,Books,WH-MUM,44,15
SKU03697,Product 3697,Apparel,WH-DEL,322,22
SKU03698,Product 3698,Beauty,WH-DEL,176,16
SKU03699,Product 3699,Beauty,WH-DEL,484,20
SKU03700,Product 3700,Sports,WH-MUM,248,40
SKU03701,Product 3701,Home,WH-MUM,96,39
SKU03702,Product 3702,Toys,WH-PUN,500,22
SKU03703,Product 3703,Apparel,WH-BLR,228,24
SKU03704,Product 3704,Sports,WH-DEL,394,40
SKU03705,Product 3705,Beauty,WH-DEL,390,49
SKU03706,Product 3706,Toys,WH-HYD,357,45
SKU03707,Product 3707,Apparel,WH-MUM,82,43
SKU03708,Product 3708,Home,WH-PUN,279,27
SKU03709,Product 3709,Apparel,WH-DEL,338,23
SKU03710,Product 3710,Books,WH-MUM,324,41
SKU03711,Product 3711,Electronics,WH-PUN,155,38
SKU03712,Product 3712,Beauty,WH-MUM,157,11
SKU03713,Product 3713,Beauty,WH-BLR,443,49
SKU03714,Product 3714,Apparel,WH-PUN,244,50
SKU03715,Product 3715,Electronics,WH-HYD,214,32
SKU03716,Product 3716,Home,WH-HYD,208,41
SKU03717,Product 3717,Sports,WH-DEL,301,34
SKU03718,Product 3718,Sports,WH-BLR,63,28
SKU03719,Product 3719,Home,WH-BLR,,31
SKU03720,Product 3720,Electronics,WH-PUN,63,12
SKU03721,Product 3721,Home,WH-MUM,305,31
SKU03722,Product 3722,Electronics,WH-PUN,160,18
SKU03723,Product 3723,Electronics,WH-MUM,148,18
SKU03724,Product 3724,Beauty,WH-BLR,263,29
SKU03725,Product 3725,Home,WH-DEL,280,14
SKU03726,Product 3726,Beauty,WH-DEL,492,38
SKU03727,Product 3727,Toys,WH-HYD,24,26
SKU03728,Product 3728,Electronics,WH-MUM,310,29
SKU03729,Product 3729,Apparel,WH-BLR,166,41
SKU03730,Product 3730,Home,WH-BLR,352,11
SKU03731,Product 3731,Toys,WH-MUM,49,34
SKU03732,Product 3732,Electronics,WH-MUM,313,37
SKU03733,Product 3733,Books,WH-DEL,481,34
SKU03734,Product 3734,Home,WH-DEL,350,32
SKU03735,Product 3735,Beauty,WH-BLR,451,22
SKU03736,Product 3736,Beauty,WH-PUN,243,27
SKU03737,Product 3737,Books,WH-PUN,3,15
SKU03738,Product 3738,Home,WH-DEL,103,50
SKU03739,Product 3739,Beauty,WH-PUN,,14
SKU03740,Product 3740,Sports,WH-DEL,7,41
SKU03741,Product 3741,Sports,WH-MUM,56,40
SKU03742,Product 3742,Electronics,WH-MUM,328,32
SKU03743,Product 3743,Home,WH-PUN,52,32
SKU03744,Product 3744,Home,WH-PUN,50,32
SKU03745,Product 3745,Sports,WH-BLR,167,44
SKU03746,Product 3746,Toys,WH-BLR,249,34
SKU03747,Product 3747,Electronics,WH-HYD,281,21
SKU03748,Product 3748,Beauty,WH-HYD,304,14
SKU03749,Product 3749,Toys,WH-PUN,432,13
SKU03750,Product 3750,Home,WH-BLR,273,43
SKU03751,Product 3751,Electronics,WH-HYD,265,44
SKU03752,Product 3752,Sports,WH-BLR,159,39
SKU03753,Product 3753,Apparel,WH-BLR,365,11
SKU03754,Product 3754,Sports,WH-PUN,421,12
SKU03755,Product 3755,Electronics,WH-MUM,233,34
SKU03756,Product 3756,Home,WH-MUM,141,10
SKU03757,Product 3757,Electronics,WH-DEL,120,34
SKU03758,Product 3758,Electronics,WH-MUM,343,32
SKU03759,Product 3759,Books,WH-DEL,365,49
SKU03760,Product 3760,Electronics,WH-PUN,314,15
SKU03761,Product 3761,Sports,WH-HYD,429,24
SKU03762,Product 3762,Electronics,WH-DEL,108,21
SKU03763,Product 3763,Books,WH-HYD,252,25
SKU03764,Product 3764,Apparel,WH-HYD,365,21
SKU03765,Product 3765,Apparel,WH-HYD,85,24
SKU03766,Product 3766,Beauty,WH-PUN,426,30
SKU03767,Product 3767,Home,WH-BLR,30,19
SKU03768,Product 3768,Books,WH-HYD,469,12
SKU03769,Product 3769,Sports,WH-DEL,169,26
SKU03770,Product 3770,Beauty,WH-BLR,,32
SKU03771,Product 3771,Home,WH-BLR,107,20
SKU03772,Product 3772,Toys,WH-MUM,214,26
SKU03773,Product 3773,Apparel,WH-DEL,301,32
SKU03774,Product 3774,Apparel,WH-PUN,440,39
SKU03775,Product 3775,Apparel,WH-MUM,454,33
SKU03776,Product 3776,Apparel,WH-MUM,49,49
SKU03777,Product 3777,Beauty,WH-MUM,300,19
SKU03778,Product 3778,Electronics,WH-HYD,215,13
SKU03779,Product 3779,Electronics,WH-PUN,366,45
SKU03780,Product 3780,Sports,WH-HYD,,20
SKU03781,Product 3781,Home,WH-DEL,239,30
SKU03782,Product 3782,Home,WH-BLR,45,17
SKU03783,Product 3783,Toys,WH-HYD,469,28
SKU03784,Product 3784,Toys,WH-DEL,46,48
SKU03785,Product 3785,Toys,WH-DEL,314,22
SKU03786,Product 3786,Home,WH-HYD,222,29
SKU03787,Product 3787,Electronics,WH-BLR,367,33
SKU03788,Product 3788,Home,WH-BLR,473,37
SKU03789,Product 3789,Electronics,WH-HYD,20,18
SKU03790,Product 3790,Toys,WH-PUN,276,21
SKU03791,Product 3791,Apparel,WH-PUN,85,26
SKU03792,Product 3792,Home,WH-HYD,104,48
SKU03793,Product 3793,Sports,WH-BLR,467,44
SKU03794,Product 3794,Sports,WH-MUM,330,46
SKU03795,Product 3795,Home,WH-PUN,153,46
SKU03796,Product 3796,Apparel,WH-MUM,85,14
SKU03797,Product 3797,Beauty,WH-MUM,328,41
SKU03798,Product 3798,Apparel,WH-PUN,164,27
SKU03799,Product 3799,Beauty,WH-HYD,318,32
SKU03800,Product 3800,Home,WH-MUM,203,16
SKU03801,Product 3801,Sports,WH-PUN,83,49
SKU03802,Product 3802,Home,WH-HYD,343,22
SKU03803,Product 3803,Apparel,WH-HYD,274,41
SKU03804,Product 3804,Beauty,WH-MUM,208,39
SKU03805,Product 3805,Apparel,WH-DEL,29,10
SKU03806,Product 3806,Apparel,WH-BLR,40,50
SKU03807,Product 3807,Apparel,WH-BLR,36,43
SKU03808,Product 3808,Home,WH-BLR,252,26
SKU03809,Product 3809,Electronics,WH-MUM,91,28
SKU03810,Product 3810,Sports,WH-BLR,377,31
SKU03811,Product 3811,Books,WH-MUM,147,39
SKU03812,Product 3812,Sports,WH-PUN,147,43
SKU03813,Product 3813,Books,WH-BLR,364,49
SKU03814,Product 3814,Sports,WH-BLR,217,45
SKU03815,Product 3815,Apparel,WH-MUM,354,19
SKU03816,Product 3816,Toys,WH-MUM,190,23
SKU03817,Product 3817,Electronics,WH-PUN,,22
SKU03818,Product 3818,Home,WH-BLR,480,31
SKU03819,Product 3819,Electronics,WH-MUM,88,14
SKU03820,Product 3820,Apparel,WH-MUM,250,34
SKU03821,Product 3821,Toys,WH-DEL,215,37
SKU03822,Product 3822,Sports,WH-PUN,487,50
SKU03823,Product 3823,Toys,WH-BLR,289,26
SKU03824,Product 3824,Electronics,WH-MUM,240,40
SKU03825,Product 3825,Home,WH-HYD,399,16
SKU03826,Product 3826,Sports,WH-DEL,8,14
SKU03827,Product 3827,Toys,WH-BLR,19,11
SKU03828,Product 3828,Apparel,WH-DEL,83,18
SKU03829,Product 3829,Sports,WH-MUM,107,33
SKU03830,Product 3830,Apparel,WH-DEL,54,36
SKU03831,Product 3831,Sports,WH-BLR,305,18
SKU03832,Product 3832,Apparel,WH-PUN,97,32
SKU03833,Product 3833,Home,WH-DEL,466,26
SKU03834,Product 3834,Apparel,WH-BLR,499,36
SKU03835,Product 3835,Apparel,WH-BLR,419,36
SKU03836,Product 3836,Books,WH-BLR,380,17
SKU03837,Product 3837,Home,WH-MUM,151,22
SKU03838,Product 3838,Beauty,WH-DEL,465,31
SKU03839,Product 3839,Electronics,WH-MUM,330,30
SKU03840,Product 3840,Toys,WH-PUN,63,35
SKU03841,Product 3841,Sports,WH-HYD,250,41
SKU03842,Product 3842,Sports,WH-DEL,281,15
SKU03843,Product 3843,Electronics,WH-MUM,347,48
SKU03844,Product 3844,Apparel,WH-BLR,51,37
SKU03845,Product 3845,Home,WH-BLR,274,22
SKU03846,Product 3846,Apparel,WH-HYD,464,22
SKU03847,Product 3847,Home,WH-MUM,172,36
SKU03848,Product 3848,Books,WH-DEL,312,23
SKU03849,Product 3849,Books,WH-HYD,98,46
SKU03850,Product 3850,Apparel,WH-DEL,361,12
SKU03851,Product 3851,Toys,WH-MUM,448,38
SKU03852,Product 3852,Sports,WH-HYD,42,25
SKU03853,Product 3853,Apparel,WH-PUN,90,16
SKU03854,Product 3854,Home,WH-MUM,181,31
SKU03855,Product 3855,Beauty,WH-PUN,70,40
SKU03856,Product 3856,Books,WH-BLR,223,50
SKU03857,Product 3857,Electronics,WH-BLR,195,23
SKU03858,Product 3858,Beauty,WH-MUM,168,11
SKU03859,Product 3859,Sports,WH-BLR,346,10
SKU03860,Product 3860,Sports,WH-PUN,318,44
SKU03861,Product 3861,Sports,WH-PUN,221,15
SKU03862,Product 3862,Books,WH-MUM,307,10
SKU03863,Product 3863,Books,WH-PUN,246,37
SKU03864,Product 3864,Sports,WH-HYD,253,46
SKU03865,Product 3865,Sports,WH-PUN,292,23
SKU03866,Product 3866,Sports,WH-DEL,341,46
SKU03867,Product 3867,Electronics,WH-PUN,330,28
SKU03868,Product 3868,Toys,WH-HYD,287,27
SKU03869,Product 3869,Electronics,WH-BLR,199,25
SKU03870,Product 3870,Books,WH-DEL,493,48
SKU03871,Product 3871,Books,WH-DEL,356,12
SKU03872,Product 3872,Home,WH-DEL,72,33
SKU03873,Product 3873,Electronics,WH-HYD,172,30
SKU03874,Product 3874,Toys,WH-HYD,266,23
SKU03875,Product 3875,Beauty,WH-BLR,460,31
SKU03876,Product 3876,Apparel,WH-BLR,104,40
SKU03877,Product 3877,Apparel,WH-PUN,17,47
SKU03878,Product 3878,Beauty,WH-HYD,309,37
SKU03879,Product 3879,Beauty,WH-PUN,256,33
SKU03880,Product 3880,Sports,WH-MUM,416,23
SKU03881,Product 3881,Electronics,WH-HYD,35,20
SKU03882,Product 3882,Electronics,WH-DEL,467,35
SKU03883,Product 3883,Toys,WH-DEL,181,29
SKU03884,Product 3884,Books,WH-PUN,,26
SKU03885,Product 3885,Beauty,WH-BLR,431,49
SKU03886,Product 3886,Beauty,WH-MUM,478,28
SKU03887,Product 3887,Apparel,WH-DEL,383,11
SKU03888,Product 3888,Home,WH-HYD,174,41
SKU03889,Product 3889,Books,WH-DEL,33,23
SKU03890,Product 3890,Electronics,WH-BLR,348,39
SKU03891,Product 3891,Home,WH-PUN,,36
SKU03892,Product 3892,Sports,WH-PUN,21,47
SKU03893,Product 3893,Home,WH-PUN,390,34
SKU03894,Product 3894,Beauty,WH-PUN,312,22
SKU03895,Product 3895,Toys,WH-PUN,169,29
SKU03896,Product 3896,Home,WH-BLR,104,22
SKU03897,Product 3897,Home,WH-PUN,51,27
SKU03898,Product 3898,Home,WH-BLR,393,16
SKU03899,Product 3899,Home,WH-PUN,86,37
SKU03900,Product 3900,Beauty,WH-BLR,23,10
SKU03901,Product 3901,Sports,WH-PUN,387,16
SKU03902,Product 3902,Electronics,WH-MUM,282,13
SKU03903,Product 3903,Sports,WH-PUN,334,47
SKU03904,Product 3904,Home,WH-DEL,59,29
SKU03905,Product 3905,Electronics,WH-MUM,381,10
SKU03906,Product 3906,Toys,WH-DEL,183,45
SKU03907,Product 3907,Electronics,WH-DEL,178,25
SKU03908,Product 3908,Home,WH-HYD,345,50
SKU03909,Product 3909,Books,WH-BLR,139,48
SKU03910,Product 3910,Beauty,WH-BLR,352,36
SKU03911,Product 3911,Electronics,WH-BLR,130,20
SKU03912,Product 3912,Beauty,WH-MUM,411,38
SKU03913,Product 3913,Home,WH-MUM,69,24
SKU03914,Product 3914,Sports,WH-BLR,358,28
SKU03915,Product 3915,Apparel,WH-PUN,174,35
SKU03916,Product 3916,Toys,WH-MUM,6,18
SKU03917,Product 3917,Electronics,WH-PUN,129,15
SKU03918,Product 3918,Home,WH-MUM,232,18
SKU03919,Product 3919,Books,WH-BLR,188,46
SKU03920,Product 3920,Books,WH-HYD,358,43
SKU03921,Product 3921,Home,WH-BLR,333,38
SKU03922,Product 3922,Toys,WH-HYD,406,42
SKU03923,Product 3923,Apparel,WH-DEL,438,46
SKU03924,Product 3924,Sports,WH-PUN,50,16
SKU03925,Product 3925,Apparel,WH-MUM,84,34
SKU03926,Product 3926,Electronics,WH-MUM,199,20
SKU03927,Product 3927,Toys,WH-PUN,,12
SKU03928,Product 3928,Toys,WH-HYD,309,10
SKU03929,Product 3929,Electronics,WH-PUN,82,39
SKU03930,Product 3930,Books,WH-DEL,300,48
SKU03931,Product 3931,Books,WH-BLR,222,32
SKU03932,Product 3932,Electronics,WH-MUM,443,49
SKU03933,Product 3933,Electronics,WH-HYD,39,31
SKU03934,Product 3934,Books,WH-BLR,,25
SKU03935,Product 3935,Beauty,WH-DEL,60,18
SKU03936,Product 3936,Toys,WH-MUM,343,23
SKU03937,Product 3937,Beauty,WH-PUN,122,40
SKU03938,Product 3938,Sports,WH-HYD,0,13
SKU03939,Product 3939,Books,WH-BLR,157,39
SKU03940,Product 3940,Beauty,WH-MUM,390,45
SKU03941,Product 3941,Apparel,WH-MUM,235,22
SKU03942,Product 3942,Electronics,WH-HYD,239,18
SKU03943,Product 3943,Books,WH-DEL,18,30
SKU03944,Product 3944,Apparel,WH-BLR,117,11
SKU03945,Product 3945,Apparel,WH-BLR,3,31
SKU03946,Product 3946,Beauty,WH-PUN,,36
SKU03947,Product 3947,Beauty,WH-MUM,139,14
SKU03948,Product 3948,Apparel,WH-DEL,97,16
SKU03949,Product 3949,Electronics,WH-PUN,182,36
SKU03950,Product 3950,Apparel,WH-PUN,257,28
SKU03951,Product 3951,Toys,WH-MUM,276,20
SKU03952,Product 3952,Beauty,WH-HYD,72,22
SKU03953,Product 3953,Home,WH-MUM,44,23
SKU03954,Product 3954,Sports,WH-PUN,9,11
SKU03955,Product 3955,Books,WH-MUM,105,46
SKU03956,Product 3956,Apparel,WH-DEL,60,32
SKU03957,Product 3957,Beauty,WH-MUM,420,22
SKU03958,Product 3958,Toys,WH-HYD,439,37
SKU03959,Product 3959,Electronics,WH-BLR,254,35
SKU03960,Product 3960,Beauty,WH-BLR,156,31
SKU03961,Product 3961,Books,WH-MUM,42,30
SKU03962,Product 3962,Apparel,WH-PUN,86,50
SKU03963,Product 3963,Apparel,WH-BLR,69,30
SKU03964,Product 3964,Apparel,WH-MUM,351,42
SKU03965,Product 3965,Home,WH-BLR,337,48
SKU03966,Product 3966,Toys,WH-PUN,228,46
SKU03967,Product 3967,Books,WH-MUM,108,48
SKU03968,Product 3968,Beauty,WH-MUM,434,38
SKU03969,Product 3969,Home,WH-PUN,233,25
SKU03970,Product 3970,Apparel,WH-MUM,328,21
SKU03971,Product 3971,Books,WH-PUN,61,41
SKU03972,Product 3972,Books,WH-HYD,0,28
SKU03973,Product 3973,Beauty,WH-MUM,3,15
SKU03974,Product 3974,Apparel,WH-DEL,73,30
SKU03975,Product 3975,Electronics,WH-BLR,143,29
SKU03976,Product 3976,Beauty,WH-PUN,133,23
SKU03977,Product 3977,Beauty,WH-MUM,4,10
SKU03978,Product 3978,Beauty,WH-BLR,54,19
SKU03979,Product 3979,Books,WH-DEL,254,22
SKU03980,Product 3980,Home,WH-PUN,333,17
SKU03981,Product 3981,Electronics,WH-DEL,129,32
SKU03982,Product 3982,Apparel,WH-HYD,,48
SKU03983,Product 3983,Beauty,WH-BLR,321,36
SKU03984,Product 3984,Home,WH-BLR,478,39
SKU03985,Product 3985,Apparel,WH-DEL,477,21
SKU03986,Product 3986,Toys,WH-HYD,466,26
SKU03987,Product 3987,Home,WH-MUM,350,22
SKU03988,Product 3988,Beauty,WH-HYD,198,42
SKU03989,Product 3989,Toys,WH-HYD,331,49
SKU03990,Product 3990,Beauty,WH-HYD,489,29
SKU03991,Product 3991,Beauty,WH-BLR,199,34
SKU03992,Product 3992,Sports,WH-HYD,305,22
SKU03993,Product 3993,Electronics,WH-DEL,,24
SKU03994,Product 3994,Apparel,WH-BLR,105,41
SKU03995,Product 3995,Sports,WH-PUN,,45
SKU03996,Product 3996,Apparel,WH-DEL,485,38
SKU03997,Product 3997,Apparel,WH-HYD,0,40
SKU03998,Product 3998,Sports,WH-PUN,61,34
SKU03999,Product 3999,Home,WH-PUN,36,28
SKU04000,Product 4000,Electronics,WH-PUN,319,32
SKU04001,Product 4001,Home,WH-HYD,61,32
SKU04002,Product 4002,Electronics,WH-HYD,216,12
SKU04003,Product 4003,Apparel,WH-PUN,407,28
SKU04004,Product 4004,Home,WH-BLR,298,35
SKU04005,Product 4005,Toys,WH-HYD,14,42
SKU04006,Product 4006,Apparel,WH-BLR,450,42
SKU04007,Product 4007,Sports,WH-MUM,234,35
SKU04008,Product 4008,Home,WH-DEL,36,10
SKU04009,Product 4009,Beauty,WH-HYD,289,14
SKU04010,Product 4010,Home,WH-PUN,344,20
SKU04011,Product 4011,Apparel,WH-BLR,317,31
SKU04012,Product 4012,Beauty,WH-PUN,488,48
SKU04013,Product 4013,Sports,WH-PUN,23,31
SKU04014,Product 4014,Electronics,WH-HYD,407,46
SKU04015,Product 4015,Apparel,WH-DEL,7,24
SKU04016,Product 4016,Books,WH-HYD,146,14
SKU04017,Product 4017,Apparel,WH-DEL,40,18
SKU04018,Product 4018,Apparel,WH-DEL,240,18
SKU04019,Product 4019,Apparel,WH-PUN,462,50
SKU04020,Product 4020,Home,WH-PUN,417,31
SKU04021,Product 4021,Toys,WH-DEL,359,18
SKU04022,Product 4022,Books,WH-BLR,303,12
SKU04023,Product 4023,Apparel,WH-BLR,237,22
SKU04024,Product 4024,Toys,WH-BLR,23,25
SKU04025,Product 4025,Books,WH-PUN,190,19
SKU04026,Product 4026,Apparel,WH-PUN,113,44
SKU04027,Product 4027,Books,WH-MUM,316,14
SKU04028,Product 4028,Books,WH-DEL,54,25
SKU04029,Product 4029,Toys,WH-PUN,320,47
SKU04030,Product 4030,Toys,WH-HYD,254,25
SKU04031,Product 4031,Toys,WH-HYD,277,48
SKU04032,Product 4032,Beauty,WH-PUN,80,39
SKU04033,Product 4033,Beauty,WH-PUN,199,20
SKU04034,Product 4034,Beauty,WH-DEL,125,50
SKU04035,Product 4035,Books,WH-MUM,282,21
SKU04036,Product 4036,Sports,WH-HYD,66,36
SKU04037,Product 4037,Electronics,WH-MUM,168,26
SKU04038,Product 4038,Home,WH-PUN,351,34
SKU04039,Product 4039,Beauty,WH-MUM,173,22
SKU04040,Product 4040,Beauty,WH-BLR,12,11
SKU04041,Product 4041,Sports,WH-DEL,195,29
SKU04042,Product 4042,Books,WH-PUN,346,50
SKU04043,Product 4043,Toys,WH-PUN,152,49
SKU04044,Product 4044,Electronics,WH-PUN,320,42
SKU04045,Product 4045,Beauty,WH-BLR,359,13
SKU04046,Product 4046,Toys,WH-PUN,88,42
SKU04047,Product 4047,Electronics,WH-BLR,40,10
SKU04048,Product 4048,Electronics,WH-PUN,388,27
SKU04049,Product 4049,Books,WH-BLR,121,47
SKU04050,Product 4050,Home,WH-DEL,61,47
SKU04051,Product 4051,Sports,WH-DEL,361,14
SKU04052,Product 4052,Books,WH-HYD,358,47
SKU04053,Product 4053,Apparel,WH-BLR,210,11
SKU04054,Product 4054,Home,WH-DEL,320,39
SKU04055,Product 4055,Home,WH-PUN,385,31
SKU04056,Product 4056,Toys,WH-MUM,27,28
SKU04057,Product 4057,Toys,WH-BLR,122,38
SKU04058,Product 4058,Toys,WH-PUN,49,20
SKU04059,Product 4059,Sports,WH-DEL,292,19
SKU04060,Product 4060,Sports,WH-MUM,361,26
SKU04061,Product 4061,Electronics,WH-HYD,390,15
SKU04062,Product 4062,Beauty,WH-PUN,345,23
SKU04063,Product 4063,Beauty,WH-BLR,350,27
SKU04064,Product 4064,Electronics,WH-PUN,425,43
SKU04065,Product 4065,Home,WH-DEL,392,37
SKU04066,Product 4066,Apparel,WH-BLR,119,42
SKU04067,Product 4067,Apparel,WH-HYD,53,10
SKU04068,Product 4068,Books,WH-MUM,460,40
SKU04069,Product 4069,Books,WH-MUM,364,14
SKU04070,Product 4070,Apparel,WH-HYD,19,36
SKU04071,Product 4071,Apparel,WH-BLR,474,36
SKU04072,Product 4072,Books,WH-MUM,436,48
SKU04073,Product 4073,Electronics,WH-MUM,137,18
SKU04074,Product 4074,Toys,WH-PUN,184,23
SKU04075,Product 4075,Home,WH-DEL,269,37
SKU04076,Product 4076,Home,WH-HYD,119,43
SKU04077,Product 4077,Toys,WH-DEL,37,36
SKU04078,Product 4078,Toys,WH-MUM,144,37
SKU04079,Product 4079,Beauty,WH-PUN,,27
SKU04080,Product 4080,Beauty,WH-DEL,412,22
SKU04081,Product 4081,Books,WH-PUN,87,13
SKU04082,Product 4082,Electronics,WH-DEL,405,21
SKU04083,Product 4083,Sports,WH-DEL,426,31
SKU04084,Product 4084,Toys,WH-MUM,266,17
SKU04085,Product 4085,Electronics,WH-PUN,429,33
SKU04086,Product 4086,Electronics,WH-DEL,269,13
SKU04087,Product 4087,Home,WH-HYD,48,12
SKU04088,Product 4088,Apparel,WH-MUM,67,25
SKU04089,Product 4089,Home,WH-PUN,455,35
SKU04090,Product 4090,Apparel,WH-PUN,260,47
SKU04091,Product 4091,Electronics,WH-MUM,7,13
SKU04092,Product 4092,Electronics,WH-BLR,275,25
SKU04093,Product 4093,Beauty,WH-BLR,172,15
SKU04094,Product 4094,Beauty,WH-HYD,204,35
SKU04095,Product 4095,Apparel,WH-HYD,25,16
SKU04096,Product 4096,Sports,WH-PUN,203,21
SKU04097,Product 4097,Sports,WH-PUN,237,45
SKU04098,Product 4098,Toys,WH-HYD,140,42
SKU04099,Product 4099,Books,WH-HYD,394,15
SKU04100,Product 4100,Electronics,WH-PUN,279,22
SKU04101,Product 4101,Sports,WH-BLR,432,29
SKU04102,Product 4102,Books,WH-HYD,255,12
SKU04103,Product 4103,Electronics,WH-DEL,178,26
SKU04104,Product 4104,Beauty,WH-BLR,,10
SKU04105,Product 4105,Sports,WH-DEL,321,21
SKU04106,Product 4106,Apparel,WH-DEL,264,23
SKU04107,Product 4107,Books,WH-DEL,58,29
SKU04108,Product 4108,Sports,WH-BLR,429,29
SKU04109,Product 4109,Toys,WH-DEL,322,29
SKU04110,Product 4110,Apparel,WH-DEL,377,27
SKU04111,Product 4111,Home,WH-MUM,389,34
SKU04112,Product 4112,Beauty,WH-PUN,290,50
SKU04113,Product 4113,Home,WH-BLR,301,30
SKU04114,Product 4114,Beauty,WH-BLR,288,29
SKU04115,Product 4115,Toys,WH-DEL,296,11
SKU04116,Product 4116,Electronics,WH-PUN,476,38
SKU04117,Product 4117,Sports,WH-PUN,214,24
SKU04118,Product 4118,Home,WH-MUM,126,10
SKU04119,Product 4119,Home,WH-DEL,31,49
SKU04120,Product 4120,Electronics,WH-DEL,186,22
SKU04121,Product 4121,Electronics,WH-BLR,322,11
SKU04122,Product 4122,Toys,WH-HYD,226,34
SKU04123,Product 4123,Beauty,WH-DEL,36,34
SKU04124,Product 4124,Electronics,WH-HYD,359,35
SKU04125,Product 4125,Books,WH-MUM,284,36
SKU04126,Product 4126,Toys,WH-PUN,159,18
SKU04127,Product 4127,Books,WH-DEL,407,48
SKU04128,Product 4128,Beauty,WH-BLR,267,43
SKU04129,Product 4129,Toys,WH-PUN,158,14
SKU04130,Product 4130,Electronics,WH-PUN,262,34
SKU04131,Product 4131,Beauty,WH-PUN,293,18
SKU04132,Product 4132,Toys,WH-MUM,115,26
SKU04133,Product 4133,Home,WH-DEL,459,30
SKU04134,Product 4134,Beauty,WH-BLR,189,29
SKU04135,Product 4135,Toys,WH-HYD,255,20
SKU04136,Product 4136,Toys,WH-BLR,42,46
SKU04137,Product 4137,Toys,WH-BLR,209,35
SKU04138,Product 4138,Electronics,WH-PUN,78,14
SKU04139,Product 4139,Electronics,WH-MUM,208,47
SKU04140,Product 4140,Home,WH-DEL,346,40
SKU04141,Product 4141,Books,WH-BLR,376,22
SKU04142,Product 4142,Sports,WH-DEL,34,14
SKU04143,Product 4143,Electronics,WH-HYD,224,37
SKU04144,Product 4144,Sports,WH-HYD,421,25
SKU04145,Product 4145,Beauty,WH-BLR,418,16
SKU04146,Product 4146,Sports,WH-MUM,357,45
SKU04147,Product 4147,Apparel,WH-MUM,294,42
SKU04148,Product 4148,Home,WH-DEL,481,29
SKU04149,Product 4149,Beauty,WH-DEL,,33
SKU04150,Product 4150,Beauty,WH-DEL,355,20
SKU04151,Product 4151,Beauty,WH-MUM,425,34
SKU04152,Product 4152,Home,WH-HYD,492,27
SKU04153,Product 4153,Books,WH-HYD,51,30
SKU04154,Product 4154,Beauty,WH-HYD,202,39
SKU04155,Product 4155,Home,WH-HYD,48,17
SKU04156,Product 4156,Electronics,WH-DEL,497,18
SKU04157,Product 4157,Beauty,WH-DEL,19,16
SKU04158,Product 4158,Books,WH-DEL,267,31
SKU04159,Product 4159,Sports,WH-PUN,320,22
SKU04160,Product 4160,Home,WH-PUN,391,37
SKU04161,Product 4161,Books,WH-PUN,251,21
SKU04162,Product 4162,Beauty,WH-BLR,411,33
SKU04163,Product 4163,Toys,WH-MUM,369,18
SKU04164,Product 4164,Beauty,WH-HYD,176,15
SKU04165,Product 4165,Electronics,WH-BLR,178,22
SKU04166,Product 4166,Toys,WH-PUN,177,50
SKU04167,Product 4167,Books,WH-MUM,262,44
SKU04168,Product 4168,Toys,WH-PUN,24,36
SKU04169,Product 4169,Sports,WH-HYD,33,50
SKU04170,Product 4170,Books,WH-BLR,264,10
SKU04171,Product 4171,Home,WH-BLR,419,27
SKU04172,Product 4172,Apparel,WH-BLR,488,47
SKU04173,Product 4173,Toys,WH-HYD,308,44
SKU04174,Product 4174,Apparel,WH-BLR,191,17
SKU04175,Product 4175,Books,WH-DEL,353,14
SKU04176,Product 4176,Apparel,WH-BLR,364,47
SKU04177,Product 4177,Sports,WH-BLR,278,10
SKU04178,Product 4178,Electronics,WH-MUM,289,10
SKU04179,Product 4179,Apparel,WH-HYD,24,36
SKU04180,Product 4180,Home,WH-PUN,,29
SKU04181,Product 4181,Books,WH-PUN,426,11
SKU04182,Product 4182,Home,WH-DEL,54,31
SKU04183,Product 4183,Home,WH-DEL,221,19
SKU04184,Product 4184,Home,WH-HYD,427,45
SKU04185,Product 4185,Electronics,WH-PUN,250,12
SKU04186,Product 4186,Home,WH-PUN,312,13
SKU04187,Product 4187,Apparel,WH-HYD,,48
SKU04188,Product 4188,Sports,WH-DEL,,27
SKU04189,Product 4189,Apparel,WH-HYD,200,48
SKU04190,Product 4190,Electronics,WH-PUN,439,46
SKU04191,Product 4191,Electronics,WH-PUN,466,22
SKU04192,Product 4192,Sports,WH-HYD,393,27
SKU04193,Product 4193,Toys,WH-PUN,271,22
SKU04194,Product 4194,Apparel,WH-HYD,194,47
SKU04195,Product 4195,Beauty,WH-DEL,465,36
SKU04196,Product 4196,Apparel,WH-HYD,358,38
SKU04197,Product 4197,Beauty,WH-DEL,343,39
SKU04198,Product 4198,Books,WH-HYD,469,30
SKU04199,Product 4199,Sports,WH-HYD,94,46
SKU04200,Product 4200,Home,WH-BLR,361,34
SKU04201,Product 4201,Electronics,WH-MUM,318,27
SKU04202,Product 4202,Sports,WH-PUN,362,39
SKU04203,Product 4203,Sports,WH-PUN,473,15
SKU04204,Product 4204,Books,WH-MUM,343,16
SKU04205,Product 4205,Apparel,WH-MUM,353,30
SKU04206,Product 4206,Apparel,WH-HYD,426,40
SKU04207,Product 4207,Home,WH-DEL,18,44
SKU04208,Product 4208,Beauty,WH-MUM,411,31
SKU04209,Product 4209,Electronics,WH-MUM,,37
SKU04210,Product 4210,Home,WH-MUM,83,44
SKU04211,Product 4211,Sports,WH-PUN,41,44
SKU04212,Product 4212,Toys,WH-HYD,337,38
SKU04213,Product 4213,Sports,WH-MUM,264,11
SKU04214,Product 4214,Apparel,WH-PUN,51,17
SKU04215,Product 4215,Sports,WH-BLR,471,43
SKU04216,Product 4216,Electronics,WH-HYD,236,27
SKU04217,Product 4217,Books,WH-DEL,429,29
SKU04218,Product 4218,Apparel,WH-DEL,448,16
SKU04219,Product 4219,Home,WH-PUN,123,44
SKU04220,Product 4220,Home,WH-BLR,439,45
SKU04221,Product 4221,Books,WH-BLR,454,44
SKU04222,Product 4222,Toys,WH-DEL,339,29
SKU04223,Product 4223,Home,WH-HYD,8,21
SKU04224,Product 4224,Beauty,WH-PUN,159,37
SKU04225,Product 4225,Books,WH-BLR,351,32
SKU04226,Product 4226,Beauty,WH-BLR,430,23
SKU04227,Product 4227,Books,WH-BLR,210,40
SKU04228,Product 4228,Apparel,WH-BLR,468,13
SKU04229,Product 4229,Books,WH-PUN,256,10
SKU04230,Product 4230,Home,WH-MUM,123,28
SKU04231,Product 4231,Beauty,WH-PUN,158,28
SKU04232,Product 4232,Apparel,WH-BLR,411,14
SKU04233,Product 4233,Books,WH-DEL,499,48
SKU04234,Product 4234,Home,WH-PUN,164,34
SKU04235,Product 4235,Beauty,WH-DEL,287,41
SKU04236,Product 4236,Toys,WH-BLR,235,13
SKU04237,Product 4237,Beauty,WH-PUN,400,10
SKU04238,Product 4238,Sports,WH-DEL,293,46
SKU04239,Product 4239,Books,WH-PUN,312,27
SKU04240,Product 4240,Beauty,WH-HYD,203,14
SKU04241,Product 4241,Electronics,WH-PUN,238,46
SKU04242,Product 4242,Electronics,WH-DEL,190,12
SKU04243,Product 4243,Books,WH-MUM,110,35
SKU04244,Product 4244,Apparel,WH-MUM,373,40
SKU04245,Product 4245,Beauty,WH-BLR,354,14
SKU04246,Product 4246,Books,WH-PUN,29,12
SKU04247,Product 4247,Sports,WH-DEL,72,32
SKU04248,Product 4248,Toys,WH-PUN,232,31
SKU04249,Product 4249,Electronics,WH-DEL,191,13
SKU04250,Product 4250,Home,WH-MUM,391,27
SKU04251,Product 4251,Home,WH-HYD,37,34
SKU04252,Product 4252,Apparel,WH-DEL,348,33
SKU04253,Product 4253,Beauty,WH-BLR,372,41
SKU04254,Product 4254,Beauty,WH-BLR,190,21
SKU04255,Product 4255,Apparel,WH-DEL,11,38
SKU04256,Product 4256,Sports,WH-PUN,163,21
SKU04257,Product 4257,Sports,WH-BLR,421,46
SKU04258,Product 4258,Electronics,WH-MUM,358,22
SKU04259,Product 4259,Electronics,WH-DEL,235,24
SKU04260,Product 4260,Beauty,WH-HYD,328,11
SKU04261,Product 4261,Books,WH-HYD,494,21
SKU04262,Product 4262,Books,WH-BLR,2,19
SKU04263,Product 4263,Books,WH-MUM,456,43
SKU04264,Product 4264,Apparel,WH-BLR,311,24
SKU04265,Product 4265,Beauty,WH-HYD,331,33
SKU04266,Product 4266,Beauty,WH-HYD,215,49
SKU04267,Product 4267,Home,WH-HYD,473,34
SKU04268,Product 4268,Sports,WH-MUM,443,23
SKU04269,Product 4269,Apparel,WH-MUM,425,17
SKU04270,Product 4270,Toys,WH-MUM,495,42
SKU04271,Product 4271,Apparel,WH-HYD,144,45
SKU04272,Product 4272,Sports,WH-PUN,309,12
SKU04273,Product 4273,Beauty,WH-HYD,454,32
SKU04274,Product 4274,Toys,WH-MUM,243,37
SKU04275,Product 4275,Home,WH-PUN,406,31
SKU04276,Product 4276,Books,WH-HYD,346,45
SKU04277,Product 4277,Beauty,WH-MUM,190,33
SKU04278,Product 4278,Toys,WH-PUN,44,21
SKU04279,Product 4279,Apparel,WH-HYD,141,46
SKU04280,Product 4280,Home,WH-HYD,123,44
SKU04281,Product 4281,Apparel,WH-PUN,348,45
SKU04282,Product 4282,Home,WH-DEL,487,35
SKU04283,Product 4283,Apparel,WH-BLR,177,43
SKU04284,Product 4284,Apparel,WH-MUM,251,16
SKU04285,Product 4285,Sports,WH-HYD,44,40
SKU04286,Product 4286,Beauty,WH-BLR,271,26
SKU04287,Product 4287,Electronics,WH-MUM,321,28
SKU04288,Product 4288,Beauty,WH-HYD,286,38
SKU04289,Product 4289,Beauty,WH-HYD,153,22
SKU04290,Product 4290,Beauty,WH-DEL,299,11
SKU04291,Product 4291,Electronics,WH-PUN,98,44
SKU04292,Product 4292,Toys,WH-BLR,224,41
SKU04293,Product 4293,Toys,WH-PUN,249,36
SKU04294,Product 4294,Electronics,WH-HYD,495,44
SKU04295,Product 4295,Toys,WH-PUN,258,34
SKU04296,Product 4296,Books,WH-MUM,224,21
SKU04297,Product 4297,Electronics,WH-MUM,487,11
SKU04298,Product 4298,Toys,WH-MUM,340,40
SKU04299,Product 4299,Home,WH-HYD,273,21
SKU04300,Product 4300,Toys,WH-DEL,73,35
SKU04301,Product 4301,Home,WH-HYD,107,31
SKU04302,Product 4302,Sports,WH-HYD,47,30
SKU04303,Product 4303,Electronics,WH-MUM,395,24
SKU04304,Product 4304,Apparel,WH-DEL,43,28
SKU04305,Product 4305,Electronics,WH-BLR,456,43
SKU04306,Product 4306,Books,WH-PUN,64,42
SKU04307,Product 4307,Toys,WH-HYD,328,49
SKU04308,Product 4308,Sports,WH-HYD,24,42
SKU04309,Product 4309,Home,WH-DEL,218,50
SKU04310,Product 4310,Beauty,WH-HYD,129,13
SKU04311,Product 4311,Toys,WH-DEL,401,41
SKU04312,Product 4312,Toys,WH-MUM,7,46
SKU04313,Product 4313,Sports,WH-HYD,121,39
SKU04314,Product 4314,Electronics,WH-DEL,,31
SKU04315,Product 4315,Books,WH-BLR,189,21
SKU04316,Product 4316,Home,WH-DEL,198,18
SKU04317,Product 4317,Beauty,WH-MUM,134,31
SKU04318,Product 4318,Books,WH-PUN,78,33
SKU04319,Product 4319,Beauty,WH-PUN,367,38
SKU04320,Product 4320,Toys,WH-BLR,494,30
SKU04321,Product 4321,Beauty,WH-PUN,58,25
SKU04322,Product 4322,Electronics,WH-BLR,71,20
SKU04323,Product 4323,Beauty,WH-DEL,408,15
SKU04324,Product 4324,Books,WH-DEL,109,42
SKU04325,Product 4325,Electronics,WH-BLR,25,15
SKU04326,Product 4326,Home,WH-PUN,382,43
SKU04327,Product 4327,Electronics,WH-PUN,26,26
SKU04328,Product 4328,Books,WH-MUM,226,31
SKU04329,Product 4329,Beauty,WH-HYD,184,25
SKU04330,Product 4330,Books,WH-BLR,148,19
SKU04331,Product 4331,Apparel,WH-BLR,286,48
SKU04332,Product 4332,Apparel,WH-BLR,34,14
SKU04333,Product 4333,Toys,WH-BLR,281,36
SKU04334,Product 4334,Sports,WH-MUM,199,49
SKU04335,Product 4335,Sports,WH-BLR,,32
SKU04336,Product 4336,Sports,WH-DEL,300,43
SKU04337,Product 4337,Beauty,WH-PUN,139,43
SKU04338,Product 4338,Toys,WH-HYD,416,23
SKU04339,Product 4339,Sports,WH-HYD,70,30
SKU04340,Product 4340,Home,WH-MUM,261,37
SKU04341,Product 4341,Apparel,WH-HYD,,16
SKU04342,Product 4342,Books,WH-BLR,461,39
SKU04343,Product 4343,Books,WH-BLR,27,26
SKU04344,Product 4344,Home,WH-HYD,468,49
SKU04345,Product 4345,Home,WH-MUM,268,46
SKU04346,Product 4346,Sports,WH-DEL,277,48
SKU04347,Product 4347,Beauty,WH-HYD,31,11
SKU04348,Product 4348,Home,WH-HYD,293,43
SKU04349,Product 4349,Electronics,WH-HYD,101,19
SKU04350,Product 4350,Toys,WH-HYD,472,28
SKU04351,Product 4351,Books,WH-MUM,207,42
SKU04352,Product 4352,Sports,WH-PUN,458,47
SKU04353,Product 4353,Beauty,WH-BLR,283,27
SKU04354,Product 4354,Toys,WH-MUM,137,34
SKU04355,Product 4355,Apparel,WH-DEL,464,19
SKU04356,Product 4356,Sports,WH-MUM,372,18
SKU04357,Product 4357,Electronics,WH-PUN,351,21
SKU04358,Product 4358,Home,WH-PUN,234,25
SKU04359,Product 4359,Sports,WH-DEL,350,47
SKU04360,Product 4360,Electronics,WH-DEL,264,19
SKU04361,Product 4361,Electronics,WH-BLR,70,14
SKU04362,Product 4362,Books,WH-DEL,174,18
SKU04363,Product 4363,Books,WH-PUN,330,32
SKU04364,Product 4364,Apparel,WH-HYD,40,42
SKU04365,Product 4365,Electronics,WH-MUM,142,28
SKU04366,Product 4366,Electronics,WH-HYD,430,31
SKU04367,Product 4367,Apparel,WH-HYD,84,10
SKU04368,Product 4368,Toys,WH-PUN,0,38
SKU04369,Product 4369,Beauty,WH-MUM,255,14
SKU04370,Product 4370,Electronics,WH-DEL,314,23
SKU04371,Product 4371,Apparel,WH-HYD,90,11
SKU04372,Product 4372,Apparel,WH-MUM,243,39
SKU04373,Product 4373,Books,WH-MUM,260,25
SKU04374,Product 4374,Beauty,WH-HYD,82,26
SKU04375,Product 4375,Sports,WH-MUM,450,37
SKU04376,Product 4376,Books,WH-BLR,139,14
SKU04377,Product 4377,Electronics,WH-BLR,397,18
SKU04378,Product 4378,Apparel,WH-PUN,111,32
SKU04379,Product 4379,Home,WH-BLR,415,38
SKU04380,Product 4380,Beauty,WH-HYD,366,25
SKU04381,Product 4381,Books,WH-MUM,28,45
SKU04382,Product 4382,Sports,WH-BLR,175,14
SKU04383,Product 4383,Beauty,WH-MUM,317,31
SKU04384,Product 4384,Sports,WH-HYD,308,44
SKU04385,Product 4385,Apparel,WH-MUM,76,23
SKU04386,Product 4386,Apparel,WH-DEL,47,19
SKU04387,Product 4387,Home,WH-PUN,182,42
SKU04388,Product 4388,Sports,WH-BLR,314,49
SKU04389,Product 4389,Books,WH-BLR,86,11
SKU04390,Product 4390,Sports,WH-DEL,244,27
SKU04391,Product 4391,Apparel,WH-MUM,56,39
SKU04392,Product 4392,Books,WH-HYD,10,38
SKU04393,Product 4393,Electronics,WH-HYD,462,41
SKU04394,Product 4394,Sports,WH-BLR,425,29
SKU04395,Product 4395,Books,WH-MUM,129,29
SKU04396,Product 4396,Toys,WH-HYD,376,30
SKU04397,Product 4397,Sports,WH-HYD,334,14
SKU04398,Product 4398,Apparel,WH-DEL,52,33
SKU04399,Product 4399,Toys,WH-HYD,413,43
SKU04400,Product 4400,Beauty,WH-BLR,426,17
SKU04401,Product 4401,Electronics,WH-BLR,344,29
SKU04402,Product 4402,Beauty,WH-MUM,80,30
SKU04403,Product 4403,Books,WH-HYD,307,24
SKU04404,Product 4404,Home,WH-HYD,292,43
SKU04405,Product 4405,Home,WH-PUN,146,23
SKU04406,Product 4406,Electronics,WH-DEL,362,46
SKU04407,Product 4407,Apparel,WH-MUM,7,45
SKU04408,Product 4408,Home,WH-PUN,347,40
SKU04409,Product 4409,Beauty,WH-BLR,69,21
SKU04410,Product 4410,Toys,WH-HYD,355,32
SKU04411,Product 4411,Electronics,WH-BLR,,41
SKU04412,Product 4412,Electronics,WH-PUN,324,19
SKU04413,Product 4413,Home,WH-BLR,199,17
SKU04414,Product 4414,Electronics,WH-BLR,381,25
SKU04415,Product 4415,Toys,WH-HYD,281,20
SKU04416,Product 4416,Toys,WH-PUN,475,45
SKU04417,Product 4417,Beauty,WH-BLR,15,37
SKU04418,Product 4418,Beauty,WH-MUM,499,46
SKU04419,Product 4419,Beauty,WH-DEL,493,34
SKU04420,Product 4420,Sports,WH-MUM,332,47
SKU04421,Product 4421,Sports,WH-DEL,363,50
SKU04422,Product 4422,Sports,WH-HYD,59,50
SKU04423,Product 4423,Home,WH-BLR,418,25
SKU04424,Product 4424,Beauty,WH-BLR,176,22
SKU04425,Product 4425,Home,WH-DEL,297,21
SKU04426,Product 4426,Electronics,WH-DEL,37,42
SKU04427,Product 4427,Electronics,WH-DEL,241,10
SKU04428,Product 4428,Sports,WH-BLR,20,21
SKU04429,Product 4429,Electronics,WH-MUM,65,25
SKU04430,Product 4430,Books,WH-BLR,67,12
SKU04431,Product 4431,Sports,WH-BLR,277,46
SKU04432,Product 4432,Home,WH-HYD,367,13
SKU04433,Product 4433,Sports,WH-PUN,270,11
SKU04434,Product 4434,Beauty,WH-HYD,149,14
SKU04435,Product 4435,Beauty,WH-DEL,434,10
SKU04436,Product 4436,Electronics,WH-MUM,442,40
SKU04437,Product 4437,Sports,WH-BLR,442,26
SKU04438,Product 4438,Beauty,WH-MUM,414,46
SKU04439,Product 4439,Books,WH-DEL,314,17
SKU04440,Product 4440,Beauty,WH-BLR,463,46
SKU04441,Product 4441,Toys,WH-HYD,22,36
SKU04442,Product 4442,Electronics,WH-HYD,165,42
SKU04443,Product 4443,Books,WH-PUN,271,33
SKU04444,Product 4444,Books,WH-HYD,236,12
SKU04445,Product 4445,Beauty,WH-BLR,93,17
SKU04446,Product 4446,Electronics,WH-BLR,217,32
SKU04447,Product 4447,Apparel,WH-MUM,27,31
SKU04448,Product 4448,Beauty,WH-BLR,7,18
SKU04449,Product 4449,Beauty,WH-DEL,379,32
SKU04450,Product 4450,Toys,WH-MUM,79,15
SKU04451,Product 4451,Beauty,WH-PUN,338,26
SKU04452,Product 4452,Toys,WH-MUM,398,37
SKU04453,Product 4453,Home,WH-HYD,459,44
SKU04454,Product 4454,Beauty,WH-HYD,212,35
SKU04455,Product 4455,Books,WH-MUM,395,36
SKU04456,Product 4456,Toys,WH-DEL,314,27
SKU04457,Product 4457,Books,WH-PUN,84,29
SKU04458,Product 4458,Electronics,WH-DEL,4,10
SKU04459,Product 4459,Books,WH-DEL,428,23
SKU04460,Product 4460,Beauty,WH-MUM,389,22
SKU04461,Product 4461,Sports,WH-MUM,229,41
SKU04462,Product 4462,Electronics,WH-DEL,374,40
SKU04463,Product 4463,Sports,WH-BLR,123,22
SKU04464,Product 4464,Apparel,WH-BLR,490,30
SKU04465,Product 4465,Books,WH-PUN,433,24
SKU04466,Product 4466,Beauty,WH-HYD,114,20
SKU04467,Product 4467,Books,WH-BLR,328,23
SKU04468,Product 4468,Apparel,WH-MUM,368,31
SKU04469,Product 4469,Electronics,WH-MUM,22,27
SKU04470,Product 4470,Beauty,WH-HYD,60,35
SKU04471,Product 4471,Beauty,WH-PUN,188,36
SKU04472,Product 4472,Beauty,WH-DEL,417,12
SKU04473,Product 4473,Books,WH-DEL,357,12
SKU04474,Product 4474,Home,WH-PUN,9,15
SKU04475,Product 4475,Electronics,WH-PUN,436,34
SKU04476,Product 4476,Books,WH-MUM,83,41
SKU04477,Product 4477,Toys,WH-BLR,311,49
SKU04478,Product 4478,Books,WH-BLR,110,29
SKU04479,Product 4479,Books,WH-PUN,260,15
SKU04480,Product 4480,Electronics,WH-BLR,146,35
SKU04481,Product 4481,Sports,WH-HYD,496,24
SKU04482,Product 4482,Home,WH-MUM,44,50
SKU04483,Product 4483,Books,WH-PUN,179,13
SKU04484,Product 4484,Electronics,WH-PUN,332,40
SKU04485,Product 4485,Beauty,WH-MUM,189,39
SKU04486,Product 4486,Electronics,WH-BLR,168,17
SKU04487,Product 4487,Toys,WH-BLR,260,45
SKU04488,Product 4488,Apparel,WH-HYD,69,13
SKU04489,Product 4489,Books,WH-PUN,340,27
SKU04490,Product 4490,Home,WH-HYD,140,44
SKU04491,Product 4491,Books,WH-MUM,477,11
SKU04492,Product 4492,Books,WH-BLR,53,50
SKU04493,Product 4493,Electronics,WH-BLR,277,42
SKU04494,Product 4494,Books,WH-MUM,187,16
SKU04495,Product 4495,Home,WH-BLR,281,49
SKU04496,Product 4496,Apparel,WH-HYD,115,27
SKU04497,Product 4497,Beauty,WH-DEL,165,14
SKU04498,Product 4498,Toys,WH-HYD,240,25
SKU04499,Product 4499,Toys,WH-HYD,117,12
SKU04500,Product 4500,Electronics,WH-HYD,34,33
SKU04501,Product 4501,Beauty,WH-DEL,98,32
SKU04502,Product 4502,Toys,WH-PUN,150,41
SKU04503,Product 4503,Apparel,WH-HYD,42,46
SKU04504,Product 4504,Electronics,WH-DEL,119,44
SKU04505,Product 4505,Apparel,WH-HYD,,20
SKU04506,Product 4506,Books,WH-HYD,331,39
SKU04507,Product 4507,Beauty,WH-PUN,160,48
SKU04508,Product 4508,Sports,WH-DEL,360,37
SKU04509,Product 4509,Electronics,WH-MUM,355,17
SKU04510,Product 4510,Beauty,WH-PUN,258,34
SKU04511,Product 4511,Sports,WH-MUM,5,34
SKU04512,Product 4512,Toys,WH-DEL,206,15
SKU04513,Product 4513,Books,WH-PUN,419,21
SKU04514,Product 4514,Sports,WH-BLR,281,15
SKU04515,Product 4515,Electronics,WH-HYD,361,30
SKU04516,Product 4516,Beauty,WH-MUM,257,24
SKU04517,Product 4517,Sports,WH-BLR,184,11
SKU04518,Product 4518,Beauty,WH-MUM,299,24
SKU04519,Product 4519,Books,WH-HYD,101,22
SKU04520,Product 4520,Home,WH-PUN,57,18
SKU04521,Product 4521,Books,WH-PUN,256,36
SKU04522,Product 4522,Electronics,WH-PUN,296,35
SKU04523,Product 4523,Books,WH-HYD,61,30
SKU04524,Product 4524,Beauty,WH-PUN,331,37
SKU04525,Product 4525,Home,WH-MUM,111,27
SKU04526,Product 4526,Sports,WH-HYD,408,27
SKU04527,Product 4527,Books,WH-BLR,341,21
SKU04528,Product 4528,Beauty,WH-PUN,14,46
SKU04529,Product 4529,Apparel,WH-MUM,340,31
SKU04530,Product 4530,Toys,WH-BLR,270,13
SKU04531,Product 4531,Apparel,WH-MUM,5,44
SKU04532,Product 4532,Books,WH-PUN,30,39
SKU04533,Product 4533,Beauty,WH-BLR,188,26
SKU04534,Product 4534,Home,WH-PUN,381,16
SKU04535,Product 4535,Toys,WH-DEL,368,42
SKU04536,Product 4536,Home,WH-BLR,265,28
SKU04537,Product 4537,Sports,WH-BLR,285,15
SKU04538,Product 4538,Sports,WH-BLR,457,38
SKU04539,Product 4539,Apparel,WH-HYD,371,38
SKU04540,Product 4540,Toys,WH-BLR,259,28
SKU04541,Product 4541,Beauty,WH-PUN,24,50
SKU04542,Product 4542,Apparel,WH-BLR,414,42
SKU04543,Product 4543,Sports,WH-DEL,40,34
SKU04544,Product 4544,Beauty,WH-DEL,339,41
SKU04545,Product 4545,Books,WH-DEL,231,17
SKU04546,Product 4546,Apparel,WH-MUM,3,12
SKU04547,Product 4547,Electronics,WH-HYD,89,24
SKU04548,Product 4548,Electronics,WH-HYD,223,29
SKU04549,Product 4549,Beauty,WH-MUM,163,16
SKU04550,Product 4550,Books,WH-PUN,242,14
SKU04551,Product 4551,Home,WH-PUN,257,10
SKU04552,Product 4552,Toys,WH-DEL,9,11
SKU04553,Product 4553,Electronics,WH-DEL,384,24
SKU04554,Product 4554,Electronics,WH-BLR,122,17
SKU04555,Product 4555,Toys,WH-PUN,141,47
SKU04556,Product 4556,Home,WH-DEL,9,15
SKU04557,Product 4557,Books,WH-BLR,47,46
SKU04558,Product 4558,Electronics,WH-MUM,82,50
SKU04559,Product 4559,Toys,WH-DEL,285,47
SKU04560,Product 4560,Beauty,WH-HYD,76,19
SKU04561,Product 4561,Home,WH-BLR,136,38
SKU04562,Product 4562,Beauty,WH-MUM,363,30
SKU04563,Product 4563,Electronics,WH-PUN,193,29
SKU04564,Product 4564,Sports,WH-PUN,218,16
SKU04565,Product 4565,Books,WH-PUN,191,22
SKU04566,Product 4566,Beauty,WH-MUM,105,49
SKU04567,Product 4567,Beauty,WH-MUM,389,41
SKU04568,Product 4568,Electronics,WH-PUN,452,16
SKU04569,Product 4569,Home,WH-PUN,,39
SKU04570,Product 4570,Books,WH-DEL,379,48
SKU04571,Product 4571,Books,WH-PUN,94,10
SKU04572,Product 4572,Sports,WH-BLR,443,24
SKU04573,Product 4573,Sports,WH-BLR,482,34
SKU04574,Product 4574,Beauty,WH-DEL,177,46
SKU04575,Product 4575,Beauty,WH-PUN,,50
SKU04576,Product 4576,Toys,WH-PUN,411,34
SKU04577,Product 4577,Electronics,WH-BLR,278,34
SKU04578,Product 4578,Beauty,WH-PUN,206,47
SKU04579,Product 4579,Beauty,WH-PUN,60,46
SKU04580,Product 4580,Apparel,WH-HYD,446,38
SKU04581,Product 4581,Electronics,WH-PUN,345,50
SKU04582,Product 4582,Books,WH-HYD,217,32
SKU04583,Product 4583,Toys,WH-MUM,233,44
SKU04584,Product 4584,Beauty,WH-MUM,375,48
SKU04585,Product 4585,Beauty,WH-MUM,230,48
SKU04586,Product 4586,Beauty,WH-HYD,465,37
SKU04587,Product 4587,Apparel,WH-PUN,246,11
SKU04588,Product 4588,Beauty,WH-MUM,20,12
SKU04589,Product 4589,Toys,WH-HYD,374,43
SKU04590,Product 4590,Apparel,WH-BLR,68,40
SKU04591,Product 4591,Toys,WH-BLR,120,46
SKU04592,Product 4592,Home,WH-HYD,122,28
SKU04593,Product 4593,Electronics,WH-BLR,353,37
SKU04594,Product 4594,Sports,WH-PUN,255,35
SKU04595,Product 4595,Home,WH-HYD,417,13
SKU04596,Product 4596,Apparel,WH-PUN,228,33
SKU04597,Product 4597,Toys,WH-HYD,133,10
SKU04598,Product 4598,Books,WH-MUM,380,19
SKU04599,Product 4599,Beauty,WH-BLR,41,18
SKU04600,Product 4600,Apparel,WH-BLR,34,10
SKU04601,Product 4601,Home,WH-PUN,326,38
SKU04602,Product 4602,Sports,WH-PUN,348,20
SKU04603,Product 4603,Books,WH-PUN,409,43
SKU04604,Product 4604,Electronics,WH-BLR,454,20
SKU04605,Product 4605,Books,WH-MUM,301,31
SKU04606,Product 4606,Toys,WH-HYD,397,35
SKU04607,Product 4607,Toys,WH-BLR,316,13
SKU04608,Product 4608,Sports,WH-PUN,262,23
SKU04609,Product 4609,Toys,WH-DEL,255,38
SKU04610,Product 4610,Books,WH-PUN,306,14
SKU04611,Product 4611,Books,WH-PUN,426,10
SKU04612,Product 4612,Beauty,WH-BLR,,22
SKU04613,Product 4613,Books,WH-DEL,350,32
SKU04614,Product 4614,Home,WH-BLR,379,29
SKU04615,Product 4615,Sports,WH-DEL,150,46
SKU04616,Product 4616,Beauty,WH-MUM,423,39
SKU04617,Product 4617,Books,WH-PUN,1,28
SKU04618,Product 4618,Books,WH-HYD,277,41
SKU04619,Product 4619,Electronics,WH-HYD,63,20
SKU04620,Product 4620,Sports,WH-PUN,150,50
SKU04621,Product 4621,Toys,WH-PUN,161,34
SKU04622,Product 4622,Home,WH-BLR,122,37
SKU04623,Product 4623,Toys,WH-DEL,191,49
SKU04624,Product 4624,Electronics,WH-HYD,128,19
SKU04625,Product 4625,Books,WH-HYD,323,39
SKU04626,Product 4626,Home,WH-DEL,91,42
SKU04627,Product 4627,Beauty,WH-BLR,310,45
SKU04628,Product 4628,Beauty,WH-DEL,340,15
SKU04629,Product 4629,Books,WH-BLR,455,19
SKU04630,Product 4630,Electronics,WH-MUM,433,35
SKU04631,Product 4631,Beauty,WH-DEL,217,14
SKU04632,Product 4632,Toys,WH-PUN,346,14
SKU04633,Product 4633,Beauty,WH-DEL,261,39
SKU04634,Product 4634,Electronics,WH-MUM,56,31
SKU04635,Product 4635,Sports,WH-PUN,366,48
SKU04636,Product 4636,Books,WH-DEL,81,40
SKU04637,Product 4637,Electronics,WH-PUN,414,48
SKU04638,Product 4638,Books,WH-DEL,281,19
SKU04639,Product 4639,Electronics,WH-BLR,88,16
SKU04640,Product 4640,Sports,WH-HYD,284,12
SKU04641,Product 4641,Electronics,WH-BLR,160,29
SKU04642,Product 4642,Electronics,WH-DEL,197,40
SKU04643,Product 4643,Home,WH-DEL,121,40
SKU04644,Product 4644,Books,WH-MUM,,15
SKU04645,Product 4645,Beauty,WH-MUM,142,33
SKU04646,Product 4646,Home,WH-DEL,153,21
SKU04647,Product 4647,Apparel,WH-BLR,490,31
SKU04648,Product 4648,Sports,WH-DEL,186,36
SKU04649,Product 4649,Toys,WH-MUM,406,49
SKU04650,Product 4650,Home,WH-HYD,44,35
SKU04651,Product 4651,Electronics,WH-BLR,99,34
SKU04652,Product 4652,Apparel,WH-PUN,102,36
SKU04653,Product 4653,Home,WH-PUN,366,35
SKU04654,Product 4654,Electronics,WH-DEL,170,38
SKU04655,Product 4655,Home,WH-MUM,479,23
SKU04656,Product 4656,Apparel,WH-MUM,166,10
SKU04657,Product 4657,Sports,WH-DEL,32,36
SKU04658,Product 4658,Apparel,WH-HYD,187,26
SKU04659,Product 4659,Electronics,WH-HYD,236,37
SKU04660,Product 4660,Beauty,WH-HYD,314,41
SKU04661,Product 4661,Books,WH-DEL,259,23
SKU04662,Product 4662,Electronics,WH-MUM,135,31
SKU04663,Product 4663,Home,WH-MUM,76,45
SKU04664,Product 4664,Beauty,WH-MUM,479,47
SKU04665,Product 4665,Electronics,WH-MUM,,23
SKU04666,Product 4666,Electronics,WH-PUN,177,11
SKU04667,Product 4667,Home,WH-BLR,342,32
SKU04668,Product 4668,Toys,WH-DEL,376,43
SKU04669,Product 4669,Electronics,WH-HYD,141,23
SKU04670,Product 4670,Apparel,WH-PUN,306,26
SKU04671,Product 4671,Books,WH-HYD,326,33
SKU04672,Product 4672,Toys,WH-BLR,50,19
SKU04673,Product 4673,Beauty,WH-DEL,469,13
SKU04674,Product 4674,Home,WH-PUN,17,47
SKU04675,Product 4675,Toys,WH-BLR,53,37
SKU04676,Product 4676,Toys,WH-MUM,392,25
SKU04677,Product 4677,Sports,WH-MUM,494,40
SKU04678,Product 4678,Electronics,WH-PUN,364,45
SKU04679,Product 4679,Sports,WH-BLR,50,11
SKU04680,Product 4680,Electronics,WH-PUN,185,16
SKU04681,Product 4681,Toys,WH-BLR,196,25
SKU04682,Product 4682,Books,WH-BLR,290,25
SKU04683,Product 4683,Toys,WH-HYD,418,18
SKU04684,Product 4684,Sports,WH-BLR,162,18
SKU04685,Product 4685,Sports,WH-HYD,446,33
SKU04686,Product 4686,Books,WH-DEL,250,17
SKU04687,Product 4687,Toys,WH-PUN,355,20
SKU04688,Product 4688,Home,WH-PUN,362,16
SKU04689,Product 4689,Sports,WH-BLR,71,10
SKU04690,Product 4690,Electronics,WH-HYD,452,21
SKU04691,Product 4691,Apparel,WH-PUN,445,17
SKU04692,Product 4692,Apparel,WH-PUN,262,20
SKU04693,Product 4693,Home,WH-DEL,137,36
SKU04694,Product 4694,Sports,WH-DEL,252,41
SKU04695,Product 4695,Beauty,WH-DEL,230,46
SKU04696,Product 4696,Electronics,WH-HYD,223,49
SKU04697,Product 4697,Electronics,WH-DEL,414,40
SKU04698,Product 4698,Sports,WH-BLR,72,25
SKU04699,Product 4699,Books,WH-MUM,116,46
SKU04700,Product 4700,Apparel,WH-BLR,62,33
SKU04701,Product 4701,Electronics,WH-MUM,105,25
SKU04702,Product 4702,Home,WH-HYD,,20
SKU04703,Product 4703,Toys,WH-PUN,364,39
SKU04704,Product 4704,Apparel,WH-MUM,368,32
SKU04705,Product 4705,Toys,WH-DEL,357,27
SKU04706,Product 4706,Books,WH-DEL,367,46
SKU04707,Product 4707,Electronics,WH-MUM,129,38
SKU04708,Product 4708,Beauty,WH-DEL,340,37
SKU04709,Product 4709,Apparel,WH-PUN,281,49
SKU04710,Product 4710,Apparel,WH-DEL,275,44
SKU04711,Product 4711,Apparel,WH-MUM,333,28
SKU04712,Product 4712,Sports,WH-BLR,197,16
SKU04713,Product 4713,Apparel,WH-HYD,204,18
SKU04714,Product 4714,Beauty,WH-DEL,306,23
SKU04715,Product 4715,Sports,WH-HYD,,28
SKU04716,Product 4716,Toys,WH-HYD,329,24
SKU04717,Product 4717,Books,WH-BLR,72,23
SKU04718,Product 4718,Apparel,WH-BLR,463,26
SKU04719,Product 4719,Toys,WH-HYD,81,22
SKU04720,Product 4720,Toys,WH-PUN,231,23
SKU04721,Product 4721,Sports,WH-DEL,201,20
SKU04722,Product 4722,Home,WH-DEL,174,28
SKU04723,Product 4723,Apparel,WH-PUN,175,41
SKU04724,Product 4724,Toys,WH-PUN,481,27
SKU04725,Product 4725,Home,WH-PUN,244,10
SKU04726,Product 4726,Home,WH-HYD,142,28
SKU04727,Product 4727,Electronics,WH-HYD,356,37
SKU04728,Product 4728,Apparel,WH-MUM,159,27
SKU04729,Product 4729,Electronics,WH-MUM,39,39
SKU04730,Product 4730,Home,WH-DEL,300,34
SKU04731,Product 4731,Home,WH-BLR,353,32
SKU04732,Product 4732,Apparel,WH-PUN,111,25
SKU04733,Product 4733,Apparel,WH-MUM,323,29
SKU04734,Product 4734,Home,WH-PUN,427,24
SKU04735,Product 4735,Books,WH-MUM,142,17
SKU04736,Product 4736,Sports,WH-MUM,295,30
SKU04737,Product 4737,Electronics,WH-PUN,470,48
SKU04738,Product 4738,Beauty,WH-MUM,230,26
SKU04739,Product 4739,Apparel,WH-PUN,252,17
SKU04740,Product 4740,Home,WH-HYD,380,11
SKU04741,Product 4741,Beauty,WH-HYD,466,21
SKU04742,Product 4742,Toys,WH-DEL,177,16
SKU04743,Product 4743,Beauty,WH-BLR,361,21
SKU04744,Product 4744,Home,WH-BLR,13,38
SKU04745,Product 4745,Electronics,WH-MUM,227,49
SKU04746,Product 4746,Home,WH-PUN,443,40
SKU04747,Product 4747,Home,WH-PUN,84,26
SKU04748,Product 4748,Apparel,WH-HYD,299,17
SKU04749,Product 4749,Home,WH-BLR,,43
SKU04750,Product 4750,Toys,WH-BLR,446,10
SKU04751,Product 4751,Toys,WH-HYD,165,45
SKU04752,Product 4752,Books,WH-DEL,68,45
SKU04753,Product 4753,Electronics,WH-PUN,437,21
SKU04754,Product 4754,Books,WH-HYD,10,42
SKU04755,Product 4755,Electronics,WH-PUN,437,42
SKU04756,Product 4756,Apparel,WH-BLR,263,12
SKU04757,Product 4757,Toys,WH-BLR,297,32
SKU04758,Product 4758,Books,WH-DEL,90,10
SKU04759,Product 4759,Books,WH-PUN,331,27
SKU04760,Product 4760,Apparel,WH-BLR,392,50
SKU04761,Product 4761,Books,WH-MUM,176,41
SKU04762,Product 4762,Electronics,WH-BLR,289,13
SKU04763,Product 4763,Apparel,WH-HYD,373,47
SKU04764,Product 4764,Sports,WH-PUN,66,10
SKU04765,Product 4765,Home,WH-DEL,85,11
SKU04766,Product 4766,Toys,WH-BLR,7,20
SKU04767,Product 4767,Sports,WH-PUN,245,18
SKU04768,Product 4768,Home,WH-HYD,432,46
SKU04769,Product 4769,Toys,WH-PUN,499,42
SKU04770,Product 4770,Sports,WH-BLR,460,31
SKU04771,Product 4771,Sports,WH-MUM,403,23
SKU04772,Product 4772,Apparel,WH-HYD,,12
SKU04773,Product 4773,Apparel,WH-BLR,118,29
SKU04774,Product 4774,Sports,WH-DEL,25,39
SKU04775,Product 4775,Books,WH-DEL,242,10
SKU04776,Product 4776,Beauty,WH-PUN,119,16
SKU04777,Product 4777,Electronics,WH-MUM,251,13
SKU04778,Product 4778,Beauty,WH-PUN,458,30
SKU04779,Product 4779,Home,WH-HYD,75,10
SKU04780,Product 4780,Sports,WH-PUN,259,47
SKU04781,Product 4781,Toys,WH-PUN,189,20
SKU04782,Product 4782,Books,WH-DEL,489,44
SKU04783,Product 4783,Electronics,WH-MUM,167,15
SKU04784,Product 4784,Apparel,WH-BLR,399,42
SKU04785,Product 4785,Beauty,WH-DEL,213,11
SKU04786,Product 4786,Sports,WH-PUN,493,49
SKU04787,Product 4787,Beauty,WH-MUM,367,46
SKU04788,Product 4788,Electronics,WH-DEL,143,38
SKU04789,Product 4789,Home,WH-PUN,56,13
SKU04790,Product 4790,Beauty,WH-MUM,120,42
SKU04791,Product 4791,Beauty,WH-BLR,368,40
SKU04792,Product 4792,Books,WH-MUM,64,49
SKU04793,Product 4793,Toys,WH-DEL,344,16
SKU04794,Product 4794,Home,WH-PUN,74,46
SKU04795,Product 4795,Sports,WH-MUM,218,43
SKU04796,Product 4796,Apparel,WH-MUM,353,24
SKU04797,Product 4797,Apparel,WH-PUN,357,38
SKU04798,Product 4798,Books,WH-HYD,276,50
SKU04799,Product 4799,Electronics,WH-MUM,251,29
SKU04800,Product 4800,Books,WH-BLR,500,46
SKU04801,Product 4801,Toys,WH-MUM,353,49
SKU04802,Product 4802,Sports,WH-MUM,472,41
SKU04803,Product 4803,Toys,WH-PUN,41,29
SKU04804,Product 4804,Books,WH-HYD,224,13
SKU04805,Product 4805,Beauty,WH-DEL,22,48
SKU04806,Product 4806,Electronics,WH-DEL,415,24
SKU04807,Product 4807,Apparel,WH-BLR,187,35
SKU04808,Product 4808,Apparel,WH-MUM,417,49
SKU04809,Product 4809,Electronics,WH-HYD,76,21
SKU04810,Product 4810,Home,WH-DEL,103,31
SKU04811,Product 4811,Books,WH-DEL,385,33
SKU04812,Product 4812,Sports,WH-PUN,164,37
SKU04813,Product 4813,Apparel,WH-DEL,215,27
SKU04814,Product 4814,Apparel,WH-PUN,341,39
SKU04815,Product 4815,Beauty,WH-DEL,28,14
SKU04816,Product 4816,Home,WH-BLR,175,17
SKU04817,Product 4817,Toys,WH-PUN,57,42
SKU04818,Product 4818,Toys,WH-MUM,317,49
SKU04819,Product 4819,Sports,WH-DEL,131,49
SKU04820,Product 4820,Books,WH-HYD,75,30
SKU04821,Product 4821,Sports,WH-MUM,343,17
SKU04822,Product 4822,Apparel,WH-BLR,243,35
SKU04823,Product 4823,Beauty,WH-HYD,334,29
SKU04824,Product 4824,Electronics,WH-MUM,280,24
SKU04825,Product 4825,Apparel,WH-HYD,45,26
SKU04826,Product 4826,Toys,WH-DEL,11,15
SKU04827,Product 4827,Sports,WH-PUN,,13
SKU04828,Product 4828,Electronics,WH-DEL,455,10
SKU04829,Product 4829,Beauty,WH-BLR,459,45
SKU04830,Product 4830,Apparel,WH-MUM,84,27
SKU04831,Product 4831,Apparel,WH-HYD,120,32
SKU04832,Product 4832,Home,WH-PUN,395,30
SKU04833,Product 4833,Books,WH-PUN,41,48
SKU04834,Product 4834,Books,WH-PUN,320,17
SKU04835,Product 4835,Sports,WH-HYD,328,42
SKU04836,Product 4836,Books,WH-MUM,334,30
SKU04837,Product 4837,Beauty,WH-PUN,33,17
SKU04838,Product 4838,Home,WH-BLR,177,35
SKU04839,Product 4839,Sports,WH-DEL,296,23
SKU04840,Product 4840,Home,WH-PUN,138,26
SKU04841,Product 4841,Sports,WH-BLR,273,11
SKU04842,Product 4842,Home,WH-PUN,499,27
SKU04843,Product 4843,Sports,WH-DEL,25,48
SKU04844,Product 4844,Electronics,WH-DEL,449,10
SKU04845,Product 4845,Sports,WH-MUM,213,35
SKU04846,Product 4846,Sports,WH-DEL,313,48
SKU04847,Product 4847,Books,WH-BLR,274,22
SKU04848,Product 4848,Apparel,WH-DEL,478,35
SKU04849,Product 4849,Sports,WH-BLR,240,34
SKU04850,Product 4850,Beauty,WH-MUM,409,11
SKU04851,Product 4851,Toys,WH-BLR,390,13
SKU04852,Product 4852,Home,WH-DEL,228,31
SKU04853,Product 4853,Toys,WH-PUN,288,46
SKU04854,Product 4854,Books,WH-HYD,13,27
SKU04855,Product 4855,Sports,WH-DEL,10,13
SKU04856,Product 4856,Beauty,WH-DEL,192,13
SKU04857,Product 4857,Electronics,WH-HYD,294,49
SKU04858,Product 4858,Home,WH-DEL,192,11
SKU04859,Product 4859,Toys,WH-MUM,411,48
SKU04860,Product 4860,Toys,WH-DEL,83,44
SKU04861,Product 4861,Home,WH-BLR,195,41
SKU04862,Product 4862,Sports,WH-MUM,148,32
SKU04863,Product 4863,Home,WH-PUN,353,22
SKU04864,Product 4864,Apparel,WH-DEL,304,43
SKU04865,Product 4865,Toys,WH-HYD,186,34
SKU04866,Product 4866,Books,WH-MUM,375,26
SKU04867,Product 4867,Sports,WH-BLR,452,26
SKU04868,Product 4868,Beauty,WH-PUN,470,16
SKU04869,Product 4869,Apparel,WH-HYD,406,43
SKU04870,Product 4870,Sports,WH-DEL,280,10
SKU04871,Product 4871,Beauty,WH-PUN,,34
SKU04872,Product 4872,Books,WH-BLR,360,21
SKU04873,Product 4873,Electronics,WH-PUN,30,39
SKU04874,Product 4874,Books,WH-BLR,20,11
SKU04875,Product 4875,Books,WH-PUN,251,17
SKU04876,Product 4876,Beauty,WH-HYD,,18
SKU04877,Product 4877,Books,WH-BLR,127,30
SKU04878,Product 4878,Sports,WH-PUN,171,17
SKU04879,Product 4879,Books,WH-PUN,43,17
SKU04880,Product 4880,Books,WH-HYD,84,39
SKU04881,Product 4881,Electronics,WH-MUM,214,16
SKU04882,Product 4882,Electronics,WH-HYD,279,42
SKU04883,Product 4883,Home,WH-MUM,440,18
SKU04884,Product 4884,Beauty,WH-HYD,134,37
SKU04885,Product 4885,Books,WH-DEL,400,13
SKU04886,Product 4886,Toys,WH-BLR,130,32
SKU04887,Product 4887,Beauty,WH-HYD,311,30
SKU04888,Product 4888,Electronics,WH-BLR,254,31
SKU04889,Product 4889,Home,WH-MUM,131,44
SKU04890,Product 4890,Home,WH-HYD,,46
SKU04891,Product 4891,Toys,WH-MUM,340,15
SKU04892,Product 4892,Beauty,WH-DEL,304,26
SKU04893,Product 4893,Toys,WH-PUN,293,11
SKU04894,Product 4894,Toys,WH-DEL,496,26
SKU04895,Product 4895,Books,WH-PUN,14,11
SKU04896,Product 4896,Home,WH-MUM,171,29
SKU04897,Product 4897,Sports,WH-HYD,438,20
SKU04898,Product 4898,Books,WH-MUM,332,19
SKU04899,Product 4899,Electronics,WH-HYD,424,32
SKU04900,Product 4900,Sports,WH-PUN,126,39
SKU04901,Product 4901,Toys,WH-BLR,418,47
SKU04902,Product 4902,Toys,WH-DEL,499,39
SKU04903,Product 4903,Beauty,WH-HYD,461,35
SKU04904,Product 4904,Home,WH-BLR,248,26
SKU04905,Product 4905,Home,WH-BLR,329,10
SKU04906,Product 4906,Toys,WH-BLR,495,16
SKU04907,Product 4907,Toys,WH-MUM,428,40
SKU04908,Product 4908,Sports,WH-HYD,301,10
SKU04909,Product 4909,Home,WH-PUN,207,14
SKU04910,Product 4910,Apparel,WH-MUM,52,33
SKU04911,Product 4911,Electronics,WH-HYD,387,38
SKU04912,Product 4912,Apparel,WH-HYD,281,24
SKU04913,Product 4913,Electronics,WH-PUN,167,36
SKU04914,Product 4914,Sports,WH-DEL,376,16
SKU04915,Product 4915,Apparel,WH-BLR,291,39
SKU04916,Product 4916,Toys,WH-HYD,61,36
SKU04917,Product 4917,Apparel,WH-PUN,87,24
SKU04918,Product 4918,Apparel,WH-HYD,183,10
SKU04919,Product 4919,Beauty,WH-HYD,43,21
SKU04920,Product 4920,Beauty,WH-MUM,439,31
SKU04921,Product 4921,Electronics,WH-BLR,258,18
SKU04922,Product 4922,Beauty,WH-DEL,405,22
SKU04923,Product 4923,Books,WH-MUM,171,18
SKU04924,Product 4924,Beauty,WH-DEL,422,15
SKU04925,Product 4925,Toys,WH-PUN,343,18
SKU04926,Product 4926,Apparel,WH-BLR,109,50
SKU04927,Product 4927,Electronics,WH-DEL,464,20
SKU04928,Product 4928,Toys,WH-BLR,166,12
SKU04929,Product 4929,Toys,WH-HYD,141,40
SKU04930,Product 4930,Home,WH-DEL,375,39
SKU04931,Product 4931,Sports,WH-MUM,48,24
SKU04932,Product 4932,Electronics,WH-DEL,119,31
SKU04933,Product 4933,Home,WH-PUN,206,24
SKU04934,Product 4934,Toys,WH-HYD,165,21
SKU04935,Product 4935,Toys,WH-PUN,486,39
SKU04936,Product 4936,Apparel,WH-DEL,173,42
SKU04937,Product 4937,Sports,WH-BLR,132,25
SKU04938,Product 4938,Beauty,WH-MUM,,46
SKU04939,Product 4939,Electronics,WH-MUM,77,19
SKU04940,Product 4940,Books,WH-PUN,420,36
SKU04941,Product 4941,Home,WH-PUN,129,39
SKU04942,Product 4942,Electronics,WH-HYD,384,34
SKU04943,Product 4943,Books,WH-PUN,99,23
SKU04944,Product 4944,Electronics,WH-BLR,367,18
SKU04945,Product 4945,Electronics,WH-HYD,82,45
SKU04946,Product 4946,Toys,WH-PUN,365,12
SKU04947,Product 4947,Electronics,WH-DEL,238,42
SKU04948,Product 4948,Toys,WH-DEL,79,31
SKU04949,Product 4949,Beauty,WH-MUM,172,15
SKU04950,Product 4950,Apparel,WH-MUM,459,16
SKU04951,Product 4951,Electronics,WH-PUN,91,44
SKU04952,Product 4952,Books,WH-BLR,97,28
SKU04953,Product 4953,Toys,WH-DEL,7,40
SKU04954,Product 4954,Books,WH-DEL,294,47
SKU04955,Product 4955,Home,WH-MUM,461,31
SKU04956,Product 4956,Home,WH-HYD,322,37
SKU04957,Product 4957,Beauty,WH-PUN,377,34
SKU04958,Product 4958,Home,WH-BLR,77,36
SKU04959,Product 4959,Toys,WH-DEL,231,16
SKU04960,Product 4960,Electronics,WH-BLR,248,12
SKU04961,Product 4961,Home,WH-MUM,116,40
SKU04962,Product 4962,Home,WH-DEL,354,50
SKU04963,Product 4963,Beauty,WH-MUM,495,34
SKU04964,Product 4964,Toys,WH-PUN,176,21
SKU04965,Product 4965,Electronics,WH-DEL,106,18
SKU04966,Product 4966,Home,WH-BLR,94,18
SKU04967,Product 4967,Beauty,WH-DEL,118,35
SKU04968,Product 4968,Beauty,WH-MUM,,24
SKU04969,Product 4969,Books,WH-BLR,111,32
SKU04970,Product 4970,Electronics,WH-PUN,469,49
SKU04971,Product 4971,Beauty,WH-BLR,317,14
SKU04972,Product 4972,Electronics,WH-MUM,33,18
SKU04973,Product 4973,Sports,WH-BLR,490,38
SKU04974,Product 4974,Toys,WH-DEL,385,49
SKU04975,Product 4975,Books,WH-PUN,476,23
SKU04976,Product 4976,Electronics,WH-HYD,371,40
SKU04977,Product 4977,Books,WH-MUM,219,18
SKU04978,Product 4978,Books,WH-DEL,24,15
SKU04979,Product 4979,Toys,WH-BLR,255,14
SKU04980,Product 4980,Electronics,WH-DEL,20,49
SKU04981,Product 4981,Electronics,WH-DEL,444,26
SKU04982,Product 4982,Electronics,WH-DEL,200,31
SKU04983,Product 4983,Books,WH-DEL,95,29
SKU04984,Product 4984,Home,WH-HYD,299,36
SKU04985,Product 4985,Toys,WH-HYD,273,32
SKU04986,Product 4986,Electronics,WH-BLR,45,45
SKU04987,Product 4987,Sports,WH-MUM,431,23
SKU04988,Product 4988,Books,WH-BLR,241,18
SKU04989,Product 4989,Toys,WH-PUN,235,24
SKU04990,Product 4990,Sports,WH-BLR,422,48
SKU04991,Product 4991,Apparel,WH-MUM,4,23
SKU04992,Product 4992,Home,WH-MUM,92,43
SKU04993,Product 4993,Sports,WH-DEL,278,41
SKU04994,Product 4994,Beauty,WH-PUN,395,37
SKU04995,Product 4995,Beauty,WH-HYD,182,35
SKU04996,Product 4996,Home,WH-BLR,161,46
SKU04997,Product 4997,Sports,WH-BLR,180,45
SKU04998,Product 4998,Electronics,WH-MUM,290,37
SKU04999,Product 4999,Toys,WH-DEL,120,20
SKU05000,Product 5000,Books,WH-MUM,447,31
